{
	"1. left_hip": [
		0.5063592195510864,
		0.755279004573822,
		0.0017012929311022162,
		0.9993927478790283
	],
	"2. left_knee": [
		0.49169859290122986,
		0.7518647313117981,
		-0.23808225989341736,
		0.8868186473846436
	],
	"3. left_ankle": [
		0.49594518542289734,
		0.8432135581970215,
		-0.36913907527923584,
		0.7845594882965088
	],
	"6. right_hip": [
		0.4695378541946411,
		0.7580244541168213,
		-0.001340773538686335,
		0.9986918568611145
	],
	"7. right_knee": [
		0.45929986238479614,
		0.7429223656654358,
		-0.1975371241569519,
		0.8161078691482544
	],
	"8. right_ankle": [
		0.47762441635131836,
		0.828633189201355,
		-0.2856235206127167,
		0.6781756281852722
	],
	"14. left_shoulder": [
		0.5173690915107727,
		0.5989135503768921,
		-0.12286926060914993,
		0.9999780654907227
	],
	"15. left_elbow": [
		0.5364895462989807,
		0.689520537853241,
		-0.20613354444503784,
		0.9851641654968262
	],
	"16. left_wrist": [
		0.5011883974075317,
		0.7054318785667419,
		-0.3375006914138794,
		0.9143039584159851
	],
	"19. right_shoulder": [
		0.4468127191066742,
		0.6118884086608887,
		-0.11542918533086777,
		0.9999738931655884
	],
	"20. right_elbow": [
		0.42808085680007935,
		0.6950039267539978,
		-0.18266458809375763,
		0.9190089702606201
	],
	"21. right_wrist": [
		0.4569738209247589,
		0.7048230767250061,
		-0.29320210218429565,
		0.6845633387565613
	],
	"24. nose": [
		0.48650044202804565,
		0.5455937385559082,
		-0.23661382496356964,
		0.9999085664749146
	],
	"25. left_eye": [
		0.4928812086582184,
		0.5341571569442749,
		-0.22813081741333008,
		0.999915599822998
	],
	"26. right_eye": [
		0.47906622290611267,
		0.530117392539978,
		-0.22921045124530792,
		0.9999300241470337
	],
	"27. left_ear": [
		0.4991273581981659,
		0.5411063432693481,
		-0.15714611113071442,
		0.9998514652252197
	],
	"28. right_ear": [
		0.468962699174881,
		0.5362420082092285,
		-0.16397574543952942,
		0.9998817443847656
	],
	"time stamp": 23
}