{
	"1. left_hip": [
		0.5058304071426392,
		0.7485488653182983,
		0.0011253469856455922,
		0.9992713332176208
	],
	"2. left_knee": [
		0.49355095624923706,
		0.7583543658256531,
		-0.2840100824832916,
		0.8900945782661438
	],
	"3. left_ankle": [
		0.4956304728984833,
		0.843133807182312,
		-0.13689473271369934,
		0.7911738753318787
	],
	"6. right_hip": [
		0.4696810245513916,
		0.7489577531814575,
		-0.0008918227977119386,
		0.9985211491584778
	],
	"7. right_knee": [
		0.4683164060115814,
		0.7170402407646179,
		-0.23215481638908386,
		0.8044442534446716
	],
	"8. right_ankle": [
		0.4775908887386322,
		0.8239503502845764,
		-0.09784012287855148,
		0.6899227499961853
	],
	"14. left_shoulder": [
		0.5174042582511902,
		0.6003010272979736,
		-0.18315578997135162,
		0.9999645352363586
	],
	"15. left_elbow": [
		0.5363370180130005,
		0.6938747763633728,
		-0.26340001821517944,
		0.9852069616317749
	],
	"16. left_wrist": [
		0.49962759017944336,
		0.7054302096366882,
		-0.39314892888069153,
		0.9139564037322998
	],
	"19. right_shoulder": [
		0.44733208417892456,
		0.6108764410018921,
		-0.17823390662670135,
		0.9999607801437378
	],
	"20. right_elbow": [
		0.4261661171913147,
		0.6950028538703918,
		-0.2523171901702881,
		0.9249655604362488
	],
	"21. right_wrist": [
		0.45642679929733276,
		0.7089078426361084,
		-0.3704843819141388,
		0.6995722651481628
	],
	"24. nose": [
		0.48568183183670044,
		0.5454551577568054,
		-0.3180401027202606,
		0.9999013543128967
	],
	"25. left_eye": [
		0.4926030933856964,
		0.5340258479118347,
		-0.3065599501132965,
		0.9998959898948669
	],
	"26. right_eye": [
		0.47820714116096497,
		0.5303133726119995,
		-0.30741190910339355,
		0.9999163150787354
	],
	"27. left_ear": [
		0.4990590512752533,
		0.5404462814331055,
		-0.22515931725502014,
		0.9998090863227844
	],
	"28. right_ear": [
		0.4689890444278717,
		0.5363718867301941,
		-0.229258194565773,
		0.9998694062232971
	],
	"time stamp": 23
}