{
	"1. left_hip": [
		0.5050975680351257,
		0.7461162805557251,
		0.0008199696894735098,
		0.9991326928138733
	],
	"2. left_knee": [
		0.4932860732078552,
		0.771382212638855,
		-0.2726794183254242,
		0.8912090063095093
	],
	"3. left_ankle": [
		0.49528300762176514,
		0.8376008868217468,
		-0.10321086645126343,
		0.7922579646110535
	],
	"6. right_hip": [
		0.4696754515171051,
		0.7446169257164001,
		-0.0006553551065735519,
		0.9983481764793396
	],
	"7. right_knee": [
		0.4708136320114136,
		0.7174507975578308,
		-0.22887982428073883,
		0.7906823754310608
	],
	"8. right_ankle": [
		0.47748085856437683,
		0.8223925232887268,
		-0.08021210879087448,
		0.7003940343856812
	],
	"14. left_shoulder": [
		0.5174681544303894,
		0.6002814173698425,
		-0.167458638548851,
		0.9999528527259827
	],
	"15. left_elbow": [
		0.5362364053726196,
		0.6937580704689026,
		-0.24142856895923615,
		0.9851696491241455
	],
	"16. left_wrist": [
		0.4984527826309204,
		0.7052434682846069,
		-0.370940238237381,
		0.9132871627807617
	],
	"19. right_shoulder": [
		0.4475763142108917,
		0.6076982021331787,
		-0.16299404203891754,
		0.9999451637268066
	],
	"20. right_elbow": [
		0.42435067892074585,
		0.6902807354927063,
		-0.23310990631580353,
		0.9300450682640076
	],
	"21. right_wrist": [
		0.4554536044597626,
		0.7097355127334595,
		-0.3428831696510315,
		0.7092562913894653
	],
	"24. nose": [
		0.4852868914604187,
		0.5419578552246094,
		-0.2943117022514343,
		0.9998947978019714
	],
	"25. left_eye": [
		0.4923968017101288,
		0.5302698612213135,
		-0.2821669578552246,
		0.9998771548271179
	],
	"26. right_eye": [
		0.4777142405509949,
		0.5288903117179871,
		-0.2829970717430115,
		0.9999023079872131
	],
	"27. left_ear": [
		0.4989820420742035,
		0.5362674593925476,
		-0.20297646522521973,
		0.9997677803039551
	],
	"28. right_ear": [
		0.4690101146697998,
		0.5353344678878784,
		-0.20717191696166992,
		0.9998559355735779
	],
	"time stamp": 23
}