{
	"1. left_hip": [
		0.504432201385498,
		0.7394998073577881,
		0.0012888137716799974,
		0.9991083741188049
	],
	"2. left_knee": [
		0.49515342712402344,
		0.7899736762046814,
		-0.27689871191978455,
		0.891960084438324
	],
	"3. left_ankle": [
		0.49523240327835083,
		0.8379655480384827,
		-0.11327873915433884,
		0.7927441596984863
	],
	"6. right_hip": [
		0.4692345857620239,
		0.7353619337081909,
		-0.0011730648111552,
		0.9983596205711365
	],
	"7. right_knee": [
		0.473473459482193,
		0.7165625095367432,
		-0.2516489326953888,
		0.7800742387771606
	],
	"8. right_ankle": [
		0.47745662927627563,
		0.8226026892662048,
		-0.09558965265750885,
		0.7079019546508789
	],
	"14. left_shoulder": [
		0.517509937286377,
		0.5916789770126343,
		-0.16643905639648438,
		0.9999445080757141
	],
	"15. left_elbow": [
		0.5356289148330688,
		0.6787742376327515,
		-0.2470984309911728,
		0.9842500686645508
	],
	"16. left_wrist": [
		0.49900344014167786,
		0.6978027820587158,
		-0.3790970742702484,
		0.9030593037605286
	],
	"19. right_shoulder": [
		0.4476773142814636,
		0.5970153212547302,
		-0.1644626259803772,
		0.9999387860298157
	],
	"20. right_elbow": [
		0.42337867617607117,
		0.6733391880989075,
		-0.2437860667705536,
		0.9340122938156128
	],
	"21. right_wrist": [
		0.4506113827228546,
		0.6989873051643372,
		-0.3687594532966614,
		0.7126732468605042
	],
	"24. nose": [
		0.48555487394332886,
		0.528329610824585,
		-0.29976686835289,
		0.9998917579650879
	],
	"25. left_eye": [
		0.4923936426639557,
		0.51758873462677,
		-0.285772442817688,
		0.9998645782470703
	],
	"26. right_eye": [
		0.47808319330215454,
		0.5151673555374146,
		-0.28726616501808167,
		0.9998951554298401
	],
	"27. left_ear": [
		0.498978853225708,
		0.5268871784210205,
		-0.2023848593235016,
		0.9997444748878479
	],
	"28. right_ear": [
		0.469450980424881,
		0.5231623649597168,
		-0.20942169427871704,
		0.9998537302017212
	],
	"time stamp": 23
}