{
	"1. left_hip": [
		0.5043470859527588,
		0.7231214046478271,
		0.0003367153403814882,
		0.9989503622055054
	],
	"2. left_knee": [
		0.49592912197113037,
		0.7991982102394104,
		-0.2211049348115921,
		0.8963695168495178
	],
	"3. left_ankle": [
		0.4950782358646393,
		0.8396763205528259,
		-0.01629122719168663,
		0.8004105687141418
	],
	"6. right_hip": [
		0.4683617651462555,
		0.7210249304771423,
		-0.00029679425642825663,
		0.9982479810714722
	],
	"7. right_knee": [
		0.4727225601673126,
		0.7192670106887817,
		-0.23578746616840363,
		0.7864271402359009
	],
	"8. right_ankle": [
		0.47716403007507324,
		0.8227952718734741,
		-0.025753315538167953,
		0.7168217897415161
	],
	"14. left_shoulder": [
		0.518060564994812,
		0.5823570489883423,
		-0.15986166894435883,
		0.9998529553413391
	],
	"15. left_elbow": [
		0.5345485806465149,
		0.6670474410057068,
		-0.2461971789598465,
		0.9799690246582031
	],
	"16. left_wrist": [
		0.5033066868782043,
		0.687440037727356,
		-0.35719025135040283,
		0.8834853768348694
	],
	"19. right_shoulder": [
		0.4482249617576599,
		0.5848999619483948,
		-0.15333695709705353,
		0.9998471736907959
	],
	"20. right_elbow": [
		0.4234113395214081,
		0.6544721722602844,
		-0.2272086888551712,
		0.9359605312347412
	],
	"21. right_wrist": [
		0.4416171908378601,
		0.6798436641693115,
		-0.35186144709587097,
		0.7144966721534729
	],
	"24. nose": [
		0.4855608642101288,
		0.5158852934837341,
		-0.29035648703575134,
		0.9998131990432739
	],
	"25. left_eye": [
		0.49242103099823,
		0.5058403611183167,
		-0.2761712372303009,
		0.9997212886810303
	],
	"26. right_eye": [
		0.4781813323497772,
		0.5041714310646057,
		-0.27719026803970337,
		0.9997879862785339
	],
	"27. left_ear": [
		0.49902603030204773,
		0.5152650475502014,
		-0.19449929893016815,
		0.9994235038757324
	],
	"28. right_ear": [
		0.4699821174144745,
		0.5119972229003906,
		-0.19998504221439362,
		0.9997307062149048
	],
	"time stamp": 23
}