{
	"1. left_hip": [
		0.504019558429718,
		0.7098619341850281,
		-0.0006464226171374321,
		0.9987937808036804
	],
	"2. left_knee": [
		0.49590247869491577,
		0.8002525568008423,
		-0.16269806027412415,
		0.8982214331626892
	],
	"3. left_ankle": [
		0.4947584569454193,
		0.8405370116233826,
		0.029591230675578117,
		0.8063915371894836
	],
	"6. right_hip": [
		0.46834295988082886,
		0.7097446918487549,
		0.0006500343442894518,
		0.9982675909996033
	],
	"7. right_knee": [
		0.47141242027282715,
		0.7208977341651917,
		-0.23636673390865326,
		0.7997553944587708
	],
	"8. right_ankle": [
		0.4767375588417053,
		0.8245452046394348,
		-0.0539667010307312,
		0.7340114712715149
	],
	"14. left_shoulder": [
		0.5179530382156372,
		0.5669612288475037,
		-0.11068449914455414,
		0.9996256232261658
	],
	"15. left_elbow": [
		0.5302157402038574,
		0.6458759903907776,
		-0.17918749153614044,
		0.9711532592773438
	],
	"16. left_wrist": [
		0.5064651966094971,
		0.659262478351593,
		-0.30102017521858215,
		0.867098331451416
	],
	"19. right_shoulder": [
		0.45037540793418884,
		0.5696514844894409,
		-0.10199326276779175,
		0.9997272491455078
	],
	"20. right_elbow": [
		0.42418986558914185,
		0.6424656510353088,
		-0.16676642000675201,
		0.9365179538726807
	],
	"21. right_wrist": [
		0.44241341948509216,
		0.6543450951576233,
		-0.2923312485218048,
		0.7230551838874817
	],
	"24. nose": [
		0.48556745052337646,
		0.5013643503189087,
		-0.23475484549999237,
		0.9995023608207703
	],
	"25. left_eye": [
		0.49248290061950684,
		0.4924300014972687,
		-0.22052323818206787,
		0.9990218281745911
	],
	"26. right_eye": [
		0.47851279377937317,
		0.4904298484325409,
		-0.22153040766716003,
		0.9993583559989929
	],
	"27. left_ear": [
		0.4991256892681122,
		0.5026913285255432,
		-0.14249105751514435,
		0.9976087212562561
	],
	"28. right_ear": [
		0.4717400372028351,
		0.49725541472435,
		-0.147373765707016,
		0.9992489218711853
	],
	"time stamp": 23
}