{
	"1. left_hip": [
		0.503980815410614,
		0.6910180449485779,
		-0.0017500611720606685,
		0.9988195896148682
	],
	"2. left_knee": [
		0.4978048503398895,
		0.7915675640106201,
		-0.14218813180923462,
		0.9049743413925171
	],
	"3. left_ankle": [
		0.4942326545715332,
		0.8352145552635193,
		0.10929609090089798,
		0.817084550857544
	],
	"6. right_hip": [
		0.4684917628765106,
		0.6897364854812622,
		0.0017027135472744703,
		0.9984070658683777
	],
	"7. right_knee": [
		0.4708405137062073,
		0.7212925553321838,
		-0.25671035051345825,
		0.8164485096931458
	],
	"8. right_ankle": [
		0.47673964500427246,
		0.8249666094779968,
		-0.041533488780260086,
		0.7550432682037354
	],
	"14. left_shoulder": [
		0.518722653388977,
		0.5564489364624023,
		-0.12483998388051987,
		0.9995234608650208
	],
	"15. left_elbow": [
		0.5300315618515015,
		0.644284725189209,
		-0.20353658497333527,
		0.9711608290672302
	],
	"16. left_wrist": [
		0.5073188543319702,
		0.6228134632110596,
		-0.327145516872406,
		0.8738560080528259
	],
	"19. right_shoulder": [
		0.4544009268283844,
		0.5509089827537537,
		-0.10279781371355057,
		0.9996698498725891
	],
	"20. right_elbow": [
		0.4297221899032593,
		0.6174026727676392,
		-0.18413396179676056,
		0.9345486760139465
	],
	"21. right_wrist": [
		0.4437676668167114,
		0.6151372194290161,
		-0.3350639045238495,
		0.7305273413658142
	],
	"24. nose": [
		0.4853909909725189,
		0.48348477482795715,
		-0.24672694504261017,
		0.9994710087776184
	],
	"25. left_eye": [
		0.49248409271240234,
		0.47572579979896545,
		-0.23368273675441742,
		0.9989045858383179
	],
	"26. right_eye": [
		0.4786160886287689,
		0.4743060767650604,
		-0.2323918640613556,
		0.9992459416389465
	],
	"27. left_ear": [
		0.4992865324020386,
		0.4862252473831177,
		-0.1574852019548416,
		0.9972444772720337
	],
	"28. right_ear": [
		0.47250476479530334,
		0.48222512006759644,
		-0.15134316682815552,
		0.9990108013153076
	],
	"time stamp": 23
}