{
	"1. left_hip": [
		0.5023500919342041,
		0.6618027091026306,
		-0.012367838062345982,
		0.9988629817962646
	],
	"2. left_knee": [
		0.4968460500240326,
		0.7669036984443665,
		-0.0626518651843071,
		0.9108326435089111
	],
	"3. left_ankle": [
		0.4940835237503052,
		0.8334324359893799,
		0.12625093758106232,
		0.8278401494026184
	],
	"6. right_hip": [
		0.4682290554046631,
		0.6624148488044739,
		0.012383205816149712,
		0.9984315037727356
	],
	"7. right_knee": [
		0.4718552231788635,
		0.7577323317527771,
		-0.007406193297356367,
		0.8265884518623352
	],
	"8. right_ankle": [
		0.4767737090587616,
		0.8272010087966919,
		0.1873394399881363,
		0.7713090181350708
	],
	"14. left_shoulder": [
		0.5158208012580872,
		0.5158953070640564,
		-0.0530373752117157,
		0.9992879629135132
	],
	"15. left_elbow": [
		0.5272964239120483,
		0.5621106028556824,
		-0.15449611842632294,
		0.9450441002845764
	],
	"16. left_wrist": [
		0.5141854882240295,
		0.5645102858543396,
		-0.3020656704902649,
		0.8260560035705566
	],
	"19. right_shoulder": [
		0.45390012860298157,
		0.5122805833816528,
		-0.019678166136145592,
		0.9992682337760925
	],
	"20. right_elbow": [
		0.42871642112731934,
		0.5526371598243713,
		-0.10413537174463272,
		0.9186505079269409
	],
	"21. right_wrist": [
		0.4292636215686798,
		0.5624371767044067,
		-0.24851426482200623,
		0.7073636651039124
	],
	"24. nose": [
		0.485706627368927,
		0.4470992982387543,
		-0.15511246025562286,
		0.9992742538452148
	],
	"25. left_eye": [
		0.49289670586586,
		0.4389449656009674,
		-0.14066366851329803,
		0.9986530542373657
	],
	"26. right_eye": [
		0.4795876741409302,
		0.4369584023952484,
		-0.14020562171936035,
		0.9989110231399536
	],
	"27. left_ear": [
		0.4996640682220459,
		0.4490562379360199,
		-0.06319767981767654,
		0.9970653653144836
	],
	"28. right_ear": [
		0.4733840227127075,
		0.4439108073711395,
		-0.06182221323251724,
		0.9985384941101074
	],
	"time stamp": 23
}