{
	"1. left_hip": [
		0.5001455545425415,
		0.6470633745193481,
		-0.020650329068303108,
		0.9989210963249207
	],
	"2. left_knee": [
		0.49560728669166565,
		0.7608755230903625,
		-0.03847522288560867,
		0.918752908706665
	],
	"3. left_ankle": [
		0.49390190839767456,
		0.8350120782852173,
		0.13352319598197937,
		0.843781054019928
	],
	"6. right_hip": [
		0.46803486347198486,
		0.6460734605789185,
		0.020577747374773026,
		0.9985402226448059
	],
	"7. right_knee": [
		0.4713607430458069,
		0.7578318119049072,
		0.041437312960624695,
		0.8401666283607483
	],
	"8. right_ankle": [
		0.47684934735298157,
		0.8283923864364624,
		0.220140278339386,
		0.7918182611465454
	],
	"14. left_shoulder": [
		0.5129560828208923,
		0.49713432788848877,
		-0.09817332774400711,
		0.9986879825592041
	],
	"15. left_elbow": [
		0.5151212811470032,
		0.5744798183441162,
		-0.14232388138771057,
		0.8889721035957336
	],
	"16. left_wrist": [
		0.5119851231575012,
		0.616138219833374,
		-0.1987842172384262,
		0.7513181567192078
	],
	"19. right_shoulder": [
		0.4551998972892761,
		0.4876421093940735,
		-0.0617511011660099,
		0.999073326587677
	],
	"20. right_elbow": [
		0.43035802245140076,
		0.5056766867637634,
		-0.1309162825345993,
		0.9115091562271118
	],
	"21. right_wrist": [
		0.43231862783432007,
		0.47454795241355896,
		-0.24769558012485504,
		0.7195586562156677
	],
	"24. nose": [
		0.4858737587928772,
		0.4213423728942871,
		-0.20511312782764435,
		0.9992588758468628
	],
	"25. left_eye": [
		0.4932291805744171,
		0.41373783349990845,
		-0.19349431991577148,
		0.9986622929573059
	],
	"26. right_eye": [
		0.4804910123348236,
		0.41196414828300476,
		-0.19222116470336914,
		0.9989092946052551
	],
	"27. left_ear": [
		0.4999123215675354,
		0.42430004477500916,
		-0.1204722672700882,
		0.9972061514854431
	],
	"28. right_ear": [
		0.47459641098976135,
		0.4187462329864502,
		-0.11600273847579956,
		0.998527467250824
	],
	"time stamp": 23
}