{
	"1. left_hip": [
		0.4993894100189209,
		0.6288881301879883,
		-0.022797314450144768,
		0.9987901449203491
	],
	"2. left_knee": [
		0.49558502435684204,
		0.7459126710891724,
		-0.01943216100335121,
		0.925735354423523
	],
	"3. left_ankle": [
		0.4939289689064026,
		0.8334580063819885,
		0.10127976536750793,
		0.8579673171043396
	],
	"6. right_hip": [
		0.46767982840538025,
		0.6276523470878601,
		0.02273063361644745,
		0.9985012412071228
	],
	"7. right_knee": [
		0.47105807065963745,
		0.7509161233901978,
		0.06142950803041458,
		0.8542194962501526
	],
	"8. right_ankle": [
		0.47643691301345825,
		0.8302200436592102,
		0.1919834166765213,
		0.8101590275764465
	],
	"14. left_shoulder": [
		0.5132442712783813,
		0.4742862582206726,
		-0.08622042834758759,
		0.9974803328514099
	],
	"15. left_elbow": [
		0.5161508321762085,
		0.5051915645599365,
		-0.18570365011692047,
		0.8848888874053955
	],
	"16. left_wrist": [
		0.5183353424072266,
		0.4455995261669159,
		-0.307880699634552,
		0.7200358510017395
	],
	"19. right_shoulder": [
		0.45591112971305847,
		0.4657493233680725,
		-0.03226442262530327,
		0.99905925989151
	],
	"20. right_elbow": [
		0.40886908769607544,
		0.4672393500804901,
		-0.11591050028800964,
		0.9196959137916565
	],
	"21. right_wrist": [
		0.4217546582221985,
		0.4070547819137573,
		-0.2153702676296234,
		0.7440454959869385
	],
	"24. nose": [
		0.4862073063850403,
		0.39547035098075867,
		-0.1709979772567749,
		0.9992825388908386
	],
	"25. left_eye": [
		0.49339812994003296,
		0.3885064125061035,
		-0.15937796235084534,
		0.9987255930900574
	],
	"26. right_eye": [
		0.4811329245567322,
		0.38708484172821045,
		-0.15627846121788025,
		0.9989703297615051
	],
	"27. left_ear": [
		0.5000246167182922,
		0.4005371034145355,
		-0.09560094773769379,
		0.9973954558372498
	],
	"28. right_ear": [
		0.4752791225910187,
		0.3961603045463562,
		-0.0811062902212143,
		0.9986492991447449
	],
	"time stamp": 23
}