{
	"1. left_hip": [
		0.4998701214790344,
		0.6113851070404053,
		-0.02022230625152588,
		0.9988196492195129
	],
	"2. left_knee": [
		0.4954942464828491,
		0.7372351884841919,
		0.005550179164856672,
		0.9325650930404663
	],
	"3. left_ankle": [
		0.4940304160118103,
		0.8336622714996338,
		0.1313687115907669,
		0.8709938526153564
	],
	"6. right_hip": [
		0.4677064120769501,
		0.6085109710693359,
		0.020162051543593407,
		0.9985781908035278
	],
	"7. right_knee": [
		0.4709676206111908,
		0.7433372735977173,
		0.0518500842154026,
		0.8673512935638428
	],
	"8. right_ankle": [
		0.47652050852775574,
		0.8313001990318298,
		0.17101529240608215,
		0.8275747895240784
	],
	"14. left_shoulder": [
		0.5135078430175781,
		0.4397299587726593,
		-0.07961566001176834,
		0.9976608157157898
	],
	"15. left_elbow": [
		0.5593997836112976,
		0.4213164150714874,
		-0.16199414432048798,
		0.8961409330368042
	],
	"16. left_wrist": [
		0.5479235649108887,
		0.35442259907722473,
		-0.2498502880334854,
		0.7456245422363281
	],
	"19. right_shoulder": [
		0.4572104811668396,
		0.4379562735557556,
		-0.04015697166323662,
		0.9990444183349609
	],
	"20. right_elbow": [
		0.4087711572647095,
		0.411551296710968,
		-0.08648169785737991,
		0.9275950193405151
	],
	"21. right_wrist": [
		0.42018285393714905,
		0.33657509088516235,
		-0.15146994590759277,
		0.7684400081634521
	],
	"24. nose": [
		0.4868021011352539,
		0.36874088644981384,
		-0.1879214495420456,
		0.9993513822555542
	],
	"25. left_eye": [
		0.493854820728302,
		0.36193206906318665,
		-0.17376674711704254,
		0.998848021030426
	],
	"26. right_eye": [
		0.48151037096977234,
		0.36100706458091736,
		-0.17213939130306244,
		0.9990678429603577
	],
	"27. left_ear": [
		0.5003414750099182,
		0.37320858240127563,
		-0.10106804966926575,
		0.9976516366004944
	],
	"28. right_ear": [
		0.4755060076713562,
		0.3708147704601288,
		-0.09262929856777191,
		0.9987818598747253
	],
	"time stamp": 23
}