{
	"1. left_hip": [
		0.5001904368400574,
		0.5705394744873047,
		-0.021486032754182816,
		0.9989335536956787
	],
	"2. left_knee": [
		0.4959615468978882,
		0.7162561416625977,
		-0.014216277748346329,
		0.9389090538024902
	],
	"3. left_ankle": [
		0.49428635835647583,
		0.8294569849967957,
		0.12353784590959549,
		0.8831530213356018
	],
	"6. right_hip": [
		0.46716275811195374,
		0.5683504343032837,
		0.02144644595682621,
		0.998715341091156
	],
	"7. right_knee": [
		0.47094395756721497,
		0.7203608751296997,
		0.05130680277943611,
		0.8797729015350342
	],
	"8. right_ankle": [
		0.47611111402511597,
		0.8300883769989014,
		0.19043122231960297,
		0.8436050415039062
	],
	"14. left_shoulder": [
		0.5166182518005371,
		0.3810327649116516,
		-0.08674196153879166,
		0.9978576302528381
	],
	"15. left_elbow": [
		0.5588350892066956,
		0.32855942845344543,
		-0.2632124423980713,
		0.9040935635566711
	],
	"16. left_wrist": [
		0.5681921243667603,
		0.28921157121658325,
		-0.4239794611930847,
		0.7587113976478577
	],
	"19. right_shoulder": [
		0.45754241943359375,
		0.37603622674942017,
		-0.04216673970222473,
		0.9991039633750916
	],
	"20. right_elbow": [
		0.41296711564064026,
		0.3365148901939392,
		-0.16981396079063416,
		0.933685839176178
	],
	"21. right_wrist": [
		0.4155808389186859,
		0.2946474850177765,
		-0.33152732253074646,
		0.7882368564605713
	],
	"24. nose": [
		0.4874357283115387,
		0.30968236923217773,
		-0.17077092826366425,
		0.9994153380393982
	],
	"25. left_eye": [
		0.4945540428161621,
		0.30193400382995605,
		-0.1577094942331314,
		0.9989619255065918
	],
	"26. right_eye": [
		0.48189476132392883,
		0.3018198311328888,
		-0.1545659303665161,
		0.9991586804389954
	],
	"27. left_ear": [
		0.5016384720802307,
		0.31158995628356934,
		-0.08439324051141739,
		0.9978861212730408
	],
	"28. right_ear": [
		0.475462943315506,
		0.3114326596260071,
		-0.0680893138051033,
		0.9989027380943298
	],
	"time stamp": 23
}