{
	"1. left_hip": [
		0.5002308487892151,
		0.5477035045623779,
		-0.0196477510035038,
		0.9990113973617554
	],
	"2. left_knee": [
		0.4958953261375427,
		0.6922165155410767,
		-0.015028929337859154,
		0.9442189335823059
	],
	"3. left_ankle": [
		0.49600693583488464,
		0.824885368347168,
		0.1152808740735054,
		0.8938159942626953
	],
	"6. right_hip": [
		0.4668024778366089,
		0.5438241958618164,
		0.019645988941192627,
		0.9987912178039551
	],
	"7. right_knee": [
		0.468943327665329,
		0.6950964331626892,
		0.029577039182186127,
		0.8904562592506409
	],
	"8. right_ankle": [
		0.47307854890823364,
		0.8210642337799072,
		0.15730391442775726,
		0.8576507568359375
	],
	"14. left_shoulder": [
		0.5182675123214722,
		0.3403150141239166,
		-0.04481831565499306,
		0.9980079531669617
	],
	"15. left_elbow": [
		0.5573510527610779,
		0.27791500091552734,
		-0.10650242865085602,
		0.9125314354896545
	],
	"16. left_wrist": [
		0.5680258274078369,
		0.22288401424884796,
		-0.18467830121517181,
		0.7766076326370239
	],
	"19. right_shoulder": [
		0.45861729979515076,
		0.3432063162326813,
		-0.013134127482771873,
		0.9989371299743652
	],
	"20. right_elbow": [
		0.42575371265411377,
		0.2800830900669098,
		-0.07198148220777512,
		0.938197135925293
	],
	"21. right_wrist": [
		0.4108503758907318,
		0.21569131314754486,
		-0.18311388790607452,
		0.8033923506736755
	],
	"24. nose": [
		0.48797526955604553,
		0.2789486348628998,
		-0.16861382126808167,
		0.99947190284729
	],
	"25. left_eye": [
		0.49488356709480286,
		0.2683399021625519,
		-0.15334473550319672,
		0.9990615844726562
	],
	"26. right_eye": [
		0.4820478856563568,
		0.2694110870361328,
		-0.1509552299976349,
		0.9992370009422302
	],
	"27. left_ear": [
		0.502189576625824,
		0.27869531512260437,
		-0.06901369988918304,
		0.9980946183204651
	],
	"28. right_ear": [
		0.475474089384079,
		0.2792365252971649,
		-0.057071585208177567,
		0.9990075826644897
	],
	"time stamp": 23
}