{
	"1. left_hip": [
		0.5004425644874573,
		0.523047685623169,
		-0.004582719411700964,
		0.999088704586029
	],
	"2. left_knee": [
		0.4973589777946472,
		0.6764290928840637,
		-0.008545616641640663,
		0.9468501210212708
	],
	"3. left_ankle": [
		0.4991196095943451,
		0.8122292160987854,
		0.1564897745847702,
		0.9004393815994263
	],
	"6. right_hip": [
		0.46682360768318176,
		0.5182870030403137,
		0.004593056160956621,
		0.9988557696342468
	],
	"7. right_knee": [
		0.46773990988731384,
		0.6754422187805176,
		0.0009652533335611224,
		0.8980511426925659
	],
	"8. right_ankle": [
		0.46526604890823364,
		0.8025045394897461,
		0.1572168916463852,
		0.8667927980422974
	],
	"14. left_shoulder": [
		0.5184363126754761,
		0.31085750460624695,
		-0.03131447359919548,
		0.9981533885002136
	],
	"15. left_elbow": [
		0.553837239742279,
		0.24266378581523895,
		-0.10042910277843475,
		0.9201624989509583
	],
	"16. left_wrist": [
		0.5770348906517029,
		0.17449761927127838,
		-0.20767778158187866,
		0.795367956161499
	],
	"19. right_shoulder": [
		0.45937204360961914,
		0.31310319900512695,
		-0.04304150491952896,
		0.9987657070159912
	],
	"20. right_elbow": [
		0.43098852038383484,
		0.22559024393558502,
		-0.09320110827684402,
		0.9431789517402649
	],
	"21. right_wrist": [
		0.4023217558860779,
		0.1604144275188446,
		-0.17212139070034027,
		0.819525957107544
	],
	"24. nose": [
		0.48852044343948364,
		0.255618155002594,
		-0.17861700057983398,
		0.9995209574699402
	],
	"25. left_eye": [
		0.4950205385684967,
		0.24379503726959229,
		-0.1612309366464615,
		0.999147891998291
	],
	"26. right_eye": [
		0.48223090171813965,
		0.24278855323791504,
		-0.1621667444705963,
		0.9993014931678772
	],
	"27. left_ear": [
		0.5020841956138611,
		0.2536514103412628,
		-0.06681517511606216,
		0.998276948928833
	],
	"28. right_ear": [
		0.4754967987537384,
		0.25107541680336,
		-0.07136763632297516,
		0.9990980625152588
	],
	"time stamp": 23
}