{
	"1. left_hip": [
		0.5018976330757141,
		0.49342358112335205,
		-0.003201898653060198,
		0.9991558194160461
	],
	"2. left_knee": [
		0.4984292984008789,
		0.6489754915237427,
		-0.03082111105322838,
		0.948602557182312
	],
	"3. left_ankle": [
		0.4990586042404175,
		0.7803266048431396,
		0.13799098134040833,
		0.9052916765213013
	],
	"6. right_hip": [
		0.4673900604248047,
		0.49267518520355225,
		0.0031973966397345066,
		0.9989072680473328
	],
	"7. right_knee": [
		0.4679299592971802,
		0.6494949460029602,
		-0.008626687340438366,
		0.9056990146636963
	],
	"8. right_ankle": [
		0.4663836359977722,
		0.7769608497619629,
		0.13741472363471985,
		0.8751246929168701
	],
	"14. left_shoulder": [
		0.5182517170906067,
		0.2875773012638092,
		-0.04600957781076431,
		0.9983168244361877
	],
	"15. left_elbow": [
		0.5500324368476868,
		0.2136860340833664,
		-0.11720110476016998,
		0.9275435209274292
	],
	"16. left_wrist": [
		0.5815216302871704,
		0.1489548236131668,
		-0.23551204800605774,
		0.8148909211158752
	],
	"19. right_shoulder": [
		0.4595012962818146,
		0.28997454047203064,
		-0.05169643461704254,
		0.9987422227859497
	],
	"20. right_elbow": [
		0.43389442563056946,
		0.19645817577838898,
		-0.10031192004680634,
		0.948341429233551
	],
	"21. right_wrist": [
		0.40148329734802246,
		0.13827648758888245,
		-0.18292947113513947,
		0.8365691304206848
	],
	"24. nose": [
		0.4885549545288086,
		0.23537902534008026,
		-0.18115827441215515,
		0.9995666742324829
	],
	"25. left_eye": [
		0.49503710865974426,
		0.22238780558109283,
		-0.16494271159172058,
		0.9992273449897766
	],
	"26. right_eye": [
		0.4821432828903198,
		0.22358398139476776,
		-0.16528157889842987,
		0.9993618726730347
	],
	"27. left_ear": [
		0.5019448399543762,
		0.22897644340991974,
		-0.07591554522514343,
		0.9984427690505981
	],
	"28. right_ear": [
		0.4753607511520386,
		0.22952884435653687,
		-0.07708476483821869,
		0.9991777539253235
	],
	"time stamp": 23
}