{
	"1. left_hip": [
		0.5031995177268982,
		0.462748259305954,
		-0.008384929969906807,
		0.9992324709892273
	],
	"2. left_knee": [
		0.5026595592498779,
		0.609853208065033,
		-0.03995152562856674,
		0.9534164071083069
	],
	"3. left_ankle": [
		0.5073193907737732,
		0.7285933494567871,
		0.1291355937719345,
		0.9142266511917114
	],
	"6. right_hip": [
		0.46810784935951233,
		0.461622029542923,
		0.008326731622219086,
		0.9989953637123108
	],
	"7. right_knee": [
		0.4672457277774811,
		0.5907069444656372,
		-0.00010210036998614669,
		0.9145474433898926
	],
	"8. right_ankle": [
		0.46743208169937134,
		0.6742589473724365,
		0.21891021728515625,
		0.8859758973121643
	],
	"14. left_shoulder": [
		0.5184455513954163,
		0.2512476146221161,
		-0.05299670621752739,
		0.9984748959541321
	],
	"15. left_elbow": [
		0.5534127354621887,
		0.18533800542354584,
		-0.1046503558754921,
		0.934312105178833
	],
	"16. left_wrist": [
		0.5893826484680176,
		0.13437071442604065,
		-0.2069491744041443,
		0.8325492143630981
	],
	"19. right_shoulder": [
		0.45900967717170715,
		0.26027992367744446,
		-0.05648830160498619,
		0.9988011717796326
	],
	"20. right_elbow": [
		0.4328049421310425,
		0.17864002287387848,
		-0.10671080648899078,
		0.9530669450759888
	],
	"21. right_wrist": [
		0.3946566879749298,
		0.1287883073091507,
		-0.24484020471572876,
		0.8522682785987854
	],
	"24. nose": [
		0.488348126411438,
		0.21263688802719116,
		-0.18282663822174072,
		0.9996044039726257
	],
	"25. left_eye": [
		0.4945228695869446,
		0.19891270995140076,
		-0.1683470457792282,
		0.9992778897285461
	],
	"26. right_eye": [
		0.4813004434108734,
		0.20113077759742737,
		-0.16962724924087524,
		0.9993948936462402
	],
	"27. left_ear": [
		0.5007639527320862,
		0.2021406590938568,
		-0.08448673039674759,
		0.9985678791999817
	],
	"28. right_ear": [
		0.47527745366096497,
		0.2051321268081665,
		-0.08783815801143646,
		0.9992312788963318
	],
	"time stamp": 23
}