{
	"1. left_hip": [
		0.5047968029975891,
		0.45648306608200073,
		-0.001798488199710846,
		0.9992895126342773
	],
	"2. left_knee": [
		0.5078873038291931,
		0.6041837334632874,
		-0.03302890062332153,
		0.9573787450790405
	],
	"3. left_ankle": [
		0.5114127993583679,
		0.72281813621521,
		0.11550519615411758,
		0.9217278957366943
	],
	"6. right_hip": [
		0.4690867066383362,
		0.45121797919273376,
		0.0017832115991041064,
		0.9990819096565247
	],
	"7. right_knee": [
		0.4673268496990204,
		0.553911566734314,
		-0.18454395234584808,
		0.9227293729782104
	],
	"8. right_ankle": [
		0.46960416436195374,
		0.6326653957366943,
		-0.011788355186581612,
		0.8955036401748657
	],
	"14. left_shoulder": [
		0.5191368460655212,
		0.24588598310947418,
		-0.02491576410830021,
		0.9986034631729126
	],
	"15. left_elbow": [
		0.5574518442153931,
		0.18314550817012787,
		-0.06017879396677017,
		0.9402936697006226
	],
	"16. left_wrist": [
		0.5948402881622314,
		0.13524647057056427,
		-0.12992100417613983,
		0.8486621975898743
	],
	"19. right_shoulder": [
		0.4593995213508606,
		0.24479416012763977,
		-0.05457674339413643,
		0.9988889694213867
	],
	"20. right_elbow": [
		0.43245604634284973,
		0.17951567471027374,
		-0.1617652177810669,
		0.9572010636329651
	],
	"21. right_wrist": [
		0.391027569770813,
		0.1285330355167389,
		-0.33106160163879395,
		0.8662108182907104
	],
	"24. nose": [
		0.48773831129074097,
		0.21003401279449463,
		-0.17267046868801117,
		0.9996380805969238
	],
	"25. left_eye": [
		0.4940868318080902,
		0.1955069601535797,
		-0.1577865034341812,
		0.9993087649345398
	],
	"26. right_eye": [
		0.48104551434516907,
		0.195637509226799,
		-0.15891939401626587,
		0.9994293451309204
	],
	"27. left_ear": [
		0.5006658434867859,
		0.19853575527668,
		-0.06994039565324783,
		0.9986516833305359
	],
	"28. right_ear": [
		0.47524118423461914,
		0.19869092106819153,
		-0.07394072413444519,
		0.9992902874946594
	],
	"time stamp": 23
}