{
	"1. left_hip": [
		0.50714111328125,
		0.4529174268245697,
		-0.022433774545788765,
		0.9993588328361511
	],
	"2. left_knee": [
		0.5079543590545654,
		0.6011061072349548,
		-0.0767887532711029,
		0.9613502025604248
	],
	"3. left_ankle": [
		0.5097866654396057,
		0.7265608906745911,
		0.02492615021765232,
		0.9291565418243408
	],
	"6. right_hip": [
		0.4704733192920685,
		0.44703051447868347,
		0.02255416288971901,
		0.9991558790206909
	],
	"7. right_knee": [
		0.47093749046325684,
		0.5501420497894287,
		0.1183861568570137,
		0.9277886152267456
	],
	"8. right_ankle": [
		0.47193485498428345,
		0.5862613320350647,
		0.42505156993865967,
		0.889240562915802
	],
	"14. left_shoulder": [
		0.5194718241691589,
		0.243718683719635,
		-0.04772184044122696,
		0.9987350702285767
	],
	"15. left_elbow": [
		0.5586183071136475,
		0.18527330458164215,
		-0.10954458266496658,
		0.945775032043457
	],
	"16. left_wrist": [
		0.5937161445617676,
		0.13446694612503052,
		-0.16621798276901245,
		0.8630558252334595
	],
	"19. right_shoulder": [
		0.4591529071331024,
		0.24220696091651917,
		-0.01771610789000988,
		0.9989274740219116
	],
	"20. right_elbow": [
		0.4319103956222534,
		0.18185800313949585,
		0.008885731920599937,
		0.9610106348991394
	],
	"21. right_wrist": [
		0.3896026909351349,
		0.12618063390254974,
		-0.026730744168162346,
		0.8787431716918945
	],
	"24. nose": [
		0.48656731843948364,
		0.20758166909217834,
		-0.17687679827213287,
		0.9996697902679443
	],
	"25. left_eye": [
		0.4934022128582001,
		0.1934584230184555,
		-0.16423399746418,
		0.9993623495101929
	],
	"26. right_eye": [
		0.4800400137901306,
		0.19534848630428314,
		-0.16179925203323364,
		0.9994646906852722
	],
	"27. left_ear": [
		0.500469446182251,
		0.19526681303977966,
		-0.08225850760936737,
		0.9987583160400391
	],
	"28. right_ear": [
		0.47509780526161194,
		0.1990041583776474,
		-0.06840486079454422,
		0.9993399381637573
	],
	"time stamp": 23
}