{
	"1. left_hip": [
		0.5095944404602051,
		0.4541638195514679,
		-0.026090798899531364,
		0.9994199872016907
	],
	"2. left_knee": [
		0.5097121596336365,
		0.6004191040992737,
		-0.08854486048221588,
		0.964697539806366
	],
	"3. left_ankle": [
		0.510808527469635,
		0.7268552780151367,
		0.011521541513502598,
		0.9355065226554871
	],
	"6. right_hip": [
		0.47278156876564026,
		0.4497694969177246,
		0.026258543133735657,
		0.9992015361785889
	],
	"7. right_knee": [
		0.47086411714553833,
		0.5467179417610168,
		0.15154024958610535,
		0.9249571561813354
	],
	"8. right_ankle": [
		0.47228530049324036,
		0.5588634014129639,
		0.488982230424881,
		0.8597208261489868
	],
	"14. left_shoulder": [
		0.5199800729751587,
		0.24565353989601135,
		-0.050140365958213806,
		0.9988516569137573
	],
	"15. left_elbow": [
		0.5599174499511719,
		0.1902768611907959,
		-0.09827951341867447,
		0.9507915377616882
	],
	"16. left_wrist": [
		0.5946991443634033,
		0.13612033426761627,
		-0.2013159990310669,
		0.8762654662132263
	],
	"19. right_shoulder": [
		0.45897606015205383,
		0.24660877883434296,
		-0.016870688647031784,
		0.9989463686943054
	],
	"20. right_elbow": [
		0.43098026514053345,
		0.1898655742406845,
		0.0105629563331604,
		0.9645877480506897
	],
	"21. right_wrist": [
		0.3901100754737854,
		0.13013023138046265,
		-0.016275152564048767,
		0.8902537822723389
	],
	"24. nose": [
		0.48617491126060486,
		0.20514704287052155,
		-0.17680203914642334,
		0.999697208404541
	],
	"25. left_eye": [
		0.49301642179489136,
		0.19266878068447113,
		-0.164042666554451,
		0.9994059801101685
	],
	"26. right_eye": [
		0.4798518121242523,
		0.19416454434394836,
		-0.16134019196033478,
		0.9994955062866211
	],
	"27. left_ear": [
		0.5004216432571411,
		0.19587492942810059,
		-0.08293253183364868,
		0.9988449811935425
	],
	"28. right_ear": [
		0.4750533699989319,
		0.1983526647090912,
		-0.06830965727567673,
		0.9993860721588135
	],
	"time stamp": 23
}