{
	"1. left_hip": [
		0.5114086866378784,
		0.4630882740020752,
		-0.025903761386871338,
		0.9994748830795288
	],
	"2. left_knee": [
		0.509218692779541,
		0.6061791777610779,
		-0.05783136188983917,
		0.9677363038063049
	],
	"3. left_ankle": [
		0.5095269083976746,
		0.7314746379852295,
		0.05078763887286186,
		0.9411767721176147
	],
	"6. right_hip": [
		0.473616361618042,
		0.4587412178516388,
		0.026040730997920036,
		0.9992557168006897
	],
	"7. right_knee": [
		0.47525960206985474,
		0.5495087504386902,
		0.14534470438957214,
		0.9263604283332825
	],
	"8. right_ankle": [
		0.4723672568798065,
		0.5729913711547852,
		0.466901570558548,
		0.8446118235588074
	],
	"14. left_shoulder": [
		0.5207937955856323,
		0.25682902336120605,
		-0.06434161961078644,
		0.9989514946937561
	],
	"15. left_elbow": [
		0.5614502429962158,
		0.21619930863380432,
		-0.11333784461021423,
		0.954892635345459
	],
	"16. left_wrist": [
		0.5950732231140137,
		0.15479694306850433,
		-0.21292448043823242,
		0.8873880505561829
	],
	"19. right_shoulder": [
		0.4575578570365906,
		0.25998908281326294,
		-0.08639276772737503,
		0.999009370803833
	],
	"20. right_elbow": [
		0.4204641282558441,
		0.20858101546764374,
		-0.17279765009880066,
		0.9679513573646545
	],
	"21. right_wrist": [
		0.3892880976200104,
		0.14599741995334625,
		-0.3200227618217468,
		0.9007471203804016
	],
	"24. nose": [
		0.4861678183078766,
		0.21940551698207855,
		-0.2220620959997177,
		0.9997241497039795
	],
	"25. left_eye": [
		0.4929467439651489,
		0.20610438287258148,
		-0.20911642909049988,
		0.9994524121284485
	],
	"26. right_eye": [
		0.4798048138618469,
		0.20759841799736023,
		-0.2106436789035797,
		0.9995360970497131
	],
	"27. left_ear": [
		0.5002517104148865,
		0.20845654606819153,
		-0.11787562072277069,
		0.9989362955093384
	],
	"28. right_ear": [
		0.4746715724468231,
		0.2101614624261856,
		-0.12263939529657364,
		0.9994383454322815
	],
	"time stamp": 23
}