{
	"1. left_hip": [
		0.5117218494415283,
		0.47695082426071167,
		-0.00212868326343596,
		0.9995224475860596
	],
	"2. left_knee": [
		0.5101085901260376,
		0.6163892149925232,
		-0.034154947847127914,
		0.9696577787399292
	],
	"3. left_ankle": [
		0.5108784437179565,
		0.7432891130447388,
		0.0900062769651413,
		0.9455240368843079
	],
	"6. right_hip": [
		0.47398683428764343,
		0.47251659631729126,
		0.0022608956787735224,
		0.9993257522583008
	],
	"7. right_knee": [
		0.47465780377388,
		0.5417537093162537,
		-0.2127770185470581,
		0.9332586526870728
	],
	"8. right_ankle": [
		0.4724262058734894,
		0.6038622856140137,
		0.004463873337954283,
		0.8542811274528503
	],
	"14. left_shoulder": [
		0.5218504667282104,
		0.26891860365867615,
		-0.03634442389011383,
		0.9990487694740295
	],
	"15. left_elbow": [
		0.5650845170021057,
		0.2395360767841339,
		-0.1241224855184555,
		0.9590588212013245
	],
	"16. left_wrist": [
		0.5895313620567322,
		0.176920548081398,
		-0.2765643894672394,
		0.89825838804245
	],
	"19. right_shoulder": [
		0.45609647035598755,
		0.27127310633659363,
		-0.07302285730838776,
		0.9990994334220886
	],
	"20. right_elbow": [
		0.4173992872238159,
		0.23535506427288055,
		-0.1702570915222168,
		0.9710573554039001
	],
	"21. right_wrist": [
		0.3933066427707672,
		0.17218118906021118,
		-0.320202112197876,
		0.9104135632514954
	],
	"24. nose": [
		0.4863499701023102,
		0.22739097476005554,
		-0.21079958975315094,
		0.9997507333755493
	],
	"25. left_eye": [
		0.49297016859054565,
		0.21433843672275543,
		-0.18994289636611938,
		0.9995027780532837
	],
	"26. right_eye": [
		0.4798640012741089,
		0.21613718569278717,
		-0.19646820425987244,
		0.9995793104171753
	],
	"27. left_ear": [
		0.5002450346946716,
		0.21729348599910736,
		-0.08464014530181885,
		0.9990341067314148
	],
	"28. right_ear": [
		0.47450128197669983,
		0.21873624622821808,
		-0.09994440525770187,
		0.9994930624961853
	],
	"time stamp": 23
}