{
	"1. left_hip": [
		0.5114070773124695,
		0.486123651266098,
		-0.0017586091998964548,
		0.999558687210083
	],
	"2. left_knee": [
		0.509929895401001,
		0.6257604360580444,
		-0.026929276064038277,
		0.9722274541854858
	],
	"3. left_ankle": [
		0.510130763053894,
		0.7489683628082275,
		0.11091464012861252,
		0.9503893256187439
	],
	"6. right_hip": [
		0.47379475831985474,
		0.48061561584472656,
		0.0018400292610749602,
		0.999382495880127
	],
	"7. right_knee": [
		0.4712969660758972,
		0.5630677938461304,
		-0.16914333403110504,
		0.9396212697029114
	],
	"8. right_ankle": [
		0.47247400879859924,
		0.631676197052002,
		0.058973535895347595,
		0.8651370406150818
	],
	"14. left_shoulder": [
		0.5218675136566162,
		0.2830236256122589,
		-0.03373612463474274,
		0.9991334676742554
	],
	"15. left_elbow": [
		0.5703445076942444,
		0.24216531217098236,
		-0.11992354691028595,
		0.9628209471702576
	],
	"16. left_wrist": [
		0.5856757760047913,
		0.2017979472875595,
		-0.26444536447525024,
		0.9079132676124573
	],
	"19. right_shoulder": [
		0.45548978447914124,
		0.284079909324646,
		-0.05760592222213745,
		0.9991738796234131
	],
	"20. right_elbow": [
		0.4149634540081024,
		0.25530707836151123,
		-0.14639912545681,
		0.9737871885299683
	],
	"21. right_wrist": [
		0.3950319290161133,
		0.1919354498386383,
		-0.3113568425178528,
		0.9189487099647522
	],
	"24. nose": [
		0.48697158694267273,
		0.23564881086349487,
		-0.20811820030212402,
		0.9997740387916565
	],
	"25. left_eye": [
		0.493897408246994,
		0.22413215041160583,
		-0.19003163278102875,
		0.9995452761650085
	],
	"26. right_eye": [
		0.4804653525352478,
		0.2240925431251526,
		-0.1929033249616623,
		0.9996161460876465
	],
	"27. left_ear": [
		0.5007977485656738,
		0.22881172597408295,
		-0.08736558258533478,
		0.9991158246994019
	],
	"28. right_ear": [
		0.474477082490921,
		0.2265702188014984,
		-0.09874767065048218,
		0.9995407462120056
	],
	"time stamp": 23
}