{
	"1. left_hip": [
		0.5110193490982056,
		0.4911055266857147,
		-0.0031971267890185118,
		0.9995917081832886
	],
	"2. left_knee": [
		0.5094069242477417,
		0.6325565576553345,
		-0.03108101338148117,
		0.9744122624397278
	],
	"3. left_ankle": [
		0.5098176598548889,
		0.7595568895339966,
		0.10199684649705887,
		0.9545308351516724
	],
	"6. right_hip": [
		0.4736042618751526,
		0.4854676425457001,
		0.00324820913374424,
		0.99941486120224
	],
	"7. right_knee": [
		0.47120094299316406,
		0.6164952516555786,
		0.024361498653888702,
		0.944739580154419
	],
	"8. right_ankle": [
		0.4723060131072998,
		0.6692826151847839,
		0.3019251227378845,
		0.872046947479248
	],
	"14. left_shoulder": [
		0.5227006077766418,
		0.2866525948047638,
		-0.049498382955789566,
		0.9992098808288574
	],
	"15. left_elbow": [
		0.5688406229019165,
		0.3103531301021576,
		-0.16911651194095612,
		0.9661226868629456
	],
	"16. left_wrist": [
		0.5789039731025696,
		0.2616376280784607,
		-0.3414185345172882,
		0.9160522222518921
	],
	"19. right_shoulder": [
		0.4546762704849243,
		0.2864249050617218,
		-0.05741778388619423,
		0.9992328882217407
	],
	"20. right_elbow": [
		0.4161156117916107,
		0.3194448947906494,
		-0.16055898368358612,
		0.9760377407073975
	],
	"21. right_wrist": [
		0.40778958797454834,
		0.276482492685318,
		-0.3595467805862427,
		0.9262853264808655
	],
	"24. nose": [
		0.48705434799194336,
		0.24349066615104675,
		-0.22179125249385834,
		0.9997948408126831
	],
	"25. left_eye": [
		0.49405425786972046,
		0.23183409869670868,
		-0.20733311772346497,
		0.9995852112770081
	],
	"26. right_eye": [
		0.4804937541484833,
		0.23201467096805573,
		-0.20682333409786224,
		0.9996494650840759
	],
	"27. left_ear": [
		0.5009893178939819,
		0.23635698854923248,
		-0.11017540097236633,
		0.9991915225982666
	],
	"28. right_ear": [
		0.474457323551178,
		0.23531155288219452,
		-0.10928121954202652,
		0.9995805025100708
	],
	"time stamp": 23
}