{
	"1. left_hip": [
		0.5109755396842957,
		0.5386620163917542,
		-0.011215769685804844,
		0.9995933771133423
	],
	"2. left_knee": [
		0.5067155957221985,
		0.6846104264259338,
		-0.06429779529571533,
		0.9757702350616455
	],
	"3. left_ankle": [
		0.5055593848228455,
		0.8197817206382751,
		0.03731955960392952,
		0.9575963616371155
	],
	"6. right_hip": [
		0.4735672175884247,
		0.5351836085319519,
		0.011336343362927437,
		0.9993776082992554
	],
	"7. right_knee": [
		0.4717460870742798,
		0.6714435815811157,
		0.04925968497991562,
		0.947547197341919
	],
	"8. right_ankle": [
		0.47032615542411804,
		0.7686721086502075,
		0.2400621920824051,
		0.8811696171760559
	],
	"14. left_shoulder": [
		0.5236300826072693,
		0.34784698486328125,
		-0.0389319472014904,
		0.999255359172821
	],
	"15. left_elbow": [
		0.5490506887435913,
		0.4023553133010864,
		-0.14399635791778564,
		0.9617691040039062
	],
	"16. left_wrist": [
		0.5557963848114014,
		0.3912682831287384,
		-0.31069207191467285,
		0.9055253267288208
	],
	"19. right_shoulder": [
		0.4555111825466156,
		0.35290834307670593,
		-0.002440167125314474,
		0.9992642402648926
	],
	"20. right_elbow": [
		0.42616334557533264,
		0.41142594814300537,
		-0.06179012358188629,
		0.974237322807312
	],
	"21. right_wrist": [
		0.42348313331604004,
		0.4040050804615021,
		-0.23032061755657196,
		0.9294410347938538
	],
	"24. nose": [
		0.487973153591156,
		0.2899401783943176,
		-0.19068343937397003,
		0.9998095631599426
	],
	"25. left_eye": [
		0.49477049708366394,
		0.2785978615283966,
		-0.17865730822086334,
		0.9996143579483032
	],
	"26. right_eye": [
		0.4810962677001953,
		0.2793937027454376,
		-0.17469018697738647,
		0.9996712803840637
	],
	"27. left_ear": [
		0.501509428024292,
		0.2852177619934082,
		-0.08856095373630524,
		0.9992511868476868
	],
	"28. right_ear": [
		0.47476840019226074,
		0.28457313776016235,
		-0.07286229729652405,
		0.9996064901351929
	],
	"time stamp": 23
}