{
	"1. left_hip": [
		0.5107088088989258,
		0.5631126761436462,
		-0.011080761440098286,
		0.9995464086532593
	],
	"2. left_knee": [
		0.5037180781364441,
		0.7004983425140381,
		-0.045706309378147125,
		0.9771992564201355
	],
	"3. left_ankle": [
		0.5034006834030151,
		0.8204514980316162,
		0.09499046951532364,
		0.9605236649513245
	],
	"6. right_hip": [
		0.47364678978919983,
		0.5618059039115906,
		0.011197074316442013,
		0.9993212819099426
	],
	"7. right_knee": [
		0.4719237685203552,
		0.6959272623062134,
		0.010285986587405205,
		0.9518800973892212
	],
	"8. right_ankle": [
		0.47042831778526306,
		0.803536057472229,
		0.13773603737354279,
		0.8920250535011292
	],
	"14. left_shoulder": [
		0.5247930288314819,
		0.3781388998031616,
		-0.06099406257271767,
		0.9993162751197815
	],
	"15. left_elbow": [
		0.5424141883850098,
		0.447275847196579,
		-0.12462137639522552,
		0.9603610038757324
	],
	"16. left_wrist": [
		0.5512747168540955,
		0.45985543727874756,
		-0.2973722815513611,
		0.9055909514427185
	],
	"19. right_shoulder": [
		0.4568331837654114,
		0.386125385761261,
		-0.02487820014357567,
		0.9993128180503845
	],
	"20. right_elbow": [
		0.4304998517036438,
		0.4544934630393982,
		-0.08938279002904892,
		0.9738747477531433
	],
	"21. right_wrist": [
		0.42486950755119324,
		0.462920218706131,
		-0.2888334393501282,
		0.9334646463394165
	],
	"24. nose": [
		0.4884107708930969,
		0.3265390694141388,
		-0.22680412232875824,
		0.9998243451118469
	],
	"25. left_eye": [
		0.4951016306877136,
		0.3146620988845825,
		-0.21754781901836395,
		0.9996418356895447
	],
	"26. right_eye": [
		0.48145154118537903,
		0.31459200382232666,
		-0.2141648232936859,
		0.999689519405365
	],
	"27. left_ear": [
		0.5019643306732178,
		0.3206147849559784,
		-0.12648186087608337,
		0.9993085861206055
	],
	"28. right_ear": [
		0.4752708673477173,
		0.31946471333503723,
		-0.11156314611434937,
		0.9996210932731628
	],
	"time stamp": 23
}