{
	"1. left_hip": [
		0.5105118155479431,
		0.5876579284667969,
		-0.006686583161354065,
		0.9995214343070984
	],
	"2. left_knee": [
		0.5035796165466309,
		0.7135730385780334,
		-0.019966300576925278,
		0.9785958528518677
	],
	"3. left_ankle": [
		0.5022468566894531,
		0.8240404725074768,
		0.11024368554353714,
		0.9630679488182068
	],
	"6. right_hip": [
		0.4736277163028717,
		0.585353672504425,
		0.006774349138140678,
		0.9993190169334412
	],
	"7. right_knee": [
		0.47189316153526306,
		0.7133192420005798,
		-0.0005408982397057116,
		0.95589679479599
	],
	"8. right_ankle": [
		0.4704991579055786,
		0.8231120705604553,
		0.11378437280654907,
		0.9017292261123657
	],
	"14. left_shoulder": [
		0.5249608159065247,
		0.4134365916252136,
		-0.07608747482299805,
		0.9993778467178345
	],
	"15. left_elbow": [
		0.5386890769004822,
		0.4824070930480957,
		-0.12252974510192871,
		0.9624795913696289
	],
	"16. left_wrist": [
		0.5426241755485535,
		0.5313554406166077,
		-0.2953300178050995,
		0.9119511246681213
	],
	"19. right_shoulder": [
		0.45810550451278687,
		0.4163321256637573,
		-0.05315031483769417,
		0.9993646144866943
	],
	"20. right_elbow": [
		0.43345507979393005,
		0.4815939962863922,
		-0.08969926834106445,
		0.9747706055641174
	],
	"21. right_wrist": [
		0.4277101457118988,
		0.5145760774612427,
		-0.289887398481369,
		0.9362175464630127
	],
	"24. nose": [
		0.48846402764320374,
		0.35647812485694885,
		-0.23065151274204254,
		0.9998390674591064
	],
	"25. left_eye": [
		0.4951082170009613,
		0.3450268507003784,
		-0.21941213309764862,
		0.9996703267097473
	],
	"26. right_eye": [
		0.4815666675567627,
		0.3460005223751068,
		-0.2176002711057663,
		0.9997106194496155
	],
	"27. left_ear": [
		0.5021023750305176,
		0.35127612948417664,
		-0.13084402680397034,
		0.9993650317192078
	],
	"28. right_ear": [
		0.47589701414108276,
		0.35147538781166077,
		-0.12366213649511337,
		0.9996397495269775
	],
	"time stamp": 23
}