{
	"1. left_hip": [
		0.5103036761283875,
		0.6111583113670349,
		-0.004762712400406599,
		0.9995377063751221
	],
	"2. left_knee": [
		0.5026029944419861,
		0.7248921990394592,
		-0.05882633104920387,
		0.9798728227615356
	],
	"3. left_ankle": [
		0.502312958240509,
		0.8303581476211548,
		0.05161616951227188,
		0.9654693603515625
	],
	"6. right_hip": [
		0.47270750999450684,
		0.6081822514533997,
		0.004817293956875801,
		0.9993542432785034
	],
	"7. right_knee": [
		0.4719679355621338,
		0.7279684543609619,
		-0.004823253024369478,
		0.9592797756195068
	],
	"8. right_ankle": [
		0.47036176919937134,
		0.8303636908531189,
		0.09851724654436111,
		0.9097585082054138
	],
	"14. left_shoulder": [
		0.5248357653617859,
		0.4518093466758728,
		-0.11853581666946411,
		0.9994367361068726
	],
	"15. left_elbow": [
		0.540355384349823,
		0.5309376120567322,
		-0.12302275002002716,
		0.9656535387039185
	],
	"16. left_wrist": [
		0.5355338454246521,
		0.5777058005332947,
		-0.24910031259059906,
		0.91851407289505
	],
	"19. right_shoulder": [
		0.4597279727458954,
		0.45032307505607605,
		-0.10037442296743393,
		0.9994248151779175
	],
	"20. right_elbow": [
		0.4328874349594116,
		0.5179919004440308,
		-0.09930343180894852,
		0.9769198298454285
	],
	"21. right_wrist": [
		0.4335958659648895,
		0.5740671157836914,
		-0.21394437551498413,
		0.9410380125045776
	],
	"24. nose": [
		0.4884486794471741,
		0.38890185952186584,
		-0.2673824429512024,
		0.9998530149459839
	],
	"25. left_eye": [
		0.4949798583984375,
		0.3775601387023926,
		-0.2567383348941803,
		0.9996975064277649
	],
	"26. right_eye": [
		0.48158735036849976,
		0.3794976472854614,
		-0.25435128808021545,
		0.9997336864471436
	],
	"27. left_ear": [
		0.5020900964736938,
		0.3836502432823181,
		-0.17690713703632355,
		0.999416708946228
	],
	"28. right_ear": [
		0.476112425327301,
		0.3863811194896698,
		-0.16653361916542053,
		0.9996656775474548
	],
	"time stamp": 23
}