{
	"1. left_hip": [
		0.5088925361633301,
		0.658456563949585,
		-0.0071541909128427505,
		0.9995411038398743
	],
	"2. left_knee": [
		0.5032787322998047,
		0.7428205609321594,
		-0.12143886089324951,
		0.9795584082603455
	],
	"3. left_ankle": [
		0.5024172067642212,
		0.83221036195755,
		0.021034352481365204,
		0.9646214842796326
	],
	"6. right_hip": [
		0.4717872142791748,
		0.6598222255706787,
		0.00717265484854579,
		0.9993626475334167
	],
	"7. right_knee": [
		0.473469078540802,
		0.7394998073577881,
		-0.03240567445755005,
		0.9545056223869324
	],
	"8. right_ankle": [
		0.4714449942111969,
		0.8324181437492371,
		0.10170993208885193,
		0.9111515879631042
	],
	"14. left_shoulder": [
		0.5248014330863953,
		0.5204494595527649,
		-0.15951579809188843,
		0.9994898438453674
	],
	"15. left_elbow": [
		0.5405235290527344,
		0.5964834094047546,
		-0.19702619314193726,
		0.968470573425293
	],
	"16. left_wrist": [
		0.5266523361206055,
		0.6411328911781311,
		-0.30673325061798096,
		0.9207671284675598
	],
	"19. right_shoulder": [
		0.45835310220718384,
		0.521288275718689,
		-0.14424028992652893,
		0.9994745254516602
	],
	"20. right_elbow": [
		0.4341108202934265,
		0.5947728157043457,
		-0.18400098383426666,
		0.9782050251960754
	],
	"21. right_wrist": [
		0.4469307065010071,
		0.6468967199325562,
		-0.30245718359947205,
		0.9396544098854065
	],
	"24. nose": [
		0.4884466528892517,
		0.4548643231391907,
		-0.30223360657691956,
		0.9998652338981628
	],
	"25. left_eye": [
		0.4949686825275421,
		0.44348686933517456,
		-0.28885945677757263,
		0.9997230172157288
	],
	"26. right_eye": [
		0.48158738017082214,
		0.44387805461883545,
		-0.2888425588607788,
		0.9997555613517761
	],
	"27. left_ear": [
		0.5019494891166687,
		0.4510113298892975,
		-0.2062898725271225,
		0.9994671940803528
	],
	"28. right_ear": [
		0.47618189454078674,
		0.45100948214530945,
		-0.205173060297966,
		0.9996898770332336
	],
	"time stamp": 23
}