{
	"1. left_hip": [
		0.5080888271331787,
		0.686378002166748,
		-0.007820994593203068,
		0.9995492100715637
	],
	"2. left_knee": [
		0.5023115873336792,
		0.7738050818443298,
		-0.09784812480211258,
		0.9767213463783264
	],
	"3. left_ankle": [
		0.5027037858963013,
		0.8350147604942322,
		0.046872131526470184,
		0.9598233699798584
	],
	"6. right_hip": [
		0.47196826338768005,
		0.686315655708313,
		0.007814597338438034,
		0.9993954300880432
	],
	"7. right_knee": [
		0.4734257757663727,
		0.7585294842720032,
		-0.05591530352830887,
		0.9480533003807068
	],
	"8. right_ankle": [
		0.4713948965072632,
		0.8352765440940857,
		0.1005212813615799,
		0.9097399711608887
	],
	"14. left_shoulder": [
		0.524090588092804,
		0.5506883859634399,
		-0.17070509493350983,
		0.9995350241661072
	],
	"15. left_elbow": [
		0.5423839092254639,
		0.6254634261131287,
		-0.21631617844104767,
		0.970938503742218
	],
	"16. left_wrist": [
		0.5225195288658142,
		0.6701191663742065,
		-0.31771472096443176,
		0.9219813346862793
	],
	"19. right_shoulder": [
		0.4575921297073364,
		0.5522740483283997,
		-0.1596982330083847,
		0.9995239973068237
	],
	"20. right_elbow": [
		0.4343819320201874,
		0.6259229779243469,
		-0.20488537847995758,
		0.9798378348350525
	],
	"21. right_wrist": [
		0.45547211170196533,
		0.6737574934959412,
		-0.31324589252471924,
		0.9425332546234131
	],
	"24. nose": [
		0.48844146728515625,
		0.48875123262405396,
		-0.30523356795310974,
		0.9998762607574463
	],
	"25. left_eye": [
		0.4949491620063782,
		0.4765991270542145,
		-0.292498379945755,
		0.9997443556785583
	],
	"26. right_eye": [
		0.48158589005470276,
		0.47747042775154114,
		-0.29196077585220337,
		0.9997760653495789
	],
	"27. left_ear": [
		0.5018165111541748,
		0.4830295443534851,
		-0.21557369828224182,
		0.9995077848434448
	],
	"28. right_ear": [
		0.47617554664611816,
		0.4837994873523712,
		-0.21167488396167755,
		0.9997164011001587
	],
	"time stamp": 23
}