{
	"1. left_hip": [
		0.5067033171653748,
		0.7127640843391418,
		-0.009106643497943878,
		0.9995715618133545
	],
	"2. left_knee": [
		0.5006224513053894,
		0.7919382452964783,
		0.07047900557518005,
		0.973229169845581
	],
	"3. left_ankle": [
		0.5028827786445618,
		0.8361164331436157,
		0.23295295238494873,
		0.9566185474395752
	],
	"6. right_hip": [
		0.4721281826496124,
		0.7138063907623291,
		0.009089610539376736,
		0.9994326233863831
	],
	"7. right_knee": [
		0.47267600893974304,
		0.7831553816795349,
		0.1042615994811058,
		0.9463561177253723
	],
	"8. right_ankle": [
		0.4714130461215973,
		0.8328510522842407,
		0.2722669243812561,
		0.9095872044563293
	],
	"14. left_shoulder": [
		0.5216267704963684,
		0.5724982023239136,
		-0.13173703849315643,
		0.9995679259300232
	],
	"15. left_elbow": [
		0.5363692045211792,
		0.644450306892395,
		-0.1377795785665512,
		0.9703496098518372
	],
	"16. left_wrist": [
		0.5240246057510376,
		0.6911157965660095,
		-0.2070876508951187,
		0.9179657697677612
	],
	"19. right_shoulder": [
		0.4573546051979065,
		0.5754620432853699,
		-0.11704757809638977,
		0.9995507001876831
	],
	"20. right_elbow": [
		0.43881863355636597,
		0.6450328826904297,
		-0.12744534015655518,
		0.9758054614067078
	],
	"21. right_wrist": [
		0.4508143365383148,
		0.6879149675369263,
		-0.2106655091047287,
		0.9325061440467834
	],
	"24. nose": [
		0.4884340167045593,
		0.5158774852752686,
		-0.23199588060379028,
		0.9998788833618164
	],
	"25. left_eye": [
		0.4949345588684082,
		0.5055769681930542,
		-0.2238323986530304,
		0.9997480511665344
	],
	"26. right_eye": [
		0.48158013820648193,
		0.5040648579597473,
		-0.22272758185863495,
		0.9997795224189758
	],
	"27. left_ear": [
		0.5012328028678894,
		0.5109617710113525,
		-0.1980135142803192,
		0.9995121955871582
	],
	"28. right_ear": [
		0.4761646091938019,
		0.5090765357017517,
		-0.19902841746807098,
		0.999711811542511
	],
	"time stamp": 23
}