{
	"1. left_hip": [
		0.5061901211738586,
		0.7268977761268616,
		-0.009571036323904991,
		0.9995867609977722
	],
	"2. left_knee": [
		0.5003101825714111,
		0.802615761756897,
		0.03894299268722534,
		0.9697967767715454
	],
	"3. left_ankle": [
		0.5042012929916382,
		0.8398603796958923,
		0.23123888671398163,
		0.9521522521972656
	],
	"6. right_hip": [
		0.47212374210357666,
		0.7277416586875916,
		0.009534039534628391,
		0.9994550347328186
	],
	"7. right_knee": [
		0.47143563628196716,
		0.7952815294265747,
		0.06739352643489838,
		0.9416245818138123
	],
	"8. right_ankle": [
		0.4711003303527832,
		0.8367317318916321,
		0.2545846104621887,
		0.9076775908470154
	],
	"14. left_shoulder": [
		0.5207213163375854,
		0.5907558798789978,
		-0.15573646128177643,
		0.9996069669723511
	],
	"15. left_elbow": [
		0.537346601486206,
		0.6707249283790588,
		-0.1781308650970459,
		0.9723433256149292
	],
	"16. left_wrist": [
		0.5214264392852783,
		0.707353949546814,
		-0.239339679479599,
		0.9220734238624573
	],
	"19. right_shoulder": [
		0.4573376774787903,
		0.5930231809616089,
		-0.13148747384548187,
		0.9995808601379395
	],
	"20. right_elbow": [
		0.4372134506702423,
		0.6606717705726624,
		-0.15677985548973083,
		0.9738202095031738
	],
	"21. right_wrist": [
		0.4490216374397278,
		0.7053263187408447,
		-0.25904470682144165,
		0.923866868019104
	],
	"24. nose": [
		0.4882661700248718,
		0.537399172782898,
		-0.2703476548194885,
		0.9998828768730164
	],
	"25. left_eye": [
		0.4947320222854614,
		0.5248911380767822,
		-0.2624245285987854,
		0.9997603297233582
	],
	"26. right_eye": [
		0.48121532797813416,
		0.5254995822906494,
		-0.26084956526756287,
		0.9997877478599548
	],
	"27. left_ear": [
		0.5008792877197266,
		0.5300658941268921,
		-0.19935883581638336,
		0.9995419979095459
	],
	"28. right_ear": [
		0.4756968319416046,
		0.5320478081703186,
		-0.1931464672088623,
		0.9997219443321228
	],
	"time stamp": 23
}