{
	"1. left_hip": [
		0.506155788898468,
		0.7377064824104309,
		-0.007509209215641022,
		0.9996235966682434
	],
	"2. left_knee": [
		0.49676913022994995,
		0.7846677899360657,
		-0.23752018809318542,
		0.9707436561584473
	],
	"3. left_ankle": [
		0.504252552986145,
		0.8355118632316589,
		-0.022248728200793266,
		0.9499384164810181
	],
	"6. right_hip": [
		0.4719262719154358,
		0.7405647039413452,
		0.007503642234951258,
		0.999500036239624
	],
	"7. right_knee": [
		0.467325359582901,
		0.7683131694793701,
		-0.20077887177467346,
		0.9364466071128845
	],
	"8. right_ankle": [
		0.4715045094490051,
		0.8319345116615295,
		-0.005241599399596453,
		0.9083801507949829
	],
	"14. left_shoulder": [
		0.5197174549102783,
		0.6039367914199829,
		-0.07074039429426193,
		0.9996449947357178
	],
	"15. left_elbow": [
		0.5369793176651001,
		0.6772264838218689,
		-0.10515516251325607,
		0.9733615517616272
	],
	"16. left_wrist": [
		0.5192838311195374,
		0.7165409326553345,
		-0.20166468620300293,
		0.9216281175613403
	],
	"19. right_shoulder": [
		0.4571029245853424,
		0.609597384929657,
		-0.06464210152626038,
		0.9996120929718018
	],
	"20. right_elbow": [
		0.43472039699554443,
		0.6745767593383789,
		-0.09813138097524643,
		0.9738253355026245
	],
	"21. right_wrist": [
		0.4493926465511322,
		0.7197257876396179,
		-0.19544105231761932,
		0.9198648929595947
	],
	"24. nose": [
		0.48818907141685486,
		0.5504438877105713,
		-0.19148977100849152,
		0.9998940825462341
	],
	"25. left_eye": [
		0.49450746178627014,
		0.5389237403869629,
		-0.17668266594409943,
		0.9997833371162415
	],
	"26. right_eye": [
		0.4805586338043213,
		0.5394785404205322,
		-0.17727461457252502,
		0.9998078346252441
	],
	"27. left_ear": [
		0.5004111528396606,
		0.5445283055305481,
		-0.10007505863904953,
		0.999586284160614
	],
	"28. right_ear": [
		0.47451844811439514,
		0.5466441512107849,
		-0.10219743102788925,
		0.9997482895851135
	],
	"time stamp": 23
}