{
	"1. left_hip": [
		0.5060009956359863,
		0.7381342649459839,
		-0.0038763221818953753,
		0.9996544122695923
	],
	"2. left_knee": [
		0.49600133299827576,
		0.7850404381752014,
		-0.2546003460884094,
		0.9703042507171631
	],
	"3. left_ankle": [
		0.504133939743042,
		0.8329009413719177,
		-0.03419458493590355,
		0.9443442225456238
	],
	"6. right_hip": [
		0.47159215807914734,
		0.7397999167442322,
		0.003922313451766968,
		0.9995399117469788
	],
	"7. right_knee": [
		0.4662385880947113,
		0.7547999024391174,
		-0.24453270435333252,
		0.926465630531311
	],
	"8. right_ankle": [
		0.47150468826293945,
		0.830731213092804,
		-0.04877898842096329,
		0.9108057022094727
	],
	"14. left_shoulder": [
		0.5199210047721863,
		0.6043402552604675,
		-0.10195238888263702,
		0.9996783137321472
	],
	"15. left_elbow": [
		0.5376121401786804,
		0.6842604875564575,
		-0.17382687330245972,
		0.9756428003311157
	],
	"16. left_wrist": [
		0.5173032879829407,
		0.7121822834014893,
		-0.2799752950668335,
		0.9269842505455017
	],
	"19. right_shoulder": [
		0.4541842043399811,
		0.6090908646583557,
		-0.1059664860367775,
		0.9996376037597656
	],
	"20. right_elbow": [
		0.4277029037475586,
		0.6764012575149536,
		-0.1726166158914566,
		0.9749086499214172
	],
	"21. right_wrist": [
		0.4504053294658661,
		0.7108579277992249,
		-0.2870902717113495,
		0.9187615513801575
	],
	"24. nose": [
		0.4876774251461029,
		0.542935848236084,
		-0.2195049673318863,
		0.9999043345451355
	],
	"25. left_eye": [
		0.4942787289619446,
		0.5332223176956177,
		-0.18818995356559753,
		0.9998039603233337
	],
	"26. right_eye": [
		0.47988787293434143,
		0.5318240523338318,
		-0.180975541472435,
		0.9998260140419006
	],
	"27. left_ear": [
		0.5003571510314941,
		0.5404911637306213,
		-0.1296232044696808,
		0.9996259808540344
	],
	"28. right_ear": [
		0.4737836718559265,
		0.5416262745857239,
		-0.10272106528282166,
		0.9997721910476685
	],
	"time stamp": 23
}