{
	"1. left_hip": [
		0.5072612166404724,
		0.7157608270645142,
		-0.003923463169485331,
		0.9996805787086487
	],
	"2. left_knee": [
		0.49627864360809326,
		0.7783461809158325,
		-0.2470133751630783,
		0.9700837731361389
	],
	"3. left_ankle": [
		0.5043109655380249,
		0.8332090377807617,
		-0.013843034394085407,
		0.9412436485290527
	],
	"6. right_hip": [
		0.47173866629600525,
		0.7160716652870178,
		0.003970708232372999,
		0.9995756149291992
	],
	"7. right_knee": [
		0.46669381856918335,
		0.7507016658782959,
		-0.24269580841064453,
		0.9179252982139587
	],
	"8. right_ankle": [
		0.47153785824775696,
		0.8317996263504028,
		-0.018775146454572678,
		0.9123788475990295
	],
	"14. left_shoulder": [
		0.5214513540267944,
		0.5932925939559937,
		-0.18362244963645935,
		0.9997088313102722
	],
	"15. left_elbow": [
		0.5460854768753052,
		0.6719236373901367,
		-0.24860955774784088,
		0.9779674410820007
	],
	"16. left_wrist": [
		0.5170242786407471,
		0.7027667760848999,
		-0.350866436958313,
		0.9332429766654968
	],
	"19. right_shoulder": [
		0.45496249198913574,
		0.5912627577781677,
		-0.172260120511055,
		0.9996615648269653
	],
	"20. right_elbow": [
		0.4286615550518036,
		0.656339168548584,
		-0.23435144126415253,
		0.9752642512321472
	],
	"21. right_wrist": [
		0.4534080922603607,
		0.6952893733978271,
		-0.3529811501502991,
		0.9160415530204773
	],
	"24. nose": [
		0.4871329069137573,
		0.530286431312561,
		-0.3220584988594055,
		0.9999134540557861
	],
	"25. left_eye": [
		0.4939626455307007,
		0.5188233256340027,
		-0.3070473372936249,
		0.9998219609260559
	],
	"26. right_eye": [
		0.47952261567115784,
		0.51943039894104,
		-0.3053581416606903,
		0.9998416900634766
	],
	"27. left_ear": [
		0.5004597306251526,
		0.5268946290016174,
		-0.2264994978904724,
		0.9996609091758728
	],
	"28. right_ear": [
		0.47378861904144287,
		0.5279738306999207,
		-0.2187304049730301,
		0.999792218208313
	],
	"time stamp": 23
}