{
	"1. left_hip": [
		0.5080985426902771,
		0.7012047171592712,
		-0.004542660433799028,
		0.9997081160545349
	],
	"2. left_knee": [
		0.4967004060745239,
		0.7719017267227173,
		-0.28691285848617554,
		0.9715462327003479
	],
	"3. left_ankle": [
		0.5046833157539368,
		0.8319841027259827,
		-0.04925316572189331,
		0.9439887404441833
	],
	"6. right_hip": [
		0.47198203206062317,
		0.6997087001800537,
		0.004575083497911692,
		0.9996111392974854
	],
	"7. right_knee": [
		0.46713581681251526,
		0.7409799098968506,
		-0.24514718353748322,
		0.9163584113121033
	],
	"8. right_ankle": [
		0.47154173254966736,
		0.8307123780250549,
		-0.031041160225868225,
		0.9189581871032715
	],
	"14. left_shoulder": [
		0.522551953792572,
		0.5775037407875061,
		-0.23281978070735931,
		0.9997373223304749
	],
	"15. left_elbow": [
		0.5462085604667664,
		0.6612482070922852,
		-0.30990269780158997,
		0.9801015853881836
	],
	"16. left_wrist": [
		0.5076825618743896,
		0.688357949256897,
		-0.42750146985054016,
		0.9389702081680298
	],
	"19. right_shoulder": [
		0.4548826515674591,
		0.5753533244132996,
		-0.21759620308876038,
		0.9996925592422485
	],
	"20. right_elbow": [
		0.42697787284851074,
		0.643925666809082,
		-0.2953397035598755,
		0.9772595167160034
	],
	"21. right_wrist": [
		0.456645667552948,
		0.6769111752510071,
		-0.4269244968891144,
		0.9192172288894653
	],
	"24. nose": [
		0.48722854256629944,
		0.5152080059051514,
		-0.39701977372169495,
		0.9999220371246338
	],
	"25. left_eye": [
		0.4940092861652374,
		0.5028177499771118,
		-0.38172900676727295,
		0.9998394846916199
	],
	"26. right_eye": [
		0.4795632064342499,
		0.5040392279624939,
		-0.38078200817108154,
		0.9998573064804077
	],
	"27. left_ear": [
		0.5008864998817444,
		0.5093026757240295,
		-0.2886755168437958,
		0.9996943473815918
	],
	"28. right_ear": [
		0.4738106429576874,
		0.511724054813385,
		-0.284496933221817,
		0.9998127222061157
	],
	"time stamp": 23
}