{
	"1. left_hip": [
		0.5082324147224426,
		0.6650048494338989,
		-0.003913125954568386,
		0.9996427297592163
	],
	"2. left_knee": [
		0.5020517110824585,
		0.7676359415054321,
		-0.032205358147621155,
		0.9720919132232666
	],
	"3. left_ankle": [
		0.5049663186073303,
		0.8349725604057312,
		0.11425437033176422,
		0.9457948803901672
	],
	"6. right_hip": [
		0.4727135896682739,
		0.661714494228363,
		0.0038583518471568823,
		0.9996169805526733
	],
	"7. right_knee": [
		0.4738922715187073,
		0.7448707818984985,
		-0.05248304456472397,
		0.9216474294662476
	],
	"8. right_ankle": [
		0.4716147184371948,
		0.8361844420433044,
		0.06810262799263,
		0.9250479340553284
	],
	"14. left_shoulder": [
		0.5225429534912109,
		0.5438479781150818,
		-0.18128301203250885,
		0.9997361302375793
	],
	"15. left_elbow": [
		0.5459275841712952,
		0.6489251255989075,
		-0.23322556912899017,
		0.9806687831878662
	],
	"16. left_wrist": [
		0.512317419052124,
		0.6670554876327515,
		-0.34325119853019714,
		0.9302719831466675
	],
	"19. right_shoulder": [
		0.4571216106414795,
		0.5398505926132202,
		-0.17277425527572632,
		0.9997196793556213
	],
	"20. right_elbow": [
		0.42640426754951477,
		0.6096251606941223,
		-0.23237527906894684,
		0.9786969423294067
	],
	"21. right_wrist": [
		0.4557137191295624,
		0.6350736618041992,
		-0.35618865489959717,
		0.9205607771873474
	],
	"24. nose": [
		0.48848816752433777,
		0.4747902452945709,
		-0.32425177097320557,
		0.9999265670776367
	],
	"25. left_eye": [
		0.49527156352996826,
		0.4644148647785187,
		-0.3127140700817108,
		0.9998493194580078
	],
	"26. right_eye": [
		0.48127251863479614,
		0.46503761410713196,
		-0.3119752109050751,
		0.9998685717582703
	],
	"27. left_ear": [
		0.50240159034729,
		0.4731158912181854,
		-0.2354244440793991,
		0.999712347984314
	],
	"28. right_ear": [
		0.4756696820259094,
		0.4735499918460846,
		-0.23265253007411957,
		0.9998285174369812
	],
	"time stamp": 23
}