{
	"1. left_hip": [
		0.5079666972160339,
		0.6443670392036438,
		-0.00555843859910965,
		0.9996433854103088
	],
	"2. left_knee": [
		0.503078281879425,
		0.756013810634613,
		0.02627856843173504,
		0.9740766882896423
	],
	"3. left_ankle": [
		0.5056112408638,
		0.8398182392120361,
		0.1701260209083557,
		0.9504544734954834
	],
	"6. right_hip": [
		0.4729643166065216,
		0.6417496204376221,
		0.00540567422285676,
		0.9996359348297119
	],
	"7. right_knee": [
		0.474423348903656,
		0.7482980489730835,
		0.028995564207434654,
		0.928624153137207
	],
	"8. right_ankle": [
		0.4714391827583313,
		0.8363815546035767,
		0.18208400905132294,
		0.9319459199905396
	],
	"14. left_shoulder": [
		0.5231943130493164,
		0.5111803412437439,
		-0.20200230181217194,
		0.999759316444397
	],
	"15. left_elbow": [
		0.5465933084487915,
		0.604069173336029,
		-0.2591326832771301,
		0.9822806715965271
	],
	"16. left_wrist": [
		0.5131247639656067,
		0.6222802996635437,
		-0.37343141436576843,
		0.9330176115036011
	],
	"19. right_shoulder": [
		0.4584071934223175,
		0.5060307383537292,
		-0.19452312588691711,
		0.9997470378875732
	],
	"20. right_elbow": [
		0.42703938484191895,
		0.5827467441558838,
		-0.2551073133945465,
		0.9805722832679749
	],
	"21. right_wrist": [
		0.46017417311668396,
		0.6018688678741455,
		-0.3795030415058136,
		0.9261072278022766
	],
	"24. nose": [
		0.4896194636821747,
		0.44101864099502563,
		-0.34985581040382385,
		0.9999337196350098
	],
	"25. left_eye": [
		0.49635910987854004,
		0.43068310618400574,
		-0.3401170074939728,
		0.9998637437820435
	],
	"26. right_eye": [
		0.4825970530509949,
		0.42953431606292725,
		-0.3394683003425598,
		0.9998814463615417
	],
	"27. left_ear": [
		0.5042285323143005,
		0.4387718737125397,
		-0.2634783685207367,
		0.9997398257255554
	],
	"28. right_ear": [
		0.47688451409339905,
		0.44040530920028687,
		-0.2609883248806,
		0.9998455047607422
	],
	"time stamp": 23
}