{
	"1. left_hip": [
		0.5079533457756042,
		0.6260629892349243,
		-0.005609582178294659,
		0.9996427893638611
	],
	"2. left_knee": [
		0.5048893690109253,
		0.7385432720184326,
		-0.016374126076698303,
		0.9758141040802002
	],
	"3. left_ankle": [
		0.5057297348976135,
		0.837644636631012,
		0.11772710829973221,
		0.9540841579437256
	],
	"6. right_hip": [
		0.47305920720100403,
		0.6258095502853394,
		0.005475325509905815,
		0.9996509552001953
	],
	"7. right_knee": [
		0.47586458921432495,
		0.7468185424804688,
		0.019886331632733345,
		0.9346793293952942
	],
	"8. right_ankle": [
		0.4714154899120331,
		0.8366388082504272,
		0.15804219245910645,
		0.9376935958862305
	],
	"14. left_shoulder": [
		0.524215579032898,
		0.4855596721172333,
		-0.17254453897476196,
		0.9997766017913818
	],
	"15. left_elbow": [
		0.5468548536300659,
		0.5725613236427307,
		-0.2033819556236267,
		0.983393132686615
	],
	"16. left_wrist": [
		0.515747606754303,
		0.593338668346405,
		-0.31178349256515503,
		0.9335256218910217
	],
	"19. right_shoulder": [
		0.45825421810150146,
		0.48012229800224304,
		-0.1800352931022644,
		0.9997711777687073
	],
	"20. right_elbow": [
		0.4280589818954468,
		0.5560942888259888,
		-0.22624017298221588,
		0.9821943044662476
	],
	"21. right_wrist": [
		0.4634662866592407,
		0.5779858231544495,
		-0.32881081104278564,
		0.9311846494674683
	],
	"24. nose": [
		0.49099284410476685,
		0.4119085967540741,
		-0.3172432482242584,
		0.9999399781227112
	],
	"25. left_eye": [
		0.4978884756565094,
		0.40123438835144043,
		-0.31901228427886963,
		0.9998762011528015
	],
	"26. right_eye": [
		0.48402130603790283,
		0.40045347809791565,
		-0.31782031059265137,
		0.9998928308486938
	],
	"27. left_ear": [
		0.5059681534767151,
		0.4098820686340332,
		-0.2322033792734146,
		0.9997640252113342
	],
	"28. right_ear": [
		0.47783419489860535,
		0.41161084175109863,
		-0.2285681664943695,
		0.9998606443405151
	],
	"time stamp": 23
}