{
	"1. left_hip": [
		0.5077993869781494,
		0.6096037030220032,
		-0.006608142983168364,
		0.9995913505554199
	],
	"2. left_knee": [
		0.5045053958892822,
		0.7282523512840271,
		0.002282997826114297,
		0.9773505330085754
	],
	"3. left_ankle": [
		0.5058193206787109,
		0.8358867168426514,
		0.11952316015958786,
		0.9574120044708252
	],
	"6. right_hip": [
		0.4729219377040863,
		0.6064915060997009,
		0.006504342891275883,
		0.9996215105056763
	],
	"7. right_knee": [
		0.4752424359321594,
		0.7404012084007263,
		0.026287183165550232,
		0.9401468634605408
	],
	"8. right_ankle": [
		0.47142523527145386,
		0.8352280259132385,
		0.1361761838197708,
		0.9426330327987671
	],
	"14. left_shoulder": [
		0.5247542262077332,
		0.46237292885780334,
		-0.12951737642288208,
		0.9997871518135071
	],
	"15. left_elbow": [
		0.5469692349433899,
		0.5492915511131287,
		-0.1412612348794937,
		0.9843465685844421
	],
	"16. left_wrist": [
		0.5142834186553955,
		0.5750498175621033,
		-0.22486771643161774,
		0.935566246509552
	],
	"19. right_shoulder": [
		0.4585627019405365,
		0.45667770504951477,
		-0.1185060665011406,
		0.999781608581543
	],
	"20. right_elbow": [
		0.43316650390625,
		0.5336714386940002,
		-0.14182093739509583,
		0.9822133183479309
	],
	"21. right_wrist": [
		0.4639632999897003,
		0.5554389357566833,
		-0.24240997433662415,
		0.931694746017456
	],
	"24. nose": [
		0.49139145016670227,
		0.38623467087745667,
		-0.2603095769882202,
		0.999944269657135
	],
	"25. left_eye": [
		0.49790868163108826,
		0.3740691840648651,
		-0.25259995460510254,
		0.9998852014541626
	],
	"26. right_eye": [
		0.4845849275588989,
		0.37545737624168396,
		-0.25162145495414734,
		0.9999008774757385
	],
	"27. left_ear": [
		0.5057700872421265,
		0.3834608197212219,
		-0.1838955134153366,
		0.9997842311859131
	],
	"28. right_ear": [
		0.47850579023361206,
		0.38583898544311523,
		-0.17953506112098694,
		0.9998720288276672
	],
	"time stamp": 23
}