{
	"1. left_hip": [
		0.5077855587005615,
		0.5811542868614197,
		-0.004515849053859711,
		0.999541163444519
	],
	"2. left_knee": [
		0.5099162459373474,
		0.7143337726593018,
		-0.017324205487966537,
		0.9778539538383484
	],
	"3. left_ankle": [
		0.5062105059623718,
		0.8278967142105103,
		0.11590495705604553,
		0.9574660658836365
	],
	"6. right_hip": [
		0.47279512882232666,
		0.5803748369216919,
		0.004457517527043819,
		0.9996034502983093
	],
	"7. right_knee": [
		0.4736484885215759,
		0.7209277749061584,
		0.002356751123443246,
		0.9444220662117004
	],
	"8. right_ankle": [
		0.4708666503429413,
		0.8339860439300537,
		0.11852054297924042,
		0.9461759328842163
	],
	"14. left_shoulder": [
		0.5249588489532471,
		0.41618606448173523,
		-0.0635422095656395,
		0.9997935891151428
	],
	"15. left_elbow": [
		0.5446723699569702,
		0.5030366778373718,
		-0.06674165278673172,
		0.9839433431625366
	],
	"16. left_wrist": [
		0.5166499614715576,
		0.5402092337608337,
		-0.15876655280590057,
		0.9338053464889526
	],
	"19. right_shoulder": [
		0.4584883153438568,
		0.41373732686042786,
		-0.05837451294064522,
		0.9997971653938293
	],
	"20. right_elbow": [
		0.43829336762428284,
		0.4976876676082611,
		-0.0867413654923439,
		0.9829885959625244
	],
	"21. right_wrist": [
		0.4653901755809784,
		0.5213915109634399,
		-0.2029748111963272,
		0.936574399471283
	],
	"24. nose": [
		0.4920732378959656,
		0.3409389853477478,
		-0.19996565580368042,
		0.9999486804008484
	],
	"25. left_eye": [
		0.49921470880508423,
		0.32931262254714966,
		-0.1899527609348297,
		0.999893069267273
	],
	"26. right_eye": [
		0.48491716384887695,
		0.3288228213787079,
		-0.18907609581947327,
		0.9999085068702698
	],
	"27. left_ear": [
		0.5068508386611938,
		0.33587154746055603,
		-0.11620000749826431,
		0.9998027086257935
	],
	"28. right_ear": [
		0.47844183444976807,
		0.33557480573654175,
		-0.11228364706039429,
		0.999883234500885
	],
	"time stamp": 23
}