{
	"1. left_hip": [
		0.5077770352363586,
		0.5700896978378296,
		-0.005958904512226582,
		0.9995288252830505
	],
	"2. left_knee": [
		0.5096079707145691,
		0.70856773853302,
		-0.016775893047451973,
		0.9792161583900452
	],
	"3. left_ankle": [
		0.5082317590713501,
		0.8266388773918152,
		0.10859178751707077,
		0.9598284959793091
	],
	"6. right_hip": [
		0.4719785153865814,
		0.5690950751304626,
		0.005942556541413069,
		0.9995802044868469
	],
	"7. right_knee": [
		0.47291815280914307,
		0.7091417908668518,
		0.008696308359503746,
		0.948984682559967
	],
	"8. right_ankle": [
		0.470885306596756,
		0.833547055721283,
		0.11930269002914429,
		0.9496359825134277
	],
	"14. left_shoulder": [
		0.5253430008888245,
		0.3965134620666504,
		-0.06704716384410858,
		0.9998103976249695
	],
	"15. left_elbow": [
		0.5409109592437744,
		0.48190176486968994,
		-0.0765499696135521,
		0.9844979047775269
	],
	"16. left_wrist": [
		0.5217109322547913,
		0.5233228206634521,
		-0.1820981651544571,
		0.937345564365387
	],
	"19. right_shoulder": [
		0.4575011134147644,
		0.3928638994693756,
		-0.051951222121715546,
		0.9998086094856262
	],
	"20. right_elbow": [
		0.44107234477996826,
		0.4813031554222107,
		-0.07996664941310883,
		0.9825025200843811
	],
	"21. right_wrist": [
		0.4642934799194336,
		0.510500431060791,
		-0.2092265486717224,
		0.9395067691802979
	],
	"24. nose": [
		0.49182742834091187,
		0.31766167283058167,
		-0.20154739916324615,
		0.9999530911445618
	],
	"25. left_eye": [
		0.4990181624889374,
		0.3086964786052704,
		-0.18991337716579437,
		0.9999022483825684
	],
	"26. right_eye": [
		0.48470214009284973,
		0.3059595227241516,
		-0.18909978866577148,
		0.999916136264801
	],
	"27. left_ear": [
		0.5063835978507996,
		0.31643974781036377,
		-0.11275365948677063,
		0.9998210668563843
	],
	"28. right_ear": [
		0.47851884365081787,
		0.31366944313049316,
		-0.10930224508047104,
		0.999893307685852
	],
	"time stamp": 23
}