{
	"1. left_hip": [
		0.5080607533454895,
		0.5588358044624329,
		-0.0036200962495058775,
		0.9995495080947876
	],
	"2. left_knee": [
		0.5097516775131226,
		0.6991910934448242,
		-0.019575292244553566,
		0.9805953502655029
	],
	"3. left_ankle": [
		0.5094487071037292,
		0.8218411207199097,
		0.11563826352357864,
		0.962485671043396
	],
	"6. right_hip": [
		0.47185227274894714,
		0.5574421882629395,
		0.003655053209513426,
		0.9995856285095215
	],
	"7. right_knee": [
		0.4719542860984802,
		0.6985369920730591,
		-0.005017830524593592,
		0.9531933665275574
	],
	"8. right_ankle": [
		0.47023507952690125,
		0.8310544490814209,
		0.11727702617645264,
		0.9533292651176453
	],
	"14. left_shoulder": [
		0.5253986716270447,
		0.37787938117980957,
		-0.0355212427675724,
		0.9998276829719543
	],
	"15. left_elbow": [
		0.5410521626472473,
		0.4606975018978119,
		-0.04179752990603447,
		0.9852941632270813
	],
	"16. left_wrist": [
		0.5272349119186401,
		0.5152984857559204,
		-0.15618565678596497,
		0.9421392679214478
	],
	"19. right_shoulder": [
		0.45639917254447937,
		0.37762022018432617,
		-0.029514778405427933,
		0.9998188018798828
	],
	"20. right_elbow": [
		0.44306278228759766,
		0.46686309576034546,
		-0.06284401565790176,
		0.9812665581703186
	],
	"21. right_wrist": [
		0.4626777172088623,
		0.5001522898674011,
		-0.20998422801494598,
		0.942234456539154
	],
	"24. nose": [
		0.49172475934028625,
		0.30315709114074707,
		-0.18046116828918457,
		0.999957263469696
	],
	"25. left_eye": [
		0.4987697899341583,
		0.29280635714530945,
		-0.16646333038806915,
		0.9999110102653503
	],
	"26. right_eye": [
		0.48460671305656433,
		0.29101401567459106,
		-0.16654817759990692,
		0.9999233484268188
	],
	"27. left_ear": [
		0.5061949491500854,
		0.3023030459880829,
		-0.0814090371131897,
		0.9998379349708557
	],
	"28. right_ear": [
		0.4783722460269928,
		0.3005572557449341,
		-0.08264242112636566,
		0.999902606010437
	],
	"time stamp": 23
}