{
	"1. left_hip": [
		0.5080736875534058,
		0.5545175075531006,
		-0.0038204537704586983,
		0.9995603561401367
	],
	"2. left_knee": [
		0.508750319480896,
		0.697252631187439,
		-0.028089163824915886,
		0.9820770025253296
	],
	"3. left_ankle": [
		0.5114030241966248,
		0.8199251890182495,
		0.10527897626161575,
		0.96533203125
	],
	"6. right_hip": [
		0.4716580808162689,
		0.5517709851264954,
		0.003853463102132082,
		0.9995766282081604
	],
	"7. right_knee": [
		0.47130805253982544,
		0.6956185102462769,
		-0.012128038331866264,
		0.9572059512138367
	],
	"8. right_ankle": [
		0.4702182412147522,
		0.8270663022994995,
		0.113203264772892,
		0.9569379687309265
	],
	"14. left_shoulder": [
		0.5256851315498352,
		0.3677932024002075,
		-0.005420644301921129,
		0.9998429417610168
	],
	"15. left_elbow": [
		0.5413077473640442,
		0.4489804208278656,
		-0.021698251366615295,
		0.9855802059173584
	],
	"16. left_wrist": [
		0.5320969820022583,
		0.5054704546928406,
		-0.13858526945114136,
		0.9459354877471924
	],
	"19. right_shoulder": [
		0.4566516876220703,
		0.3699344992637634,
		0.0013763693859800696,
		0.9998269081115723
	],
	"20. right_elbow": [
		0.4447585344314575,
		0.45285162329673767,
		-0.04166446626186371,
		0.9798604249954224
	],
	"21. right_wrist": [
		0.4618976414203644,
		0.48951029777526855,
		-0.19377252459526062,
		0.9447817206382751
	],
	"24. nose": [
		0.49169817566871643,
		0.29735007882118225,
		-0.14516636729240417,
		0.9999604225158691
	],
	"25. left_eye": [
		0.4986378848552704,
		0.28632375597953796,
		-0.13123860955238342,
		0.9999176263809204
	],
	"26. right_eye": [
		0.4846114218235016,
		0.2864363491535187,
		-0.13098381459712982,
		0.9999282956123352
	],
	"27. left_ear": [
		0.505950927734375,
		0.29526379704475403,
		-0.04663511738181114,
		0.9998520612716675
	],
	"28. right_ear": [
		0.4782732129096985,
		0.29519519209861755,
		-0.04595278948545456,
		0.9999094605445862
	],
	"time stamp": 23
}