{
	"1. left_hip": [
		0.5084225535392761,
		0.5470190048217773,
		-0.003961171023547649,
		0.9995594024658203
	],
	"2. left_knee": [
		0.5081748962402344,
		0.6956974267959595,
		-0.024264764040708542,
		0.9834471344947815
	],
	"3. left_ankle": [
		0.5132663249969482,
		0.8199123740196228,
		0.10053223371505737,
		0.9682373404502869
	],
	"6. right_hip": [
		0.47160062193870544,
		0.5445178747177124,
		0.003993069753050804,
		0.9995481371879578
	],
	"7. right_knee": [
		0.4710087776184082,
		0.6912667751312256,
		-0.01396583579480648,
		0.9607842564582825
	],
	"8. right_ankle": [
		0.47043877840042114,
		0.8235162496566772,
		0.10191583633422852,
		0.9604223966598511
	],
	"14. left_shoulder": [
		0.5256075263023376,
		0.36484745144844055,
		0.0012096334248781204,
		0.9998566508293152
	],
	"15. left_elbow": [
		0.5375269055366516,
		0.44537073373794556,
		0.005728974472731352,
		0.9849849939346313
	],
	"16. left_wrist": [
		0.5347204208374023,
		0.5027955174446106,
		-0.09856696426868439,
		0.9481232762336731
	],
	"19. right_shoulder": [
		0.4566672444343567,
		0.3674362599849701,
		0.00684817461296916,
		0.9998297095298767
	],
	"20. right_elbow": [
		0.4456820785999298,
		0.4420603811740875,
		-0.03733544424176216,
		0.9747856259346008
	],
	"21. right_wrist": [
		0.4613369107246399,
		0.4805750548839569,
		-0.20726244151592255,
		0.9439024329185486
	],
	"24. nose": [
		0.4917352497577667,
		0.3004413843154907,
		-0.1511695832014084,
		0.9999621510505676
	],
	"25. left_eye": [
		0.49852585792541504,
		0.28770458698272705,
		-0.1381155103445053,
		0.9999212622642517
	],
	"26. right_eye": [
		0.4845908284187317,
		0.287345826625824,
		-0.1383475363254547,
		0.9999291896820068
	],
	"27. left_ear": [
		0.5057940483093262,
		0.29471534490585327,
		-0.04979487136006355,
		0.999862551689148
	],
	"28. right_ear": [
		0.4781968295574188,
		0.29372137784957886,
		-0.05144403502345085,
		0.999910831451416
	],
	"time stamp": 23
}