{
	"1. left_hip": [
		0.5084789395332336,
		0.5546689629554749,
		-0.002391169546172023,
		0.999566912651062
	],
	"2. left_knee": [
		0.5082340240478516,
		0.7017614841461182,
		-0.02438311092555523,
		0.9847410917282104
	],
	"3. left_ankle": [
		0.5147207975387573,
		0.8202915787696838,
		0.10669637471437454,
		0.9707315564155579
	],
	"6. right_hip": [
		0.47134557366371155,
		0.5531534552574158,
		0.002465641824528575,
		0.9995324611663818
	],
	"7. right_knee": [
		0.4709393382072449,
		0.6976481676101685,
		-0.015786612406373024,
		0.9640112519264221
	],
	"8. right_ankle": [
		0.4708576202392578,
		0.8235196471214294,
		0.10198874771595001,
		0.9634951949119568
	],
	"14. left_shoulder": [
		0.5255811214447021,
		0.3733263611793518,
		0.006026690360158682,
		0.9998692870140076
	],
	"15. left_elbow": [
		0.5355514287948608,
		0.4536048471927643,
		0.011564300395548344,
		0.9849828481674194
	],
	"16. left_wrist": [
		0.5361497402191162,
		0.5150704979896545,
		-0.08735143393278122,
		0.9513756036758423
	],
	"19. right_shoulder": [
		0.4561633765697479,
		0.3765464723110199,
		-5.1149058890587185e-06,
		0.9998242855072021
	],
	"20. right_elbow": [
		0.4476105868816376,
		0.44926685094833374,
		-0.055111344903707504,
		0.9712662100791931
	],
	"21. right_wrist": [
		0.4608839452266693,
		0.4817908704280853,
		-0.22490212321281433,
		0.9438431262969971
	],
	"24. nose": [
		0.492061048746109,
		0.3053813576698303,
		-0.15064974129199982,
		0.9999641180038452
	],
	"25. left_eye": [
		0.49846169352531433,
		0.29050418734550476,
		-0.13576577603816986,
		0.9999256134033203
	],
	"26. right_eye": [
		0.48470842838287354,
		0.29147428274154663,
		-0.13761276006698608,
		0.9999306201934814
	],
	"27. left_ear": [
		0.5057631731033325,
		0.2977350354194641,
		-0.04348498955368996,
		0.999873161315918
	],
	"28. right_ear": [
		0.4780113697052002,
		0.2997280955314636,
		-0.05238017067313194,
		0.9999120235443115
	],
	"time stamp": 23
}