{
	"1. left_hip": [
		0.5078338980674744,
		0.5599200129508972,
		-0.002586073474958539,
		0.9995666742324829
	],
	"2. left_knee": [
		0.5079336762428284,
		0.7056341171264648,
		-0.022987615317106247,
		0.9858554005622864
	],
	"3. left_ankle": [
		0.5147162675857544,
		0.8206835985183716,
		0.10515130311250687,
		0.9730172753334045
	],
	"6. right_hip": [
		0.47078752517700195,
		0.5583147406578064,
		0.00265305838547647,
		0.9995200634002686
	],
	"7. right_knee": [
		0.4709272086620331,
		0.6996328234672546,
		-0.013238555751740932,
		0.9669983983039856
	],
	"8. right_ankle": [
		0.47143229842185974,
		0.823297381401062,
		0.10126788169145584,
		0.9663872718811035
	],
	"14. left_shoulder": [
		0.5255287885665894,
		0.37969475984573364,
		0.0016584801487624645,
		0.9998792409896851
	],
	"15. left_elbow": [
		0.5349017381668091,
		0.46513986587524414,
		0.007797419559210539,
		0.9843289256095886
	],
	"16. left_wrist": [
		0.5365269780158997,
		0.5251902341842651,
		-0.08482618629932404,
		0.9525694251060486
	],
	"19. right_shoulder": [
		0.4563882350921631,
		0.37852737307548523,
		0.00103753583971411,
		0.9998252987861633
	],
	"20. right_elbow": [
		0.4470885992050171,
		0.4570130705833435,
		-0.056158117949962616,
		0.9694925546646118
	],
	"21. right_wrist": [
		0.4595169425010681,
		0.47547581791877747,
		-0.22866447269916534,
		0.9456620216369629
	],
	"24. nose": [
		0.4920365810394287,
		0.30888208746910095,
		-0.14630044996738434,
		0.9999662637710571
	],
	"25. left_eye": [
		0.498423308134079,
		0.2949475049972534,
		-0.1322980374097824,
		0.9999300241470337
	],
	"26. right_eye": [
		0.48469045758247375,
		0.2962430417537689,
		-0.13318085670471191,
		0.9999332427978516
	],
	"27. left_ear": [
		0.50564044713974,
		0.30266669392585754,
		-0.04528527706861496,
		0.9998828768730164
	],
	"28. right_ear": [
		0.47780105471611023,
		0.30539801716804504,
		-0.04981515184044838,
		0.9999147057533264
	],
	"time stamp": 23
}