{
	"1. left_hip": [
		0.5075718760490417,
		0.561142086982727,
		-0.0020456542260944843,
		0.999549150466919
	],
	"2. left_knee": [
		0.5076813101768494,
		0.7082563638687134,
		-0.01674310676753521,
		0.986830472946167
	],
	"3. left_ankle": [
		0.5146844983100891,
		0.8209425210952759,
		0.10949364304542542,
		0.9750392436981201
	],
	"6. right_hip": [
		0.4703810214996338,
		0.5599158406257629,
		0.002118811011314392,
		0.9994587302207947
	],
	"7. right_knee": [
		0.47110307216644287,
		0.7013437747955322,
		-0.011293714866042137,
		0.9695106744766235
	],
	"8. right_ankle": [
		0.4719437062740326,
		0.82330721616745,
		0.10283517092466354,
		0.9688878655433655
	],
	"14. left_shoulder": [
		0.525114119052887,
		0.37885382771492004,
		-0.004639717284590006,
		0.9998874664306641
	],
	"15. left_elbow": [
		0.5354233980178833,
		0.4647526144981384,
		0.015399799682199955,
		0.9838513731956482
	],
	"16. left_wrist": [
		0.5393850207328796,
		0.5259135961532593,
		-0.05831854045391083,
		0.9531319737434387
	],
	"19. right_shoulder": [
		0.456295371055603,
		0.3820895850658417,
		-0.007826002314686775,
		0.9997696280479431
	],
	"20. right_elbow": [
		0.44908809661865234,
		0.46239885687828064,
		-0.06204356625676155,
		0.9561975002288818
	],
	"21. right_wrist": [
		0.45929765701293945,
		0.4730546772480011,
		-0.2299993336200714,
		0.9343331456184387
	],
	"24. nose": [
		0.4920285642147064,
		0.30919981002807617,
		-0.15452799201011658,
		0.9999657273292542
	],
	"25. left_eye": [
		0.4984009861946106,
		0.2964698374271393,
		-0.13996349275112152,
		0.9999294281005859
	],
	"26. right_eye": [
		0.48465695977211,
		0.29711419343948364,
		-0.14195996522903442,
		0.9999271035194397
	],
	"27. left_ear": [
		0.5051348209381104,
		0.30517861247062683,
		-0.05178264528512955,
		0.9998881220817566
	],
	"28. right_ear": [
		0.47752779722213745,
		0.3074025511741638,
		-0.061176951974630356,
		0.9999008178710938
	],
	"time stamp": 23
}