{
	"1. left_hip": [
		0.5065843462944031,
		0.5580716729164124,
		-0.00012951419921591878,
		0.9995474219322205
	],
	"2. left_knee": [
		0.5065242052078247,
		0.706198513507843,
		-0.014351092278957367,
		0.9877020716667175
	],
	"3. left_ankle": [
		0.5143383741378784,
		0.8210729956626892,
		0.12513600289821625,
		0.9767900705337524
	],
	"6. right_hip": [
		0.4693151116371155,
		0.55571049451828,
		0.00014599475252907723,
		0.9994137287139893
	],
	"7. right_knee": [
		0.47059366106987,
		0.6993785500526428,
		-0.013515735045075417,
		0.9717733860015869
	],
	"8. right_ankle": [
		0.47165727615356445,
		0.8232625126838684,
		0.10784432291984558,
		0.9711121916770935
	],
	"14. left_shoulder": [
		0.5222519040107727,
		0.3777836561203003,
		0.0022076417226344347,
		0.9998951554298401
	],
	"15. left_elbow": [
		0.5355833768844604,
		0.46434304118156433,
		0.017828740179538727,
		0.9843829870223999
	],
	"16. left_wrist": [
		0.5474326014518738,
		0.5314018726348877,
		-0.05131332203745842,
		0.9560092091560364
	],
	"19. right_shoulder": [
		0.45605963468551636,
		0.3777492046356201,
		-0.008086539804935455,
		0.9997144341468811
	],
	"20. right_elbow": [
		0.4480910003185272,
		0.4635741412639618,
		-0.08350319415330887,
		0.9558773636817932
	],
	"21. right_wrist": [
		0.4604994058609009,
		0.42086920142173767,
		-0.2724817395210266,
		0.9376085996627808
	],
	"24. nose": [
		0.49149763584136963,
		0.30610108375549316,
		-0.1529419720172882,
		0.9999662637710571
	],
	"25. left_eye": [
		0.49819236993789673,
		0.2951284945011139,
		-0.1386227011680603,
		0.9999300241470337
	],
	"26. right_eye": [
		0.48432865738868713,
		0.2937770485877991,
		-0.1402442455291748,
		0.9999240040779114
	],
	"27. left_ear": [
		0.5036945939064026,
		0.3037339150905609,
		-0.04991960898041725,
		0.9998929500579834
	],
	"28. right_ear": [
		0.4771767854690552,
		0.3012428283691406,
		-0.058209072798490524,
		0.9998875856399536
	],
	"time stamp": 23
}