{
	"1. left_hip": [
		0.5066124796867371,
		0.5553461909294128,
		0.0014745491789653897,
		0.9995238780975342
	],
	"2. left_knee": [
		0.5064687132835388,
		0.7057612538337708,
		-0.01873723231256008,
		0.9882422089576721
	],
	"3. left_ankle": [
		0.5144549608230591,
		0.8214269876480103,
		0.11963280290365219,
		0.9780352711677551
	],
	"6. right_hip": [
		0.4693528115749359,
		0.5534622073173523,
		-0.0014653055695816875,
		0.9993477463722229
	],
	"7. right_knee": [
		0.47056594491004944,
		0.6991941332817078,
		-0.016278689727187157,
		0.9734781980514526
	],
	"8. right_ankle": [
		0.4714379906654358,
		0.8232660889625549,
		0.1059102863073349,
		0.9726671576499939
	],
	"14. left_shoulder": [
		0.5204283595085144,
		0.37727826833724976,
		0.006396725308150053,
		0.9998961091041565
	],
	"15. left_elbow": [
		0.535187304019928,
		0.4586097002029419,
		0.030485747382044792,
		0.9833969473838806
	],
	"16. left_wrist": [
		0.5552229285240173,
		0.5231459736824036,
		-0.026460720226168633,
		0.9558131098747253
	],
	"19. right_shoulder": [
		0.4561227858066559,
		0.37454497814178467,
		-0.016412969678640366,
		0.9996649026870728
	],
	"20. right_elbow": [
		0.446932852268219,
		0.4503316283226013,
		-0.115659199655056,
		0.9574480056762695
	],
	"21. right_wrist": [
		0.4645192325115204,
		0.39750784635543823,
		-0.29114019870758057,
		0.9409136772155762
	],
	"24. nose": [
		0.49112188816070557,
		0.3062635362148285,
		-0.15534250438213348,
		0.9999614953994751
	],
	"25. left_eye": [
		0.4978579580783844,
		0.2949749529361725,
		-0.14084959030151367,
		0.9999173283576965
	],
	"26. right_eye": [
		0.4840083122253418,
		0.29364868998527527,
		-0.14254087209701538,
		0.9999072551727295
	],
	"27. left_ear": [
		0.5028108358383179,
		0.303305447101593,
		-0.05153336748480797,
		0.9998849034309387
	],
	"28. right_ear": [
		0.47697457671165466,
		0.30133703351020813,
		-0.05967166647315025,
		0.9998573064804077
	],
	"time stamp": 23
}