{
	"1. left_hip": [
		0.5063374638557434,
		0.5598667860031128,
		0.006147006060928106,
		0.9994687438011169
	],
	"2. left_knee": [
		0.5064817667007446,
		0.7069123387336731,
		-0.015906348824501038,
		0.9886655211448669
	],
	"3. left_ankle": [
		0.5144100785255432,
		0.8215318322181702,
		0.12753663957118988,
		0.9790149331092834
	],
	"6. right_hip": [
		0.46867796778678894,
		0.558970034122467,
		-0.006125102285295725,
		0.9992650747299194
	],
	"7. right_knee": [
		0.47087985277175903,
		0.6992682814598083,
		-0.01801251247525215,
		0.975066065788269
	],
	"8. right_ankle": [
		0.4714561700820923,
		0.8232345581054688,
		0.1056993380188942,
		0.9739733338356018
	],
	"14. left_shoulder": [
		0.5193455815315247,
		0.3808915913105011,
		0.000909110123757273,
		0.9998897910118103
	],
	"15. left_elbow": [
		0.5348626375198364,
		0.4637119770050049,
		0.026707718148827553,
		0.9802385568618774
	],
	"16. left_wrist": [
		0.569771945476532,
		0.521940290927887,
		-0.03970600664615631,
		0.9552791714668274
	],
	"19. right_shoulder": [
		0.45482972264289856,
		0.3790681064128876,
		-0.03427201882004738,
		0.999618649482727
	],
	"20. right_elbow": [
		0.44628340005874634,
		0.44785451889038086,
		-0.15356530249118805,
		0.958095908164978
	],
	"21. right_wrist": [
		0.4641687572002411,
		0.40720126032829285,
		-0.3396042287349701,
		0.9434941411018372
	],
	"24. nose": [
		0.49087271094322205,
		0.31024405360221863,
		-0.16527235507965088,
		0.9999548196792603
	],
	"25. left_eye": [
		0.49759453535079956,
		0.29885047674179077,
		-0.15108229219913483,
		0.9998980164527893
	],
	"26. right_eye": [
		0.48373091220855713,
		0.2972104847431183,
		-0.15275001525878906,
		0.9998832941055298
	],
	"27. left_ear": [
		0.5023108720779419,
		0.30647918581962585,
		-0.06168901175260544,
		0.9998673796653748
	],
	"28. right_ear": [
		0.47647055983543396,
		0.30506882071495056,
		-0.07020337134599686,
		0.9998124241828918
	],
	"time stamp": 23
}