{
	"1. left_hip": [
		0.5056621432304382,
		0.5623139142990112,
		0.011058640666306019,
		0.9993811845779419
	],
	"2. left_knee": [
		0.5064513683319092,
		0.7099383473396301,
		0.0024028043262660503,
		0.9888486862182617
	],
	"3. left_ankle": [
		0.5142942070960999,
		0.8215585350990295,
		0.15024466812610626,
		0.9795684814453125
	],
	"6. right_hip": [
		0.4683772027492523,
		0.5601916313171387,
		-0.011057430878281593,
		0.999188244342804
	],
	"7. right_knee": [
		0.47087639570236206,
		0.7038344740867615,
		-0.017951685935258865,
		0.9769256711006165
	],
	"8. right_ankle": [
		0.4714696705341339,
		0.8232187628746033,
		0.11261527240276337,
		0.9753059148788452
	],
	"14. left_shoulder": [
		0.5190991163253784,
		0.38548576831817627,
		-0.015370327048003674,
		0.9998748302459717
	],
	"15. left_elbow": [
		0.5350961685180664,
		0.46853524446487427,
		0.016865016892552376,
		0.9774105548858643
	],
	"16. left_wrist": [
		0.5831140875816345,
		0.5084435939788818,
		-0.04696105420589447,
		0.9549462199211121
	],
	"19. right_shoulder": [
		0.45384013652801514,
		0.3833238482475281,
		-0.06931761652231216,
		0.9996079802513123
	],
	"20. right_elbow": [
		0.44588255882263184,
		0.45678311586380005,
		-0.17010144889354706,
		0.9594237804412842
	],
	"21. right_wrist": [
		0.47029465436935425,
		0.4236608147621155,
		-0.34818774461746216,
		0.9464068412780762
	],
	"24. nose": [
		0.490363746881485,
		0.3149501085281372,
		-0.19905348122119904,
		0.999951183795929
	],
	"25. left_eye": [
		0.4970884919166565,
		0.3032325506210327,
		-0.18672366440296173,
		0.9998834133148193
	],
	"26. right_eye": [
		0.48337414860725403,
		0.3016810417175293,
		-0.18790796399116516,
		0.999871015548706
	],
	"27. left_ear": [
		0.5018254518508911,
		0.31108206510543823,
		-0.09981439262628555,
		0.9998493194580078
	],
	"28. right_ear": [
		0.47626399993896484,
		0.30940601229667664,
		-0.10642863810062408,
		0.9997918009757996
	],
	"time stamp": 23
}