{
	"1. left_hip": [
		0.5056756734848022,
		0.5672314763069153,
		0.011233161203563213,
		0.9993767142295837
	],
	"2. left_knee": [
		0.507466733455658,
		0.7125328183174133,
		-0.007807169109582901,
		0.9892718195915222
	],
	"3. left_ankle": [
		0.5142204761505127,
		0.8222596645355225,
		0.1417500525712967,
		0.9800896644592285
	],
	"6. right_hip": [
		0.46849966049194336,
		0.5650221109390259,
		-0.011179860681295395,
		0.9991832375526428
	],
	"7. right_knee": [
		0.4708523154258728,
		0.7089587450027466,
		-0.018550438806414604,
		0.9785056710243225
	],
	"8. right_ankle": [
		0.4714697599411011,
		0.8233073949813843,
		0.1173715740442276,
		0.9763102531433105
	],
	"14. left_shoulder": [
		0.5184046030044556,
		0.3879619538784027,
		0.011045600287616253,
		0.9998741745948792
	],
	"15. left_elbow": [
		0.535382866859436,
		0.46749168634414673,
		0.03481554612517357,
		0.977339506149292
	],
	"16. left_wrist": [
		0.5907846689224243,
		0.4426557421684265,
		-0.02831246145069599,
		0.9569219946861267
	],
	"19. right_shoulder": [
		0.45356428623199463,
		0.38592860102653503,
		-0.05028144270181656,
		0.9996166229248047
	],
	"20. right_elbow": [
		0.4475240707397461,
		0.4701824188232422,
		-0.1374840885400772,
		0.9607584476470947
	],
	"21. right_wrist": [
		0.47268521785736084,
		0.44415155053138733,
		-0.2686643600463867,
		0.9489909410476685
	],
	"24. nose": [
		0.49021637439727783,
		0.3171130120754242,
		-0.15555228292942047,
		0.9999536275863647
	],
	"25. left_eye": [
		0.4966988265514374,
		0.305639386177063,
		-0.13924118876457214,
		0.9998877644538879
	],
	"26. right_eye": [
		0.4833090007305145,
		0.30429691076278687,
		-0.14332708716392517,
		0.9998779892921448
	],
	"27. left_ear": [
		0.5011609196662903,
		0.31370797753334045,
		-0.051599495112895966,
		0.9998564720153809
	],
	"28. right_ear": [
		0.47618651390075684,
		0.3121544420719147,
		-0.0712365061044693,
		0.9998067021369934
	],
	"time stamp": 23
}