{
	"1. left_hip": [
		0.5056933760643005,
		0.5674414038658142,
		0.009576857089996338,
		0.9994006156921387
	],
	"2. left_knee": [
		0.5081369876861572,
		0.7125625610351562,
		-0.010932041332125664,
		0.9898059368133545
	],
	"3. left_ankle": [
		0.5141554474830627,
		0.8222519755363464,
		0.14270634949207306,
		0.9806646704673767
	],
	"6. right_hip": [
		0.46877580881118774,
		0.566146194934845,
		-0.009522911161184311,
		0.999208927154541
	],
	"7. right_knee": [
		0.47073739767074585,
		0.7103940844535828,
		-0.015358089469373226,
		0.9800177216529846
	],
	"8. right_ankle": [
		0.4715725779533386,
		0.8232885003089905,
		0.12379156798124313,
		0.9774652719497681
	],
	"14. left_shoulder": [
		0.5180821418762207,
		0.3876444399356842,
		0.021089185029268265,
		0.9998770356178284
	],
	"15. left_elbow": [
		0.540229320526123,
		0.45724427700042725,
		-0.024136535823345184,
		0.9777416586875916
	],
	"16. left_wrist": [
		0.5806933641433716,
		0.3998323678970337,
		-0.15499791502952576,
		0.9586650729179382
	],
	"19. right_shoulder": [
		0.45330747961997986,
		0.386459618806839,
		-0.026718951761722565,
		0.9996300935745239
	],
	"20. right_elbow": [
		0.45276957750320435,
		0.4766210913658142,
		-0.09671494364738464,
		0.9597924947738647
	],
	"21. right_wrist": [
		0.46895498037338257,
		0.4873065650463104,
		-0.22618763148784637,
		0.9492803812026978
	],
	"24. nose": [
		0.4902935028076172,
		0.313184916973114,
		-0.1354183554649353,
		0.9999568462371826
	],
	"25. left_eye": [
		0.4966977536678314,
		0.3028341233730316,
		-0.11841483414173126,
		0.9998957514762878
	],
	"26. right_eye": [
		0.4833166301250458,
		0.3003242313861847,
		-0.12341836094856262,
		0.9998868703842163
	],
	"27. left_ear": [
		0.5011407732963562,
		0.3117366135120392,
		-0.028864992782473564,
		0.9998672604560852
	],
	"28. right_ear": [
		0.4761732220649719,
		0.3093445301055908,
		-0.05207844078540802,
		0.9998235106468201
	],
	"time stamp": 23
}