{
	"1. left_hip": [
		0.5059596300125122,
		0.5630013942718506,
		0.00453967833891511,
		0.9994179010391235
	],
	"2. left_knee": [
		0.5128464102745056,
		0.7095127105712891,
		-0.019420037046074867,
		0.9901331663131714
	],
	"3. left_ankle": [
		0.5146401524543762,
		0.8217295408248901,
		0.137031689286232,
		0.9810301661491394
	],
	"6. right_hip": [
		0.46893972158432007,
		0.5618773102760315,
		-0.004443333018571138,
		0.9992281794548035
	],
	"7. right_knee": [
		0.47068512439727783,
		0.7072033286094666,
		-0.01512209139764309,
		0.9814093708992004
	],
	"8. right_ankle": [
		0.4715748429298401,
		0.8233004808425903,
		0.12362740188837051,
		0.97855544090271
	],
	"14. left_shoulder": [
		0.5182643532752991,
		0.37964940071105957,
		0.010448974557220936,
		0.9998796582221985
	],
	"15. left_elbow": [
		0.5496408343315125,
		0.42563557624816895,
		-0.049221158027648926,
		0.977210521697998
	],
	"16. left_wrist": [
		0.5734657645225525,
		0.36254072189331055,
		-0.17376847565174103,
		0.9551736116409302
	],
	"19. right_shoulder": [
		0.45529377460479736,
		0.3759153485298157,
		-0.0015228050760924816,
		0.9996520280838013
	],
	"20. right_elbow": [
		0.4518316090106964,
		0.46896374225616455,
		0.03552226722240448,
		0.9560304880142212
	],
	"21. right_wrist": [
		0.4563486874103546,
		0.5192018151283264,
		0.022505750879645348,
		0.9332286715507507
	],
	"24. nose": [
		0.4904443621635437,
		0.3052521049976349,
		-0.13796842098236084,
		0.9999597668647766
	],
	"25. left_eye": [
		0.4969828426837921,
		0.295732319355011,
		-0.1227579414844513,
		0.9999023675918579
	],
	"26. right_eye": [
		0.4833506941795349,
		0.29330024123191833,
		-0.12550391256809235,
		0.9998934268951416
	],
	"27. left_ear": [
		0.502144455909729,
		0.3043632209300995,
		-0.036561284214258194,
		0.9998752474784851
	],
	"28. right_ear": [
		0.4762275815010071,
		0.3014812767505646,
		-0.048888709396123886,
		0.9998382925987244
	],
	"time stamp": 23
}