{
	"1. left_hip": [
		0.5072923302650452,
		0.5576074123382568,
		0.0004276217659935355,
		0.999439001083374
	],
	"2. left_knee": [
		0.5193268060684204,
		0.7054811716079712,
		-0.02796001173555851,
		0.9905672669410706
	],
	"3. left_ankle": [
		0.5167345404624939,
		0.8149988651275635,
		0.13635239005088806,
		0.9814999103546143
	],
	"6. right_hip": [
		0.46952536702156067,
		0.5580699443817139,
		-0.00037082849303260446,
		0.9992533922195435
	],
	"7. right_knee": [
		0.47049006819725037,
		0.7073587775230408,
		-0.014841031283140182,
		0.9827534556388855
	],
	"8. right_ankle": [
		0.4712720215320587,
		0.8230414390563965,
		0.12695492804050446,
		0.9797683358192444
	],
	"14. left_shoulder": [
		0.5183936357498169,
		0.37279462814331055,
		0.008889918215572834,
		0.9998767375946045
	],
	"15. left_elbow": [
		0.5472127199172974,
		0.41678887605667114,
		-0.08966685831546783,
		0.9763996005058289
	],
	"16. left_wrist": [
		0.5483183860778809,
		0.35369259119033813,
		-0.23483772575855255,
		0.953323483467102
	],
	"19. right_shoulder": [
		0.45789721608161926,
		0.36816197633743286,
		0.008719639852643013,
		0.9996679425239563
	],
	"20. right_elbow": [
		0.4510328769683838,
		0.4558512270450592,
		0.0479683093726635,
		0.950384259223938
	],
	"21. right_wrist": [
		0.43659648299217224,
		0.5178965926170349,
		0.016022607684135437,
		0.9184358716011047
	],
	"24. nose": [
		0.49048715829849243,
		0.29723650217056274,
		-0.14435462653636932,
		0.9999616146087646
	],
	"25. left_eye": [
		0.49727746844291687,
		0.28776171803474426,
		-0.13004255294799805,
		0.999906063079834
	],
	"26. right_eye": [
		0.48347678780555725,
		0.2863596975803375,
		-0.13111624121665955,
		0.9998952150344849
	],
	"27. left_ear": [
		0.5029915571212769,
		0.29627659916877747,
		-0.04459117725491524,
		0.9998796582221985
	],
	"28. right_ear": [
		0.4765770733356476,
		0.29500412940979004,
		-0.04884415864944458,
		0.999847412109375
	],
	"time stamp": 23
}