{
	"1. left_hip": [
		0.5109938979148865,
		0.5509853959083557,
		-0.0012650854187086225,
		0.9994699954986572
	],
	"2. left_knee": [
		0.5244554281234741,
		0.6928466558456421,
		-0.0314420610666275,
		0.9908106327056885
	],
	"3. left_ankle": [
		0.5227270126342773,
		0.8032152056694031,
		0.13152052462100983,
		0.9811511039733887
	],
	"6. right_hip": [
		0.47206586599349976,
		0.5519145727157593,
		0.0012460940051823854,
		0.9992858171463013
	],
	"7. right_knee": [
		0.47048118710517883,
		0.7004949450492859,
		-0.011382113210856915,
		0.9839236736297607
	],
	"8. right_ankle": [
		0.46787229180336,
		0.8174346089363098,
		0.12643539905548096,
		0.9805600047111511
	],
	"14. left_shoulder": [
		0.5199986696243286,
		0.35673391819000244,
		-0.022337261587381363,
		0.9998809099197388
	],
	"15. left_elbow": [
		0.545284628868103,
		0.40543243288993835,
		-0.1493694931268692,
		0.9777974486351013
	],
	"16. left_wrist": [
		0.5112790465354919,
		0.3657137453556061,
		-0.33255770802497864,
		0.9571754336357117
	],
	"19. right_shoulder": [
		0.46197590231895447,
		0.36427849531173706,
		0.014374767430126667,
		0.9996834397315979
	],
	"20. right_elbow": [
		0.44169941544532776,
		0.44626930356025696,
		0.04334874823689461,
		0.9523918628692627
	],
	"21. right_wrist": [
		0.40810519456863403,
		0.5076776742935181,
		-0.01280776783823967,
		0.9229560494422913
	],
	"24. nose": [
		0.4922439754009247,
		0.2922861874103546,
		-0.1481131613254547,
		0.9999627470970154
	],
	"25. left_eye": [
		0.4983914792537689,
		0.28148895502090454,
		-0.1347217857837677,
		0.9999079704284668
	],
	"26. right_eye": [
		0.48492494225502014,
		0.2819969058036804,
		-0.13402314484119415,
		0.9998935461044312
	],
	"27. left_ear": [
		0.5042319297790527,
		0.2890811264514923,
		-0.05044906586408615,
		0.9998800754547119
	],
	"28. right_ear": [
		0.4776400625705719,
		0.2905118465423584,
		-0.047638654708862305,
		0.9998487234115601
	],
	"time stamp": 23
}