{
	"1. left_hip": [
		0.5133179426193237,
		0.5517403483390808,
		-0.00461949035525322,
		0.9995015263557434
	],
	"2. left_knee": [
		0.5264147520065308,
		0.6922855973243713,
		-0.029969407245516777,
		0.9912264347076416
	],
	"3. left_ankle": [
		0.5269798636436462,
		0.8044178485870361,
		0.12466233968734741,
		0.9819453358650208
	],
	"6. right_hip": [
		0.47467342019081116,
		0.5519869327545166,
		0.00453148502856493,
		0.9993219971656799
	],
	"7. right_knee": [
		0.47045212984085083,
		0.6977263689041138,
		-0.002201043302193284,
		0.985139012336731
	],
	"8. right_ankle": [
		0.4655127227306366,
		0.81168532371521,
		0.12838861346244812,
		0.9817288517951965
	],
	"14. left_shoulder": [
		0.5230386853218079,
		0.35710224509239197,
		-0.038004204630851746,
		0.9998824596405029
	],
	"15. left_elbow": [
		0.5397745966911316,
		0.4152601957321167,
		-0.15867066383361816,
		0.9789080023765564
	],
	"16. left_wrist": [
		0.5005300045013428,
		0.37795817852020264,
		-0.3361360430717468,
		0.9608021974563599
	],
	"19. right_shoulder": [
		0.46583881974220276,
		0.3650924265384674,
		0.02295392006635666,
		0.9996888041496277
	],
	"20. right_elbow": [
		0.43824195861816406,
		0.4389706552028656,
		0.058808110654354095,
		0.9535483717918396
	],
	"21. right_wrist": [
		0.3983878493309021,
		0.49844613671302795,
		0.0074051483534276485,
		0.9267463684082031
	],
	"24. nose": [
		0.4938177764415741,
		0.29158318042755127,
		-0.1457931399345398,
		0.999962329864502
	],
	"25. left_eye": [
		0.4992285668849945,
		0.28043338656425476,
		-0.13393989205360413,
		0.9999068975448608
	],
	"26. right_eye": [
		0.48599305748939514,
		0.2821517586708069,
		-0.1306891292333603,
		0.9998841881752014
	],
	"27. left_ear": [
		0.5057689547538757,
		0.28802689909935,
		-0.05181046947836876,
		0.9998753666877747
	],
	"28. right_ear": [
		0.4783230125904083,
		0.29156816005706787,
		-0.04204992204904556,
		0.999833345413208
	],
	"time stamp": 23
}