{
	"1. left_hip": [
		0.5147473812103271,
		0.5540690422058105,
		-0.009464912116527557,
		0.9995068907737732
	],
	"2. left_knee": [
		0.5266311168670654,
		0.6950421333312988,
		-0.018437305465340614,
		0.9918377995491028
	],
	"3. left_ankle": [
		0.529461681842804,
		0.806760311126709,
		0.12347457557916641,
		0.9833061099052429
	],
	"6. right_hip": [
		0.47545409202575684,
		0.5535468459129333,
		0.009377513080835342,
		0.9993258118629456
	],
	"7. right_knee": [
		0.4705066680908203,
		0.6968470811843872,
		0.014715581201016903,
		0.9863758087158203
	],
	"8. right_ankle": [
		0.4642300307750702,
		0.8094049096107483,
		0.13339008390903473,
		0.9831426739692688
	],
	"14. left_shoulder": [
		0.5258097052574158,
		0.360906720161438,
		-0.04835062474012375,
		0.9998775124549866
	],
	"15. left_elbow": [
		0.5237393379211426,
		0.4249346852302551,
		-0.16149918735027313,
		0.9790794253349304
	],
	"16. left_wrist": [
		0.49859902262687683,
		0.3798232972621918,
		-0.3250250518321991,
		0.9639387726783752
	],
	"19. right_shoulder": [
		0.46614813804626465,
		0.3673935830593109,
		0.02755439281463623,
		0.9996798634529114
	],
	"20. right_elbow": [
		0.43290969729423523,
		0.4377235770225525,
		0.06749919801950455,
		0.9517878890037537
	],
	"21. right_wrist": [
		0.389067143201828,
		0.46918609738349915,
		0.01597011834383011,
		0.9290282130241394
	],
	"24. nose": [
		0.4943047761917114,
		0.2944186329841614,
		-0.14282816648483276,
		0.9999585151672363
	],
	"25. left_eye": [
		0.4992433488368988,
		0.2830369174480438,
		-0.13260133564472198,
		0.9999014735221863
	],
	"26. right_eye": [
		0.48614272475242615,
		0.2848525047302246,
		-0.12805324792861938,
		0.9998607039451599
	],
	"27. left_ear": [
		0.5058795213699341,
		0.29054906964302063,
		-0.05603085085749626,
		0.9998648762702942
	],
	"28. right_ear": [
		0.47837430238723755,
		0.29471009969711304,
		-0.040712688118219376,
		0.9998034834861755
	],
	"time stamp": 23
}