{
	"1. left_hip": [
		0.5172091126441956,
		0.5599689483642578,
		-0.009740006178617477,
		0.999518096446991
	],
	"2. left_knee": [
		0.5265994071960449,
		0.7016267776489258,
		-0.0137459272518754,
		0.9925016760826111
	],
	"3. left_ankle": [
		0.5297776460647583,
		0.807916522026062,
		0.14762842655181885,
		0.9845913052558899
	],
	"6. right_hip": [
		0.47641369700431824,
		0.5573270916938782,
		0.009715475142002106,
		0.9993312954902649
	],
	"7. right_knee": [
		0.47048258781433105,
		0.6985412836074829,
		0.01933552697300911,
		0.9875900149345398
	],
	"8. right_ankle": [
		0.4640194773674011,
		0.8107426762580872,
		0.15623365342617035,
		0.9845183491706848
	],
	"14. left_shoulder": [
		0.5271618962287903,
		0.3637249767780304,
		-0.0516292043030262,
		0.9998807907104492
	],
	"15. left_elbow": [
		0.518663763999939,
		0.4507308006286621,
		-0.14145709574222565,
		0.9795858860015869
	],
	"16. left_wrist": [
		0.4928025007247925,
		0.388229101896286,
		-0.2872501313686371,
		0.9671306014060974
	],
	"19. right_shoulder": [
		0.46564948558807373,
		0.3679625689983368,
		0.02857235260307789,
		0.999661386013031
	],
	"20. right_elbow": [
		0.4284316599369049,
		0.43611910939216614,
		0.08393941819667816,
		0.94931560754776
	],
	"21. right_wrist": [
		0.3853123188018799,
		0.4381052255630493,
		0.03855735436081886,
		0.9304526448249817
	],
	"24. nose": [
		0.4948885440826416,
		0.29910627007484436,
		-0.14269231259822845,
		0.9999539256095886
	],
	"25. left_eye": [
		0.4992881119251251,
		0.2835422158241272,
		-0.13319045305252075,
		0.9998963475227356
	],
	"26. right_eye": [
		0.4863625764846802,
		0.28751492500305176,
		-0.12856024503707886,
		0.9998216032981873
	],
	"27. left_ear": [
		0.5058706998825073,
		0.2926486134529114,
		-0.06122607737779617,
		0.9998599290847778
	],
	"28. right_ear": [
		0.47833773493766785,
		0.2992394268512726,
		-0.04312828928232193,
		0.9997532367706299
	],
	"time stamp": 23
}