{
	"1. left_hip": [
		0.5163730382919312,
		0.5623490810394287,
		-0.011327286250889301,
		0.9995241761207581
	],
	"2. left_knee": [
		0.5258615016937256,
		0.7028775215148926,
		-0.026743967086076736,
		0.9930999875068665
	],
	"3. left_ankle": [
		0.5298267006874084,
		0.8080020546913147,
		0.13470794260501862,
		0.9857690334320068
	],
	"6. right_hip": [
		0.47660213708877563,
		0.5591505765914917,
		0.011292482726275921,
		0.999354362487793
	],
	"7. right_knee": [
		0.4702344834804535,
		0.7000707983970642,
		0.010253973305225372,
		0.9885994791984558
	],
	"8. right_ankle": [
		0.4638368487358093,
		0.8115224242210388,
		0.14310385286808014,
		0.985729992389679
	],
	"14. left_shoulder": [
		0.5266423225402832,
		0.3654461205005646,
		-0.044200729578733444,
		0.9998831748962402
	],
	"15. left_elbow": [
		0.5249578356742859,
		0.4508645832538605,
		-0.08055493980646133,
		0.9792349338531494
	],
	"16. left_wrist": [
		0.5204857587814331,
		0.5087499618530273,
		-0.1980627477169037,
		0.9662361145019531
	],
	"19. right_shoulder": [
		0.4625503718852997,
		0.37180420756340027,
		0.017009485512971878,
		0.9996544122695923
	],
	"20. right_elbow": [
		0.4249405860900879,
		0.43389901518821716,
		-0.03168991953134537,
		0.9533045887947083
	],
	"21. right_wrist": [
		0.3937111496925354,
		0.3845043480396271,
		-0.21818923950195312,
		0.9366304874420166
	],
	"24. nose": [
		0.4931173324584961,
		0.2995167076587677,
		-0.15938402712345123,
		0.9999557733535767
	],
	"25. left_eye": [
		0.4984893202781677,
		0.2840125262737274,
		-0.14794951677322388,
		0.9999008178710938
	],
	"26. right_eye": [
		0.4852787256240845,
		0.2881869077682495,
		-0.14392122626304626,
		0.9998308420181274
	],
	"27. left_ear": [
		0.5046542882919312,
		0.29285186529159546,
		-0.07043234258890152,
		0.9998676776885986
	],
	"28. right_ear": [
		0.478071928024292,
		0.29990682005882263,
		-0.052154235541820526,
		0.9997562170028687
	],
	"time stamp": 23
}