{
	"1. left_hip": [
		0.5159894824028015,
		0.5620521306991577,
		-0.009822766296565533,
		0.9995319247245789
	],
	"2. left_knee": [
		0.5257552266120911,
		0.7024258375167847,
		-0.026726920157670975,
		0.9936015605926514
	],
	"3. left_ankle": [
		0.5302111506462097,
		0.8084749579429626,
		0.14221398532390594,
		0.9866066575050354
	],
	"6. right_hip": [
		0.4764067828655243,
		0.5591873526573181,
		0.009787911549210548,
		0.9993716478347778
	],
	"7. right_knee": [
		0.4695224463939667,
		0.7001262903213501,
		0.00959046185016632,
		0.9894070625305176
	],
	"8. right_ankle": [
		0.4629652798175812,
		0.8120938539505005,
		0.13829433917999268,
		0.986668586730957
	],
	"14. left_shoulder": [
		0.5255174040794373,
		0.36572057008743286,
		-0.039456985890865326,
		0.9998878240585327
	],
	"15. left_elbow": [
		0.5348461270332336,
		0.4507429301738739,
		-0.02653111144900322,
		0.9805362820625305
	],
	"16. left_wrist": [
		0.5433663129806519,
		0.5251643657684326,
		-0.0952383503317833,
		0.9683046936988831
	],
	"19. right_shoulder": [
		0.458500474691391,
		0.3724452555179596,
		0.008232849650084972,
		0.999641478061676
	],
	"20. right_elbow": [
		0.4211382567882538,
		0.42812487483024597,
		-0.061206672340631485,
		0.9573884010314941
	],
	"21. right_wrist": [
		0.40164512395858765,
		0.3647519052028656,
		-0.2371988296508789,
		0.9425064921379089
	],
	"24. nose": [
		0.4902580678462982,
		0.2989377975463867,
		-0.16617494821548462,
		0.9999585151672363
	],
	"25. left_eye": [
		0.4966734051704407,
		0.28592804074287415,
		-0.153600811958313,
		0.9999057054519653
	],
	"26. right_eye": [
		0.483226478099823,
		0.28817543387413025,
		-0.1509701907634735,
		0.9998416900634766
	],
	"27. left_ear": [
		0.5022927522659302,
		0.2937760353088379,
		-0.07475971430540085,
		0.9998750686645508
	],
	"28. right_ear": [
		0.47737452387809753,
		0.2978460192680359,
		-0.06305640190839767,
		0.9997630715370178
	],
	"time stamp": 23
}