{
	"1. left_hip": [
		0.5168071985244751,
		0.5619940161705017,
		-0.009431479498744011,
		0.9995546936988831
	],
	"2. left_knee": [
		0.5280171036720276,
		0.7006552815437317,
		-0.02501550316810608,
		0.993979275226593
	],
	"3. left_ankle": [
		0.5319589376449585,
		0.8091191649436951,
		0.1590210497379303,
		0.9871613383293152
	],
	"6. right_hip": [
		0.47658029198646545,
		0.5604221224784851,
		0.009449743665754795,
		0.9994016289710999
	],
	"7. right_knee": [
		0.46676352620124817,
		0.7003626227378845,
		0.006010471377521753,
		0.9900686144828796
	],
	"8. right_ankle": [
		0.4613378345966339,
		0.8102913498878479,
		0.15882329642772675,
		0.9873898029327393
	],
	"14. left_shoulder": [
		0.5245681405067444,
		0.3649146258831024,
		-0.03824445232748985,
		0.9998930096626282
	],
	"15. left_elbow": [
		0.5416674017906189,
		0.45038872957229614,
		-0.008924568071961403,
		0.981665313243866
	],
	"16. left_wrist": [
		0.5589799880981445,
		0.5169879794120789,
		-0.055871233344078064,
		0.9701987504959106
	],
	"19. right_shoulder": [
		0.4563300311565399,
		0.3725453317165375,
		-0.024069875478744507,
		0.999636709690094
	],
	"20. right_elbow": [
		0.42229846119880676,
		0.41628196835517883,
		-0.11475743353366852,
		0.9609358906745911
	],
	"21. right_wrist": [
		0.4098241627216339,
		0.34467360377311707,
		-0.2934417128562927,
		0.9477503895759583
	],
	"24. nose": [
		0.4878706634044647,
		0.29823386669158936,
		-0.17886103689670563,
		0.9999611377716064
	],
	"25. left_eye": [
		0.4946388900279999,
		0.2859781086444855,
		-0.164900004863739,
		0.9999098777770996
	],
	"26. right_eye": [
		0.48055943846702576,
		0.2875877618789673,
		-0.16401396691799164,
		0.9998524785041809
	],
	"27. left_ear": [
		0.5003599524497986,
		0.29357224702835083,
		-0.0823093131184578,
		0.9998813271522522
	],
	"28. right_ear": [
		0.4753083884716034,
		0.29685577750205994,
		-0.07865335047245026,
		0.9997736215591431
	],
	"time stamp": 23
}