{
	"1. left_hip": [
		0.5165179967880249,
		0.5586933493614197,
		-0.008777705021202564,
		0.9995792508125305
	],
	"2. left_knee": [
		0.528049111366272,
		0.697050154209137,
		-0.02129509113729,
		0.9943897128105164
	],
	"3. left_ankle": [
		0.5362441539764404,
		0.8095200657844543,
		0.15790557861328125,
		0.9880090951919556
	],
	"6. right_hip": [
		0.4764312207698822,
		0.5604445934295654,
		0.008763203397393227,
		0.9994291663169861
	],
	"7. right_knee": [
		0.46408024430274963,
		0.7003161311149597,
		0.009552562609314919,
		0.9907565712928772
	],
	"8. right_ankle": [
		0.459478497505188,
		0.8085236549377441,
		0.16549837589263916,
		0.9883053302764893
	],
	"14. left_shoulder": [
		0.5222526788711548,
		0.36145269870758057,
		-0.03956130892038345,
		0.9999005794525146
	],
	"15. left_elbow": [
		0.5431589484214783,
		0.44390928745269775,
		0.004111829679459333,
		0.9829740524291992
	],
	"16. left_wrist": [
		0.5667657256126404,
		0.5078776478767395,
		-0.031223956495523453,
		0.9722977876663208
	],
	"19. right_shoulder": [
		0.4550771117210388,
		0.37289702892303467,
		-0.0364266037940979,
		0.9996452331542969
	],
	"20. right_elbow": [
		0.42275404930114746,
		0.41455522179603577,
		-0.1288960725069046,
		0.9644511938095093
	],
	"21. right_wrist": [
		0.43025389313697815,
		0.3428281545639038,
		-0.29911303520202637,
		0.9525527954101562
	],
	"24. nose": [
		0.48658978939056396,
		0.29888275265693665,
		-0.19527438282966614,
		0.9999637007713318
	],
	"25. left_eye": [
		0.49276578426361084,
		0.2868601679801941,
		-0.1818791925907135,
		0.9999138712882996
	],
	"26. right_eye": [
		0.47931739687919617,
		0.28814104199409485,
		-0.18181151151657104,
		0.9998627305030823
	],
	"27. left_ear": [
		0.49849793314933777,
		0.2944083511829376,
		-0.09595055133104324,
		0.9998873472213745
	],
	"28. right_ear": [
		0.47373929619789124,
		0.2973209321498871,
		-0.09563451260328293,
		0.9997865557670593
	],
	"time stamp": 23
}