{
	"1. left_hip": [
		0.5171201825141907,
		0.5589648485183716,
		-0.0162561796605587,
		0.9996086955070496
	],
	"2. left_knee": [
		0.5254907011985779,
		0.6977030634880066,
		-0.014314469881355762,
		0.9948391914367676
	],
	"3. left_ankle": [
		0.548336386680603,
		0.8099779486656189,
		0.12385077774524689,
		0.989055335521698
	],
	"6. right_hip": [
		0.47811558842658997,
		0.5627357363700867,
		0.01617448590695858,
		0.9994642734527588
	],
	"7. right_knee": [
		0.4637029767036438,
		0.6956129670143127,
		0.02400263026356697,
		0.99129718542099
	],
	"8. right_ankle": [
		0.4556072950363159,
		0.8079978823661804,
		0.16248230636119843,
		0.9892122745513916
	],
	"14. left_shoulder": [
		0.519271731376648,
		0.3631632924079895,
		-0.04166170954704285,
		0.9999096393585205
	],
	"15. left_elbow": [
		0.5522191524505615,
		0.42919132113456726,
		-0.0062676481902599335,
		0.9844551682472229
	],
	"16. left_wrist": [
		0.5793590545654297,
		0.49113020300865173,
		-0.03262680023908615,
		0.9747142195701599
	],
	"19. right_shoulder": [
		0.45504066348075867,
		0.37864553928375244,
		-0.03914107754826546,
		0.9996233582496643
	],
	"20. right_elbow": [
		0.4254066050052643,
		0.41898399591445923,
		-0.15913698077201843,
		0.9662690758705139
	],
	"21. right_wrist": [
		0.4558568000793457,
		0.3613114356994629,
		-0.3302532434463501,
		0.9553975462913513
	],
	"24. nose": [
		0.4828837513923645,
		0.3124183118343353,
		-0.19151270389556885,
		0.9999668002128601
	],
	"25. left_eye": [
		0.48950880765914917,
		0.30172526836395264,
		-0.1786949336528778,
		0.9999209642410278
	],
	"26. right_eye": [
		0.47622302174568176,
		0.30157002806663513,
		-0.17834888398647308,
		0.9998746514320374
	],
	"27. left_ear": [
		0.4962424039840698,
		0.3075597882270813,
		-0.09370709955692291,
		0.9998973608016968
	],
	"28. right_ear": [
		0.47057151794433594,
		0.30887696146965027,
		-0.09143943339586258,
		0.9998036026954651
	],
	"time stamp": 23
}