{
	"1. left_hip": [
		0.5168746113777161,
		0.5695004463195801,
		-0.025988968089222908,
		0.999625027179718
	],
	"2. left_knee": [
		0.5224056839942932,
		0.7082753777503967,
		-0.02895343489944935,
		0.9952375888824463
	],
	"3. left_ankle": [
		0.5524267554283142,
		0.815207839012146,
		0.07196169346570969,
		0.9900031089782715
	],
	"6. right_hip": [
		0.4778544008731842,
		0.5734315514564514,
		0.025934970006346703,
		0.9994705319404602
	],
	"7. right_knee": [
		0.46399468183517456,
		0.6969872117042542,
		0.05911994352936745,
		0.9914751648902893
	],
	"8. right_ankle": [
		0.4537923038005829,
		0.8083319664001465,
		0.1860993653535843,
		0.9899021983146667
	],
	"14. left_shoulder": [
		0.5172119140625,
		0.3716427981853485,
		-0.0405891090631485,
		0.9999167323112488
	],
	"15. left_elbow": [
		0.5533227920532227,
		0.42875099182128906,
		0.0008699399186298251,
		0.9855724573135376
	],
	"16. left_wrist": [
		0.5826717019081116,
		0.4847450256347656,
		-0.015547199174761772,
		0.9762924313545227
	],
	"19. right_shoulder": [
		0.4552158713340759,
		0.3867468535900116,
		-0.029128704220056534,
		0.9995907545089722
	],
	"20. right_elbow": [
		0.43405845761299133,
		0.42877551913261414,
		-0.1354636698961258,
		0.9680444598197937
	],
	"21. right_wrist": [
		0.4673748314380646,
		0.37671855092048645,
		-0.29665321111679077,
		0.9587094187736511
	],
	"24. nose": [
		0.48162606358528137,
		0.3297387361526489,
		-0.18529659509658813,
		0.999967634677887
	],
	"25. left_eye": [
		0.48827627301216125,
		0.3167775869369507,
		-0.17369070649147034,
		0.9999215602874756
	],
	"26. right_eye": [
		0.47510915994644165,
		0.3172394931316376,
		-0.1723768413066864,
		0.9998795986175537
	],
	"27. left_ear": [
		0.49477851390838623,
		0.31957122683525085,
		-0.09126807749271393,
		0.9999011754989624
	],
	"28. right_ear": [
		0.4694313704967499,
		0.3211246728897095,
		-0.08423839509487152,
		0.9998058080673218
	],
	"time stamp": 23
}