{
	"1. left_hip": [
		0.5163822770118713,
		0.586150586605072,
		-0.027268262580037117,
		0.9996436238288879
	],
	"2. left_knee": [
		0.5196660161018372,
		0.7223860621452332,
		-0.026774439960718155,
		0.9955571889877319
	],
	"3. left_ankle": [
		0.5551687479019165,
		0.8209477066993713,
		0.0837264433503151,
		0.9908266663551331
	],
	"6. right_hip": [
		0.47773587703704834,
		0.5869678854942322,
		0.027166666463017464,
		0.999478816986084
	],
	"7. right_knee": [
		0.4642712473869324,
		0.705582320690155,
		0.06940068304538727,
		0.9911677241325378
	],
	"8. right_ankle": [
		0.45393019914627075,
		0.8104613423347473,
		0.19932419061660767,
		0.9902797937393188
	],
	"14. left_shoulder": [
		0.5171706080436707,
		0.38699108362197876,
		-0.04229430481791496,
		0.9999210834503174
	],
	"15. left_elbow": [
		0.5541099905967712,
		0.4304564595222473,
		0.006689639296382666,
		0.986312747001648
	],
	"16. left_wrist": [
		0.5871263146400452,
		0.4817568063735962,
		0.0009303111582994461,
		0.977153480052948
	],
	"19. right_shoulder": [
		0.45538488030433655,
		0.40374332666397095,
		-0.03634064272046089,
		0.999546229839325
	],
	"20. right_elbow": [
		0.4405578374862671,
		0.4552929699420929,
		-0.1416887789964676,
		0.9695505499839783
	],
	"21. right_wrist": [
		0.4703032672405243,
		0.39757445454597473,
		-0.2956773638725281,
		0.9617536067962646
	],
	"24. nose": [
		0.48150813579559326,
		0.34081417322158813,
		-0.18926234543323517,
		0.999967634677887
	],
	"25. left_eye": [
		0.48803144693374634,
		0.32751214504241943,
		-0.17738012969493866,
		0.9999191761016846
	],
	"26. right_eye": [
		0.4746638834476471,
		0.3288813829421997,
		-0.17579542100429535,
		0.9998828768730164
	],
	"27. left_ear": [
		0.49452531337738037,
		0.3311927914619446,
		-0.09573845565319061,
		0.9999001026153564
	],
	"28. right_ear": [
		0.46898511052131653,
		0.3339078724384308,
		-0.08606897294521332,
		0.9998031258583069
	],
	"time stamp": 23
}