{
	"1. left_hip": [
		0.5162654519081116,
		0.5985533595085144,
		-0.02939716726541519,
		0.9996671080589294
	],
	"2. left_knee": [
		0.518424391746521,
		0.73310387134552,
		-0.02812165953218937,
		0.995882511138916
	],
	"3. left_ankle": [
		0.5568150877952576,
		0.8267543315887451,
		0.06331432610750198,
		0.991599440574646
	],
	"6. right_hip": [
		0.47764852643013,
		0.5993524193763733,
		0.02932094782590866,
		0.9995008707046509
	],
	"7. right_knee": [
		0.4644717872142792,
		0.7136176228523254,
		0.0997830480337143,
		0.9905338287353516
	],
	"8. right_ankle": [
		0.45462122559547424,
		0.8159727454185486,
		0.24524235725402832,
		0.990364134311676
	],
	"14. left_shoulder": [
		0.5174562931060791,
		0.39840516448020935,
		-0.04303993657231331,
		0.99992436170578
	],
	"15. left_elbow": [
		0.5526530742645264,
		0.44454947113990784,
		0.01018395647406578,
		0.9869238138198853
	],
	"16. left_wrist": [
		0.5881001353263855,
		0.47341129183769226,
		0.008166580460965633,
		0.9783753752708435
	],
	"19. right_shoulder": [
		0.45621609687805176,
		0.41920000314712524,
		-0.04788271710276604,
		0.9995320439338684
	],
	"20. right_elbow": [
		0.44801273941993713,
		0.48206883668899536,
		-0.14853376150131226,
		0.9714954495429993
	],
	"21. right_wrist": [
		0.47889408469200134,
		0.4222036600112915,
		-0.2913806736469269,
		0.9651596546173096
	],
	"24. nose": [
		0.4823286533355713,
		0.3501240909099579,
		-0.19810009002685547,
		0.9999691247940063
	],
	"25. left_eye": [
		0.4887273907661438,
		0.33777233958244324,
		-0.18601581454277039,
		0.999921977519989
	],
	"26. right_eye": [
		0.4752788543701172,
		0.3382781445980072,
		-0.1851096898317337,
		0.999890923500061
	],
	"27. left_ear": [
		0.4950990378856659,
		0.3427572548389435,
		-0.1026395633816719,
		0.9999034404754639
	],
	"28. right_ear": [
		0.469273179769516,
		0.3454993665218353,
		-0.09502868354320526,
		0.9998144507408142
	],
	"time stamp": 23
}