{
	"1. left_hip": [
		0.5187855362892151,
		0.5979081988334656,
		-0.02687058597803116,
		0.9996863603591919
	],
	"2. left_knee": [
		0.5185123085975647,
		0.7344051003456116,
		-0.019055897369980812,
		0.9961727857589722
	],
	"3. left_ankle": [
		0.5570028424263,
		0.8294018507003784,
		0.08798035234212875,
		0.9923184514045715
	],
	"6. right_hip": [
		0.48052993416786194,
		0.5966903567314148,
		0.026785461232066154,
		0.9995318055152893
	],
	"7. right_knee": [
		0.46386757493019104,
		0.7153599858283997,
		0.06556013971567154,
		0.9911493062973022
	],
	"8. right_ankle": [
		0.4543803930282593,
		0.8185564875602722,
		0.20699314773082733,
		0.9910494685173035
	],
	"14. left_shoulder": [
		0.5239375233650208,
		0.3978418707847595,
		-0.051086217164993286,
		0.999929666519165
	],
	"15. left_elbow": [
		0.5560472011566162,
		0.46559855341911316,
		-0.02996046468615532,
		0.9877145290374756
	],
	"16. left_wrist": [
		0.5907263159751892,
		0.44648852944374084,
		-0.08487516641616821,
		0.9800472259521484
	],
	"19. right_shoulder": [
		0.46332186460494995,
		0.41836869716644287,
		-0.03815790265798569,
		0.9995688199996948
	],
	"20. right_elbow": [
		0.45939311385154724,
		0.5080951452255249,
		-0.13154463469982147,
		0.9714378714561462
	],
	"21. right_wrist": [
		0.4738557040691376,
		0.4942570924758911,
		-0.2779892385005951,
		0.9677886962890625
	],
	"24. nose": [
		0.48693588376045227,
		0.34310945868492126,
		-0.20350804924964905,
		0.9999721050262451
	],
	"25. left_eye": [
		0.49250635504722595,
		0.3319145441055298,
		-0.1916322112083435,
		0.9999294281005859
	],
	"26. right_eye": [
		0.48064714670181274,
		0.33188045024871826,
		-0.18903499841690063,
		0.999901533126831
	],
	"27. left_ear": [
		0.500278890132904,
		0.3393058478832245,
		-0.11124062538146973,
		0.9999125599861145
	],
	"28. right_ear": [
		0.474737286567688,
		0.3402777910232544,
		-0.09745821356773376,
		0.9998324513435364
	],
	"time stamp": 23
}