{
	"1. left_hip": [
		0.5232062935829163,
		0.59317946434021,
		-0.028248030692338943,
		0.999695897102356
	],
	"2. left_knee": [
		0.526361882686615,
		0.7296357154846191,
		0.00778624415397644,
		0.9963921308517456
	],
	"3. left_ankle": [
		0.5571975111961365,
		0.8308809995651245,
		0.12505187094211578,
		0.9929801821708679
	],
	"6. right_hip": [
		0.4856986701488495,
		0.5916522741317749,
		0.028177320957183838,
		0.9995541572570801
	],
	"7. right_knee": [
		0.46104761958122253,
		0.7044458389282227,
		0.033797040581703186,
		0.9918547868728638
	],
	"8. right_ankle": [
		0.4532565176486969,
		0.8173790574073792,
		0.15972428023815155,
		0.9917216300964355
	],
	"14. left_shoulder": [
		0.5305623412132263,
		0.39531418681144714,
		-0.06865955144166946,
		0.9999322891235352
	],
	"15. left_elbow": [
		0.5677173733711243,
		0.46136584877967834,
		-0.15523383021354675,
		0.9885079264640808
	],
	"16. left_wrist": [
		0.588012158870697,
		0.4097810387611389,
		-0.30372437834739685,
		0.9808958172798157
	],
	"19. right_shoulder": [
		0.470240980386734,
		0.41376736760139465,
		-0.03579893708229065,
		0.9995496869087219
	],
	"20. right_elbow": [
		0.4648890495300293,
		0.49830183386802673,
		-0.09559521824121475,
		0.9556593298912048
	],
	"21. right_wrist": [
		0.46750953793525696,
		0.5171394944190979,
		-0.2656093239784241,
		0.9561322927474976
	],
	"24. nose": [
		0.49390023946762085,
		0.3380751311779022,
		-0.20225532352924347,
		0.999974250793457
	],
	"25. left_eye": [
		0.5004255175590515,
		0.32669776678085327,
		-0.1897325962781906,
		0.9999351501464844
	],
	"26. right_eye": [
		0.48875483870506287,
		0.32711681723594666,
		-0.18697422742843628,
		0.9999093413352966
	],
	"27. left_ear": [
		0.5085443258285522,
		0.33383888006210327,
		-0.10927998274564743,
		0.9999193549156189
	],
	"28. right_ear": [
		0.4832691252231598,
		0.335555762052536,
		-0.09530577808618546,
		0.9998456835746765
	],
	"time stamp": 23
}