{
	"1. left_hip": [
		0.526602566242218,
		0.5906743407249451,
		-0.03178120031952858,
		0.9997168183326721
	],
	"2. left_knee": [
		0.5336303114891052,
		0.7287184000015259,
		0.003683364950120449,
		0.9965521097183228
	],
	"3. left_ankle": [
		0.5617157220840454,
		0.8296406269073486,
		0.13648097217082977,
		0.9934817552566528
	],
	"6. right_hip": [
		0.48811057209968567,
		0.5888752341270447,
		0.031723037362098694,
		0.9995871186256409
	],
	"7. right_knee": [
		0.45393967628479004,
		0.6934710741043091,
		-0.03592149540781975,
		0.9925082921981812
	],
	"8. right_ankle": [
		0.451419860124588,
		0.810723602771759,
		0.11060940474271774,
		0.992312490940094
	],
	"14. left_shoulder": [
		0.5353346467018127,
		0.3930119276046753,
		-0.0681857019662857,
		0.9999375939369202
	],
	"15. left_elbow": [
		0.5713292956352234,
		0.4485710859298706,
		-0.1910182237625122,
		0.9894945025444031
	],
	"16. left_wrist": [
		0.5826656818389893,
		0.37595176696777344,
		-0.35824188590049744,
		0.9823387265205383
	],
	"19. right_shoulder": [
		0.4773888885974884,
		0.4110608696937561,
		0.0015910039655864239,
		0.99955815076828
	],
	"20. right_elbow": [
		0.47121351957321167,
		0.48544061183929443,
		0.015581008046865463,
		0.922431230545044
	],
	"21. right_wrist": [
		0.4664338231086731,
		0.5339162945747375,
		-0.08197789639234543,
		0.9225234985351562
	],
	"24. nose": [
		0.5006392598152161,
		0.33384400606155396,
		-0.1928415298461914,
		0.9999759793281555
	],
	"25. left_eye": [
		0.5079068541526794,
		0.32651016116142273,
		-0.1781131625175476,
		0.9999397993087769
	],
	"26. right_eye": [
		0.49511662125587463,
		0.32663804292678833,
		-0.17364779114723206,
		0.9999145269393921
	],
	"27. left_ear": [
		0.5166324973106384,
		0.33154645562171936,
		-0.09783444553613663,
		0.9999251365661621
	],
	"28. right_ear": [
		0.4902837574481964,
		0.33356973528862,
		-0.07694553583860397,
		0.9998563528060913
	],
	"time stamp": 23
}