{
	"1. left_hip": [
		0.5297936201095581,
		0.5895931124687195,
		-0.04285716265439987,
		0.9997369050979614
	],
	"2. left_knee": [
		0.5395582318305969,
		0.7239326238632202,
		-0.0012024200987070799,
		0.9966544508934021
	],
	"3. left_ankle": [
		0.5706842541694641,
		0.8240842223167419,
		0.1525222659111023,
		0.9939807653427124
	],
	"6. right_hip": [
		0.49193596839904785,
		0.5856026411056519,
		0.04277238994836807,
		0.9996233582496643
	],
	"7. right_knee": [
		0.450992226600647,
		0.6849479079246521,
		-0.029002586379647255,
		0.9930959939956665
	],
	"8. right_ankle": [
		0.44525885581970215,
		0.806546688079834,
		0.10605446249246597,
		0.9929401278495789
	],
	"14. left_shoulder": [
		0.5408677458763123,
		0.39225298166275024,
		-0.11522015929222107,
		0.9999217987060547
	],
	"15. left_elbow": [
		0.5701256394386292,
		0.4272119402885437,
		-0.2817518711090088,
		0.9886535406112671
	],
	"16. left_wrist": [
		0.5449236035346985,
		0.3690612018108368,
		-0.4730754792690277,
		0.9779016971588135
	],
	"19. right_shoulder": [
		0.4834948778152466,
		0.40807393193244934,
		0.009461871348321438,
		0.9995837807655334
	],
	"20. right_elbow": [
		0.47560417652130127,
		0.4812381863594055,
		0.06032120808959007,
		0.892770528793335
	],
	"21. right_wrist": [
		0.4643600285053253,
		0.5397315621376038,
		0.021765056997537613,
		0.9000140428543091
	],
	"24. nose": [
		0.509101927280426,
		0.3292538821697235,
		-0.19099749624729156,
		0.9999659061431885
	],
	"25. left_eye": [
		0.5155697464942932,
		0.32367196679115295,
		-0.17847496271133423,
		0.9999129176139832
	],
	"26. right_eye": [
		0.5036871433258057,
		0.3228479027748108,
		-0.1727902591228485,
		0.9998792409896851
	],
	"27. left_ear": [
		0.5235708951950073,
		0.33002641797065735,
		-0.11454572528600693,
		0.9998788833618164
	],
	"28. right_ear": [
		0.4986591041088104,
		0.332656592130661,
		-0.0769595205783844,
		0.9998259544372559
	],
	"time stamp": 23
}