{
	"1. left_hip": [
		0.5364270210266113,
		0.5931058526039124,
		-0.050051458179950714,
		0.9997570514678955
	],
	"2. left_knee": [
		0.548218309879303,
		0.7295321822166443,
		-0.009026037529110909,
		0.9961060285568237
	],
	"3. left_ankle": [
		0.5845569372177124,
		0.8262612223625183,
		0.13926450908184052,
		0.9936416745185852
	],
	"6. right_hip": [
		0.4974680542945862,
		0.5859524011611938,
		0.04980989545583725,
		0.9996587634086609
	],
	"7. right_knee": [
		0.4486299455165863,
		0.6845422983169556,
		-0.058282822370529175,
		0.9929343461990356
	],
	"8. right_ankle": [
		0.43067923188209534,
		0.8092713356018066,
		0.04699576646089554,
		0.9929452538490295
	],
	"14. left_shoulder": [
		0.5580415725708008,
		0.3956442177295685,
		-0.12279339134693146,
		0.9999022483825684
	],
	"15. left_elbow": [
		0.5563048124313354,
		0.40180689096450806,
		-0.2895013988018036,
		0.9894888997077942
	],
	"16. left_wrist": [
		0.5101111531257629,
		0.36571425199508667,
		-0.42892685532569885,
		0.9792823195457458
	],
	"19. right_shoulder": [
		0.49598732590675354,
		0.41164737939834595,
		0.030998097732663155,
		0.9996037483215332
	],
	"20. right_elbow": [
		0.47683194279670715,
		0.48668336868286133,
		0.06047044321894646,
		0.8841099143028259
	],
	"21. right_wrist": [
		0.4629780948162079,
		0.5531153082847595,
		-0.0016089578857645392,
		0.8941314220428467
	],
	"24. nose": [
		0.5241737365722656,
		0.3291538655757904,
		-0.14550314843654633,
		0.9999557733535767
	],
	"25. left_eye": [
		0.5295569896697998,
		0.32206419110298157,
		-0.13784511387348175,
		0.9998773336410522
	],
	"26. right_eye": [
		0.5174447894096375,
		0.3224506378173828,
		-0.12782086431980133,
		0.9998520016670227
	],
	"27. left_ear": [
		0.5366634726524353,
		0.3292408883571625,
		-0.0927768349647522,
		0.999812662601471
	],
	"28. right_ear": [
		0.512529194355011,
		0.3340051770210266,
		-0.0395531952381134,
		0.9997681975364685
	],
	"time stamp": 23
}