{
	"1. left_hip": [
		0.5422876477241516,
		0.5992825627326965,
		-0.05544958636164665,
		0.9997752904891968
	],
	"2. left_knee": [
		0.5539736747741699,
		0.7367380857467651,
		-0.0036788668949157,
		0.9959920644760132
	],
	"3. left_ankle": [
		0.5900963544845581,
		0.8328632712364197,
		0.15018330514431,
		0.9938190579414368
	],
	"6. right_hip": [
		0.5035091638565063,
		0.5895923376083374,
		0.05517640337347984,
		0.9996904730796814
	],
	"7. right_knee": [
		0.4508714973926544,
		0.6860213279724121,
		-0.043143972754478455,
		0.9931573867797852
	],
	"8. right_ankle": [
		0.423749178647995,
		0.8149871230125427,
		0.051124826073646545,
		0.9932377338409424
	],
	"14. left_shoulder": [
		0.564551591873169,
		0.40280821919441223,
		-0.17140226066112518,
		0.9999061226844788
	],
	"15. left_elbow": [
		0.5358663201332092,
		0.40177226066589355,
		-0.3245856761932373,
		0.9904256463050842
	],
	"16. left_wrist": [
		0.4863576889038086,
		0.37224045395851135,
		-0.43343549966812134,
		0.9810242652893066
	],
	"19. right_shoulder": [
		0.50959712266922,
		0.41393962502479553,
		0.01142317894846201,
		0.9996322989463806
	],
	"20. right_elbow": [
		0.4827319383621216,
		0.48733770847320557,
		0.03004399873316288,
		0.8708687424659729
	],
	"21. right_wrist": [
		0.4625530242919922,
		0.5512822270393372,
		-0.044591326266527176,
		0.8780068159103394
	],
	"24. nose": [
		0.5324873924255371,
		0.3423868715763092,
		-0.18885251879692078,
		0.9999584555625916
	],
	"25. left_eye": [
		0.5364043116569519,
		0.3288317024707794,
		-0.18528027832508087,
		0.9998840093612671
	],
	"26. right_eye": [
		0.5246932506561279,
		0.33800238370895386,
		-0.17162549495697021,
		0.9998603463172913
	],
	"27. left_ear": [
		0.5438712239265442,
		0.33389148116111755,
		-0.1390540599822998,
		0.9998223781585693
	],
	"28. right_ear": [
		0.5212876200675964,
		0.3498328626155853,
		-0.07448378205299377,
		0.9997762441635132
	],
	"time stamp": 23
}