{
	"1. left_hip": [
		0.5445817708969116,
		0.6121641993522644,
		-0.05550546571612358,
		0.9997921586036682
	],
	"2. left_knee": [
		0.5577009916305542,
		0.7430993914604187,
		-0.006106699351221323,
		0.9961007833480835
	],
	"3. left_ankle": [
		0.5910612344741821,
		0.836753785610199,
		0.16882824897766113,
		0.9939541816711426
	],
	"6. right_hip": [
		0.5062402486801147,
		0.6021572947502136,
		0.055200815200805664,
		0.9997187256813049
	],
	"7. right_knee": [
		0.4511139988899231,
		0.7070374488830566,
		-0.006903018802404404,
		0.9934173822402954
	],
	"8. right_ankle": [
		0.422747403383255,
		0.8233522772789001,
		0.09331904351711273,
		0.99355149269104
	],
	"14. left_shoulder": [
		0.5674409866333008,
		0.41550102829933167,
		-0.1816277652978897,
		0.9999099373817444
	],
	"15. left_elbow": [
		0.5262945294380188,
		0.4063223600387573,
		-0.3277750611305237,
		0.9912806749343872
	],
	"16. left_wrist": [
		0.48037853837013245,
		0.38149210810661316,
		-0.4192195534706116,
		0.9825955629348755
	],
	"19. right_shoulder": [
		0.5177283883094788,
		0.4240153133869171,
		0.004711446352303028,
		0.9996583461761475
	],
	"20. right_elbow": [
		0.49087366461753845,
		0.4960501790046692,
		-0.001003680401481688,
		0.8524531126022339
	],
	"21. right_wrist": [
		0.4618452191352844,
		0.5492008328437805,
		-0.08900418132543564,
		0.8645821809768677
	],
	"24. nose": [
		0.5377960205078125,
		0.34980377554893494,
		-0.20683512091636658,
		0.9999621510505676
	],
	"25. left_eye": [
		0.542137622833252,
		0.3378120958805084,
		-0.20012643933296204,
		0.999894380569458
	],
	"26. right_eye": [
		0.5306052565574646,
		0.34647470712661743,
		-0.18706925213336945,
		0.999873161315918
	],
	"27. left_ear": [
		0.5497064590454102,
		0.34343287348747253,
		-0.14712576568126678,
		0.9998383522033691
	],
	"28. right_ear": [
		0.5259928107261658,
		0.35761916637420654,
		-0.08385155349969864,
		0.9997951984405518
	],
	"time stamp": 23
}