{
	"1. left_hip": [
		0.5471553206443787,
		0.6149802803993225,
		-0.05009511485695839,
		0.9998067617416382
	],
	"2. left_knee": [
		0.5586487054824829,
		0.7470423579216003,
		-0.003002509707584977,
		0.9962571263313293
	],
	"3. left_ankle": [
		0.5911015868186951,
		0.8376137614250183,
		0.19350214302539825,
		0.9940090775489807
	],
	"6. right_hip": [
		0.50785893201828,
		0.6048955917358398,
		0.04982868954539299,
		0.9997442364692688
	],
	"7. right_knee": [
		0.4571205973625183,
		0.7235159277915955,
		0.012638313695788383,
		0.9937469363212585
	],
	"8. right_ankle": [
		0.42127731442451477,
		0.8294936418533325,
		0.10221467167139053,
		0.9939561486244202
	],
	"14. left_shoulder": [
		0.570953369140625,
		0.4208204448223114,
		-0.17867887020111084,
		0.9999138712882996
	],
	"15. left_elbow": [
		0.5275146961212158,
		0.41740208864212036,
		-0.30089062452316284,
		0.9919775724411011
	],
	"16. left_wrist": [
		0.47825518250465393,
		0.3911404013633728,
		-0.39332377910614014,
		0.9839842319488525
	],
	"19. right_shoulder": [
		0.5154829025268555,
		0.42602020502090454,
		-0.002519176807254553,
		0.999683678150177
	],
	"20. right_elbow": [
		0.4914338290691376,
		0.5024864673614502,
		-0.006229456979781389,
		0.839510440826416
	],
	"21. right_wrist": [
		0.46218109130859375,
		0.5489125847816467,
		-0.1075185239315033,
		0.8566333055496216
	],
	"24. nose": [
		0.5427005887031555,
		0.3501226305961609,
		-0.208584725856781,
		0.9999651312828064
	],
	"25. left_eye": [
		0.5481772422790527,
		0.3403736650943756,
		-0.20190684497356415,
		0.9999027252197266
	],
	"26. right_eye": [
		0.5361893773078918,
		0.34538063406944275,
		-0.19035892188549042,
		0.9998834133148193
	],
	"27. left_ear": [
		0.5546751022338867,
		0.34970661997795105,
		-0.14962029457092285,
		0.9998512268066406
	],
	"28. right_ear": [
		0.5289015769958496,
		0.35708487033843994,
		-0.09273231774568558,
		0.9998072981834412
	],
	"time stamp": 23
}