{
	"1. left_hip": [
		0.5466492176055908,
		0.6254328489303589,
		-0.0488816536962986,
		0.9998196363449097
	],
	"2. left_knee": [
		0.5586261749267578,
		0.75322425365448,
		0.0022922130301594734,
		0.9963492155075073
	],
	"3. left_ankle": [
		0.5907146334648132,
		0.8377206325531006,
		0.20536600053310394,
		0.9938541650772095
	],
	"6. right_hip": [
		0.5082958936691284,
		0.6136234998703003,
		0.048639532178640366,
		0.9997678995132446
	],
	"7. right_knee": [
		0.46219703555107117,
		0.7266221046447754,
		0.009239304810762405,
		0.9941147565841675
	],
	"8. right_ankle": [
		0.42172351479530334,
		0.8279744386672974,
		0.09126333147287369,
		0.9943388104438782
	],
	"14. left_shoulder": [
		0.5757903456687927,
		0.4293183982372284,
		-0.15402045845985413,
		0.9999167919158936
	],
	"15. left_elbow": [
		0.5295991897583008,
		0.4351864159107208,
		-0.25888901948928833,
		0.9924948811531067
	],
	"16. left_wrist": [
		0.479750394821167,
		0.4172666370868683,
		-0.3478733003139496,
		0.9851160049438477
	],
	"19. right_shoulder": [
		0.5179118514060974,
		0.4336894452571869,
		0.021764542907476425,
		0.9997075200080872
	],
	"20. right_elbow": [
		0.4897215664386749,
		0.5037539601325989,
		0.03228969871997833,
		0.8304105997085571
	],
	"21. right_wrist": [
		0.4616375267505646,
		0.5521795749664307,
		-0.0650767832994461,
		0.849922239780426
	],
	"24. nose": [
		0.5462798476219177,
		0.3558082580566406,
		-0.18629023432731628,
		0.9999673366546631
	],
	"25. left_eye": [
		0.5521010160446167,
		0.3457275927066803,
		-0.18101149797439575,
		0.9999091625213623
	],
	"26. right_eye": [
		0.5391688942909241,
		0.34898021817207336,
		-0.16767099499702454,
		0.9998916983604431
	],
	"27. left_ear": [
		0.5588484406471252,
		0.3556751608848572,
		-0.13930198550224304,
		0.9998607635498047
	],
	"28. right_ear": [
		0.5326337218284607,
		0.36078202724456787,
		-0.0713568925857544,
		0.9998149871826172
	],
	"time stamp": 23
}