{
	"1. left_hip": [
		0.5476242303848267,
		0.6222742795944214,
		-0.04999127611517906,
		0.9998278617858887
	],
	"2. left_knee": [
		0.5574900507926941,
		0.752842128276825,
		0.028152214363217354,
		0.9963769316673279
	],
	"3. left_ankle": [
		0.5893139839172363,
		0.8377462029457092,
		0.2153623402118683,
		0.9938775897026062
	],
	"6. right_hip": [
		0.5110083818435669,
		0.6122230291366577,
		0.04976248741149902,
		0.9997891187667847
	],
	"7. right_knee": [
		0.46666064858436584,
		0.7240920066833496,
		-0.003674936480820179,
		0.9943920373916626
	],
	"8. right_ankle": [
		0.4217989444732666,
		0.8271576166152954,
		0.060223255306482315,
		0.9946947693824768
	],
	"14. left_shoulder": [
		0.5771176815032959,
		0.4306182563304901,
		-0.1537753939628601,
		0.9999157190322876
	],
	"15. left_elbow": [
		0.5288323760032654,
		0.44546887278556824,
		-0.24617688357830048,
		0.992764949798584
	],
	"16. left_wrist": [
		0.48076754808425903,
		0.42959076166152954,
		-0.3326963186264038,
		0.9859573841094971
	],
	"19. right_shoulder": [
		0.5211969017982483,
		0.43535012006759644,
		0.024279898032546043,
		0.9997256994247437
	],
	"20. right_elbow": [
		0.4913908839225769,
		0.506810188293457,
		0.05485106259584427,
		0.8172177672386169
	],
	"21. right_wrist": [
		0.46145451068878174,
		0.5565306544303894,
		-0.016433175653219223,
		0.8407785296440125
	],
	"24. nose": [
		0.5485929846763611,
		0.358456552028656,
		-0.18243448436260223,
		0.999968409538269
	],
	"25. left_eye": [
		0.5543023943901062,
		0.3478485345840454,
		-0.17699414491653442,
		0.999911904335022
	],
	"26. right_eye": [
		0.5416054129600525,
		0.3503827750682831,
		-0.16418983042240143,
		0.9998961687088013
	],
	"27. left_ear": [
		0.5606634616851807,
		0.3571207821369171,
		-0.13045240938663483,
		0.9998601078987122
	],
	"28. right_ear": [
		0.5355156660079956,
		0.36265644431114197,
		-0.06871724873781204,
		0.9998045563697815
	],
	"time stamp": 23
}