{
	"1. left_hip": [
		0.5492679476737976,
		0.6177822351455688,
		-0.04943043366074562,
		0.9998358488082886
	],
	"2. left_knee": [
		0.558295488357544,
		0.751631498336792,
		0.027020925655961037,
		0.9964984655380249
	],
	"3. left_ankle": [
		0.5891076922416687,
		0.8380689024925232,
		0.1894308626651764,
		0.9939607381820679
	],
	"6. right_hip": [
		0.5136924982070923,
		0.6093988418579102,
		0.04919586703181267,
		0.9998067617416382
	],
	"7. right_knee": [
		0.46929457783699036,
		0.7249056696891785,
		0.0204082652926445,
		0.9945376515388489
	],
	"8. right_ankle": [
		0.4227653443813324,
		0.8266960978507996,
		0.06534986943006516,
		0.9950000643730164
	],
	"14. left_shoulder": [
		0.5773035883903503,
		0.42558982968330383,
		-0.15036867558956146,
		0.9999153017997742
	],
	"15. left_elbow": [
		0.5306668877601624,
		0.44855716824531555,
		-0.24094736576080322,
		0.9929956197738647
	],
	"16. left_wrist": [
		0.48301923274993896,
		0.43355974555015564,
		-0.32163557410240173,
		0.9865639805793762
	],
	"19. right_shoulder": [
		0.5228016376495361,
		0.4352278411388397,
		0.025845738127827644,
		0.9997384548187256
	],
	"20. right_elbow": [
		0.49310800433158875,
		0.5084942579269409,
		0.05543021485209465,
		0.8045305013656616
	],
	"21. right_wrist": [
		0.46181756258010864,
		0.5545168519020081,
		-0.01468950416892767,
		0.8345792293548584
	],
	"24. nose": [
		0.5493555068969727,
		0.3563178479671478,
		-0.17945145070552826,
		0.9999683499336243
	],
	"25. left_eye": [
		0.5551997423171997,
		0.3461289405822754,
		-0.17348115146160126,
		0.9999120235443115
	],
	"26. right_eye": [
		0.542599618434906,
		0.3481591045856476,
		-0.16148127615451813,
		0.9998975992202759
	],
	"27. left_ear": [
		0.5615396499633789,
		0.35476991534233093,
		-0.12783527374267578,
		0.9998583197593689
	],
	"28. right_ear": [
		0.5378617644309998,
		0.36018693447113037,
		-0.0667882189154625,
		0.9997835755348206
	],
	"time stamp": 23
}