{
	"1. left_hip": [
		0.5514746308326721,
		0.6156278848648071,
		-0.04861949384212494,
		0.9998434782028198
	],
	"2. left_knee": [
		0.5593828558921814,
		0.7508782148361206,
		0.02312244474887848,
		0.9965633749961853
	],
	"3. left_ankle": [
		0.5896801948547363,
		0.8386357426643372,
		0.20497681200504303,
		0.9939967393875122
	],
	"6. right_hip": [
		0.515256941318512,
		0.6079512238502502,
		0.04837952181696892,
		0.9998232126235962
	],
	"7. right_knee": [
		0.47181859612464905,
		0.7264566421508789,
		0.027804242447018623,
		0.9946421384811401
	],
	"8. right_ankle": [
		0.42360106110572815,
		0.8268311619758606,
		0.0800485759973526,
		0.9952648878097534
	],
	"14. left_shoulder": [
		0.5781880617141724,
		0.42322269082069397,
		-0.1563652753829956,
		0.9999145269393921
	],
	"15. left_elbow": [
		0.5321449637413025,
		0.44907036423683167,
		-0.2534816563129425,
		0.9932315349578857
	],
	"16. left_wrist": [
		0.4885618984699249,
		0.4327135682106018,
		-0.338868111371994,
		0.9872100353240967
	],
	"19. right_shoulder": [
		0.5220323204994202,
		0.4337020516395569,
		0.019023960456252098,
		0.9997549653053284
	],
	"20. right_elbow": [
		0.49265581369400024,
		0.5089043378829956,
		0.04099170118570328,
		0.799096941947937
	],
	"21. right_wrist": [
		0.46166497468948364,
		0.5507084131240845,
		-0.029445452615618706,
		0.8339628577232361
	],
	"24. nose": [
		0.5501863360404968,
		0.3544209897518158,
		-0.18077178299427032,
		0.9999688267707825
	],
	"25. left_eye": [
		0.5562201738357544,
		0.34463152289390564,
		-0.17637711763381958,
		0.9999128580093384
	],
	"26. right_eye": [
		0.5435861945152283,
		0.3463435173034668,
		-0.1634143441915512,
		0.9999005198478699
	],
	"27. left_ear": [
		0.5627140998840332,
		0.3534252941608429,
		-0.1295498162508011,
		0.9998556971549988
	],
	"28. right_ear": [
		0.5392398238182068,
		0.358272522687912,
		-0.07173114269971848,
		0.9997709393501282
	],
	"time stamp": 23
}