{
	"1. left_hip": [
		0.5551061630249023,
		0.6153514385223389,
		-0.04597930610179901,
		0.9998475909233093
	],
	"2. left_knee": [
		0.5623677968978882,
		0.7493705749511719,
		0.020685050636529922,
		0.9966598749160767
	],
	"3. left_ankle": [
		0.589877724647522,
		0.8384847640991211,
		0.19187064468860626,
		0.9938757419586182
	],
	"6. right_hip": [
		0.5174015760421753,
		0.6066811084747314,
		0.045788925141096115,
		0.9998361468315125
	],
	"7. right_knee": [
		0.47712260484695435,
		0.7242634892463684,
		0.02095625549554825,
		0.9948402643203735
	],
	"8. right_ankle": [
		0.4265694320201874,
		0.8248865008354187,
		0.07221333682537079,
		0.995468020439148
	],
	"14. left_shoulder": [
		0.5816879272460938,
		0.4200533926486969,
		-0.12660807371139526,
		0.9999175071716309
	],
	"15. left_elbow": [
		0.5547727942466736,
		0.45465847849845886,
		-0.24756625294685364,
		0.9934298992156982
	],
	"16. left_wrist": [
		0.513495683670044,
		0.43044090270996094,
		-0.36140555143356323,
		0.9878972768783569
	],
	"19. right_shoulder": [
		0.5208271145820618,
		0.43253982067108154,
		0.028145981952548027,
		0.999765932559967
	],
	"20. right_elbow": [
		0.4964304566383362,
		0.507670521736145,
		0.036091431975364685,
		0.7929809093475342
	],
	"21. right_wrist": [
		0.46004951000213623,
		0.5291284322738647,
		-0.04762425646185875,
		0.8339188694953918
	],
	"24. nose": [
		0.5488706231117249,
		0.3492770195007324,
		-0.14379194378852844,
		0.9999687075614929
	],
	"25. left_eye": [
		0.5554532408714294,
		0.34130367636680603,
		-0.13912981748580933,
		0.9999142289161682
	],
	"26. right_eye": [
		0.5426872968673706,
		0.3406824469566345,
		-0.12880492210388184,
		0.9999014139175415
	],
	"27. left_ear": [
		0.5628176927566528,
		0.3520932197570801,
		-0.09566694498062134,
		0.9998583197593689
	],
	"28. right_ear": [
		0.5381293892860413,
		0.3522156774997711,
		-0.04555431008338928,
		0.9997555017471313
	],
	"time stamp": 23
}