{
	"1. left_hip": [
		0.5568403601646423,
		0.6067708134651184,
		-0.04752542823553085,
		0.9998369812965393
	],
	"2. left_knee": [
		0.5624731183052063,
		0.7395328879356384,
		0.01680462248623371,
		0.9966551661491394
	],
	"3. left_ankle": [
		0.5905324816703796,
		0.8380005955696106,
		0.18400923907756805,
		0.9939702749252319
	],
	"6. right_hip": [
		0.518011748790741,
		0.5961911082267761,
		0.04736720398068428,
		0.999841570854187
	],
	"7. right_knee": [
		0.4755730926990509,
		0.7197039127349854,
		0.025877218693494797,
		0.9947856664657593
	],
	"8. right_ankle": [
		0.4309263825416565,
		0.8232339024543762,
		0.07730565220117569,
		0.9956117868423462
	],
	"14. left_shoulder": [
		0.581313967704773,
		0.40658608078956604,
		-0.12246514856815338,
		0.9999166131019592
	],
	"15. left_elbow": [
		0.5710133910179138,
		0.46691611409187317,
		-0.25282078981399536,
		0.9936491847038269
	],
	"16. left_wrist": [
		0.5320757627487183,
		0.42899665236473083,
		-0.41143807768821716,
		0.9883989691734314
	],
	"19. right_shoulder": [
		0.5224849581718445,
		0.42037633061408997,
		0.03486344963312149,
		0.9997566342353821
	],
	"20. right_elbow": [
		0.498548686504364,
		0.4986640214920044,
		0.08908611536026001,
		0.7970735430717468
	],
	"21. right_wrist": [
		0.45602455735206604,
		0.4919532239437103,
		0.028318123891949654,
		0.8429598212242126
	],
	"24. nose": [
		0.5471618175506592,
		0.3405868709087372,
		-0.1528564840555191,
		0.9999597072601318
	],
	"25. left_eye": [
		0.5541069507598877,
		0.3334193825721741,
		-0.14024706184864044,
		0.999901533126831
	],
	"26. right_eye": [
		0.5408896803855896,
		0.3326701521873474,
		-0.13556183874607086,
		0.9998743534088135
	],
	"27. left_ear": [
		0.5622190833091736,
		0.3426431715488434,
		-0.10036657750606537,
		0.999843180179596
	],
	"28. right_ear": [
		0.5364864468574524,
		0.3417460024356842,
		-0.05573009327054024,
		0.9996538162231445
	],
	"time stamp": 23
}