{
	"1. left_hip": [
		0.5547655820846558,
		0.5952579975128174,
		-0.0528302900493145,
		0.9998140931129456
	],
	"2. left_knee": [
		0.5622455477714539,
		0.7322975993156433,
		-0.04609936103224754,
		0.9968289136886597
	],
	"3. left_ankle": [
		0.5910091996192932,
		0.8377140760421753,
		0.08229099959135056,
		0.9943593740463257
	],
	"6. right_hip": [
		0.5165955424308777,
		0.5844789147377014,
		0.052731845527887344,
		0.9998115301132202
	],
	"7. right_knee": [
		0.47371965646743774,
		0.708123505115509,
		0.03582684323191643,
		0.99467933177948
	],
	"8. right_ankle": [
		0.43741047382354736,
		0.8199740052223206,
		0.11830759048461914,
		0.9956938624382019
	],
	"14. left_shoulder": [
		0.5791605114936829,
		0.3940761089324951,
		-0.09790635108947754,
		0.9999203681945801
	],
	"15. left_elbow": [
		0.5847402811050415,
		0.4758168160915375,
		-0.21544788777828217,
		0.9940598607063293
	],
	"16. left_wrist": [
		0.5437471270561218,
		0.4303000569343567,
		-0.37621253728866577,
		0.9887875914573669
	],
	"19. right_shoulder": [
		0.5202963352203369,
		0.40407323837280273,
		0.05748042091727257,
		0.9997467994689941
	],
	"20. right_elbow": [
		0.5002859234809875,
		0.4846866726875305,
		0.09524546563625336,
		0.7920947074890137
	],
	"21. right_wrist": [
		0.45605942606925964,
		0.46527400612831116,
		-0.005839717574417591,
		0.8490114808082581
	],
	"24. nose": [
		0.5448732376098633,
		0.32715940475463867,
		-0.16298112273216248,
		0.9999596476554871
	],
	"25. left_eye": [
		0.5515523552894592,
		0.31888511776924133,
		-0.1539779156446457,
		0.9999052882194519
	],
	"26. right_eye": [
		0.5386366844177246,
		0.31813472509384155,
		-0.14687639474868774,
		0.9998770952224731
	],
	"27. left_ear": [
		0.5596382021903992,
		0.32684335112571716,
		-0.10019230842590332,
		0.9998539686203003
	],
	"28. right_ear": [
		0.5341342091560364,
		0.32619112730026245,
		-0.04991099610924721,
		0.9996635317802429
	],
	"time stamp": 23
}