{
	"1. left_hip": [
		0.5536625385284424,
		0.5813988447189331,
		-0.051614031195640564,
		0.9997990131378174
	],
	"2. left_knee": [
		0.5611024498939514,
		0.7211652398109436,
		-0.0681997612118721,
		0.9969490170478821
	],
	"3. left_ankle": [
		0.5905870199203491,
		0.8376383185386658,
		0.048472657799720764,
		0.9947165250778198
	],
	"6. right_hip": [
		0.5161128044128418,
		0.5704406499862671,
		0.05147932097315788,
		0.999778687953949
	],
	"7. right_knee": [
		0.4730193316936493,
		0.6938397884368896,
		0.03308602795004845,
		0.9947646856307983
	],
	"8. right_ankle": [
		0.4442860782146454,
		0.8109059929847717,
		0.13405926525592804,
		0.9957541227340698
	],
	"14. left_shoulder": [
		0.5775735974311829,
		0.3824719786643982,
		-0.07450754195451736,
		0.9999256134033203
	],
	"15. left_elbow": [
		0.5964986681938171,
		0.468475878238678,
		-0.18656322360038757,
		0.9944008588790894
	],
	"16. left_wrist": [
		0.5737795829772949,
		0.445390909910202,
		-0.37189120054244995,
		0.9890866875648499
	],
	"19. right_shoulder": [
		0.519196629524231,
		0.38909682631492615,
		0.06013158708810806,
		0.9997537732124329
	],
	"20. right_elbow": [
		0.49783292412757874,
		0.4620429277420044,
		0.07381780445575714,
		0.8091941475868225
	],
	"21. right_wrist": [
		0.4557687044143677,
		0.42749425768852234,
		-0.0541936419904232,
		0.8635889887809753
	],
	"24. nose": [
		0.5443282127380371,
		0.3174823224544525,
		-0.16436845064163208,
		0.9999596476554871
	],
	"25. left_eye": [
		0.5505298376083374,
		0.307772159576416,
		-0.15688952803611755,
		0.9999082088470459
	],
	"26. right_eye": [
		0.5373463034629822,
		0.3075202703475952,
		-0.1479882150888443,
		0.9998787045478821
	],
	"27. left_ear": [
		0.5584443807601929,
		0.31553885340690613,
		-0.09188706427812576,
		0.9998630285263062
	],
	"28. right_ear": [
		0.5327380895614624,
		0.31513476371765137,
		-0.04460429772734642,
		0.9996774196624756
	],
	"time stamp": 23
}