{
	"1. left_hip": [
		0.5453658699989319,
		0.5660069584846497,
		-0.041738055646419525,
		0.9997758269309998
	],
	"2. left_knee": [
		0.555209755897522,
		0.7141412496566772,
		-0.06535077095031738,
		0.9971354007720947
	],
	"3. left_ankle": [
		0.5856325030326843,
		0.8362782001495361,
		0.07046030461788177,
		0.9950854778289795
	],
	"6. right_hip": [
		0.5072522163391113,
		0.556576132774353,
		0.04162738844752312,
		0.9997695684432983
	],
	"7. right_knee": [
		0.4695127606391907,
		0.6831027269363403,
		0.03127709776163101,
		0.9950229525566101
	],
	"8. right_ankle": [
		0.4580022990703583,
		0.8032048344612122,
		0.16383974254131317,
		0.9958894848823547
	],
	"14. left_shoulder": [
		0.5687733888626099,
		0.368388831615448,
		-0.06263721734285355,
		0.9999253749847412
	],
	"15. left_elbow": [
		0.5861487984657288,
		0.45944955945014954,
		-0.05358221009373665,
		0.993640661239624
	],
	"16. left_wrist": [
		0.5961295366287231,
		0.48188066482543945,
		-0.1195824071764946,
		0.9861996173858643
	],
	"19. right_shoulder": [
		0.5055117607116699,
		0.37433916330337524,
		0.03270433098077774,
		0.99976646900177
	],
	"20. right_elbow": [
		0.47708624601364136,
		0.4413841664791107,
		-0.045799754559993744,
		0.827032208442688
	],
	"21. right_wrist": [
		0.4614511728286743,
		0.3692772686481476,
		-0.2550528943538666,
		0.8770813345909119
	],
	"24. nose": [
		0.5338908433914185,
		0.3001020848751068,
		-0.1744711846113205,
		0.9999621510505676
	],
	"25. left_eye": [
		0.5410863757133484,
		0.28878796100616455,
		-0.1658211648464203,
		0.9999117851257324
	],
	"26. right_eye": [
		0.5279830098152161,
		0.28846389055252075,
		-0.15903541445732117,
		0.9998868703842163
	],
	"27. left_ear": [
		0.5487362146377563,
		0.29752686619758606,
		-0.09829165786504745,
		0.999870777130127
	],
	"28. right_ear": [
		0.5236789584159851,
		0.2965998947620392,
		-0.053880248218774796,
		0.9997000694274902
	],
	"time stamp": 23
}