{
	"1. left_hip": [
		0.5403196811676025,
		0.5573229193687439,
		-0.028456615284085274,
		0.9997827410697937
	],
	"2. left_knee": [
		0.5475471019744873,
		0.7049725651741028,
		-0.04526121914386749,
		0.9973184466362
	],
	"3. left_ankle": [
		0.5730955004692078,
		0.821820080280304,
		0.09954667836427689,
		0.9954326748847961
	],
	"6. right_hip": [
		0.5018394589424133,
		0.5507112145423889,
		0.028318140655755997,
		0.9997684359550476
	],
	"7. right_knee": [
		0.46941879391670227,
		0.6801367998123169,
		0.031100932508707047,
		0.9951566457748413
	],
	"8. right_ankle": [
		0.4672612249851227,
		0.8012858629226685,
		0.18051587045192719,
		0.9960153102874756
	],
	"14. left_shoulder": [
		0.5602760314941406,
		0.35952919721603394,
		-0.049647051841020584,
		0.9999313950538635
	],
	"15. left_elbow": [
		0.5835357308387756,
		0.4361042082309723,
		0.026046741753816605,
		0.9938108921051025
	],
	"16. left_wrist": [
		0.610586941242218,
		0.48070022463798523,
		0.02632179856300354,
		0.9868137836456299
	],
	"19. right_shoulder": [
		0.4971104860305786,
		0.3604199290275574,
		-0.022958243265748024,
		0.9997657537460327
	],
	"20. right_elbow": [
		0.47311320900917053,
		0.4319080710411072,
		-0.1199783980846405,
		0.8420754671096802
	],
	"21. right_wrist": [
		0.4788130819797516,
		0.3628377318382263,
		-0.3302380442619324,
		0.8888582587242126
	],
	"24. nose": [
		0.5288490056991577,
		0.2943877875804901,
		-0.20330968499183655,
		0.999965250492096
	],
	"25. left_eye": [
		0.5359913110733032,
		0.28361865878105164,
		-0.19223862886428833,
		0.9999178051948547
	],
	"26. right_eye": [
		0.5232860445976257,
		0.28287839889526367,
		-0.19065073132514954,
		0.9998958706855774
	],
	"27. left_ear": [
		0.5424028038978577,
		0.2911757826805115,
		-0.10519814491271973,
		0.9998812079429626
	],
	"28. right_ear": [
		0.5179210901260376,
		0.2889697253704071,
		-0.09702557325363159,
		0.9997236728668213
	],
	"time stamp": 23
}