{
	"1. left_hip": [
		0.5361952185630798,
		0.5587679743766785,
		-0.015733258798718452,
		0.9997360110282898
	],
	"2. left_knee": [
		0.5394196510314941,
		0.7053936719894409,
		-0.010638875886797905,
		0.9973573088645935
	],
	"3. left_ankle": [
		0.5584225058555603,
		0.8233100175857544,
		0.11325932294130325,
		0.995564341545105
	],
	"6. right_hip": [
		0.4975312054157257,
		0.5535486936569214,
		0.015696825459599495,
		0.9997214078903198
	],
	"7. right_knee": [
		0.47314736247062683,
		0.6852622032165527,
		0.017198190093040466,
		0.9953200221061707
	],
	"8. right_ankle": [
		0.4730745255947113,
		0.8026827573776245,
		0.16285473108291626,
		0.9961105585098267
	],
	"14. left_shoulder": [
		0.5545406937599182,
		0.3590402901172638,
		-0.028935633599758148,
		0.9999321103096008
	],
	"15. left_elbow": [
		0.579631507396698,
		0.4382235109806061,
		0.007018368225544691,
		0.9937304258346558
	],
	"16. left_wrist": [
		0.620258629322052,
		0.4913473427295685,
		-0.033984918147325516,
		0.986788272857666
	],
	"19. right_shoulder": [
		0.49145665764808655,
		0.36261820793151855,
		-0.030584635213017464,
		0.999742329120636
	],
	"20. right_elbow": [
		0.4696802496910095,
		0.42814886569976807,
		-0.140345960855484,
		0.8567520976066589
	],
	"21. right_wrist": [
		0.4960234463214874,
		0.3653634488582611,
		-0.31767016649246216,
		0.8992418050765991
	],
	"24. nose": [
		0.5232784152030945,
		0.29192250967025757,
		-0.19921430945396423,
		0.9999651312828064
	],
	"25. left_eye": [
		0.5306165814399719,
		0.28216394782066345,
		-0.18075628578662872,
		0.9999130368232727
	],
	"26. right_eye": [
		0.5180794596672058,
		0.2801530063152313,
		-0.18082424998283386,
		0.9998942017555237
	],
	"27. left_ear": [
		0.5370544791221619,
		0.2907412350177765,
		-0.08837894350290298,
		0.9998809099197388
	],
	"28. right_ear": [
		0.512665867805481,
		0.28710809350013733,
		-0.08536668866872787,
		0.9997276067733765
	],
	"time stamp": 23
}