{
	"1. left_hip": [
		0.5329017639160156,
		0.5603760480880737,
		-0.014674966223537922,
		0.9996426105499268
	],
	"2. left_knee": [
		0.5355572700500488,
		0.7084370255470276,
		-0.01837739907205105,
		0.9973666667938232
	],
	"3. left_ankle": [
		0.5482056140899658,
		0.8242296576499939,
		0.10779385268688202,
		0.9955735802650452
	],
	"6. right_hip": [
		0.49306607246398926,
		0.5581907033920288,
		0.014689339324831963,
		0.9996522665023804
	],
	"7. right_knee": [
		0.4778319001197815,
		0.6914498805999756,
		0.009786732494831085,
		0.995409369468689
	],
	"8. right_ankle": [
		0.47791171073913574,
		0.8159894943237305,
		0.13498497009277344,
		0.996181845664978
	],
	"14. left_shoulder": [
		0.5495165586471558,
		0.36478009819984436,
		-0.010850552469491959,
		0.9999223351478577
	],
	"15. left_elbow": [
		0.5784916281700134,
		0.44300392270088196,
		0.012332672253251076,
		0.9926499128341675
	],
	"16. left_wrist": [
		0.6152979135513306,
		0.4933391511440277,
		-0.04270412027835846,
		0.9849026799201965
	],
	"19. right_shoulder": [
		0.48673978447914124,
		0.36512327194213867,
		-0.01260498445481062,
		0.9997190833091736
	],
	"20. right_elbow": [
		0.4698687493801117,
		0.43416646122932434,
		-0.12315228581428528,
		0.8691931366920471
	],
	"21. right_wrist": [
		0.5029300451278687,
		0.3874155282974243,
		-0.3059387505054474,
		0.908212423324585
	],
	"24. nose": [
		0.5189664363861084,
		0.29466360807418823,
		-0.16890312731266022,
		0.9999580383300781
	],
	"25. left_eye": [
		0.5261154770851135,
		0.28463512659072876,
		-0.15406468510627747,
		0.9998880624771118
	],
	"26. right_eye": [
		0.5130996108055115,
		0.28328728675842285,
		-0.15362440049648285,
		0.9998775720596313
	],
	"27. left_ear": [
		0.5324659943580627,
		0.2928203046321869,
		-0.06758693605661392,
		0.999864935874939
	],
	"28. right_ear": [
		0.5062448382377625,
		0.2896534502506256,
		-0.06237439066171646,
		0.9997103214263916
	],
	"time stamp": 23
}