{
	"1. left_hip": [
		0.5238162279129028,
		0.5653636455535889,
		-0.006358590442687273,
		0.9996197819709778
	],
	"2. left_knee": [
		0.5267131924629211,
		0.7088543176651001,
		-0.009850653819739819,
		0.9974014163017273
	],
	"3. left_ankle": [
		0.5436176657676697,
		0.8249583840370178,
		0.10927194356918335,
		0.9956492185592651
	],
	"6. right_hip": [
		0.4863079786300659,
		0.558476448059082,
		0.006443672813475132,
		0.9996271729469299
	],
	"7. right_knee": [
		0.48300448060035706,
		0.7068685293197632,
		0.010333669371902943,
		0.9955898523330688
	],
	"8. right_ankle": [
		0.48094239830970764,
		0.8271504044532776,
		0.13355769217014313,
		0.9962456226348877
	],
	"14. left_shoulder": [
		0.5431854724884033,
		0.3683384656906128,
		0.001422676257789135,
		0.9999186396598816
	],
	"15. left_elbow": [
		0.5668156743049622,
		0.4567623436450958,
		0.016368819400668144,
		0.9900462627410889
	],
	"16. left_wrist": [
		0.6232115626335144,
		0.4843263328075409,
		-0.05563187226653099,
		0.9822371602058411
	],
	"19. right_shoulder": [
		0.4798780381679535,
		0.37208977341651917,
		-0.017342684790492058,
		0.9997113943099976
	],
	"20. right_elbow": [
		0.4724142551422119,
		0.43919602036476135,
		-0.11673051863908768,
		0.8753403425216675
	],
	"21. right_wrist": [
		0.5061004161834717,
		0.4298192262649536,
		-0.28459879755973816,
		0.9115760326385498
	],
	"24. nose": [
		0.513348400592804,
		0.3003816306591034,
		-0.1570325791835785,
		0.999960720539093
	],
	"25. left_eye": [
		0.5194823145866394,
		0.2903841733932495,
		-0.14168763160705566,
		0.9998950362205505
	],
	"26. right_eye": [
		0.506841242313385,
		0.28935518860816956,
		-0.14165285229682922,
		0.9998849630355835
	],
	"27. left_ear": [
		0.5261052250862122,
		0.2987576127052307,
		-0.05516693368554115,
		0.9998744130134583
	],
	"28. right_ear": [
		0.49890515208244324,
		0.29690316319465637,
		-0.05401153117418289,
		0.9997320771217346
	],
	"time stamp": 23
}