{
	"1. left_hip": [
		0.5219714641571045,
		0.5682106614112854,
		-0.005785022862255573,
		0.9996082186698914
	],
	"2. left_knee": [
		0.5248567461967468,
		0.7110407948493958,
		0.001742335269227624,
		0.9975148439407349
	],
	"3. left_ankle": [
		0.5429233312606812,
		0.8252822160720825,
		0.1387929469347,
		0.9958510994911194
	],
	"6. right_hip": [
		0.48346126079559326,
		0.5591669678688049,
		0.005785481538623571,
		0.9996132254600525
	],
	"7. right_knee": [
		0.4818834960460663,
		0.7118110060691833,
		0.020379554480314255,
		0.9958692193031311
	],
	"8. right_ankle": [
		0.4801493287086487,
		0.8279964923858643,
		0.14713701605796814,
		0.9964166879653931
	],
	"14. left_shoulder": [
		0.5416167378425598,
		0.3688772916793823,
		-0.03243463858962059,
		0.9999111294746399
	],
	"15. left_elbow": [
		0.5668678283691406,
		0.455731064081192,
		-0.03607175126671791,
		0.98951655626297
	],
	"16. left_wrist": [
		0.6217494606971741,
		0.43993258476257324,
		-0.10554253309965134,
		0.9811856150627136
	],
	"19. right_shoulder": [
		0.4752814471721649,
		0.3754275143146515,
		-0.05638647451996803,
		0.9997081756591797
	],
	"20. right_elbow": [
		0.47091352939605713,
		0.4517366588115692,
		-0.14264051616191864,
		0.8839804530143738
	],
	"21. right_wrist": [
		0.5017361044883728,
		0.463113009929657,
		-0.2904007136821747,
		0.9167517423629761
	],
	"24. nose": [
		0.5106637477874756,
		0.30124711990356445,
		-0.19235680997371674,
		0.9999638199806213
	],
	"25. left_eye": [
		0.5180407166481018,
		0.29164010286331177,
		-0.17620280385017395,
		0.9999030232429504
	],
	"26. right_eye": [
		0.5046332478523254,
		0.289612740278244,
		-0.17795014381408691,
		0.9998941421508789
	],
	"27. left_ear": [
		0.5245344042778015,
		0.301045298576355,
		-0.08221165090799332,
		0.9998838305473328
	],
	"28. right_ear": [
		0.496660053730011,
		0.29798945784568787,
		-0.0941048413515091,
		0.9997556805610657
	],
	"time stamp": 23
}