{
	"1. left_hip": [
		0.5199242830276489,
		0.5666331648826599,
		-0.008444679901003838,
		0.9996065497398376
	],
	"2. left_knee": [
		0.5236130356788635,
		0.7120668292045593,
		0.010470733977854252,
		0.9976254105567932
	],
	"3. left_ankle": [
		0.5434836149215698,
		0.8256006240844727,
		0.12741583585739136,
		0.9961051344871521
	],
	"6. right_hip": [
		0.48170244693756104,
		0.5604754686355591,
		0.008445831947028637,
		0.9996163249015808
	],
	"7. right_knee": [
		0.4811026155948639,
		0.7104594111442566,
		0.020617840811610222,
		0.9961519241333008
	],
	"8. right_ankle": [
		0.4776037931442261,
		0.8275622725486755,
		0.13342905044555664,
		0.9966148138046265
	],
	"14. left_shoulder": [
		0.5404736399650574,
		0.3708476722240448,
		-0.008951768279075623,
		0.999914824962616
	],
	"15. left_elbow": [
		0.5638794898986816,
		0.4517347514629364,
		-0.03388693183660507,
		0.9893684387207031
	],
	"16. left_wrist": [
		0.6079699397087097,
		0.40336230397224426,
		-0.12541459500789642,
		0.9811046123504639
	],
	"19. right_shoulder": [
		0.4752669930458069,
		0.36854350566864014,
		-0.02934921346604824,
		0.9997328519821167
	],
	"20. right_elbow": [
		0.46722397208213806,
		0.45233407616615295,
		-0.027654536068439484,
		0.8930880427360535
	],
	"21. right_wrist": [
		0.4931725561618805,
		0.5009796619415283,
		-0.09519845247268677,
		0.9229421615600586
	],
	"24. nose": [
		0.5095606446266174,
		0.29736706614494324,
		-0.1718064844608307,
		0.9999672174453735
	],
	"25. left_eye": [
		0.5175694823265076,
		0.28880515694618225,
		-0.15612463653087616,
		0.999911904335022
	],
	"26. right_eye": [
		0.5037482976913452,
		0.28656837344169617,
		-0.15951940417289734,
		0.9999039769172668
	],
	"27. left_ear": [
		0.523940920829773,
		0.2977430820465088,
		-0.06769991666078568,
		0.9998940229415894
	],
	"28. right_ear": [
		0.49664753675460815,
		0.2938287854194641,
		-0.09289423376321793,
		0.9997795224189758
	],
	"time stamp": 23
}