{
	"1. left_hip": [
		0.5200113654136658,
		0.5588102340698242,
		-0.010231073945760727,
		0.9996262788772583
	],
	"2. left_knee": [
		0.524467408657074,
		0.7086625695228577,
		0.005159427411854267,
		0.9976925253868103
	],
	"3. left_ankle": [
		0.542788028717041,
		0.8260347247123718,
		0.12239094823598862,
		0.9962764382362366
	],
	"6. right_hip": [
		0.4806196987628937,
		0.5538243651390076,
		0.010271510109305382,
		0.9996262788772583
	],
	"7. right_knee": [
		0.4752481281757355,
		0.7057890295982361,
		0.013908774591982365,
		0.9963944554328918
	],
	"8. right_ankle": [
		0.473567396402359,
		0.8266589045524597,
		0.13222821056842804,
		0.9967519640922546
	],
	"14. left_shoulder": [
		0.5393021702766418,
		0.36647123098373413,
		-0.004945035092532635,
		0.9999216198921204
	],
	"15. left_elbow": [
		0.5647122859954834,
		0.4267154633998871,
		-0.06644931435585022,
		0.9899036288261414
	],
	"16. left_wrist": [
		0.6037176847457886,
		0.3589748442173004,
		-0.21364159882068634,
		0.9816926121711731
	],
	"19. right_shoulder": [
		0.47372421622276306,
		0.35787421464920044,
		-0.003739588661119342,
		0.9997434020042419
	],
	"20. right_elbow": [
		0.4665486216545105,
		0.44580647349357605,
		0.03257441893219948,
		0.886436402797699
	],
	"21. right_wrist": [
		0.474317729473114,
		0.5117312073707581,
		0.0010861759074032307,
		0.8992817401885986
	],
	"24. nose": [
		0.5082566142082214,
		0.289328932762146,
		-0.1552358716726303,
		0.9999701380729675
	],
	"25. left_eye": [
		0.5163336396217346,
		0.2811542749404907,
		-0.13957656919956207,
		0.9999198317527771
	],
	"26. right_eye": [
		0.5029162764549255,
		0.27803176641464233,
		-0.14203959703445435,
		0.9999118447303772
	],
	"27. left_ear": [
		0.5227108597755432,
		0.29184654355049133,
		-0.04983873665332794,
		0.9999035000801086
	],
	"28. right_ear": [
		0.496782511472702,
		0.2850683629512787,
		-0.06288911402225494,
		0.9998000860214233
	],
	"time stamp": 23
}