{
	"1. left_hip": [
		0.5150459408760071,
		0.5528926849365234,
		-0.011829380877315998,
		0.9996357560157776
	],
	"2. left_knee": [
		0.5238572359085083,
		0.7015960812568665,
		0.001980198547244072,
		0.9975293874740601
	],
	"3. left_ankle": [
		0.5412584543228149,
		0.8195748925209045,
		0.10270938277244568,
		0.9962033033370972
	],
	"6. right_hip": [
		0.47428539395332336,
		0.5464113354682922,
		0.011758009903132915,
		0.9996239542961121
	],
	"7. right_knee": [
		0.46403661370277405,
		0.6910514831542969,
		0.009522564709186554,
		0.996505856513977
	],
	"8. right_ankle": [
		0.4607941210269928,
		0.8112673163414001,
		0.11954785883426666,
		0.9966694712638855
	],
	"14. left_shoulder": [
		0.5362843871116638,
		0.36277860403060913,
		-0.008555036969482899,
		0.9999159574508667
	],
	"15. left_elbow": [
		0.5646323561668396,
		0.39206215739250183,
		-0.1433381885290146,
		0.9905145764350891
	],
	"16. left_wrist": [
		0.5496252775192261,
		0.3326159715652466,
		-0.298776775598526,
		0.9818524718284607
	],
	"19. right_shoulder": [
		0.472584068775177,
		0.3549440801143646,
		0.0027693461161106825,
		0.9997581839561462
	],
	"20. right_elbow": [
		0.45409315824508667,
		0.4392646849155426,
		0.040572505444288254,
		0.8941699862480164
	],
	"21. right_wrist": [
		0.43530037999153137,
		0.5089301466941833,
		-0.014907692559063435,
		0.9044957756996155
	],
	"24. nose": [
		0.5065618753433228,
		0.2896113097667694,
		-0.16022993624210358,
		0.9999706745147705
	],
	"25. left_eye": [
		0.5142852067947388,
		0.2808147668838501,
		-0.14664630591869354,
		0.9999179244041443
	],
	"26. right_eye": [
		0.500987708568573,
		0.27817702293395996,
		-0.14619854092597961,
		0.9999096393585205
	],
	"27. left_ear": [
		0.5211655497550964,
		0.29073643684387207,
		-0.06383658200502396,
		0.9998935461044312
	],
	"28. right_ear": [
		0.4951912760734558,
		0.28474852442741394,
		-0.06199216470122337,
		0.9998072981834412
	],
	"time stamp": 23
}