{
	"1. left_hip": [
		0.5129569172859192,
		0.5518103837966919,
		-0.01171582005918026,
		0.9996477365493774
	],
	"2. left_knee": [
		0.5209075808525085,
		0.6935476064682007,
		-3.4453343687346205e-05,
		0.9973725080490112
	],
	"3. left_ankle": [
		0.5402266383171082,
		0.8101173639297485,
		0.10298744589090347,
		0.9959956407546997
	],
	"6. right_hip": [
		0.474201500415802,
		0.545796811580658,
		0.011554889380931854,
		0.9996376633644104
	],
	"7. right_knee": [
		0.46054738759994507,
		0.6858595609664917,
		0.010347003117203712,
		0.9966177940368652
	],
	"8. right_ankle": [
		0.4498066306114197,
		0.8082339763641357,
		0.1136651411652565,
		0.9965766072273254
	],
	"14. left_shoulder": [
		0.531909704208374,
		0.36440929770469666,
		-0.020807364955544472,
		0.9998988509178162
	],
	"15. left_elbow": [
		0.554977536201477,
		0.3829038441181183,
		-0.18626269698143005,
		0.9907471537590027
	],
	"16. left_wrist": [
		0.5195909142494202,
		0.3432651460170746,
		-0.35728466510772705,
		0.9823049306869507
	],
	"19. right_shoulder": [
		0.47088804841041565,
		0.35905569791793823,
		0.01838979870080948,
		0.9997714161872864
	],
	"20. right_elbow": [
		0.44423532485961914,
		0.4369312822818756,
		0.040117084980010986,
		0.9026541709899902
	],
	"21. right_wrist": [
		0.4210897982120514,
		0.5061465501785278,
		-0.007330672349780798,
		0.9100058078765869
	],
	"24. nose": [
		0.5063833594322205,
		0.29203251004219055,
		-0.13170693814754486,
		0.9999709725379944
	],
	"25. left_eye": [
		0.5134437680244446,
		0.28292784094810486,
		-0.11845960468053818,
		0.9999165534973145
	],
	"26. right_eye": [
		0.5004133582115173,
		0.28050440549850464,
		-0.1157878041267395,
		0.9999086260795593
	],
	"27. left_ear": [
		0.519462525844574,
		0.2929753065109253,
		-0.046472325921058655,
		0.9998826384544373
	],
	"28. right_ear": [
		0.49396106600761414,
		0.28739795088768005,
		-0.03352684900164604,
		0.9998123049736023
	],
	"time stamp": 23
}