{
	"1. left_hip": [
		0.5135157108306885,
		0.5546956658363342,
		-0.01646522246301174,
		0.9996655583381653
	],
	"2. left_knee": [
		0.5184987187385559,
		0.6976637244224548,
		-0.03190157189965248,
		0.9971849322319031
	],
	"3. left_ankle": [
		0.5393725037574768,
		0.812381386756897,
		0.10318469256162643,
		0.9955540895462036
	],
	"6. right_hip": [
		0.4737469255924225,
		0.5491989254951477,
		0.016255894675850868,
		0.9996446967124939
	],
	"7. right_knee": [
		0.4578397274017334,
		0.6880526542663574,
		0.020041730254888535,
		0.9963557124137878
	],
	"8. right_ankle": [
		0.4410458505153656,
		0.8090966939926147,
		0.1344071924686432,
		0.996215283870697
	],
	"14. left_shoulder": [
		0.5307774543762207,
		0.3654176592826843,
		-0.025839580222964287,
		0.9998964667320251
	],
	"15. left_elbow": [
		0.5458754301071167,
		0.38512730598449707,
		-0.18909743428230286,
		0.9906153678894043
	],
	"16. left_wrist": [
		0.5060760378837585,
		0.3577560782432556,
		-0.3614368438720703,
		0.9822329878807068
	],
	"19. right_shoulder": [
		0.46894246339797974,
		0.36686307191848755,
		0.03456239402294159,
		0.9997723698616028
	],
	"20. right_elbow": [
		0.4405847191810608,
		0.4398397207260132,
		0.0499027781188488,
		0.9088205099105835
	],
	"21. right_wrist": [
		0.4093780517578125,
		0.499286025762558,
		-0.007043902296572924,
		0.9141815304756165
	],
	"24. nose": [
		0.5053725838661194,
		0.292911559343338,
		-0.1238873228430748,
		0.9999713897705078
	],
	"25. left_eye": [
		0.5119661092758179,
		0.2834022045135498,
		-0.11023378372192383,
		0.9999183416366577
	],
	"26. right_eye": [
		0.49876585602760315,
		0.2816481590270996,
		-0.10788418352603912,
		0.9999096393585205
	],
	"27. left_ear": [
		0.5174387097358704,
		0.29336056113243103,
		-0.03621109202504158,
		0.9998839497566223
	],
	"28. right_ear": [
		0.49068325757980347,
		0.2874990999698639,
		-0.02373678609728813,
		0.999817430973053
	],
	"time stamp": 23
}