{
	"1. left_hip": [
		0.5111743211746216,
		0.5601129531860352,
		-0.02020101249217987,
		0.9996808767318726
	],
	"2. left_knee": [
		0.51578289270401,
		0.6988950967788696,
		-0.03127339482307434,
		0.9969893097877502
	],
	"3. left_ankle": [
		0.5374905467033386,
		0.8140926957130432,
		0.10122150182723999,
		0.9951630234718323
	],
	"6. right_hip": [
		0.4721924364566803,
		0.554958701133728,
		0.019989732652902603,
		0.9996501803398132
	],
	"7. right_knee": [
		0.45569074153900146,
		0.69233238697052,
		0.02619292587041855,
		0.9961436986923218
	],
	"8. right_ankle": [
		0.4356697201728821,
		0.812665581703186,
		0.1382247507572174,
		0.9958988428115845
	],
	"14. left_shoulder": [
		0.5308867692947388,
		0.3693406879901886,
		-0.03780079632997513,
		0.9998918771743774
	],
	"15. left_elbow": [
		0.5268305540084839,
		0.3960348665714264,
		-0.18805555999279022,
		0.9903757572174072
	],
	"16. left_wrist": [
		0.48791080713272095,
		0.36979150772094727,
		-0.35124462842941284,
		0.9833088517189026
	],
	"19. right_shoulder": [
		0.4704364240169525,
		0.376558393239975,
		0.05212400108575821,
		0.9997528791427612
	],
	"20. right_elbow": [
		0.43952831625938416,
		0.44123750925064087,
		0.07590876519680023,
		0.9121161699295044
	],
	"21. right_wrist": [
		0.400869220495224,
		0.4980214536190033,
		0.01838599145412445,
		0.9183518886566162
	],
	"24. nose": [
		0.5037205815315247,
		0.303964763879776,
		-0.11235905438661575,
		0.9999671578407288
	],
	"25. left_eye": [
		0.509489119052887,
		0.29351186752319336,
		-0.10136286169290543,
		0.9999099969863892
	],
	"26. right_eye": [
		0.49650025367736816,
		0.29348310828208923,
		-0.09626498073339462,
		0.999888002872467
	],
	"27. left_ear": [
		0.5155282020568848,
		0.30228108167648315,
		-0.03518985956907272,
		0.9998683929443359
	],
	"28. right_ear": [
		0.48902860283851624,
		0.3014567196369171,
		-0.010541778989136219,
		0.9997718334197998
	],
	"time stamp": 23
}