{
	"1. left_hip": [
		0.508097231388092,
		0.5842354893684387,
		-0.026322344318032265,
		0.9996627569198608
	],
	"2. left_knee": [
		0.5141938328742981,
		0.7186487913131714,
		-0.03215387463569641,
		0.9968016147613525
	],
	"3. left_ankle": [
		0.5365279316902161,
		0.8178417682647705,
		0.1416880339384079,
		0.9948416948318481
	],
	"6. right_hip": [
		0.4686046242713928,
		0.578523576259613,
		0.0261908657848835,
		0.9996349215507507
	],
	"7. right_knee": [
		0.45306524634361267,
		0.7090660929679871,
		0.022354502230882645,
		0.995944619178772
	],
	"8. right_ankle": [
		0.43550777435302734,
		0.8191906213760376,
		0.15384499728679657,
		0.9956884980201721
	],
	"14. left_shoulder": [
		0.5268863439559937,
		0.39266684651374817,
		-0.08846502006053925,
		0.9998590350151062
	],
	"15. left_elbow": [
		0.5059850811958313,
		0.4324081838130951,
		-0.20135729014873505,
		0.9886475205421448
	],
	"16. left_wrist": [
		0.467064768075943,
		0.4317674934864044,
		-0.3362998962402344,
		0.9824708104133606
	],
	"19. right_shoulder": [
		0.46571823954582214,
		0.3948710560798645,
		0.03871084749698639,
		0.9996175765991211
	],
	"20. right_elbow": [
		0.4342081844806671,
		0.4542301297187805,
		0.03903637453913689,
		0.9110421538352966
	],
	"21. right_wrist": [
		0.3913973569869995,
		0.4568149149417877,
		-0.06661009043455124,
		0.9204881191253662
	],
	"24. nose": [
		0.5001670718193054,
		0.32731893658638,
		-0.12024911493062973,
		0.999893069267273
	],
	"25. left_eye": [
		0.5060666799545288,
		0.317710816860199,
		-0.1189844161272049,
		0.9997618794441223
	],
	"26. right_eye": [
		0.492848664522171,
		0.3163233995437622,
		-0.09853260219097137,
		0.9996136426925659
	],
	"27. left_ear": [
		0.5109192132949829,
		0.3263991177082062,
		-0.06438347697257996,
		0.999686062335968
	],
	"28. right_ear": [
		0.48514917492866516,
		0.3238111734390259,
		-0.026037927716970444,
		0.9990352988243103
	],
	"time stamp": 23
}