{
	"1. left_hip": [
		0.5024104118347168,
		0.5889028906822205,
		-0.030448826029896736,
		0.9996353387832642
	],
	"2. left_knee": [
		0.5108517408370972,
		0.7242671251296997,
		-0.03556635230779648,
		0.9968929886817932
	],
	"3. left_ankle": [
		0.5365650057792664,
		0.8180567622184753,
		0.13487328588962555,
		0.9949115514755249
	],
	"6. right_hip": [
		0.4648831784725189,
		0.5833604335784912,
		0.03032924234867096,
		0.9996049404144287
	],
	"7. right_knee": [
		0.44864845275878906,
		0.7144904136657715,
		0.038023803383111954,
		0.995877206325531
	],
	"8. right_ankle": [
		0.4350346624851227,
		0.8229653835296631,
		0.17556580901145935,
		0.9956168532371521
	],
	"14. left_shoulder": [
		0.5219513177871704,
		0.39599329233169556,
		-0.08809681981801987,
		0.9998592138290405
	],
	"15. left_elbow": [
		0.5154688358306885,
		0.45869970321655273,
		-0.1846524178981781,
		0.9890986680984497
	],
	"16. left_wrist": [
		0.4794369637966156,
		0.45411762595176697,
		-0.3166484832763672,
		0.9833027720451355
	],
	"19. right_shoulder": [
		0.46190887689590454,
		0.39685308933258057,
		0.032687265425920486,
		0.9995805621147156
	],
	"20. right_elbow": [
		0.43272775411605835,
		0.4563826620578766,
		0.0017101202392950654,
		0.9138754606246948
	],
	"21. right_wrist": [
		0.3927965462207794,
		0.4279051125049591,
		-0.16310983896255493,
		0.9259336590766907
	],
	"24. nose": [
		0.49445903301239014,
		0.3282686471939087,
		-0.1512417048215866,
		0.9998893141746521
	],
	"25. left_eye": [
		0.5002738237380981,
		0.3200179636478424,
		-0.1453997939825058,
		0.9997586011886597
	],
	"26. right_eye": [
		0.48838430643081665,
		0.3187061548233032,
		-0.1342858076095581,
		0.999609112739563
	],
	"27. left_ear": [
		0.5050383806228638,
		0.32832661271095276,
		-0.08172137290239334,
		0.99969083070755
	],
	"28. right_ear": [
		0.4815531373023987,
		0.3262832760810852,
		-0.04562458023428917,
		0.9990134239196777
	],
	"time stamp": 23
}