{
	"1. left_hip": [
		0.5004751086235046,
		0.5860435962677002,
		-0.02845165878534317,
		0.9995583891868591
	],
	"2. left_knee": [
		0.510778546333313,
		0.7225813269615173,
		-0.014265595935285091,
		0.9970393776893616
	],
	"3. left_ankle": [
		0.5356678366661072,
		0.8184109330177307,
		0.14504922926425934,
		0.9951433539390564
	],
	"6. right_hip": [
		0.4611179232597351,
		0.5824304819107056,
		0.028272883966565132,
		0.9995623230934143
	],
	"7. right_knee": [
		0.4434855580329895,
		0.714424729347229,
		0.03339803218841553,
		0.9960276484489441
	],
	"8. right_ankle": [
		0.43342363834381104,
		0.8240187764167786,
		0.1732998788356781,
		0.9957420229911804
	],
	"14. left_shoulder": [
		0.5180692076683044,
		0.3956826627254486,
		-0.07887900620698929,
		0.9998075366020203
	],
	"15. left_elbow": [
		0.5100104212760925,
		0.48148539662361145,
		-0.167490154504776,
		0.9866539835929871
	],
	"16. left_wrist": [
		0.4860505759716034,
		0.4681491553783417,
		-0.30186039209365845,
		0.9780795574188232
	],
	"19. right_shoulder": [
		0.45666882395744324,
		0.39517682790756226,
		-0.0007184745045378804,
		0.9995598793029785
	],
	"20. right_elbow": [
		0.4214397966861725,
		0.4559960663318634,
		-0.0780581533908844,
		0.9187678694725037
	],
	"21. right_wrist": [
		0.3974744379520416,
		0.39923638105392456,
		-0.28202271461486816,
		0.9306557178497314
	],
	"24. nose": [
		0.4902007281780243,
		0.32677096128463745,
		-0.1835516393184662,
		0.9998866319656372
	],
	"25. left_eye": [
		0.49598968029022217,
		0.3175390064716339,
		-0.17386335134506226,
		0.9997573494911194
	],
	"26. right_eye": [
		0.48364558815956116,
		0.31666186451911926,
		-0.16951052844524384,
		0.9996215105056763
	],
	"27. left_ear": [
		0.5008544325828552,
		0.3257295787334442,
		-0.09825862944126129,
		0.9996868371963501
	],
	"28. right_ear": [
		0.47679564356803894,
		0.32559868693351746,
		-0.07895753532648087,
		0.9990546107292175
	],
	"time stamp": 23
}