{
	"1. left_hip": [
		0.4978254437446594,
		0.5850032567977905,
		-0.01865888573229313,
		0.9995409846305847
	],
	"2. left_knee": [
		0.5112255215644836,
		0.719649076461792,
		-0.013230675831437111,
		0.9971845149993896
	],
	"3. left_ankle": [
		0.5342746376991272,
		0.8186866641044617,
		0.15450525283813477,
		0.995406985282898
	],
	"6. right_hip": [
		0.4572063982486725,
		0.5795008540153503,
		0.018436061218380928,
		0.9995566010475159
	],
	"7. right_knee": [
		0.43635064363479614,
		0.7137907147407532,
		0.024659398943185806,
		0.9962472319602966
	],
	"8. right_ankle": [
		0.428469717502594,
		0.8228414058685303,
		0.1737140268087387,
		0.9959076046943665
	],
	"14. left_shoulder": [
		0.5119834542274475,
		0.393319696187973,
		-0.08024344593286514,
		0.9997806549072266
	],
	"15. left_elbow": [
		0.5082041621208191,
		0.4881046414375305,
		-0.13627062737941742,
		0.980791449546814
	],
	"16. left_wrist": [
		0.4856753647327423,
		0.5157185196876526,
		-0.26601871848106384,
		0.9666681289672852
	],
	"19. right_shoulder": [
		0.44889822602272034,
		0.39291220903396606,
		-0.02766204997897148,
		0.9995806813240051
	],
	"20. right_elbow": [
		0.41571030020713806,
		0.45104140043258667,
		-0.10688913613557816,
		0.9257209300994873
	],
	"21. right_wrist": [
		0.4068869948387146,
		0.3765137493610382,
		-0.3073728680610657,
		0.9369342923164368
	],
	"24. nose": [
		0.4845890402793884,
		0.32355350255966187,
		-0.20026421546936035,
		0.9998937845230103
	],
	"25. left_eye": [
		0.49027612805366516,
		0.31438758969306946,
		-0.18961958587169647,
		0.9997715950012207
	],
	"26. right_eye": [
		0.4774414300918579,
		0.31323906779289246,
		-0.18643824756145477,
		0.9996503591537476
	],
	"27. left_ear": [
		0.4952237010002136,
		0.32302066683769226,
		-0.11210818588733673,
		0.9996992945671082
	],
	"28. right_ear": [
		0.4695659279823303,
		0.3219265937805176,
		-0.09718355536460876,
		0.9991289973258972
	],
	"time stamp": 23
}