{
	"1. left_hip": [
		0.48677700757980347,
		0.5838584899902344,
		0.016780992969870567,
		0.9995734691619873
	],
	"2. left_knee": [
		0.5117152333259583,
		0.701261579990387,
		0.019434046000242233,
		0.9972262382507324
	],
	"3. left_ankle": [
		0.5271449685096741,
		0.8152281641960144,
		0.14961880445480347,
		0.9956376552581787
	],
	"6. right_hip": [
		0.4483891725540161,
		0.5781260132789612,
		-0.01691392995417118,
		0.9995884895324707
	],
	"7. right_knee": [
		0.4243059456348419,
		0.7122459411621094,
		-0.015377611853182316,
		0.996494710445404
	],
	"8. right_ankle": [
		0.4111054539680481,
		0.8146137595176697,
		0.10413198918104172,
		0.99619060754776
	],
	"14. left_shoulder": [
		0.5001879334449768,
		0.3907982409000397,
		-0.01573445275425911,
		0.9997699856758118
	],
	"15. left_elbow": [
		0.5087671875953674,
		0.47054222226142883,
		0.018320607021450996,
		0.9773474335670471
	],
	"16. left_wrist": [
		0.49613747000694275,
		0.5385928750038147,
		0.0022117444314062595,
		0.9629375338554382
	],
	"19. right_shoulder": [
		0.44016554951667786,
		0.38980212807655334,
		-0.08288510143756866,
		0.9995755553245544
	],
	"20. right_elbow": [
		0.41797739267349243,
		0.4054145812988281,
		-0.240348219871521,
		0.932266891002655
	],
	"21. right_wrist": [
		0.43557456135749817,
		0.3452094495296478,
		-0.41881757974624634,
		0.9419955015182495
	],
	"24. nose": [
		0.4707041382789612,
		0.32188037037849426,
		-0.19324839115142822,
		0.9999006390571594
	],
	"25. left_eye": [
		0.47616198658943176,
		0.3128071129322052,
		-0.17881585657596588,
		0.9997861981391907
	],
	"26. right_eye": [
		0.464476615190506,
		0.3114253282546997,
		-0.18087643384933472,
		0.9996780753135681
	],
	"27. left_ear": [
		0.4817338287830353,
		0.3221084773540497,
		-0.10147898644208908,
		0.999715268611908
	],
	"28. right_ear": [
		0.4568106234073639,
		0.32048773765563965,
		-0.09752225875854492,
		0.9992004632949829
	],
	"time stamp": 23
}