{
	"1. left_hip": [
		0.48277747631073,
		0.5820907354354858,
		0.03332475572824478,
		0.9996067881584167
	],
	"2. left_knee": [
		0.5121268033981323,
		0.7006242275238037,
		0.02433941513299942,
		0.997273862361908
	],
	"3. left_ankle": [
		0.5268994569778442,
		0.8153863549232483,
		0.14877352118492126,
		0.99583500623703
	],
	"6. right_hip": [
		0.4445973038673401,
		0.578145444393158,
		-0.03346969187259674,
		0.9996174573898315
	],
	"7. right_knee": [
		0.4225318133831024,
		0.7115683555603027,
		-0.02445073053240776,
		0.9966273307800293
	],
	"8. right_ankle": [
		0.40151000022888184,
		0.8120930194854736,
		0.10802039504051208,
		0.9964274764060974
	],
	"14. left_shoulder": [
		0.49394556879997253,
		0.39074042439460754,
		0.004586443770676851,
		0.999748945236206
	],
	"15. left_elbow": [
		0.5073115229606628,
		0.471670925617218,
		0.04086460545659065,
		0.9698803424835205
	],
	"16. left_wrist": [
		0.510388970375061,
		0.5458955764770508,
		0.035209931433200836,
		0.9583415389060974
	],
	"19. right_shoulder": [
		0.4346844255924225,
		0.3913070559501648,
		-0.1247650757431984,
		0.9993216395378113
	],
	"20. right_elbow": [
		0.4294426739215851,
		0.4002995789051056,
		-0.3257185220718384,
		0.9285863637924194
	],
	"21. right_wrist": [
		0.4467776417732239,
		0.35548385977745056,
		-0.5210631489753723,
		0.937234103679657
	],
	"24. nose": [
		0.46783173084259033,
		0.3213784694671631,
		-0.19546279311180115,
		0.9999076128005981
	],
	"25. left_eye": [
		0.4712585210800171,
		0.3118153214454651,
		-0.17701618373394012,
		0.9998027682304382
	],
	"26. right_eye": [
		0.45978477597236633,
		0.3103734850883484,
		-0.18510985374450684,
		0.9997052550315857
	],
	"27. left_ear": [
		0.4738813638687134,
		0.32097476720809937,
		-0.07974206656217575,
		0.9997369647026062
	],
	"28. right_ear": [
		0.45039141178131104,
		0.3190723955631256,
		-0.11179369688034058,
		0.9992661476135254
	],
	"time stamp": 23
}