{
	"1. left_hip": [
		0.47870439291000366,
		0.5869314074516296,
		0.04016086831688881,
		0.9996443390846252
	],
	"2. left_knee": [
		0.5099245309829712,
		0.7015486359596252,
		0.011808941140770912,
		0.9973869323730469
	],
	"3. left_ankle": [
		0.527213454246521,
		0.8177499771118164,
		0.1586723029613495,
		0.9960756301879883
	],
	"6. right_hip": [
		0.4401015639305115,
		0.5845778584480286,
		-0.040346235036849976,
		0.9996534585952759
	],
	"7. right_knee": [
		0.4192899763584137,
		0.7126151323318481,
		-0.02303401380777359,
		0.9968193769454956
	],
	"8. right_ankle": [
		0.3954581916332245,
		0.8125593662261963,
		0.14959995448589325,
		0.996651291847229
	],
	"14. left_shoulder": [
		0.4880794286727905,
		0.39868512749671936,
		-0.004281496629118919,
		0.9997504353523254
	],
	"15. left_elbow": [
		0.5019429922103882,
		0.4799269437789917,
		0.0448962040245533,
		0.9644927978515625
	],
	"16. left_wrist": [
		0.5141701102256775,
		0.5531989336013794,
		0.057904962450265884,
		0.9547110199928284
	],
	"19. right_shoulder": [
		0.42931121587753296,
		0.3910894989967346,
		-0.1737944483757019,
		0.9993519186973572
	],
	"20. right_elbow": [
		0.4348631203174591,
		0.393386572599411,
		-0.37391069531440735,
		0.9352266192436218
	],
	"21. right_wrist": [
		0.472107470035553,
		0.3368702232837677,
		-0.5209606289863586,
		0.9429115056991577
	],
	"24. nose": [
		0.4607394337654114,
		0.32321053743362427,
		-0.21373909711837769,
		0.9999146461486816
	],
	"25. left_eye": [
		0.46370628476142883,
		0.3133287727832794,
		-0.19457726180553436,
		0.9998180270195007
	],
	"26. right_eye": [
		0.45381996035575867,
		0.311893492937088,
		-0.2062022089958191,
		0.9997316598892212
	],
	"27. left_ear": [
		0.4674530625343323,
		0.3229871988296509,
		-0.08838609606027603,
		0.9997560977935791
	],
	"28. right_ear": [
		0.4453866481781006,
		0.32089465856552124,
		-0.14149096608161926,
		0.9993332028388977
	],
	"time stamp": 23
}