{
	"1. left_hip": [
		0.47403255105018616,
		0.5909019708633423,
		0.04343131557106972,
		0.9996777772903442
	],
	"2. left_knee": [
		0.5077149271965027,
		0.7074671983718872,
		0.01275047566741705,
		0.9973747134208679
	],
	"3. left_ankle": [
		0.526826798915863,
		0.8215135335922241,
		0.1603802889585495,
		0.9962306618690491
	],
	"6. right_hip": [
		0.4366360902786255,
		0.5888354778289795,
		-0.04360669106245041,
		0.9996852874755859
	],
	"7. right_knee": [
		0.4171651303768158,
		0.7162591814994812,
		-0.03167193382978439,
		0.9970105290412903
	],
	"8. right_ankle": [
		0.3905683755874634,
		0.8128805160522461,
		0.16739600896835327,
		0.9967467784881592
	],
	"14. left_shoulder": [
		0.4819856584072113,
		0.41184645891189575,
		-0.009074055589735508,
		0.9997493624687195
	],
	"15. left_elbow": [
		0.49593186378479004,
		0.4886017143726349,
		0.03659439459443092,
		0.9503300786018372
	],
	"16. left_wrist": [
		0.5142343044281006,
		0.5546067357063293,
		0.030134273692965508,
		0.9428857564926147
	],
	"19. right_shoulder": [
		0.4244421720504761,
		0.39317649602890015,
		-0.17791427671909332,
		0.9993891716003418
	],
	"20. right_elbow": [
		0.44050800800323486,
		0.390638530254364,
		-0.33943021297454834,
		0.9413104057312012
	],
	"21. right_wrist": [
		0.4833782911300659,
		0.34215712547302246,
		-0.4469144344329834,
		0.9479453563690186
	],
	"24. nose": [
		0.45420530438423157,
		0.3323356509208679,
		-0.22874289751052856,
		0.9999215006828308
	],
	"25. left_eye": [
		0.4578263461589813,
		0.32159119844436646,
		-0.2093236893415451,
		0.9998329281806946
	],
	"26. right_eye": [
		0.4470348656177521,
		0.3195105493068695,
		-0.2196836620569229,
		0.9997559785842896
	],
	"27. left_ear": [
		0.46110692620277405,
		0.33100426197052,
		-0.099520742893219,
		0.9997734427452087
	],
	"28. right_ear": [
		0.43831050395965576,
		0.326476514339447,
		-0.14681284129619598,
		0.999395489692688
	],
	"time stamp": 23
}