{
	"1. left_hip": [
		0.465322345495224,
		0.6029638648033142,
		0.045111436396837234,
		0.9997091293334961
	],
	"2. left_knee": [
		0.5052523016929626,
		0.7142124772071838,
		0.01335564162582159,
		0.9974836707115173
	],
	"3. left_ankle": [
		0.5278964638710022,
		0.8248240947723389,
		0.16134776175022125,
		0.9964129328727722
	],
	"6. right_hip": [
		0.4286276400089264,
		0.6035051941871643,
		-0.04524881765246391,
		0.9997150301933289
	],
	"7. right_knee": [
		0.4125474989414215,
		0.7303641438484192,
		-0.02017851360142231,
		0.9971824288368225
	],
	"8. right_ankle": [
		0.3890981376171112,
		0.8144992589950562,
		0.2076471745967865,
		0.996760368347168
	],
	"14. left_shoulder": [
		0.4658580720424652,
		0.4243333637714386,
		0.003932629246264696,
		0.999765157699585
	],
	"15. left_elbow": [
		0.4820045232772827,
		0.4967118203639984,
		0.048781249672174454,
		0.9420549273490906
	],
	"16. left_wrist": [
		0.506698489189148,
		0.564591646194458,
		0.015010686591267586,
		0.938283383846283
	],
	"19. right_shoulder": [
		0.41537758708000183,
		0.4039170444011688,
		-0.17241300642490387,
		0.999428391456604
	],
	"20. right_elbow": [
		0.4504041373729706,
		0.39860472083091736,
		-0.3132677674293518,
		0.9468210935592651
	],
	"21. right_wrist": [
		0.49246591329574585,
		0.36385658383369446,
		-0.3932574391365051,
		0.95205157995224
	],
	"24. nose": [
		0.4449091851711273,
		0.34510737657546997,
		-0.22540806233882904,
		0.999928891658783
	],
	"25. left_eye": [
		0.44914188981056213,
		0.3375442624092102,
		-0.20456574857234955,
		0.9998486638069153
	],
	"26. right_eye": [
		0.4375145733356476,
		0.33196210861206055,
		-0.2161305546760559,
		0.9997795224189758
	],
	"27. left_ear": [
		0.45023462176322937,
		0.3463762402534485,
		-0.0939197763800621,
		0.9997938871383667
	],
	"28. right_ear": [
		0.42625248432159424,
		0.3354100286960602,
		-0.14368972182273865,
		0.9994544982910156
	],
	"time stamp": 23
}