{
	"1. left_hip": [
		0.4610174894332886,
		0.6026982069015503,
		0.049642059952020645,
		0.9997352361679077
	],
	"2. left_knee": [
		0.5028966069221497,
		0.7174610495567322,
		0.018115701153874397,
		0.9973748326301575
	],
	"3. left_ankle": [
		0.5287353992462158,
		0.829547643661499,
		0.15336614847183228,
		0.996425211429596
	],
	"6. right_hip": [
		0.4241255819797516,
		0.6067094802856445,
		-0.049771711230278015,
		0.9997366070747375
	],
	"7. right_knee": [
		0.412604957818985,
		0.7362102270126343,
		-0.03041372075676918,
		0.9972568154335022
	],
	"8. right_ankle": [
		0.3886210322380066,
		0.816091001033783,
		0.1840258538722992,
		0.9965757727622986
	],
	"14. left_shoulder": [
		0.4590075612068176,
		0.4271295666694641,
		6.899713480379432e-05,
		0.9997689127922058
	],
	"15. left_elbow": [
		0.47484731674194336,
		0.4961937665939331,
		0.03974068909883499,
		0.9282156229019165
	],
	"16. left_wrist": [
		0.4957815706729889,
		0.5667651295661926,
		-0.01206923183053732,
		0.9256042838096619
	],
	"19. right_shoulder": [
		0.4111872613430023,
		0.40986061096191406,
		-0.17994756996631622,
		0.9994235634803772
	],
	"20. right_elbow": [
		0.4515487849712372,
		0.4030701220035553,
		-0.311678022146225,
		0.9510852694511414
	],
	"21. right_wrist": [
		0.4875201880931854,
		0.3857581615447998,
		-0.4053132236003876,
		0.9517634510993958
	],
	"24. nose": [
		0.44076433777809143,
		0.3528757095336914,
		-0.24318137764930725,
		0.9999352097511292
	],
	"25. left_eye": [
		0.4458096921443939,
		0.34487220644950867,
		-0.2212119698524475,
		0.9998619556427002
	],
	"26. right_eye": [
		0.43355196714401245,
		0.33760499954223633,
		-0.23396939039230347,
		0.999799907207489
	],
	"27. left_ear": [
		0.44800931215286255,
		0.35316750407218933,
		-0.10014218837022781,
		0.999809205532074
	],
	"28. right_ear": [
		0.4237660765647888,
		0.3399200439453125,
		-0.15979696810245514,
		0.9995055198669434
	],
	"time stamp": 23
}