{
	"1. left_hip": [
		0.45758527517318726,
		0.6001877188682556,
		0.047506507486104965,
		0.9997597336769104
	],
	"2. left_knee": [
		0.4998681843280792,
		0.7194731831550598,
		0.014185045845806599,
		0.9974037408828735
	],
	"3. left_ankle": [
		0.5292487740516663,
		0.8321914672851562,
		0.13558447360992432,
		0.9965062141418457
	],
	"6. right_hip": [
		0.4199204444885254,
		0.6040485501289368,
		-0.04758921638131142,
		0.9997600317001343
	],
	"7. right_knee": [
		0.41118159890174866,
		0.7376188635826111,
		-0.03714348375797272,
		0.9973860383033752
	],
	"8. right_ankle": [
		0.3877648711204529,
		0.8197633624076843,
		0.17461206018924713,
		0.9965107440948486
	],
	"14. left_shoulder": [
		0.45719435811042786,
		0.4253765940666199,
		0.01787436753511429,
		0.9997750520706177
	],
	"15. left_elbow": [
		0.46962013840675354,
		0.4986534118652344,
		0.06295663118362427,
		0.9131993651390076
	],
	"16. left_wrist": [
		0.4865431785583496,
		0.5727079510688782,
		0.028006160631775856,
		0.9118270874023438
	],
	"19. right_shoulder": [
		0.405945748090744,
		0.40611517429351807,
		-0.170756533741951,
		0.9994698166847229
	],
	"20. right_elbow": [
		0.43932241201400757,
		0.40436702966690063,
		-0.30453500151634216,
		0.9557679891586304
	],
	"21. right_wrist": [
		0.4816897511482239,
		0.404310941696167,
		-0.3837108612060547,
		0.9555603265762329
	],
	"24. nose": [
		0.4382874071598053,
		0.35294631123542786,
		-0.22339043021202087,
		0.9999399781227112
	],
	"25. left_eye": [
		0.44303178787231445,
		0.34247955679893494,
		-0.2063240259885788,
		0.9998722672462463
	],
	"26. right_eye": [
		0.43093910813331604,
		0.3368586599826813,
		-0.21207018196582794,
		0.9998171925544739
	],
	"27. left_ear": [
		0.44522958993911743,
		0.3491722047328949,
		-0.08465534448623657,
		0.9998201727867126
	],
	"28. right_ear": [
		0.42166846990585327,
		0.34029558300971985,
		-0.14206796884536743,
		0.9995517730712891
	],
	"time stamp": 23
}