{
	"1. left_hip": [
		0.4554126560688019,
		0.598703920841217,
		0.04150876775383949,
		0.9997823238372803
	],
	"2. left_knee": [
		0.4968099594116211,
		0.7194886803627014,
		0.015517390333116055,
		0.9974570870399475
	],
	"3. left_ankle": [
		0.5293442606925964,
		0.833922266960144,
		0.11969859153032303,
		0.9966122508049011
	],
	"6. right_hip": [
		0.4151821434497833,
		0.6038970351219177,
		-0.041606951504945755,
		0.999781608581543
	],
	"7. right_knee": [
		0.41008642315864563,
		0.7390395998954773,
		-0.03020349331200123,
		0.997498631477356
	],
	"8. right_ankle": [
		0.3879418671131134,
		0.8206068873405457,
		0.18362152576446533,
		0.9962625503540039
	],
	"14. left_shoulder": [
		0.4585282802581787,
		0.42136627435684204,
		-0.014843611977994442,
		0.9997897744178772
	],
	"15. left_elbow": [
		0.47048988938331604,
		0.5011223554611206,
		0.023694932460784912,
		0.9125900864601135
	],
	"16. left_wrist": [
		0.4811782240867615,
		0.5792307257652283,
		-0.01479825284332037,
		0.909254252910614
	],
	"19. right_shoulder": [
		0.40192145109176636,
		0.4056432545185089,
		-0.1849469542503357,
		0.999506950378418
	],
	"20. right_elbow": [
		0.4349752366542816,
		0.4114738404750824,
		-0.3009522259235382,
		0.9597868323326111
	],
	"21. right_wrist": [
		0.47610774636268616,
		0.4154589772224426,
		-0.3719020485877991,
		0.9578442573547363
	],
	"24. nose": [
		0.4360125958919525,
		0.35062822699546814,
		-0.24320633709430695,
		0.9999446868896484
	],
	"25. left_eye": [
		0.4405379891395569,
		0.33972373604774475,
		-0.2260824292898178,
		0.999882698059082
	],
	"26. right_eye": [
		0.4283396005630493,
		0.3354471027851105,
		-0.2371462732553482,
		0.9998331069946289
	],
	"27. left_ear": [
		0.44392549991607666,
		0.3472784161567688,
		-0.11467009782791138,
		0.9998336434364319
	],
	"28. right_ear": [
		0.4183948040008545,
		0.34127092361450195,
		-0.16961254179477692,
		0.9995932579040527
	],
	"time stamp": 23
}