{
	"1. left_hip": [
		0.4489765763282776,
		0.5976970195770264,
		0.04090399295091629,
		0.9998018145561218
	],
	"2. left_knee": [
		0.4898362457752228,
		0.7190734148025513,
		0.01044528093189001,
		0.9974268674850464
	],
	"3. left_ankle": [
		0.5287584662437439,
		0.8330463767051697,
		0.11144614219665527,
		0.9965022206306458
	],
	"6. right_hip": [
		0.40902748703956604,
		0.6032629013061523,
		-0.04098362848162651,
		0.9997995495796204
	],
	"7. right_knee": [
		0.40707075595855713,
		0.7361868023872375,
		-0.029264917597174644,
		0.997434675693512
	],
	"8. right_ankle": [
		0.38700583577156067,
		0.8210405707359314,
		0.17719785869121552,
		0.9955564737319946
	],
	"14. left_shoulder": [
		0.45255962014198303,
		0.4188637137413025,
		0.023220187053084373,
		0.9997941255569458
	],
	"15. left_elbow": [
		0.4636933505535126,
		0.5009693503379822,
		0.05493569001555443,
		0.9045107364654541
	],
	"16. left_wrist": [
		0.47382989525794983,
		0.5746248364448547,
		0.014332426711916924,
		0.8919246792793274
	],
	"19. right_shoulder": [
		0.3932984471321106,
		0.40442103147506714,
		-0.16338978707790375,
		0.9995410442352295
	],
	"20. right_elbow": [
		0.4032849073410034,
		0.4483572244644165,
		-0.28809863328933716,
		0.9627213478088379
	],
	"21. right_wrist": [
		0.4379166066646576,
		0.42834731936454773,
		-0.43482106924057007,
		0.9601292610168457
	],
	"24. nose": [
		0.4323113262653351,
		0.34722039103507996,
		-0.18699879944324493,
		0.9999443292617798
	],
	"25. left_eye": [
		0.4368949234485626,
		0.3367680609226227,
		-0.1692778468132019,
		0.9998826384544373
	],
	"26. right_eye": [
		0.4255993068218231,
		0.3327300548553467,
		-0.1833014041185379,
		0.9998392462730408
	],
	"27. left_ear": [
		0.4392862915992737,
		0.34445062279701233,
		-0.06289970129728317,
		0.9998281002044678
	],
	"28. right_ear": [
		0.4158461391925812,
		0.3386445641517639,
		-0.1324721723794937,
		0.9996212124824524
	],
	"time stamp": 23
}