{
	"1. left_hip": [
		0.4474891424179077,
		0.5969266295433044,
		0.03869474306702614,
		0.9998177289962769
	],
	"2. left_knee": [
		0.48450031876564026,
		0.7176247239112854,
		-0.005607271566987038,
		0.9973957538604736
	],
	"3. left_ankle": [
		0.5268270969390869,
		0.8327038884162903,
		0.08901683241128922,
		0.9964118003845215
	],
	"6. right_hip": [
		0.4071747958660126,
		0.6030803918838501,
		-0.038804344832897186,
		0.9998142719268799
	],
	"7. right_knee": [
		0.4040783643722534,
		0.7341811060905457,
		-0.010579126887023449,
		0.9971567988395691
	],
	"8. right_ankle": [
		0.386470228433609,
		0.8215402960777283,
		0.20559075474739075,
		0.9945211410522461
	],
	"14. left_shoulder": [
		0.4509069621562958,
		0.4176884591579437,
		0.007538451347500086,
		0.9997403621673584
	],
	"15. left_elbow": [
		0.45820215344429016,
		0.5022794604301453,
		0.04046737775206566,
		0.8724151849746704
	],
	"16. left_wrist": [
		0.4667597711086273,
		0.5765628218650818,
		0.003689486999064684,
		0.8351061344146729
	],
	"19. right_shoulder": [
		0.3889806866645813,
		0.40554380416870117,
		-0.1465207040309906,
		0.999566376209259
	],
	"20. right_elbow": [
		0.38340598344802856,
		0.44817572832107544,
		-0.2894751727581024,
		0.9652217626571655
	],
	"21. right_wrist": [
		0.42475295066833496,
		0.42466261982917786,
		-0.4464867413043976,
		0.9611022472381592
	],
	"24. nose": [
		0.4320847690105438,
		0.34585240483283997,
		-0.19310691952705383,
		0.9999436736106873
	],
	"25. left_eye": [
		0.4368330240249634,
		0.33531373739242554,
		-0.17589008808135986,
		0.9998796582221985
	],
	"26. right_eye": [
		0.4253048300743103,
		0.3325099050998688,
		-0.18563468754291534,
		0.9998462796211243
	],
	"27. left_ear": [
		0.4391437768936157,
		0.34322017431259155,
		-0.07207067310810089,
		0.9998092651367188
	],
	"28. right_ear": [
		0.41459083557128906,
		0.33783671259880066,
		-0.13688793778419495,
		0.9996477961540222
	],
	"time stamp": 23
}