{
	"1. left_hip": [
		0.4451679289340973,
		0.59513258934021,
		0.03244943171739578,
		0.9998276233673096
	],
	"2. left_knee": [
		0.4818148910999298,
		0.7137739658355713,
		-0.0033793512266129255,
		0.9972407817840576
	],
	"3. left_ankle": [
		0.5224812626838684,
		0.8322408199310303,
		0.1022692397236824,
		0.9962478876113892
	],
	"6. right_hip": [
		0.4061671197414398,
		0.6018112897872925,
		-0.032547250390052795,
		0.9998250007629395
	],
	"7. right_knee": [
		0.4021032154560089,
		0.7330390214920044,
		-0.0046774656511843204,
		0.9967368841171265
	],
	"8. right_ankle": [
		0.38681188225746155,
		0.8214526772499084,
		0.20092886686325073,
		0.993937611579895
	],
	"14. left_shoulder": [
		0.4504101276397705,
		0.41737815737724304,
		-0.005694182589650154,
		0.9995223879814148
	],
	"15. left_elbow": [
		0.45584529638290405,
		0.4994068443775177,
		0.029618097469210625,
		0.824573278427124
	],
	"16. left_wrist": [
		0.4596047103404999,
		0.5691986680030823,
		-0.014891852624714375,
		0.7701540589332581
	],
	"19. right_shoulder": [
		0.38849571347236633,
		0.4049023389816284,
		-0.1240939274430275,
		0.9995877742767334
	],
	"20. right_elbow": [
		0.3547035753726959,
		0.44400283694267273,
		-0.2853897511959076,
		0.9681299328804016
	],
	"21. right_wrist": [
		0.4092954695224762,
		0.4194118082523346,
		-0.4145607650279999,
		0.9618027806282043
	],
	"24. nose": [
		0.43144485354423523,
		0.3398996889591217,
		-0.21086005866527557,
		0.9999356865882874
	],
	"25. left_eye": [
		0.4368140399456024,
		0.33073627948760986,
		-0.19113710522651672,
		0.9998584389686584
	],
	"26. right_eye": [
		0.42434006929397583,
		0.3273738920688629,
		-0.20013414323329926,
		0.9998448491096497
	],
	"27. left_ear": [
		0.43909239768981934,
		0.3405344486236572,
		-0.08035711199045181,
		0.9997193217277527
	],
	"28. right_ear": [
		0.4136604964733124,
		0.3347703218460083,
		-0.13458481431007385,
		0.9996655583381653
	],
	"time stamp": 23
}