{
	"1. left_hip": [
		0.44382691383361816,
		0.5863822102546692,
		0.029280422255396843,
		0.9998397827148438
	],
	"2. left_knee": [
		0.48104363679885864,
		0.7084733247756958,
		-0.0053725168108940125,
		0.9972112774848938
	],
	"3. left_ankle": [
		0.515244722366333,
		0.8246692419052124,
		0.11513910442590714,
		0.9961584210395813
	],
	"6. right_hip": [
		0.404942125082016,
		0.5957796573638916,
		-0.029343511909246445,
		0.9998348951339722
	],
	"7. right_knee": [
		0.400600403547287,
		0.729030966758728,
		-0.0068259164690971375,
		0.9966279864311218
	],
	"8. right_ankle": [
		0.3869358003139496,
		0.8214449286460876,
		0.18299487233161926,
		0.9938932061195374
	],
	"14. left_shoulder": [
		0.45044228434562683,
		0.4037039577960968,
		0.004026050679385662,
		0.9995477795600891
	],
	"15. left_elbow": [
		0.4569331109523773,
		0.48046424984931946,
		0.02423148974776268,
		0.820929765701294
	],
	"16. left_wrist": [
		0.4631631374359131,
		0.5370389223098755,
		-0.03209597244858742,
		0.7750333547592163
	],
	"19. right_shoulder": [
		0.38959819078445435,
		0.3965986371040344,
		-0.08528641611337662,
		0.9996113181114197
	],
	"20. right_elbow": [
		0.3451243042945862,
		0.4132731258869171,
		-0.2262071818113327,
		0.9708372950553894
	],
	"21. right_wrist": [
		0.3946608006954193,
		0.4044125974178314,
		-0.36554354429244995,
		0.9633119106292725
	],
	"24. nose": [
		0.4316737949848175,
		0.3279133439064026,
		-0.1946510523557663,
		0.99993896484375
	],
	"25. left_eye": [
		0.4371474087238312,
		0.3198815584182739,
		-0.1737828105688095,
		0.9998651742935181
	],
	"26. right_eye": [
		0.42513054609298706,
		0.31614431738853455,
		-0.18169090151786804,
		0.999855101108551
	],
	"27. left_ear": [
		0.4395434856414795,
		0.33099058270454407,
		-0.061457496136426926,
		0.9997290372848511
	],
	"28. right_ear": [
		0.4150872826576233,
		0.3236671984195709,
		-0.10199214518070221,
		0.9996926784515381
	],
	"time stamp": 23
}