{
	"1. left_hip": [
		0.44476741552352905,
		0.5643913745880127,
		0.012360425665974617,
		0.9998524785041809
	],
	"2. left_knee": [
		0.48061254620552063,
		0.6992804408073425,
		-0.017306284978985786,
		0.9973830580711365
	],
	"3. left_ankle": [
		0.5087679624557495,
		0.8131153583526611,
		0.13280396163463593,
		0.9963380694389343
	],
	"6. right_hip": [
		0.4050649404525757,
		0.5697090029716492,
		-0.01236259751021862,
		0.999846339225769
	],
	"7. right_knee": [
		0.3985538184642792,
		0.7129391431808472,
		-0.0006004883907735348,
		0.9967861771583557
	],
	"8. right_ankle": [
		0.3857535123825073,
		0.8206610679626465,
		0.17002490162849426,
		0.9942367076873779
	],
	"14. left_shoulder": [
		0.4535483717918396,
		0.38151150941848755,
		-0.011940088123083115,
		0.999590277671814
	],
	"15. left_elbow": [
		0.46159079670906067,
		0.4580937623977661,
		-0.04718023166060448,
		0.8348945379257202
	],
	"16. left_wrist": [
		0.46617645025253296,
		0.5129545331001282,
		-0.1725442111492157,
		0.7935451865196228
	],
	"19. right_shoulder": [
		0.38863059878349304,
		0.36488643288612366,
		-0.0528172142803669,
		0.9996402859687805
	],
	"20. right_elbow": [
		0.3419894576072693,
		0.3632212281227112,
		-0.18395614624023438,
		0.9736024141311646
	],
	"21. right_wrist": [
		0.3642576336860657,
		0.3136013150215149,
		-0.35384291410446167,
		0.96647047996521
	],
	"24. nose": [
		0.43106770515441895,
		0.30568253993988037,
		-0.1969960629940033,
		0.9999439120292664
	],
	"25. left_eye": [
		0.4363947808742523,
		0.2974051535129547,
		-0.17716963589191437,
		0.9998767375946045
	],
	"26. right_eye": [
		0.4249802231788635,
		0.2923368811607361,
		-0.1829541027545929,
		0.9998668432235718
	],
	"27. left_ear": [
		0.4399673044681549,
		0.30719879269599915,
		-0.06771892309188843,
		0.999753475189209
	],
	"28. right_ear": [
		0.415629118680954,
		0.301186740398407,
		-0.0916217491030693,
		0.99972003698349
	],
	"time stamp": 23
}