{
	"1. left_hip": [
		0.4446335732936859,
		0.5542069673538208,
		0.00633546756580472,
		0.9998631477355957
	],
	"2. left_knee": [
		0.4796299934387207,
		0.6920439600944519,
		-0.020401936024427414,
		0.997514009475708
	],
	"3. left_ankle": [
		0.5051968693733215,
		0.8092316389083862,
		0.12759685516357422,
		0.996454119682312
	],
	"6. right_hip": [
		0.40546518564224243,
		0.5565243363380432,
		-0.006361256819218397,
		0.9998549222946167
	],
	"7. right_knee": [
		0.3968951404094696,
		0.7023919224739075,
		0.0005924492725171149,
		0.9969015121459961
	],
	"8. right_ankle": [
		0.3848693072795868,
		0.8184455633163452,
		0.15006226301193237,
		0.9944746494293213
	],
	"14. left_shoulder": [
		0.45482030510902405,
		0.36917173862457275,
		-0.03669939935207367,
		0.9996290802955627
	],
	"15. left_elbow": [
		0.46450677514076233,
		0.44579386711120605,
		-0.06949324160814285,
		0.8493990898132324
	],
	"16. left_wrist": [
		0.46767306327819824,
		0.5039488673210144,
		-0.18358372151851654,
		0.811793863773346
	],
	"19. right_shoulder": [
		0.3907444179058075,
		0.3544394373893738,
		-0.062155526131391525,
		0.9996514916419983
	],
	"20. right_elbow": [
		0.3451426923274994,
		0.3357614576816559,
		-0.19029559195041656,
		0.9759780168533325
	],
	"21. right_wrist": [
		0.35252803564071655,
		0.2806124687194824,
		-0.36424827575683594,
		0.9691857099533081
	],
	"24. nose": [
		0.43234923481941223,
		0.2946951985359192,
		-0.20399312674999237,
		0.9999483823776245
	],
	"25. left_eye": [
		0.43694373965263367,
		0.28514307737350464,
		-0.1855972707271576,
		0.9998874068260193
	],
	"26. right_eye": [
		0.42579421401023865,
		0.2823348641395569,
		-0.18672163784503937,
		0.9998772144317627
	],
	"27. left_ear": [
		0.4395240843296051,
		0.2942063510417938,
		-0.08143793791532516,
		0.9997762441635132
	],
	"28. right_ear": [
		0.415948748588562,
		0.2900886535644531,
		-0.102183997631073,
		0.999742865562439
	],
	"time stamp": 23
}