{
	"1. left_hip": [
		0.44544732570648193,
		0.5456852912902832,
		0.0036009494215250015,
		0.9998737573623657
	],
	"2. left_knee": [
		0.47833049297332764,
		0.6865924596786499,
		-0.022484226152300835,
		0.99765545129776
	],
	"3. left_ankle": [
		0.5026813745498657,
		0.8065418601036072,
		0.12248155474662781,
		0.9965996742248535
	],
	"6. right_hip": [
		0.4064306914806366,
		0.5463886857032776,
		-0.0036355694755911827,
		0.9998644590377808
	],
	"7. right_knee": [
		0.39619460701942444,
		0.6923975348472595,
		-0.0009574253926984966,
		0.9970732927322388
	],
	"8. right_ankle": [
		0.3842179477214813,
		0.8177881836891174,
		0.1278153657913208,
		0.9948086738586426
	],
	"14. left_shoulder": [
		0.4557343125343323,
		0.35891851782798767,
		-0.04009394720196724,
		0.9996654987335205
	],
	"15. left_elbow": [
		0.4661388695240021,
		0.4377271831035614,
		-0.08713379502296448,
		0.8637593984603882
	],
	"16. left_wrist": [
		0.4689052700996399,
		0.4999329447746277,
		-0.20904605090618134,
		0.8296293020248413
	],
	"19. right_shoulder": [
		0.39229416847229004,
		0.3448885679244995,
		-0.047446150332689285,
		0.9996709227561951
	],
	"20. right_elbow": [
		0.34883978962898254,
		0.30800485610961914,
		-0.16305983066558838,
		0.9781825542449951
	],
	"21. right_wrist": [
		0.33922505378723145,
		0.23860770463943481,
		-0.3261188864707947,
		0.9717413187026978
	],
	"24. nose": [
		0.4322528541088104,
		0.2907741069793701,
		-0.1974862962961197,
		0.9999529123306274
	],
	"25. left_eye": [
		0.4369528889656067,
		0.2800900936126709,
		-0.18056289851665497,
		0.9998977184295654
	],
	"26. right_eye": [
		0.42529329657554626,
		0.2776727080345154,
		-0.18158438801765442,
		0.999887228012085
	],
	"27. left_ear": [
		0.43958330154418945,
		0.2881236672401428,
		-0.08129724115133286,
		0.9997977614402771
	],
	"28. right_ear": [
		0.4154275357723236,
		0.2854566276073456,
		-0.09166117012500763,
		0.9997646808624268
	],
	"time stamp": 23
}