{
	"1. left_hip": [
		0.44607678055763245,
		0.542450487613678,
		-0.006705276668071747,
		0.9998830556869507
	],
	"2. left_knee": [
		0.47422584891319275,
		0.6852750182151794,
		-0.03082006610929966,
		0.9976735711097717
	],
	"3. left_ankle": [
		0.5018197894096375,
		0.8067952394485474,
		0.08678264170885086,
		0.9965946078300476
	],
	"6. right_hip": [
		0.40766647458076477,
		0.5427056550979614,
		0.006687275134027004,
		0.999873161315918
	],
	"7. right_knee": [
		0.39707058668136597,
		0.6909010410308838,
		-0.0011354952584952116,
		0.9970976114273071
	],
	"8. right_ankle": [
		0.3832768499851227,
		0.8177478313446045,
		0.10204919427633286,
		0.9949639439582825
	],
	"14. left_shoulder": [
		0.45689132809638977,
		0.35506242513656616,
		0.004635040648281574,
		0.9996984004974365
	],
	"15. left_elbow": [
		0.4666001498699188,
		0.4345259666442871,
		-0.04607073590159416,
		0.8768055438995361
	],
	"16. left_wrist": [
		0.47059890627861023,
		0.5001293420791626,
		-0.13553549349308014,
		0.8456261157989502
	],
	"19. right_shoulder": [
		0.39319297671318054,
		0.3404214680194855,
		0.04006876051425934,
		0.9996846318244934
	],
	"20. right_elbow": [
		0.35339394211769104,
		0.280321329832077,
		-0.022449199110269547,
		0.979816198348999
	],
	"21. right_wrist": [
		0.32873061299324036,
		0.207020103931427,
		-0.11330975592136383,
		0.9738000631332397
	],
	"24. nose": [
		0.43208932876586914,
		0.28836143016815186,
		-0.08664560317993164,
		0.9999566078186035
	],
	"25. left_eye": [
		0.4370260536670685,
		0.2778054475784302,
		-0.07200825959444046,
		0.9999063611030579
	],
	"26. right_eye": [
		0.4246172606945038,
		0.27646318078041077,
		-0.07083135843276978,
		0.9998935461044312
	],
	"27. left_ear": [
		0.44051823019981384,
		0.2858392298221588,
		0.0035475781187415123,
		0.99981689453125
	],
	"28. right_ear": [
		0.41531386971473694,
		0.2836362421512604,
		0.008590349927544594,
		0.9997790455818176
	],
	"time stamp": 23
}