{
	"1. left_hip": [
		0.44748976826667786,
		0.5477885603904724,
		-0.01614021323621273,
		0.9998850226402283
	],
	"2. left_knee": [
		0.47378745675086975,
		0.6874101758003235,
		-0.02950948104262352,
		0.9976988434791565
	],
	"3. left_ankle": [
		0.4993850886821747,
		0.8068142533302307,
		0.09429791569709778,
		0.9967044591903687
	],
	"6. right_hip": [
		0.4087766706943512,
		0.55037522315979,
		0.016068624332547188,
		0.9998756647109985
	],
	"7. right_knee": [
		0.3976663649082184,
		0.6935532689094543,
		0.01540733315050602,
		0.9972268342971802
	],
	"8. right_ankle": [
		0.38401347398757935,
		0.8177692890167236,
		0.12650758028030396,
		0.9952861666679382
	],
	"14. left_shoulder": [
		0.45737600326538086,
		0.3597802519798279,
		-0.09251762181520462,
		0.9997270703315735
	],
	"15. left_elbow": [
		0.4700646698474884,
		0.4413575530052185,
		-0.14410185813903809,
		0.8887646794319153
	],
	"16. left_wrist": [
		0.47230783104896545,
		0.5077409148216248,
		-0.25766775012016296,
		0.8600952625274658
	],
	"19. right_shoulder": [
		0.39450913667678833,
		0.34394219517707825,
		-0.018455134704709053,
		0.9996680021286011
	],
	"20. right_elbow": [
		0.3598621189594269,
		0.2620376944541931,
		-0.019464364275336266,
		0.9810786843299866
	],
	"21. right_wrist": [
		0.32986128330230713,
		0.20844042301177979,
		-0.07095421105623245,
		0.975161075592041
	],
	"24. nose": [
		0.43114173412323,
		0.2956964373588562,
		-0.1578042060136795,
		0.9999576807022095
	],
	"25. left_eye": [
		0.43624526262283325,
		0.28480803966522217,
		-0.15798091888427734,
		0.999909520149231
	],
	"26. right_eye": [
		0.42378905415534973,
		0.28327903151512146,
		-0.1326269656419754,
		0.9998801946640015
	],
	"27. left_ear": [
		0.4410070776939392,
		0.29225295782089233,
		-0.09942357987165451,
		0.9998301863670349
	],
	"28. right_ear": [
		0.4149155914783478,
		0.2900778353214264,
		-0.03471395745873451,
		0.9997397661209106
	],
	"time stamp": 23
}