{
	"1. left_hip": [
		0.447936087846756,
		0.5519877076148987,
		-0.015012465417385101,
		0.9998827576637268
	],
	"2. left_knee": [
		0.4739823341369629,
		0.6894561052322388,
		-0.026708338409662247,
		0.9976844787597656
	],
	"3. left_ankle": [
		0.49910634756088257,
		0.8083931803703308,
		0.09499939531087875,
		0.9967833757400513
	],
	"6. right_hip": [
		0.4095625877380371,
		0.5555117130279541,
		0.01493859477341175,
		0.9998770356178284
	],
	"7. right_knee": [
		0.39816197752952576,
		0.695381224155426,
		0.01773141883313656,
		0.9973368048667908
	],
	"8. right_ankle": [
		0.38438495993614197,
		0.817785918712616,
		0.12940452992916107,
		0.9955568313598633
	],
	"14. left_shoulder": [
		0.45790895819664,
		0.3644018769264221,
		-0.11163220554590225,
		0.9997513294219971
	],
	"15. left_elbow": [
		0.47323355078697205,
		0.4463024437427521,
		-0.16673454642295837,
		0.8995011448860168
	],
	"16. left_wrist": [
		0.4734746217727661,
		0.511315643787384,
		-0.27861878275871277,
		0.8726121783256531
	],
	"19. right_shoulder": [
		0.3951195478439331,
		0.34887680411338806,
		-0.04332124814391136,
		0.9996463656425476
	],
	"20. right_elbow": [
		0.36111608147621155,
		0.26373353600502014,
		-0.061819519847631454,
		0.9825460910797119
	],
	"21. right_wrist": [
		0.3321126401424408,
		0.20067596435546875,
		-0.11030891537666321,
		0.9766548871994019
	],
	"24. nose": [
		0.4303128719329834,
		0.2998976707458496,
		-0.20932117104530334,
		0.9999561905860901
	],
	"25. left_eye": [
		0.43545886874198914,
		0.28878864645957947,
		-0.20046767592430115,
		0.999908447265625
	],
	"26. right_eye": [
		0.4233538508415222,
		0.28729140758514404,
		-0.1918516457080841,
		0.9998580813407898
	],
	"27. left_ear": [
		0.4405283033847809,
		0.2963277995586395,
		-0.1288735717535019,
		0.9998373985290527
	],
	"28. right_ear": [
		0.4150692820549011,
		0.29415902495384216,
		-0.09456129372119904,
		0.9996783137321472
	],
	"time stamp": 23
}