{
	"1. left_hip": [
		0.4486847519874573,
		0.5548350214958191,
		-0.01497638039290905,
		0.9998742938041687
	],
	"2. left_knee": [
		0.47478073835372925,
		0.6897803544998169,
		-0.024543026462197304,
		0.9975773692131042
	],
	"3. left_ankle": [
		0.49838823080062866,
		0.8093490600585938,
		0.10109736025333405,
		0.9966707825660706
	],
	"6. right_hip": [
		0.41002386808395386,
		0.5579167008399963,
		0.014919325709342957,
		0.9998735785484314
	],
	"7. right_knee": [
		0.3986816704273224,
		0.6978287100791931,
		0.021251557394862175,
		0.9973574280738831
	],
	"8. right_ankle": [
		0.3848515748977661,
		0.8190693259239197,
		0.13572126626968384,
		0.9956821203231812
	],
	"14. left_shoulder": [
		0.4582216143608093,
		0.367958664894104,
		-0.09561856836080551,
		0.9997707009315491
	],
	"15. left_elbow": [
		0.4745165705680847,
		0.44888633489608765,
		-0.14984630048274994,
		0.9090837240219116
	],
	"16. left_wrist": [
		0.47369202971458435,
		0.5143827199935913,
		-0.2562146782875061,
		0.8834549784660339
	],
	"19. right_shoulder": [
		0.3955821990966797,
		0.3532903790473938,
		-0.0400216206908226,
		0.9996054768562317
	],
	"20. right_elbow": [
		0.3636443614959717,
		0.27024045586586,
		-0.05711748078465462,
		0.9838853478431702
	],
	"21. right_wrist": [
		0.3389264643192291,
		0.20137690007686615,
		-0.09986117482185364,
		0.9779832363128662
	],
	"24. nose": [
		0.42817679047584534,
		0.3019915223121643,
		-0.20437133312225342,
		0.9999529719352722
	],
	"25. left_eye": [
		0.43388208746910095,
		0.29122257232666016,
		-0.18995139002799988,
		0.9999043345451355
	],
	"26. right_eye": [
		0.421686053276062,
		0.288694828748703,
		-0.18790709972381592,
		0.9998301267623901
	],
	"27. left_ear": [
		0.43986713886260986,
		0.29895639419555664,
		-0.10984346270561218,
		0.9998403787612915
	],
	"28. right_ear": [
		0.4144397974014282,
		0.2959222197532654,
		-0.08956211060285568,
		0.9996050596237183
	],
	"time stamp": 23
}