{
	"1. left_hip": [
		0.4502113461494446,
		0.5572628378868103,
		-0.014017040841281414,
		0.999869704246521
	],
	"2. left_knee": [
		0.47589096426963806,
		0.6916593909263611,
		-0.01961808279156685,
		0.9974484443664551
	],
	"3. left_ankle": [
		0.4983069598674774,
		0.8099226951599121,
		0.10532734543085098,
		0.9966046214103699
	],
	"6. right_hip": [
		0.4108448624610901,
		0.5629687309265137,
		0.01395382359623909,
		0.999873161315918
	],
	"7. right_knee": [
		0.3991777300834656,
		0.6993158459663391,
		0.031608130782842636,
		0.9973787665367126
	],
	"8. right_ankle": [
		0.3850884437561035,
		0.8193807005882263,
		0.14858531951904297,
		0.9958173036575317
	],
	"14. left_shoulder": [
		0.45839133858680725,
		0.369820773601532,
		-0.10289329290390015,
		0.9997891783714294
	],
	"15. left_elbow": [
		0.47755107283592224,
		0.450389564037323,
		-0.15313439071178436,
		0.9177831411361694
	],
	"16. left_wrist": [
		0.474191814661026,
		0.5179105401039124,
		-0.2598430812358856,
		0.8929843306541443
	],
	"19. right_shoulder": [
		0.39560917019844055,
		0.35509568452835083,
		-0.045695897191762924,
		0.9996071457862854
	],
	"20. right_elbow": [
		0.3649138808250427,
		0.2774673104286194,
		-0.07802338153123856,
		0.9852034449577332
	],
	"21. right_wrist": [
		0.345088928937912,
		0.20180335640907288,
		-0.12694869935512543,
		0.979324996471405
	],
	"24. nose": [
		0.42583274841308594,
		0.3060319721698761,
		-0.21076036989688873,
		0.9999549388885498
	],
	"25. left_eye": [
		0.43207141757011414,
		0.2930748462677002,
		-0.19821272790431976,
		0.9999090433120728
	],
	"26. right_eye": [
		0.4191887676715851,
		0.2936862111091614,
		-0.1940990537405014,
		0.9998334646224976
	],
	"27. left_ear": [
		0.43856513500213623,
		0.2994058430194855,
		-0.12256752699613571,
		0.9998506903648376
	],
	"28. right_ear": [
		0.41298747062683105,
		0.3000839352607727,
		-0.09891276061534882,
		0.9996116161346436
	],
	"time stamp": 23
}