{
	"1. left_hip": [
		0.45171451568603516,
		0.5628437399864197,
		-0.011544603854417801,
		0.9998746514320374
	],
	"2. left_knee": [
		0.47792643308639526,
		0.691954493522644,
		-0.014423469081521034,
		0.9975586533546448
	],
	"3. left_ankle": [
		0.49946585297584534,
		0.8096393346786499,
		0.1426762342453003,
		0.996604323387146
	],
	"6. right_hip": [
		0.4123818278312683,
		0.569733738899231,
		0.011468663811683655,
		0.9998776912689209
	],
	"7. right_knee": [
		0.3990614116191864,
		0.702490508556366,
		0.03134715184569359,
		0.9974629878997803
	],
	"8. right_ankle": [
		0.3853098154067993,
		0.8194650411605835,
		0.1706036925315857,
		0.9960041642189026
	],
	"14. left_shoulder": [
		0.4558875262737274,
		0.370542049407959,
		-0.08840958029031754,
		0.999808132648468
	],
	"15. left_elbow": [
		0.4774138629436493,
		0.4557054340839386,
		-0.1396433562040329,
		0.9257402420043945
	],
	"16. left_wrist": [
		0.47441574931144714,
		0.5365933179855347,
		-0.24134916067123413,
		0.9027198553085327
	],
	"19. right_shoulder": [
		0.3932259678840637,
		0.36724480986595154,
		-0.04927792772650719,
		0.9996166229248047
	],
	"20. right_elbow": [
		0.36822086572647095,
		0.2947898805141449,
		-0.15913893282413483,
		0.9862672686576843
	],
	"21. right_wrist": [
		0.36562401056289673,
		0.22979015111923218,
		-0.3084758222103119,
		0.9801545143127441
	],
	"24. nose": [
		0.4207667112350464,
		0.3118048310279846,
		-0.21389098465442657,
		0.9999586939811707
	],
	"25. left_eye": [
		0.4265155494213104,
		0.2986713945865631,
		-0.19895878434181213,
		0.9999167919158936
	],
	"26. right_eye": [
		0.4138815999031067,
		0.3006356656551361,
		-0.1956968456506729,
		0.9998468160629272
	],
	"27. left_ear": [
		0.4327249228954315,
		0.3022686243057251,
		-0.1135362833738327,
		0.9998643398284912
	],
	"28. right_ear": [
		0.40864506363868713,
		0.3054569363594055,
		-0.09854501485824585,
		0.9996414184570312
	],
	"time stamp": 23
}