{
	"1. left_hip": [
		0.4550394117832184,
		0.5721012353897095,
		-0.01673269085586071,
		0.9998683929443359
	],
	"2. left_knee": [
		0.4821719825267792,
		0.692167341709137,
		0.0033279855269938707,
		0.9975122809410095
	],
	"3. left_ankle": [
		0.5003442168235779,
		0.8099825382232666,
		0.15524131059646606,
		0.9965970516204834
	],
	"6. right_hip": [
		0.41409146785736084,
		0.5779370069503784,
		0.01674356684088707,
		0.999862015247345
	],
	"7. right_knee": [
		0.3975648283958435,
		0.7027913331985474,
		0.026101315394043922,
		0.9973799586296082
	],
	"8. right_ankle": [
		0.3854633867740631,
		0.8194790482521057,
		0.1710710972547531,
		0.9960811138153076
	],
	"14. left_shoulder": [
		0.45309320092201233,
		0.37570708990097046,
		-0.08755829930305481,
		0.9998244047164917
	],
	"15. left_elbow": [
		0.4734891951084137,
		0.46948862075805664,
		-0.09036795794963837,
		0.9325712323188782
	],
	"16. left_wrist": [
		0.4743281900882721,
		0.5542021989822388,
		-0.1351984590291977,
		0.9101594090461731
	],
	"19. right_shoulder": [
		0.3921944200992584,
		0.3766935467720032,
		-0.015849420800805092,
		0.9994973540306091
	],
	"20. right_elbow": [
		0.3732398748397827,
		0.2995486855506897,
		0.05531055107712746,
		0.9775515198707581
	],
	"21. right_wrist": [
		0.3902505338191986,
		0.2863191068172455,
		0.13025619089603424,
		0.9126439094543457
	],
	"24. nose": [
		0.416918009519577,
		0.3277556002140045,
		-0.2027377188205719,
		0.9999515414237976
	],
	"25. left_eye": [
		0.42292359471321106,
		0.31226101517677307,
		-0.19763492047786713,
		0.9999035596847534
	],
	"26. right_eye": [
		0.4103076457977295,
		0.3134201765060425,
		-0.18767708539962769,
		0.9997795820236206
	],
	"27. left_ear": [
		0.42921122908592224,
		0.3131139874458313,
		-0.11429328471422195,
		0.9998646974563599
	],
	"28. right_ear": [
		0.40560078620910645,
		0.31551632285118103,
		-0.09448867291212082,
		0.9995562434196472
	],
	"time stamp": 23
}