{
	"1. left_hip": [
		0.4565785229206085,
		0.5788692235946655,
		-0.013498781248927116,
		0.9998728036880493
	],
	"2. left_knee": [
		0.487095445394516,
		0.6926953792572021,
		-0.0013804424088448286,
		0.9976726174354553
	],
	"3. left_ankle": [
		0.5036072134971619,
		0.809627115726471,
		0.14857257902622223,
		0.9967767596244812
	],
	"6. right_hip": [
		0.415533185005188,
		0.5842161774635315,
		0.013470511883497238,
		0.9998663663864136
	],
	"7. right_knee": [
		0.3963003158569336,
		0.7002584934234619,
		0.003282935358583927,
		0.9975103735923767
	],
	"8. right_ankle": [
		0.3855960965156555,
		0.8189308047294617,
		0.15310417115688324,
		0.9962926506996155
	],
	"14. left_shoulder": [
		0.4517342448234558,
		0.38451072573661804,
		-0.040880125015974045,
		0.9998391270637512
	],
	"15. left_elbow": [
		0.4710983633995056,
		0.4807107150554657,
		-0.04811512306332588,
		0.9384655356407166
	],
	"16. left_wrist": [
		0.47506943345069885,
		0.5658197402954102,
		-0.08547892421483994,
		0.9177596569061279
	],
	"19. right_shoulder": [
		0.3918359577655792,
		0.38751479983329773,
		-0.028120296075940132,
		0.9994679093360901
	],
	"20. right_elbow": [
		0.38272687792778015,
		0.3672763705253601,
		-0.1631312221288681,
		0.9767242670059204
	],
	"21. right_wrist": [
		0.4141843914985657,
		0.34256720542907715,
		-0.32901161909103394,
		0.9146623611450195
	],
	"24. nose": [
		0.4137609302997589,
		0.32567301392555237,
		-0.16585089266300201,
		0.9999540448188782
	],
	"25. left_eye": [
		0.4181392788887024,
		0.311306357383728,
		-0.1519150286912918,
		0.9999092221260071
	],
	"26. right_eye": [
		0.40697023272514343,
		0.31600233912467957,
		-0.14955204725265503,
		0.9997931718826294
	],
	"27. left_ear": [
		0.42356714606285095,
		0.3131931722164154,
		-0.06864285469055176,
		0.9998748302459717
	],
	"28. right_ear": [
		0.40317678451538086,
		0.3221360445022583,
		-0.06001008301973343,
		0.9995777010917664
	],
	"time stamp": 23
}