{
	"1. left_hip": [
		0.4565200209617615,
		0.5921856164932251,
		-0.012533401139080524,
		0.9998779892921448
	],
	"2. left_knee": [
		0.49436667561531067,
		0.6977328062057495,
		-0.02173417992889881,
		0.9977909326553345
	],
	"3. left_ankle": [
		0.5116477608680725,
		0.8108493089675903,
		0.12148723006248474,
		0.9969282746315002
	],
	"6. right_hip": [
		0.4155111610889435,
		0.5955495834350586,
		0.012414204888045788,
		0.9998734593391418
	],
	"7. right_knee": [
		0.3935280740261078,
		0.7009143829345703,
		-0.03486214205622673,
		0.9976618885993958
	],
	"8. right_ankle": [
		0.38572269678115845,
		0.8189889788627625,
		0.1225728914141655,
		0.9965059161186218
	],
	"14. left_shoulder": [
		0.4508281648159027,
		0.4020991325378418,
		-0.033426444977521896,
		0.9998526573181152
	],
	"15. left_elbow": [
		0.4690640866756439,
		0.49529609084129333,
		-0.04033976420760155,
		0.9437603950500488
	],
	"16. left_wrist": [
		0.4769730567932129,
		0.5772104859352112,
		-0.08200659602880478,
		0.9245063662528992
	],
	"19. right_shoulder": [
		0.39033567905426025,
		0.39950719475746155,
		-0.045186597853899,
		0.9994935393333435
	],
	"20. right_elbow": [
		0.3962430953979492,
		0.4058077931404114,
		-0.18398305773735046,
		0.9768308997154236
	],
	"21. right_wrist": [
		0.43514779210090637,
		0.39158862829208374,
		-0.3293538987636566,
		0.9180693626403809
	],
	"24. nose": [
		0.4112089276313782,
		0.3395612835884094,
		-0.1721702516078949,
		0.9999577403068542
	],
	"25. left_eye": [
		0.4173685610294342,
		0.3277127742767334,
		-0.15789520740509033,
		0.9999163150787354
	],
	"26. right_eye": [
		0.40359118580818176,
		0.33065032958984375,
		-0.1568307727575302,
		0.999810516834259
	],
	"27. left_ear": [
		0.423272043466568,
		0.33105966448783875,
		-0.07245022058486938,
		0.9998853206634521
	],
	"28. right_ear": [
		0.39857426285743713,
		0.33710139989852905,
		-0.06765769422054291,
		0.9996119737625122
	],
	"time stamp": 23
}