{
	"1. left_hip": [
		0.45686665177345276,
		0.6117447018623352,
		-0.0037123276852071285,
		0.9998746514320374
	],
	"2. left_knee": [
		0.5034092664718628,
		0.7143843173980713,
		-0.05126689746975899,
		0.9974743723869324
	],
	"3. left_ankle": [
		0.5238666534423828,
		0.8193807005882263,
		0.11362186074256897,
		0.9964983463287354
	],
	"6. right_hip": [
		0.415882408618927,
		0.6129177808761597,
		0.0037460518069565296,
		0.9998751878738403
	],
	"7. right_knee": [
		0.39070332050323486,
		0.7132666707038879,
		-0.10655428469181061,
		0.997723400592804
	],
	"8. right_ankle": [
		0.3856048285961151,
		0.8220781087875366,
		0.07612589001655579,
		0.996527910232544
	],
	"14. left_shoulder": [
		0.4516359269618988,
		0.41990673542022705,
		-0.03149762004613876,
		0.9998556971549988
	],
	"15. left_elbow": [
		0.4691806435585022,
		0.5065443515777588,
		-0.054971255362033844,
		0.9445343613624573
	],
	"16. left_wrist": [
		0.4773898422718048,
		0.5940346121788025,
		-0.1243739202618599,
		0.9264599084854126
	],
	"19. right_shoulder": [
		0.3909432590007782,
		0.420041024684906,
		-0.06862077862024307,
		0.9994986057281494
	],
	"20. right_elbow": [
		0.4151584506034851,
		0.47323399782180786,
		-0.1627378910779953,
		0.9732894897460938
	],
	"21. right_wrist": [
		0.4452371299266815,
		0.5189359188079834,
		-0.27382370829582214,
		0.9194762110710144
	],
	"24. nose": [
		0.4144042730331421,
		0.3572363257408142,
		-0.17713198065757751,
		0.99994957447052
	],
	"25. left_eye": [
		0.4202958941459656,
		0.3461741805076599,
		-0.16425681114196777,
		0.999875545501709
	],
	"26. right_eye": [
		0.40694594383239746,
		0.3472779095172882,
		-0.16157002747058868,
		0.9997631311416626
	],
	"27. left_ear": [
		0.4259437620639801,
		0.353912353515625,
		-0.07511254400014877,
		0.9998018145561218
	],
	"28. right_ear": [
		0.40091612935066223,
		0.3572065234184265,
		-0.0740087553858757,
		0.9995136857032776
	],
	"time stamp": 23
}