{
	"1. left_hip": [
		0.46048861742019653,
		0.6185694932937622,
		-0.0018180747283622622,
		0.9998558163642883
	],
	"2. left_knee": [
		0.5082956552505493,
		0.7177610397338867,
		-0.07379572838544846,
		0.9971586465835571
	],
	"3. left_ankle": [
		0.529502809047699,
		0.8219413757324219,
		0.0939939022064209,
		0.9959040880203247
	],
	"6. right_hip": [
		0.41845405101776123,
		0.620715856552124,
		0.0018627222161740065,
		0.9998655915260315
	],
	"7. right_knee": [
		0.3879067003726959,
		0.7160573601722717,
		-0.1375492513179779,
		0.9977328181266785
	],
	"8. right_ankle": [
		0.38563433289527893,
		0.8220118880271912,
		0.04571019858121872,
		0.9964940547943115
	],
	"14. left_shoulder": [
		0.45968377590179443,
		0.4347623586654663,
		-0.059038277715444565,
		0.9998591542243958
	],
	"15. left_elbow": [
		0.4798538386821747,
		0.518124520778656,
		-0.06113634631037712,
		0.9479649662971497
	],
	"16. left_wrist": [
		0.4782811403274536,
		0.6030842065811157,
		-0.13856461644172668,
		0.9290051460266113
	],
	"19. right_shoulder": [
		0.39373263716697693,
		0.4397434592247009,
		-0.0995161160826683,
		0.9994798898696899
	],
	"20. right_elbow": [
		0.415435791015625,
		0.5195180177688599,
		-0.15302948653697968,
		0.9672132730484009
	],
	"21. right_wrist": [
		0.43551212549209595,
		0.5587637424468994,
		-0.2595113217830658,
		0.918278157711029
	],
	"24. nose": [
		0.4227207601070404,
		0.37017330527305603,
		-0.2244756668806076,
		0.9999457001686096
	],
	"25. left_eye": [
		0.4279007315635681,
		0.358384907245636,
		-0.20775580406188965,
		0.999859094619751
	],
	"26. right_eye": [
		0.41635680198669434,
		0.35820743441581726,
		-0.21160876750946045,
		0.9997525215148926
	],
	"27. left_ear": [
		0.43286603689193726,
		0.36562830209732056,
		-0.11251170188188553,
		0.9997715353965759
	],
	"28. right_ear": [
		0.40805619955062866,
		0.36582744121551514,
		-0.12898960709571838,
		0.9994953870773315
	],
	"time stamp": 23
}