{
	"1. left_hip": [
		0.4665879011154175,
		0.6227954626083374,
		-0.0020465776324272156,
		0.9998456239700317
	],
	"2. left_knee": [
		0.5125393867492676,
		0.7180498838424683,
		-0.16632132232189178,
		0.99697345495224
	],
	"3. left_ankle": [
		0.5308016538619995,
		0.824536919593811,
		0.021634481847286224,
		0.9954186677932739
	],
	"6. right_hip": [
		0.42263534665107727,
		0.6239546537399292,
		0.0020744502544403076,
		0.9998668432235718
	],
	"7. right_knee": [
		0.3848121166229248,
		0.7195878028869629,
		-0.18291258811950684,
		0.997712254524231
	],
	"8. right_ankle": [
		0.38568779826164246,
		0.822223424911499,
		0.013172604143619537,
		0.9963505268096924
	],
	"14. left_shoulder": [
		0.4727708399295807,
		0.4502931833267212,
		-0.10807466506958008,
		0.9998659491539001
	],
	"15. left_elbow": [
		0.49533161520957947,
		0.5371838212013245,
		-0.14285096526145935,
		0.9516273140907288
	],
	"16. left_wrist": [
		0.48077839612960815,
		0.6107907891273499,
		-0.25109806656837463,
		0.9315337538719177
	],
	"19. right_shoulder": [
		0.39972853660583496,
		0.45151078701019287,
		-0.11426606774330139,
		0.9995238184928894
	],
	"20. right_elbow": [
		0.4062447249889374,
		0.5349127650260925,
		-0.1799839735031128,
		0.9690468311309814
	],
	"21. right_wrist": [
		0.42775827646255493,
		0.5878902673721313,
		-0.32587355375289917,
		0.9239026308059692
	],
	"24. nose": [
		0.4315408170223236,
		0.38407859206199646,
		-0.2655898630619049,
		0.9999495148658752
	],
	"25. left_eye": [
		0.4368666708469391,
		0.371528297662735,
		-0.24949391186237335,
		0.9998680353164673
	],
	"26. right_eye": [
		0.4241771996021271,
		0.3709263205528259,
		-0.24990640580654144,
		0.9997729063034058
	],
	"27. left_ear": [
		0.44313034415245056,
		0.37847331166267395,
		-0.15682654082775116,
		0.9997852444648743
	],
	"28. right_ear": [
		0.41797780990600586,
		0.37821829319000244,
		-0.15670675039291382,
		0.9995404481887817
	],
	"time stamp": 23
}