{
	"1. left_hip": [
		0.4698689877986908,
		0.6371647119522095,
		0.0006585259106941521,
		0.9998373985290527
	],
	"2. left_knee": [
		0.5185195207595825,
		0.7211904525756836,
		-0.187196746468544,
		0.9966609477996826
	],
	"3. left_ankle": [
		0.5300203561782837,
		0.829660177230835,
		0.017911376431584358,
		0.9947410821914673
	],
	"6. right_hip": [
		0.42676740884780884,
		0.6374369263648987,
		-0.0006459018331952393,
		0.9998660087585449
	],
	"7. right_knee": [
		0.38249680399894714,
		0.7223992943763733,
		-0.19062373042106628,
		0.9975460767745972
	],
	"8. right_ankle": [
		0.38570618629455566,
		0.8229454755783081,
		0.01964394561946392,
		0.9960600733757019
	],
	"14. left_shoulder": [
		0.4807477295398712,
		0.4651196300983429,
		-0.108942911028862,
		0.9998691082000732
	],
	"15. left_elbow": [
		0.507209300994873,
		0.5504872798919678,
		-0.13449043035507202,
		0.9546547532081604
	],
	"16. left_wrist": [
		0.48598891496658325,
		0.6123450994491577,
		-0.24100300669670105,
		0.9288790822029114
	],
	"19. right_shoulder": [
		0.40712350606918335,
		0.46576571464538574,
		-0.12163476645946503,
		0.9995618462562561
	],
	"20. right_elbow": [
		0.40236732363700867,
		0.5466294288635254,
		-0.17656050622463226,
		0.9707620739936829
	],
	"21. right_wrist": [
		0.4236416518688202,
		0.6024391651153564,
		-0.30818963050842285,
		0.9257523417472839
	],
	"24. nose": [
		0.44400399923324585,
		0.3970034420490265,
		-0.2803441286087036,
		0.9999525547027588
	],
	"25. left_eye": [
		0.4492725431919098,
		0.38548678159713745,
		-0.26196035742759705,
		0.9998745918273926
	],
	"26. right_eye": [
		0.43591034412384033,
		0.3832276165485382,
		-0.26384153962135315,
		0.9997907876968384
	],
	"27. left_ear": [
		0.4546828269958496,
		0.393174409866333,
		-0.162223681807518,
		0.9997958540916443
	],
	"28. right_ear": [
		0.4290202856063843,
		0.38942909240722656,
		-0.16951069235801697,
		0.9995816946029663
	],
	"time stamp": 23
}