{
	"1. left_hip": [
		0.4729459881782532,
		0.6576164960861206,
		0.0014417357742786407,
		0.9998406767845154
	],
	"2. left_knee": [
		0.5219589471817017,
		0.7278167009353638,
		-0.19187510013580322,
		0.996646523475647
	],
	"3. left_ankle": [
		0.5295253396034241,
		0.8306741714477539,
		0.009193493984639645,
		0.9947220087051392
	],
	"6. right_hip": [
		0.42972078919410706,
		0.6546927690505981,
		-0.0014467459404841065,
		0.9998730421066284
	],
	"7. right_knee": [
		0.38239407539367676,
		0.7228317856788635,
		-0.2092270702123642,
		0.9976993799209595
	],
	"8. right_ankle": [
		0.3858165144920349,
		0.8229000568389893,
		-0.0011785185197368264,
		0.9962697625160217
	],
	"14. left_shoulder": [
		0.49447953701019287,
		0.4950362741947174,
		-0.07182104885578156,
		0.9998784065246582
	],
	"15. left_elbow": [
		0.5131444931030273,
		0.5684252977371216,
		-0.006165570113807917,
		0.9563575387001038
	],
	"16. left_wrist": [
		0.49186208844184875,
		0.6238334774971008,
		-0.02590763382613659,
		0.9225027561187744
	],
	"19. right_shoulder": [
		0.4227156341075897,
		0.48700299859046936,
		-0.08467408269643784,
		0.9996045231819153
	],
	"20. right_elbow": [
		0.4006260931491852,
		0.546535074710846,
		-0.04381701722741127,
		0.9732436537742615
	],
	"21. right_wrist": [
		0.40756744146347046,
		0.6272077560424805,
		-0.08531136065721512,
		0.9290636777877808
	],
	"24. nose": [
		0.4639701247215271,
		0.4263406991958618,
		-0.24667011201381683,
		0.9999572038650513
	],
	"25. left_eye": [
		0.46862179040908813,
		0.41536810994148254,
		-0.23080550134181976,
		0.9998867511749268
	],
	"26. right_eye": [
		0.45612648129463196,
		0.41388460993766785,
		-0.23099982738494873,
		0.9998114705085754
	],
	"27. left_ear": [
		0.4727683961391449,
		0.42189821600914,
		-0.1434592604637146,
		0.9998155832290649
	],
	"28. right_ear": [
		0.44738343358039856,
		0.41946449875831604,
		-0.14023427665233612,
		0.9996233582496643
	],
	"time stamp": 23
}