{
	"1. left_hip": [
		0.4751885235309601,
		0.6651025414466858,
		0.0014727000379934907,
		0.9998319745063782
	],
	"2. left_knee": [
		0.5225114822387695,
		0.724545955657959,
		-0.18765288591384888,
		0.9967620968818665
	],
	"3. left_ankle": [
		0.5299171805381775,
		0.8317044377326965,
		-0.01601174660027027,
		0.994864821434021
	],
	"6. right_hip": [
		0.4319019317626953,
		0.6611921787261963,
		-0.0015008443733677268,
		0.9998735785484314
	],
	"7. right_knee": [
		0.3824755549430847,
		0.724766731262207,
		-0.17530134320259094,
		0.9978398084640503
	],
	"8. right_ankle": [
		0.38584524393081665,
		0.8227975368499756,
		0.0018449961207807064,
		0.9964660406112671
	],
	"14. left_shoulder": [
		0.501236617565155,
		0.5079129934310913,
		-0.06229609251022339,
		0.9998833537101746
	],
	"15. left_elbow": [
		0.5138130187988281,
		0.5713821053504944,
		-0.01417542714625597,
		0.9569195508956909
	],
	"16. left_wrist": [
		0.4972335994243622,
		0.6253337264060974,
		-0.04841269925236702,
		0.9184061288833618
	],
	"19. right_shoulder": [
		0.4330384433269501,
		0.49677082896232605,
		-0.07285083085298538,
		0.9996405839920044
	],
	"20. right_elbow": [
		0.3993859887123108,
		0.5502275228500366,
		-0.049291033297777176,
		0.9754843711853027
	],
	"21. right_wrist": [
		0.39598348736763,
		0.6317270994186401,
		-0.09011797606945038,
		0.9333792328834534
	],
	"24. nose": [
		0.4727216064929962,
		0.4409327208995819,
		-0.22357943654060364,
		0.9999606609344482
	],
	"25. left_eye": [
		0.47628888487815857,
		0.4293666481971741,
		-0.20850005745887756,
		0.9998945593833923
	],
	"26. right_eye": [
		0.46477705240249634,
		0.42990413308143616,
		-0.21083509922027588,
		0.9998278617858887
	],
	"27. left_ear": [
		0.47996798157691956,
		0.4367258846759796,
		-0.12757666409015656,
		0.9998277425765991
	],
	"28. right_ear": [
		0.45714157819747925,
		0.4382604956626892,
		-0.13718104362487793,
		0.9996585845947266
	],
	"time stamp": 23
}