{
	"1. left_hip": [
		0.4745880663394928,
		0.6721311807632446,
		0.004699402954429388,
		0.999809205532074
	],
	"2. left_knee": [
		0.5223721861839294,
		0.724213719367981,
		-0.16253972053527832,
		0.9967519044876099
	],
	"3. left_ankle": [
		0.5291810631752014,
		0.8312044143676758,
		0.0006007903721183538,
		0.9947303533554077
	],
	"6. right_hip": [
		0.43290504813194275,
		0.6638978123664856,
		-0.00471472879871726,
		0.9998685121536255
	],
	"7. right_knee": [
		0.38357728719711304,
		0.7237440347671509,
		-0.1911619007587433,
		0.9979179501533508
	],
	"8. right_ankle": [
		0.3858722746372223,
		0.8227770328521729,
		-0.02251950092613697,
		0.9965916872024536
	],
	"14. left_shoulder": [
		0.5068159103393555,
		0.5207863450050354,
		-0.06771091371774673,
		0.9998870491981506
	],
	"15. left_elbow": [
		0.518244206905365,
		0.5849906206130981,
		-0.0015296046622097492,
		0.9579206109046936
	],
	"16. left_wrist": [
		0.4982248544692993,
		0.6334163546562195,
		0.003313499502837658,
		0.917410671710968
	],
	"19. right_shoulder": [
		0.4388124346733093,
		0.5168134570121765,
		-0.1001175045967102,
		0.9996718168258667
	],
	"20. right_elbow": [
		0.3990126848220825,
		0.560553789138794,
		-0.0778680220246315,
		0.9776219129562378
	],
	"21. right_wrist": [
		0.3898911476135254,
		0.6343840956687927,
		-0.10578645020723343,
		0.9378804564476013
	],
	"24. nose": [
		0.4831458032131195,
		0.4615635871887207,
		-0.24969662725925446,
		0.9999641180038452
	],
	"25. left_eye": [
		0.48556676506996155,
		0.4485996663570404,
		-0.2327001541852951,
		0.9999032020568848
	],
	"26. right_eye": [
		0.47424325346946716,
		0.45002564787864685,
		-0.23785297572612762,
		0.999843955039978
	],
	"27. left_ear": [
		0.488827645778656,
		0.4548701345920563,
		-0.13943679630756378,
		0.9998415112495422
	],
	"28. right_ear": [
		0.4647088646888733,
		0.4598959982395172,
		-0.16163872182369232,
		0.9996918439865112
	],
	"time stamp": 23
}