{
	"1. left_hip": [
		0.4779714047908783,
		0.667345404624939,
		0.006585691124200821,
		0.9998136758804321
	],
	"2. left_knee": [
		0.5243844985961914,
		0.7233214378356934,
		-0.16695407032966614,
		0.9966869950294495
	],
	"3. left_ankle": [
		0.5286133289337158,
		0.8308306336402893,
		-0.0021355857606977224,
		0.9946701526641846
	],
	"6. right_hip": [
		0.4366379678249359,
		0.6599344611167908,
		-0.0066704414784908295,
		0.9998729228973389
	],
	"7. right_knee": [
		0.3859984278678894,
		0.7238190770149231,
		-0.17983655631542206,
		0.9978950619697571
	],
	"8. right_ankle": [
		0.38586798310279846,
		0.8227795362472534,
		-0.02005773037672043,
		0.9966429471969604
	],
	"14. left_shoulder": [
		0.5129008889198303,
		0.5317313075065613,
		-0.11210771650075912,
		0.9998969435691833
	],
	"15. left_elbow": [
		0.5305217504501343,
		0.6072153449058533,
		-0.0032363852951675653,
		0.9613281488418579
	],
	"16. left_wrist": [
		0.5000013113021851,
		0.6410008668899536,
		-0.0490744411945343,
		0.9231826663017273
	],
	"19. right_shoulder": [
		0.4447638690471649,
		0.5243396759033203,
		-0.1386745274066925,
		0.999702513217926
	],
	"20. right_elbow": [
		0.3984357714653015,
		0.5613241195678711,
		-0.1149207204580307,
		0.9795687794685364
	],
	"21. right_wrist": [
		0.3875398635864258,
		0.6388534307479858,
		-0.13961826264858246,
		0.9403466582298279
	],
	"24. nose": [
		0.48716607689857483,
		0.4673365652561188,
		-0.30022719502449036,
		0.999967634677887
	],
	"25. left_eye": [
		0.48942992091178894,
		0.4558456540107727,
		-0.2833620607852936,
		0.9999127388000488
	],
	"26. right_eye": [
		0.47863495349884033,
		0.46042007207870483,
		-0.2861122190952301,
		0.9998594522476196
	],
	"27. left_ear": [
		0.49259722232818604,
		0.46167823672294617,
		-0.18901577591896057,
		0.9998570680618286
	],
	"28. right_ear": [
		0.4693349301815033,
		0.4714898467063904,
		-0.20146918296813965,
		0.9997225999832153
	],
	"time stamp": 23
}