{
	"1. left_hip": [
		0.4785057306289673,
		0.6755526065826416,
		0.0064963544718921185,
		0.9998158812522888
	],
	"2. left_knee": [
		0.522375226020813,
		0.7226533889770508,
		-0.1777641773223877,
		0.9965594410896301
	],
	"3. left_ankle": [
		0.5280426740646362,
		0.8304545879364014,
		-0.01863393932580948,
		0.9943865537643433
	],
	"6. right_hip": [
		0.43913424015045166,
		0.6689568758010864,
		-0.0066122799180448055,
		0.9998778104782104
	],
	"7. right_knee": [
		0.38992562890052795,
		0.7276952862739563,
		-0.17705784738063812,
		0.9978374242782593
	],
	"8. right_ankle": [
		0.3859034478664398,
		0.8231935501098633,
		-0.011994225904345512,
		0.9963669776916504
	],
	"14. left_shoulder": [
		0.516825258731842,
		0.5435723066329956,
		-0.09776827692985535,
		0.999905526638031
	],
	"15. left_elbow": [
		0.5327123403549194,
		0.6205710768699646,
		-0.017327839508652687,
		0.9627589583396912
	],
	"16. left_wrist": [
		0.5002545714378357,
		0.6502352952957153,
		-0.060544684529304504,
		0.9244347810745239
	],
	"19. right_shoulder": [
		0.4523390829563141,
		0.5471171736717224,
		-0.12075214087963104,
		0.999729335308075
	],
	"20. right_elbow": [
		0.3987480401992798,
		0.5729295015335083,
		-0.11528219282627106,
		0.9810999035835266
	],
	"21. right_wrist": [
		0.3846624195575714,
		0.6409714221954346,
		-0.14158737659454346,
		0.9404969215393066
	],
	"24. nose": [
		0.4922521412372589,
		0.4832127094268799,
		-0.2715882956981659,
		0.9999707937240601
	],
	"25. left_eye": [
		0.49404552578926086,
		0.4706943929195404,
		-0.2549113929271698,
		0.9999212026596069
	],
	"26. right_eye": [
		0.4835717976093292,
		0.47614648938179016,
		-0.2565055787563324,
		0.9998732805252075
	],
	"27. left_ear": [
		0.4975990355014801,
		0.47531411051750183,
		-0.16490164399147034,
		0.999871015548706
	],
	"28. right_ear": [
		0.4743216633796692,
		0.4904973804950714,
		-0.1709585189819336,
		0.9997501969337463
	],
	"time stamp": 23
}