{
	"1. left_hip": [
		0.4787799119949341,
		0.6696069836616516,
		0.00740975933149457,
		0.9998160004615784
	],
	"2. left_knee": [
		0.5221157073974609,
		0.7244755029678345,
		-0.17142482101917267,
		0.9959955215454102
	],
	"3. left_ankle": [
		0.5279384255409241,
		0.8307322263717651,
		-0.0004962236853316426,
		0.993570864200592
	],
	"6. right_hip": [
		0.44079920649528503,
		0.666559636592865,
		-0.007523639593273401,
		0.9998819828033447
	],
	"7. right_knee": [
		0.3923420310020447,
		0.7289300560951233,
		-0.1967420130968094,
		0.9974882006645203
	],
	"8. right_ankle": [
		0.3861825466156006,
		0.8233893513679504,
		-0.02371600829064846,
		0.9959437847137451
	],
	"14. left_shoulder": [
		0.5174952745437622,
		0.5485253930091858,
		-0.13032101094722748,
		0.9999131560325623
	],
	"15. left_elbow": [
		0.5304933190345764,
		0.6227610111236572,
		-0.04597644507884979,
		0.9625682830810547
	],
	"16. left_wrist": [
		0.5014275312423706,
		0.6481504440307617,
		-0.03509264066815376,
		0.9219173789024353
	],
	"19. right_shoulder": [
		0.4536864459514618,
		0.5549790859222412,
		-0.16364562511444092,
		0.9997540712356567
	],
	"20. right_elbow": [
		0.40036869049072266,
		0.5771533250808716,
		-0.16119061410427094,
		0.9823175072669983
	],
	"21. right_wrist": [
		0.3838772177696228,
		0.6436537504196167,
		-0.17739832401275635,
		0.9396539926528931
	],
	"24. nose": [
		0.49195757508277893,
		0.48962846398353577,
		-0.3267062306404114,
		0.9999735355377197
	],
	"25. left_eye": [
		0.4938426613807678,
		0.4754788279533386,
		-0.3098016083240509,
		0.9999286532402039
	],
	"26. right_eye": [
		0.48237308859825134,
		0.48298484086990356,
		-0.31096020340919495,
		0.9998856782913208
	],
	"27. left_ear": [
		0.4984482526779175,
		0.47929444909095764,
		-0.21587835252285004,
		0.9998832941055298
	],
	"28. right_ear": [
		0.4738661050796509,
		0.4982055127620697,
		-0.21964362263679504,
		0.9997749924659729
	],
	"time stamp": 23
}