{
	"1. left_hip": [
		0.47740548849105835,
		0.6685197353363037,
		0.008150460198521614,
		0.9998089671134949
	],
	"2. left_knee": [
		0.5208708643913269,
		0.7259118556976318,
		-0.17011678218841553,
		0.9954982995986938
	],
	"3. left_ankle": [
		0.5276860594749451,
		0.8305151462554932,
		0.006094614043831825,
		0.9928706288337708
	],
	"6. right_hip": [
		0.43938636779785156,
		0.6679177284240723,
		-0.008241355419158936,
		0.999887228012085
	],
	"7. right_knee": [
		0.3926979601383209,
		0.7328084111213684,
		-0.1987108588218689,
		0.9972724914550781
	],
	"8. right_ankle": [
		0.3861902356147766,
		0.8249748945236206,
		-0.024295613169670105,
		0.995730996131897
	],
	"14. left_shoulder": [
		0.5164690613746643,
		0.5516101717948914,
		-0.13562819361686707,
		0.9999196529388428
	],
	"15. left_elbow": [
		0.5279240012168884,
		0.6223730444908142,
		-0.06757491827011108,
		0.961376965045929
	],
	"16. left_wrist": [
		0.49938955903053284,
		0.6505857706069946,
		-0.045444466173648834,
		0.9129601716995239
	],
	"19. right_shoulder": [
		0.45095768570899963,
		0.5610409379005432,
		-0.17019441723823547,
		0.9997774362564087
	],
	"20. right_elbow": [
		0.4004039466381073,
		0.579433798789978,
		-0.16588009893894196,
		0.9833163022994995
	],
	"21. right_wrist": [
		0.3833056688308716,
		0.6467193961143494,
		-0.18171484768390656,
		0.9375374913215637
	],
	"24. nose": [
		0.4893572926521301,
		0.4899613559246063,
		-0.32988905906677246,
		0.9999759793281555
	],
	"25. left_eye": [
		0.4907397925853729,
		0.4771404266357422,
		-0.31377124786376953,
		0.9999351501464844
	],
	"26. right_eye": [
		0.4793867766857147,
		0.4858958423137665,
		-0.3147089183330536,
		0.999896764755249
	],
	"27. left_ear": [
		0.4950369596481323,
		0.48002657294273376,
		-0.22225570678710938,
		0.9998941421508789
	],
	"28. right_ear": [
		0.4712434709072113,
		0.49884042143821716,
		-0.22453230619430542,
		0.9997972846031189
	],
	"time stamp": 23
}