{
	"1. left_hip": [
		0.476813405752182,
		0.6668685078620911,
		0.009150005877017975,
		0.9997917413711548
	],
	"2. left_knee": [
		0.520185112953186,
		0.7263059020042419,
		-0.16436731815338135,
		0.9950759410858154
	],
	"3. left_ankle": [
		0.5275366902351379,
		0.8309475183486938,
		0.010714605450630188,
		0.9924486875534058
	],
	"6. right_hip": [
		0.43797704577445984,
		0.6682722568511963,
		-0.009205812588334084,
		0.9998871684074402
	],
	"7. right_knee": [
		0.39409002661705017,
		0.7328489422798157,
		-0.21006827056407928,
		0.9969762563705444
	],
	"8. right_ankle": [
		0.3862419128417969,
		0.8255119323730469,
		-0.03554333746433258,
		0.99564129114151
	],
	"14. left_shoulder": [
		0.5131999850273132,
		0.5491763949394226,
		-0.1427379548549652,
		0.9999228715896606
	],
	"15. left_elbow": [
		0.5241560935974121,
		0.6176126003265381,
		-0.04908949136734009,
		0.9519706964492798
	],
	"16. left_wrist": [
		0.4983471930027008,
		0.6485140323638916,
		0.013779547065496445,
		0.8811841607093811
	],
	"19. right_shoulder": [
		0.4469623267650604,
		0.5587616562843323,
		-0.18816186487674713,
		0.9997982382774353
	],
	"20. right_elbow": [
		0.3985801637172699,
		0.5802085995674133,
		-0.1677359640598297,
		0.9840124249458313
	],
	"21. right_wrist": [
		0.3842948079109192,
		0.6527802348136902,
		-0.16407829523086548,
		0.9325001835823059
	],
	"24. nose": [
		0.4869332015514374,
		0.48875343799591064,
		-0.3515245318412781,
		0.9999780654907227
	],
	"25. left_eye": [
		0.4884474575519562,
		0.47559764981269836,
		-0.3351939618587494,
		0.9999403953552246
	],
	"26. right_eye": [
		0.4772164821624756,
		0.4838107228279114,
		-0.337789922952652,
		0.9999065399169922
	],
	"27. left_ear": [
		0.4922206699848175,
		0.4787653088569641,
		-0.24050840735435486,
		0.9999027252197266
	],
	"28. right_ear": [
		0.4682975709438324,
		0.4970289468765259,
		-0.250113308429718,
		0.9998172521591187
	],
	"time stamp": 23
}