{
	"1. left_hip": [
		0.47675812244415283,
		0.6635628342628479,
		0.006690981797873974,
		0.9997954964637756
	],
	"2. left_knee": [
		0.5177682638168335,
		0.7263281345367432,
		-0.1783493161201477,
		0.9951441287994385
	],
	"3. left_ankle": [
		0.527459442615509,
		0.8314594626426697,
		-0.004437874536961317,
		0.9925073385238647
	],
	"6. right_hip": [
		0.43686527013778687,
		0.6676585078239441,
		-0.006687793880701065,
		0.9998900294303894
	],
	"7. right_knee": [
		0.3945445418357849,
		0.7319855690002441,
		-0.20292605459690094,
		0.9967902898788452
	],
	"8. right_ankle": [
		0.386743426322937,
		0.8256380558013916,
		-0.033988382667303085,
		0.9957011938095093
	],
	"14. left_shoulder": [
		0.5109708309173584,
		0.5376314520835876,
		-0.16879406571388245,
		0.9999300241470337
	],
	"15. left_elbow": [
		0.5170038938522339,
		0.6082484126091003,
		-0.05002888664603233,
		0.954538106918335
	],
	"16. left_wrist": [
		0.5077606439590454,
		0.6617133021354675,
		-0.0006051445961929858,
		0.887583315372467
	],
	"19. right_shoulder": [
		0.44369593262672424,
		0.5477840304374695,
		-0.19732241332530975,
		0.9998168349266052
	],
	"20. right_elbow": [
		0.39850154519081116,
		0.5774531364440918,
		-0.13303279876708984,
		0.9832367897033691
	],
	"21. right_wrist": [
		0.39021843671798706,
		0.652869462966919,
		-0.07050277292728424,
		0.9294403791427612
	],
	"24. nose": [
		0.4844704866409302,
		0.4786851704120636,
		-0.39162424206733704,
		0.9999802112579346
	],
	"25. left_eye": [
		0.48665469884872437,
		0.4660269320011139,
		-0.37619370222091675,
		0.9999462962150574
	],
	"26. right_eye": [
		0.4724399447441101,
		0.47252005338668823,
		-0.377437561750412,
		0.9999158382415771
	],
	"27. left_ear": [
		0.4913608729839325,
		0.47068044543266296,
		-0.27896350622177124,
		0.9999123811721802
	],
	"28. right_ear": [
		0.46284541487693787,
		0.4865402281284332,
		-0.2820413112640381,
		0.9998354911804199
	],
	"time stamp": 23
}