{
	"1. left_hip": [
		0.4764905869960785,
		0.6624304056167603,
		0.00458591477945447,
		0.9997585415840149
	],
	"2. left_knee": [
		0.5165479779243469,
		0.725978672504425,
		-0.17187517881393433,
		0.9951297044754028
	],
	"3. left_ankle": [
		0.5273836255073547,
		0.8320402503013611,
		-0.012556305155158043,
		0.9925535321235657
	],
	"6. right_hip": [
		0.436638206243515,
		0.6643673181533813,
		-0.004571650177240372,
		0.9998892545700073
	],
	"7. right_knee": [
		0.3946326971054077,
		0.73133784532547,
		-0.20568634569644928,
		0.9968153238296509
	],
	"8. right_ankle": [
		0.3869589865207672,
		0.8256440162658691,
		-0.04195115715265274,
		0.9958661794662476
	],
	"14. left_shoulder": [
		0.5032667517662048,
		0.5331282019615173,
		-0.13985386490821838,
		0.9999307990074158
	],
	"15. left_elbow": [
		0.5071287751197815,
		0.616138219833374,
		-0.07178185135126114,
		0.9481874704360962
	],
	"16. left_wrist": [
		0.48252585530281067,
		0.6607096791267395,
		-0.089757539331913,
		0.8620829582214355
	],
	"19. right_shoulder": [
		0.43651312589645386,
		0.5417912602424622,
		-0.1613183468580246,
		0.9998329877853394
	],
	"20. right_elbow": [
		0.39290180802345276,
		0.5833074450492859,
		-0.11771035194396973,
		0.9830887317657471
	],
	"21. right_wrist": [
		0.40463507175445557,
		0.6451917886734009,
		-0.12273643165826797,
		0.9244815111160278
	],
	"24. nose": [
		0.4738171100616455,
		0.47253671288490295,
		-0.36865708231925964,
		0.9999819993972778
	],
	"25. left_eye": [
		0.4766955077648163,
		0.4601258933544159,
		-0.3396610617637634,
		0.9999510645866394
	],
	"26. right_eye": [
		0.46373653411865234,
		0.46600863337516785,
		-0.3559536337852478,
		0.999923825263977
	],
	"27. left_ear": [
		0.48090746998786926,
		0.4648512601852417,
		-0.22703509032726288,
		0.999920129776001
	],
	"28. right_ear": [
		0.45444968342781067,
		0.48035022616386414,
		-0.2771632969379425,
		0.999851644039154
	],
	"time stamp": 23
}