{
	"1. left_hip": [
		0.47632136940956116,
		0.6614841222763062,
		0.004292367026209831,
		0.999682605266571
	],
	"2. left_knee": [
		0.5184071660041809,
		0.7250555157661438,
		-0.1698532998561859,
		0.9949464797973633
	],
	"3. left_ankle": [
		0.5273652076721191,
		0.8331248164176941,
		-0.005284606013447046,
		0.9922465682029724
	],
	"6. right_hip": [
		0.43592071533203125,
		0.6640418171882629,
		-0.0042852116748690605,
		0.9998815059661865
	],
	"7. right_knee": [
		0.39462730288505554,
		0.731238067150116,
		-0.19760017096996307,
		0.9967210292816162
	],
	"8. right_ankle": [
		0.38696199655532837,
		0.8256232142448425,
		-0.021018339321017265,
		0.9958348274230957
	],
	"14. left_shoulder": [
		0.49517539143562317,
		0.532873809337616,
		-0.15658867359161377,
		0.9999235272407532
	],
	"15. left_elbow": [
		0.505155622959137,
		0.6095840334892273,
		-0.20558783411979675,
		0.9421506524085999
	],
	"16. left_wrist": [
		0.5008887052536011,
		0.6542325019836426,
		-0.3516813814640045,
		0.8416454195976257
	],
	"19. right_shoulder": [
		0.4296885132789612,
		0.5377765893936157,
		-0.17927196621894836,
		0.9998458623886108
	],
	"20. right_elbow": [
		0.39211463928222656,
		0.5888506174087524,
		-0.2571007311344147,
		0.9839309453964233
	],
	"21. right_wrist": [
		0.4196540415287018,
		0.6251989006996155,
		-0.3915789723396301,
		0.9279544949531555
	],
	"24. nose": [
		0.4674854278564453,
		0.46946272253990173,
		-0.3469131886959076,
		0.9999832510948181
	],
	"25. left_eye": [
		0.4706213176250458,
		0.45688578486442566,
		-0.3309827446937561,
		0.9999545216560364
	],
	"26. right_eye": [
		0.45816534757614136,
		0.46213895082473755,
		-0.3335490822792053,
		0.9999303817749023
	],
	"27. left_ear": [
		0.4736155867576599,
		0.46157974004745483,
		-0.2352089136838913,
		0.9999262690544128
	],
	"28. right_ear": [
		0.44760653376579285,
		0.476174533367157,
		-0.24215520918369293,
		0.9998658299446106
	],
	"time stamp": 23
}