{
	"1. left_hip": [
		0.476354718208313,
		0.6524738073348999,
		0.003869537264108658,
		0.9996678829193115
	],
	"2. left_knee": [
		0.5225967168807983,
		0.7157801389694214,
		-0.1865958869457245,
		0.9948276877403259
	],
	"3. left_ankle": [
		0.5291461944580078,
		0.832467794418335,
		-0.016616273671388626,
		0.9915534853935242
	],
	"6. right_hip": [
		0.43582984805107117,
		0.6566566228866577,
		-0.0038896198384463787,
		0.9998769164085388
	],
	"7. right_knee": [
		0.39626187086105347,
		0.7319998145103455,
		-0.1686420738697052,
		0.9964368939399719
	],
	"8. right_ankle": [
		0.3868713974952698,
		0.8263029456138611,
		-0.006912045646458864,
		0.9957199096679688
	],
	"14. left_shoulder": [
		0.48962727189064026,
		0.5230834484100342,
		-0.14640367031097412,
		0.999923825263977
	],
	"15. left_elbow": [
		0.5069074034690857,
		0.6070951819419861,
		-0.18642611801624298,
		0.9435600638389587
	],
	"16. left_wrist": [
		0.5170050263404846,
		0.6521225571632385,
		-0.3165658712387085,
		0.8443034291267395
	],
	"19. right_shoulder": [
		0.4216860830783844,
		0.5320960879325867,
		-0.16891564428806305,
		0.9998549222946167
	],
	"20. right_elbow": [
		0.3973926603794098,
		0.5977701544761658,
		-0.26007577776908875,
		0.9848770499229431
	],
	"21. right_wrist": [
		0.436805784702301,
		0.5949351191520691,
		-0.40137654542922974,
		0.9335541129112244
	],
	"24. nose": [
		0.46122586727142334,
		0.4646834135055542,
		-0.3293520510196686,
		0.9999845623970032
	],
	"25. left_eye": [
		0.465114027261734,
		0.4531708061695099,
		-0.31300482153892517,
		0.9999582171440125
	],
	"26. right_eye": [
		0.45261192321777344,
		0.4531548321247101,
		-0.31490084528923035,
		0.9999366402626038
	],
	"27. left_ear": [
		0.46734240651130676,
		0.45940130949020386,
		-0.2203068733215332,
		0.9999327659606934
	],
	"28. right_ear": [
		0.44185882806777954,
		0.4631558656692505,
		-0.224694162607193,
		0.9998784065246582
	],
	"time stamp": 23
}