{
	"1. left_hip": [
		0.4792264401912689,
		0.642617404460907,
		0.003194685559719801,
		0.9996621608734131
	],
	"2. left_knee": [
		0.5318166017532349,
		0.7145282030105591,
		-0.13921086490154266,
		0.9951922297477722
	],
	"3. left_ankle": [
		0.5426219701766968,
		0.8321229815483093,
		0.012172272428870201,
		0.9920263290405273
	],
	"6. right_hip": [
		0.43689659237861633,
		0.6472743153572083,
		-0.003260068129748106,
		0.999846875667572
	],
	"7. right_knee": [
		0.39971232414245605,
		0.7337744235992432,
		-0.07413451373577118,
		0.9961873888969421
	],
	"8. right_ankle": [
		0.38693851232528687,
		0.8265966773033142,
		0.09746797382831573,
		0.9958036541938782
	],
	"14. left_shoulder": [
		0.4844547510147095,
		0.49739035964012146,
		-0.1279526948928833,
		0.9999077320098877
	],
	"15. left_elbow": [
		0.5044730305671692,
		0.5727159976959229,
		-0.10824983566999435,
		0.9403370022773743
	],
	"16. left_wrist": [
		0.5173130035400391,
		0.6198408007621765,
		-0.12886732816696167,
		0.8396164774894714
	],
	"19. right_shoulder": [
		0.4180106818675995,
		0.5082527995109558,
		-0.1660742312669754,
		0.9995909929275513
	],
	"20. right_elbow": [
		0.4172208905220032,
		0.586441159248352,
		-0.2649367153644562,
		0.9812878370285034
	],
	"21. right_wrist": [
		0.46459102630615234,
		0.5538155436515808,
		-0.3911292850971222,
		0.9318455457687378
	],
	"24. nose": [
		0.4552989602088928,
		0.4461633861064911,
		-0.30755171179771423,
		0.9999815225601196
	],
	"25. left_eye": [
		0.45907944440841675,
		0.43428412079811096,
		-0.29608985781669617,
		0.99995356798172
	],
	"26. right_eye": [
		0.44659528136253357,
		0.43337833881378174,
		-0.3007938861846924,
		0.9999333620071411
	],
	"27. left_ear": [
		0.4615311026573181,
		0.437974214553833,
		-0.20823165774345398,
		0.9999330043792725
	],
	"28. right_ear": [
		0.43567442893981934,
		0.4418063759803772,
		-0.21926042437553406,
		0.9998564124107361
	],
	"time stamp": 23
}