{
	"1. left_hip": [
		0.48250070214271545,
		0.6357406377792358,
		0.005065712612122297,
		0.9996797442436218
	],
	"2. left_knee": [
		0.5377171039581299,
		0.713252067565918,
		-0.10442065447568893,
		0.9955838918685913
	],
	"3. left_ankle": [
		0.5547706484794617,
		0.8257243633270264,
		0.05029765143990517,
		0.9925975203514099
	],
	"6. right_hip": [
		0.440299928188324,
		0.6397272944450378,
		-0.0051572686061263084,
		0.9998417496681213
	],
	"7. right_knee": [
		0.402461975812912,
		0.7355226278305054,
		-0.027149071916937828,
		0.9962113499641418
	],
	"8. right_ankle": [
		0.38759976625442505,
		0.826782763004303,
		0.16236752271652222,
		0.9959127902984619
	],
	"14. left_shoulder": [
		0.4833712875843048,
		0.47795164585113525,
		-0.09481849521398544,
		0.9998949766159058
	],
	"15. left_elbow": [
		0.49880272150039673,
		0.5503994822502136,
		-0.04215853661298752,
		0.9254586696624756
	],
	"16. left_wrist": [
		0.5139712691307068,
		0.6008869409561157,
		-0.06724479049444199,
		0.8232152462005615
	],
	"19. right_shoulder": [
		0.4199080169200897,
		0.48975419998168945,
		-0.16214030981063843,
		0.9995992183685303
	],
	"20. right_elbow": [
		0.4366418123245239,
		0.5660932660102844,
		-0.22775499522686005,
		0.9809590578079224
	],
	"21. right_wrist": [
		0.4806695282459259,
		0.5477996468544006,
		-0.3283642828464508,
		0.9355252981185913
	],
	"24. nose": [
		0.45587196946144104,
		0.4317280352115631,
		-0.28457513451576233,
		0.9999780654907227
	],
	"25. left_eye": [
		0.45936426520347595,
		0.42020609974861145,
		-0.27380961179733276,
		0.9999436140060425
	],
	"26. right_eye": [
		0.4476932883262634,
		0.41944757103919983,
		-0.2785995602607727,
		0.9999289512634277
	],
	"27. left_ear": [
		0.4614821970462799,
		0.42394283413887024,
		-0.18502669036388397,
		0.9999245405197144
	],
	"28. right_ear": [
		0.43655505776405334,
		0.4259665906429291,
		-0.2028423249721527,
		0.9998508095741272
	],
	"time stamp": 23
}