{
	"1. left_hip": [
		0.4854992926120758,
		0.63746577501297,
		0.005897378548979759,
		0.9996945858001709
	],
	"2. left_knee": [
		0.5414164066314697,
		0.7139140367507935,
		-0.11978062987327576,
		0.995893120765686
	],
	"3. left_ankle": [
		0.5663202404975891,
		0.8239569664001465,
		0.016908349469304085,
		0.9930538535118103
	],
	"6. right_hip": [
		0.4451410472393036,
		0.6419462561607361,
		-0.00596189871430397,
		0.9998387098312378
	],
	"7. right_knee": [
		0.404910147190094,
		0.7377094626426697,
		-0.0279743243008852,
		0.9962336421012878
	],
	"8. right_ankle": [
		0.3875884711742401,
		0.8272286057472229,
		0.13623297214508057,
		0.9959083199501038
	],
	"14. left_shoulder": [
		0.48404866456985474,
		0.47015053033828735,
		-0.02006937377154827,
		0.9998143911361694
	],
	"15. left_elbow": [
		0.4991864860057831,
		0.5457515120506287,
		-0.007712787948548794,
		0.8828991055488586
	],
	"16. left_wrist": [
		0.5121074914932251,
		0.5855996608734131,
		-0.07194866240024567,
		0.7813845276832581
	],
	"19. right_shoulder": [
		0.42251116037368774,
		0.47680872678756714,
		-0.08871489763259888,
		0.9996148347854614
	],
	"20. right_elbow": [
		0.44294166564941406,
		0.5468863248825073,
		-0.1657629758119583,
		0.9809420108795166
	],
	"21. right_wrist": [
		0.49056681990623474,
		0.5402544140815735,
		-0.2776918113231659,
		0.939394474029541
	],
	"24. nose": [
		0.45805537700653076,
		0.41988494992256165,
		-0.19620385766029358,
		0.9999726414680481
	],
	"25. left_eye": [
		0.46173733472824097,
		0.4095182716846466,
		-0.18239779770374298,
		0.9999265074729919
	],
	"26. right_eye": [
		0.450246661901474,
		0.4062613248825073,
		-0.18588460981845856,
		0.9999223351478577
	],
	"27. left_ear": [
		0.46452778577804565,
		0.4145073890686035,
		-0.09393381327390671,
		0.9998987317085266
	],
	"28. right_ear": [
		0.43965253233909607,
		0.41139692068099976,
		-0.10636281967163086,
		0.9998493194580078
	],
	"time stamp": 23
}