{
	"1. left_hip": [
		0.4912741184234619,
		0.6336938142776489,
		0.00744724040850997,
		0.9997008442878723
	],
	"2. left_knee": [
		0.543756902217865,
		0.7176622152328491,
		-0.06990541517734528,
		0.9961416721343994
	],
	"3. left_ankle": [
		0.573408842086792,
		0.8245026469230652,
		0.06305531412363052,
		0.9934910535812378
	],
	"6. right_hip": [
		0.4520692229270935,
		0.6395601034164429,
		-0.007478579878807068,
		0.999833881855011
	],
	"7. right_knee": [
		0.40828242897987366,
		0.7372145652770996,
		-0.036598335951566696,
		0.996391236782074
	],
	"8. right_ankle": [
		0.3877056837081909,
		0.8272863626480103,
		0.12078456580638885,
		0.9960392117500305
	],
	"14. left_shoulder": [
		0.4866281747817993,
		0.4607716500759125,
		-0.007633482106029987,
		0.9997349381446838
	],
	"15. left_elbow": [
		0.5014764666557312,
		0.5388604998588562,
		-0.015090452507138252,
		0.8424408435821533
	],
	"16. left_wrist": [
		0.5110616683959961,
		0.5688996911048889,
		-0.09917654097080231,
		0.741955041885376
	],
	"19. right_shoulder": [
		0.4279143512248993,
		0.46432527899742126,
		-0.08606554567813873,
		0.9996405243873596
	],
	"20. right_elbow": [
		0.45206642150878906,
		0.5339529514312744,
		-0.14887794852256775,
		0.9812526106834412
	],
	"21. right_wrist": [
		0.49884161353111267,
		0.5426120758056641,
		-0.22844207286834717,
		0.9430508017539978
	],
	"24. nose": [
		0.4608707129955292,
		0.40994885563850403,
		-0.18182000517845154,
		0.9999513030052185
	],
	"25. left_eye": [
		0.4655853807926178,
		0.3999117910861969,
		-0.16756458580493927,
		0.9998518824577332
	],
	"26. right_eye": [
		0.45611393451690674,
		0.3965437114238739,
		-0.17337924242019653,
		0.9998867511749268
	],
	"27. left_ear": [
		0.46624061465263367,
		0.4050673544406891,
		-0.0773698091506958,
		0.9997408986091614
	],
	"28. right_ear": [
		0.44492441415786743,
		0.40004226565361023,
		-0.10115154087543488,
		0.9998293519020081
	],
	"time stamp": 23
}