{
	"1. left_hip": [
		0.498182475566864,
		0.6274980902671814,
		0.004345833323895931,
		0.9997096061706543
	],
	"2. left_knee": [
		0.5479609370231628,
		0.7247954607009888,
		-0.035714104771614075,
		0.9963588714599609
	],
	"3. left_ankle": [
		0.5750259757041931,
		0.8286142349243164,
		0.12498115748167038,
		0.9938511252403259
	],
	"6. right_hip": [
		0.45718178153038025,
		0.6306882500648499,
		-0.00449442770332098,
		0.9998331665992737
	],
	"7. right_knee": [
		0.415198415517807,
		0.7367380857467651,
		-0.011285796761512756,
		0.9965646862983704
	],
	"8. right_ankle": [
		0.38750216364860535,
		0.827565610408783,
		0.15639658272266388,
		0.9962048530578613
	],
	"14. left_shoulder": [
		0.5026120543479919,
		0.44627782702445984,
		-0.09633588790893555,
		0.9994681477546692
	],
	"15. left_elbow": [
		0.497208833694458,
		0.5193532109260559,
		-0.2006939798593521,
		0.8505759239196777
	],
	"16. left_wrist": [
		0.4665118157863617,
		0.4456091523170471,
		-0.32417431473731995,
		0.7498557567596436
	],
	"19. right_shoulder": [
		0.44370898604393005,
		0.44698503613471985,
		-0.11332211643457413,
		0.9996668100357056
	],
	"20. right_elbow": [
		0.4636463224887848,
		0.5234220623970032,
		-0.15625806152820587,
		0.977889358997345
	],
	"21. right_wrist": [
		0.4993760287761688,
		0.5574085116386414,
		-0.24035373330116272,
		0.9354832768440247
	],
	"24. nose": [
		0.480394184589386,
		0.38823461532592773,
		-0.1941838562488556,
		0.9999467134475708
	],
	"25. left_eye": [
		0.4854264259338379,
		0.3778754472732544,
		-0.19189345836639404,
		0.9998360872268677
	],
	"26. right_eye": [
		0.4743809700012207,
		0.37282514572143555,
		-0.1743398755788803,
		0.9998841285705566
	],
	"27. left_ear": [
		0.48809516429901123,
		0.3847724199295044,
		-0.11755838990211487,
		0.9996865391731262
	],
	"28. right_ear": [
		0.4645880460739136,
		0.3773956298828125,
		-0.14971670508384705,
		0.9998340010643005
	],
	"time stamp": 23
}