{
	"1. left_hip": [
		0.5070240497589111,
		0.6230466365814209,
		0.011773352511227131,
		0.9997023344039917
	],
	"2. left_knee": [
		0.5526836514472961,
		0.7326505184173584,
		-0.004720854572951794,
		0.9965515732765198
	],
	"3. left_ankle": [
		0.580995500087738,
		0.8351065516471863,
		0.1577175408601761,
		0.994188666343689
	],
	"6. right_hip": [
		0.4654531478881836,
		0.6241793036460876,
		-0.011777320876717567,
		0.9997948408126831
	],
	"7. right_knee": [
		0.41939476132392883,
		0.7365622520446777,
		0.0061284140683710575,
		0.9965579509735107
	],
	"8. right_ankle": [
		0.3874838650226593,
		0.8275778889656067,
		0.17700086534023285,
		0.9962811470031738
	],
	"14. left_shoulder": [
		0.5152653455734253,
		0.44056010246276855,
		-0.07953891158103943,
		0.9993182420730591
	],
	"15. left_elbow": [
		0.5026318430900574,
		0.5238052606582642,
		-0.060281429439783096,
		0.806458055973053
	],
	"16. left_wrist": [
		0.5010945200920105,
		0.5403415560722351,
		-0.12948445975780487,
		0.6924246549606323
	],
	"19. right_shoulder": [
		0.45606669783592224,
		0.4334939420223236,
		-0.17533111572265625,
		0.9996072053909302
	],
	"20. right_elbow": [
		0.4703662395477295,
		0.52302485704422,
		-0.20700517296791077,
		0.9720101952552795
	],
	"21. right_wrist": [
		0.4985811710357666,
		0.5699677467346191,
		-0.2827202081680298,
		0.9176298379898071
	],
	"24. nose": [
		0.4959319829940796,
		0.3786945641040802,
		-0.23512078821659088,
		0.9998118281364441
	],
	"25. left_eye": [
		0.5003088712692261,
		0.36845606565475464,
		-0.2279389351606369,
		0.999471127986908
	],
	"26. right_eye": [
		0.489328533411026,
		0.3639722168445587,
		-0.22134001553058624,
		0.9996157288551331
	],
	"27. left_ear": [
		0.500978946685791,
		0.3747902810573578,
		-0.14749889075756073,
		0.9989054799079895
	],
	"28. right_ear": [
		0.47894272208213806,
		0.3691226541996002,
		-0.2058262676000595,
		0.9994315505027771
	],
	"time stamp": 23
}