{
	"1. left_hip": [
		0.514457106590271,
		0.608337938785553,
		0.0135054225102067,
		0.9996373057365417
	],
	"2. left_knee": [
		0.5560543537139893,
		0.7335852980613708,
		-0.015436454676091671,
		0.9966810941696167
	],
	"3. left_ankle": [
		0.583183228969574,
		0.8363798260688782,
		0.12001295387744904,
		0.9944886565208435
	],
	"6. right_hip": [
		0.47183749079704285,
		0.6068781018257141,
		-0.013499468564987183,
		0.9997045397758484
	],
	"7. right_knee": [
		0.4260764420032501,
		0.7316537499427795,
		-0.0170015636831522,
		0.9966306090354919
	],
	"8. right_ankle": [
		0.38746899366378784,
		0.8268671631813049,
		0.12003989517688751,
		0.9964314699172974
	],
	"14. left_shoulder": [
		0.5285851955413818,
		0.43364423513412476,
		-0.11982664465904236,
		0.9990968108177185
	],
	"15. left_elbow": [
		0.5186594724655151,
		0.5189092755317688,
		-0.07070910930633545,
		0.7591277956962585
	],
	"16. left_wrist": [
		0.5163149833679199,
		0.5592899322509766,
		-0.1524696946144104,
		0.6347364783287048
	],
	"19. right_shoulder": [
		0.4664439558982849,
		0.4351593852043152,
		-0.2134486734867096,
		0.9995803236961365
	],
	"20. right_elbow": [
		0.4766310751438141,
		0.5247008800506592,
		-0.20810365676879883,
		0.9701606631278992
	],
	"21. right_wrist": [
		0.4907541871070862,
		0.588126003742218,
		-0.2730023264884949,
		0.9074437022209167
	],
	"24. nose": [
		0.5075943470001221,
		0.3728296458721161,
		-0.33753275871276855,
		0.9997471570968628
	],
	"25. left_eye": [
		0.5123827457427979,
		0.3609939217567444,
		-0.32424435019493103,
		0.999322772026062
	],
	"26. right_eye": [
		0.5002179741859436,
		0.357726126909256,
		-0.3346545398235321,
		0.9995492100715637
	],
	"27. left_ear": [
		0.5140347480773926,
		0.36740490794181824,
		-0.22281001508235931,
		0.998409628868103
	],
	"28. right_ear": [
		0.48937132954597473,
		0.3638395071029663,
		-0.27208754420280457,
		0.9993559122085571
	],
	"time stamp": 23
}