{
	"1. left_hip": [
		0.5204079151153564,
		0.608344316482544,
		0.015265504829585552,
		0.9996124505996704
	],
	"2. left_knee": [
		0.5613890886306763,
		0.7356651425361633,
		0.007468706462532282,
		0.9967349171638489
	],
	"3. left_ankle": [
		0.5843637585639954,
		0.8373687863349915,
		0.15413068234920502,
		0.9947248101234436
	],
	"6. right_hip": [
		0.47909483313560486,
		0.604332447052002,
		-0.015281913802027702,
		0.9996768236160278
	],
	"7. right_knee": [
		0.4311329126358032,
		0.7277864217758179,
		-0.012613183818757534,
		0.9967066049575806
	],
	"8. right_ankle": [
		0.38905465602874756,
		0.8213950991630554,
		0.12151473760604858,
		0.9965950846672058
	],
	"14. left_shoulder": [
		0.5375885367393494,
		0.4262870252132416,
		-0.12646614015102386,
		0.9990329146385193
	],
	"15. left_elbow": [
		0.5310463309288025,
		0.5099106431007385,
		-0.07498186826705933,
		0.7186939120292664
	],
	"16. left_wrist": [
		0.5313030481338501,
		0.5716714859008789,
		-0.1565653681755066,
		0.5848410129547119
	],
	"19. right_shoulder": [
		0.478377103805542,
		0.43374621868133545,
		-0.2206314653158188,
		0.9995918273925781
	],
	"20. right_elbow": [
		0.4844438135623932,
		0.531259298324585,
		-0.21006256341934204,
		0.9696946144104004
	],
	"21. right_wrist": [
		0.4899423122406006,
		0.6197929978370667,
		-0.2696777582168579,
		0.9044151902198792
	],
	"24. nose": [
		0.5181096792221069,
		0.36599671840667725,
		-0.34504562616348267,
		0.9997411966323853
	],
	"25. left_eye": [
		0.5218177437782288,
		0.3532075583934784,
		-0.3324868977069855,
		0.9993013143539429
	],
	"26. right_eye": [
		0.5087223649024963,
		0.35346779227256775,
		-0.3425843417644501,
		0.9995530247688293
	],
	"27. left_ear": [
		0.5235533714294434,
		0.35792049765586853,
		-0.23380915820598602,
		0.9982803463935852
	],
	"28. right_ear": [
		0.4981253743171692,
		0.3598270118236542,
		-0.277352899312973,
		0.9993686676025391
	],
	"time stamp": 23
}