{
	"1. left_hip": [
		0.5396203994750977,
		0.6131892800331116,
		0.01633622869849205,
		0.9995713829994202
	],
	"2. left_knee": [
		0.5685364007949829,
		0.7375612854957581,
		0.028070012107491493,
		0.9968502521514893
	],
	"3. left_ankle": [
		0.5860074758529663,
		0.8375613689422607,
		0.19574598968029022,
		0.9950297474861145
	],
	"6. right_hip": [
		0.5003933310508728,
		0.6083223819732666,
		-0.01634063385426998,
		0.9996840357780457
	],
	"7. right_knee": [
		0.452079713344574,
		0.7211876511573792,
		-0.02832719497382641,
		0.9969680905342102
	],
	"8. right_ankle": [
		0.4017702639102936,
		0.8204962611198425,
		0.11536938697099686,
		0.9968714118003845
	],
	"14. left_shoulder": [
		0.5538073182106018,
		0.4208647906780243,
		-0.03639528527855873,
		0.9988387823104858
	],
	"15. left_elbow": [
		0.5497695803642273,
		0.49647605419158936,
		0.038976218551397324,
		0.6582548022270203
	],
	"16. left_wrist": [
		0.5497368574142456,
		0.5453611016273499,
		0.013179250061511993,
		0.533957302570343
	],
	"19. right_shoulder": [
		0.5001339316368103,
		0.42530661821365356,
		-0.10998796671628952,
		0.9996208548545837
	],
	"20. right_elbow": [
		0.48225316405296326,
		0.5210196375846863,
		-0.08561393618583679,
		0.9698399901390076
	],
	"21. right_wrist": [
		0.4833745062351227,
		0.6088948249816895,
		-0.13694970309734344,
		0.905356764793396
	],
	"24. nose": [
		0.5345667004585266,
		0.3593953847885132,
		-0.23653900623321533,
		0.9997395277023315
	],
	"25. left_eye": [
		0.5381926894187927,
		0.3467532992362976,
		-0.22314155101776123,
		0.9992912411689758
	],
	"26. right_eye": [
		0.5260387659072876,
		0.34714746475219727,
		-0.22935041785240173,
		0.9995667934417725
	],
	"27. left_ear": [
		0.5407585501670837,
		0.3521426320075989,
		-0.12906159460544586,
		0.9981913566589355
	],
	"28. right_ear": [
		0.516194224357605,
		0.3539760410785675,
		-0.15530051290988922,
		0.9993972182273865
	],
	"time stamp": 23
}