{
	"1. left_hip": [
		0.5462483763694763,
		0.6128000617027283,
		0.015055875293910503,
		0.9994779825210571
	],
	"2. left_knee": [
		0.5711679458618164,
		0.736596405506134,
		0.03530823066830635,
		0.9969140887260437
	],
	"3. left_ankle": [
		0.5858347415924072,
		0.8374534845352173,
		0.18695421516895294,
		0.995263397693634
	],
	"6. right_hip": [
		0.5049781203269958,
		0.6045396327972412,
		-0.01506749913096428,
		0.9996809959411621
	],
	"7. right_knee": [
		0.459709107875824,
		0.7210297584533691,
		-0.023578288033604622,
		0.9971745014190674
	],
	"8. right_ankle": [
		0.4120636582374573,
		0.8199052810668945,
		0.09856516122817993,
		0.9970808625221252
	],
	"14. left_shoulder": [
		0.562378466129303,
		0.4165092408657074,
		-0.05242370069026947,
		0.9981555342674255
	],
	"15. left_elbow": [
		0.5572837591171265,
		0.48203378915786743,
		0.011739364825189114,
		0.6042787432670593
	],
	"16. left_wrist": [
		0.5421856045722961,
		0.505211353302002,
		-0.008569756522774696,
		0.4864296019077301
	],
	"19. right_shoulder": [
		0.5076189637184143,
		0.4214130938053131,
		-0.10683304071426392,
		0.9996411204338074
	],
	"20. right_elbow": [
		0.48182231187820435,
		0.5151984095573425,
		-0.08538370579481125,
		0.9695970416069031
	],
	"21. right_wrist": [
		0.47033265233039856,
		0.6043342351913452,
		-0.1374380737543106,
		0.9031319618225098
	],
	"24. nose": [
		0.5407291054725647,
		0.3545559048652649,
		-0.248564213514328,
		0.9997351169586182
	],
	"25. left_eye": [
		0.5448237061500549,
		0.34179696440696716,
		-0.2343110889196396,
		0.9992695450782776
	],
	"26. right_eye": [
		0.5329383611679077,
		0.34350356459617615,
		-0.23864878714084625,
		0.9995847344398499
	],
	"27. left_ear": [
		0.5476648807525635,
		0.34835973381996155,
		-0.13918934762477875,
		0.9980846047401428
	],
	"28. right_ear": [
		0.5244171023368835,
		0.3517354428768158,
		-0.15564681589603424,
		0.9994306564331055
	],
	"time stamp": 23
}