{
	"1. left_hip": [
		0.5535800457000732,
		0.6076700687408447,
		0.01263823639601469,
		0.9994603991508484
	],
	"2. left_knee": [
		0.5743684768676758,
		0.7357115149497986,
		0.02760463021695614,
		0.9970758557319641
	],
	"3. left_ankle": [
		0.587108850479126,
		0.8372262716293335,
		0.18060743808746338,
		0.9955855011940002
	],
	"6. right_hip": [
		0.5142166018486023,
		0.6010452508926392,
		-0.012652087956666946,
		0.9996915459632874
	],
	"7. right_knee": [
		0.46608150005340576,
		0.7197297811508179,
		-0.012681548483669758,
		0.9973906874656677
	],
	"8. right_ankle": [
		0.42465776205062866,
		0.8202187418937683,
		0.10141709446907043,
		0.9973098635673523
	],
	"14. left_shoulder": [
		0.567446231842041,
		0.41163986921310425,
		-0.06695043295621872,
		0.9981774091720581
	],
	"15. left_elbow": [
		0.5636566877365112,
		0.4908737242221832,
		-0.019018013030290604,
		0.5732953548431396
	],
	"16. left_wrist": [
		0.5606204867362976,
		0.5228855013847351,
		-0.06786102056503296,
		0.4544390141963959
	],
	"19. right_shoulder": [
		0.5132234692573547,
		0.42130813002586365,
		-0.10624472051858902,
		0.999665379524231
	],
	"20. right_elbow": [
		0.48337727785110474,
		0.5146108269691467,
		-0.07860908657312393,
		0.9700884819030762
	],
	"21. right_wrist": [
		0.4632047116756439,
		0.5949562788009644,
		-0.14006155729293823,
		0.9048683643341064
	],
	"24. nose": [
		0.5476338863372803,
		0.353643000125885,
		-0.2627094089984894,
		0.9997537732124329
	],
	"25. left_eye": [
		0.5518296957015991,
		0.3410407602787018,
		-0.24856749176979065,
		0.9993218779563904
	],
	"26. right_eye": [
		0.5394236445426941,
		0.3412392735481262,
		-0.25321730971336365,
		0.9996163249015808
	],
	"27. left_ear": [
		0.5543506741523743,
		0.34694647789001465,
		-0.15279506146907806,
		0.9982114434242249
	],
	"28. right_ear": [
		0.5298359394073486,
		0.3477306663990021,
		-0.16848228871822357,
		0.9994744062423706
	],
	"time stamp": 23
}