{
	"1. left_hip": [
		0.5602506995201111,
		0.6080808639526367,
		0.00465981662273407,
		0.9994686841964722
	],
	"2. left_knee": [
		0.5786301493644714,
		0.7352179884910583,
		0.02544194646179676,
		0.9971629977226257
	],
	"3. left_ankle": [
		0.5880019664764404,
		0.8373488783836365,
		0.19295348227024078,
		0.9958059191703796
	],
	"6. right_hip": [
		0.5197059512138367,
		0.6003310084342957,
		-0.00470404326915741,
		0.9997091889381409
	],
	"7. right_knee": [
		0.471358060836792,
		0.7202540040016174,
		-0.009280762635171413,
		0.9975712895393372
	],
	"8. right_ankle": [
		0.4336548447608948,
		0.82110196352005,
		0.11031977087259293,
		0.9974970817565918
	],
	"14. left_shoulder": [
		0.5744928121566772,
		0.41385728120803833,
		-0.0941193550825119,
		0.9982674717903137
	],
	"15. left_elbow": [
		0.5741379261016846,
		0.497683048248291,
		-0.04795486107468605,
		0.5750227570533752
	],
	"16. left_wrist": [
		0.5747014284133911,
		0.5504422783851624,
		-0.11284267902374268,
		0.44802790880203247
	],
	"19. right_shoulder": [
		0.517821729183197,
		0.4143311083316803,
		-0.11113642901182175,
		0.9996885657310486
	],
	"20. right_elbow": [
		0.4888835549354553,
		0.5032156705856323,
		-0.07661930471658707,
		0.9704310894012451
	],
	"21. right_wrist": [
		0.4630446434020996,
		0.570987343788147,
		-0.13986945152282715,
		0.9081617593765259
	],
	"24. nose": [
		0.5509091019630432,
		0.35171276330947876,
		-0.28332915902137756,
		0.9997727274894714
	],
	"25. left_eye": [
		0.5561392903327942,
		0.33962345123291016,
		-0.27054551243782043,
		0.9993710517883301
	],
	"26. right_eye": [
		0.5424289107322693,
		0.33897843956947327,
		-0.2703765332698822,
		0.9996427893638611
	],
	"27. left_ear": [
		0.5603395104408264,
		0.34529709815979004,
		-0.1766250729560852,
		0.9983353614807129
	],
	"28. right_ear": [
		0.533550500869751,
		0.34533217549324036,
		-0.17649918794631958,
		0.9995064735412598
	],
	"time stamp": 23
}