{
	"1. left_hip": [
		0.5678431987762451,
		0.6009620428085327,
		-0.0012213028967380524,
		0.999451220035553
	],
	"2. left_knee": [
		0.5819144248962402,
		0.7367762327194214,
		0.005496741738170385,
		0.9972172975540161
	],
	"3. left_ankle": [
		0.5890552401542664,
		0.8412535190582275,
		0.16299429535865784,
		0.9959676265716553
	],
	"6. right_hip": [
		0.5270953178405762,
		0.5949018001556396,
		0.00113950134254992,
		0.999701201915741
	],
	"7. right_knee": [
		0.4850936532020569,
		0.7209665179252625,
		0.004884189926087856,
		0.997665286064148
	],
	"8. right_ankle": [
		0.4536901116371155,
		0.8224359154701233,
		0.1439107209444046,
		0.9976032972335815
	],
	"14. left_shoulder": [
		0.5817744135856628,
		0.4079386293888092,
		-0.11374933272600174,
		0.998386561870575
	],
	"15. left_elbow": [
		0.5877294540405273,
		0.4966616630554199,
		-0.06285636872053146,
		0.6033413410186768
	],
	"16. left_wrist": [
		0.5930812954902649,
		0.550790548324585,
		-0.11531770974397659,
		0.4616934657096863
	],
	"19. right_shoulder": [
		0.522356390953064,
		0.4063871502876282,
		-0.11092528700828552,
		0.9997049570083618
	],
	"20. right_elbow": [
		0.49167248606681824,
		0.4907838702201843,
		-0.0695941224694252,
		0.9687036275863647
	],
	"21. right_wrist": [
		0.4633144736289978,
		0.5573464035987854,
		-0.1306946724653244,
		0.9043601751327515
	],
	"24. nose": [
		0.553946316242218,
		0.34352532029151917,
		-0.28486424684524536,
		0.9997881054878235
	],
	"25. left_eye": [
		0.5599493384361267,
		0.33095782995224,
		-0.27477142214775085,
		0.9994081258773804
	],
	"26. right_eye": [
		0.5463806390762329,
		0.33074310421943665,
		-0.2736101746559143,
		0.9996601343154907
	],
	"27. left_ear": [
		0.5649499893188477,
		0.33619874715805054,
		-0.19024768471717834,
		0.9984503388404846
	],
	"28. right_ear": [
		0.5389269590377808,
		0.3366672396659851,
		-0.1776898354291916,
		0.9995217323303223
	],
	"time stamp": 23
}