{
	"1. left_hip": [
		0.5723006725311279,
		0.5929734706878662,
		-0.0066740866750478745,
		0.9994456171989441
	],
	"2. left_knee": [
		0.5812550783157349,
		0.736578106880188,
		-0.0023389533162117004,
		0.9972105622291565
	],
	"3. left_ankle": [
		0.5890774726867676,
		0.840764045715332,
		0.15423858165740967,
		0.9960918426513672
	],
	"6. right_hip": [
		0.5306511521339417,
		0.5886496901512146,
		0.006565535441040993,
		0.999696671962738
	],
	"7. right_knee": [
		0.49023178219795227,
		0.7205146551132202,
		0.0037497065495699644,
		0.9976875185966492
	],
	"8. right_ankle": [
		0.46382835507392883,
		0.822909951210022,
		0.14925746619701385,
		0.9976616501808167
	],
	"14. left_shoulder": [
		0.586939811706543,
		0.402731716632843,
		-0.1562241166830063,
		0.9985107183456421
	],
	"15. left_elbow": [
		0.5966527462005615,
		0.4988788962364197,
		-0.11185367405414581,
		0.6358270049095154
	],
	"16. left_wrist": [
		0.6005080938339233,
		0.5561701059341431,
		-0.16624441742897034,
		0.4873068630695343
	],
	"19. right_shoulder": [
		0.5223656892776489,
		0.4024178385734558,
		-0.13341683149337769,
		0.9997203350067139
	],
	"20. right_elbow": [
		0.4905349314212799,
		0.4849129021167755,
		-0.09471780061721802,
		0.9677185416221619
	],
	"21. right_wrist": [
		0.4634747803211212,
		0.5547910332679749,
		-0.15823858976364136,
		0.9025474190711975
	],
	"24. nose": [
		0.5560568571090698,
		0.3378109633922577,
		-0.33316001296043396,
		0.9998046159744263
	],
	"25. left_eye": [
		0.5619136095046997,
		0.325072705745697,
		-0.3220818340778351,
		0.9994515776634216
	],
	"26. right_eye": [
		0.5475381016731262,
		0.3259119689464569,
		-0.3210830092430115,
		0.9996834397315979
	],
	"27. left_ear": [
		0.5674252510070801,
		0.3311172425746918,
		-0.23211143910884857,
		0.99857097864151
	],
	"28. right_ear": [
		0.5397482514381409,
		0.33319661021232605,
		-0.22610147297382355,
		0.9995494484901428
	],
	"time stamp": 23
}