{
	"1. left_hip": [
		0.5718652009963989,
		0.5873063802719116,
		-0.005746933165937662,
		0.9994608163833618
	],
	"2. left_knee": [
		0.5798597931861877,
		0.7333428263664246,
		0.007086550816893578,
		0.9972158074378967
	],
	"3. left_ankle": [
		0.5881181359291077,
		0.8404055237770081,
		0.152791827917099,
		0.9962455630302429
	],
	"6. right_hip": [
		0.5303685665130615,
		0.582194447517395,
		0.005630106665194035,
		0.9997016787528992
	],
	"7. right_knee": [
		0.4949241876602173,
		0.7178206443786621,
		0.008799700997769833,
		0.9977643489837646
	],
	"8. right_ankle": [
		0.4723924696445465,
		0.8229490518569946,
		0.14982515573501587,
		0.9977521300315857
	],
	"14. left_shoulder": [
		0.5881302952766418,
		0.3961365222930908,
		-0.13747799396514893,
		0.9986405968666077
	],
	"15. left_elbow": [
		0.5998232960700989,
		0.48606523871421814,
		-0.09619589149951935,
		0.6666277647018433
	],
	"16. left_wrist": [
		0.606566309928894,
		0.5502210259437561,
		-0.10145759582519531,
		0.5194820165634155
	],
	"19. right_shoulder": [
		0.5232506394386292,
		0.392508864402771,
		-0.13171343505382538,
		0.9997422695159912
	],
	"20. right_elbow": [
		0.4912988543510437,
		0.4720831513404846,
		-0.08606652170419693,
		0.969181478023529
	],
	"21. right_wrist": [
		0.46437615156173706,
		0.5379361510276794,
		-0.14274239540100098,
		0.9063755869865417
	],
	"24. nose": [
		0.5566486120223999,
		0.33182910084724426,
		-0.3163136839866638,
		0.999822199344635
	],
	"25. left_eye": [
		0.5627897381782532,
		0.31883755326271057,
		-0.30594581365585327,
		0.999498724937439
	],
	"26. right_eye": [
		0.5478906631469727,
		0.3205099403858185,
		-0.30579161643981934,
		0.9997100234031677
	],
	"27. left_ear": [
		0.5686575770378113,
		0.3245013952255249,
		-0.21795733273029327,
		0.9986971020698547
	],
	"28. right_ear": [
		0.5408167839050293,
		0.32765454053878784,
		-0.21645641326904297,
		0.9995858073234558
	],
	"time stamp": 23
}