{
	"1. left_hip": [
		0.572567343711853,
		0.5807225704193115,
		-0.0036488824989646673,
		0.9994691610336304
	],
	"2. left_knee": [
		0.5817467570304871,
		0.7266863584518433,
		0.0072775110602378845,
		0.9971569776535034
	],
	"3. left_ankle": [
		0.5875406265258789,
		0.837916910648346,
		0.15218694508075714,
		0.9962829351425171
	],
	"6. right_hip": [
		0.5316741466522217,
		0.5750161409378052,
		0.0035456246696412563,
		0.9996926188468933
	],
	"7. right_knee": [
		0.5004099011421204,
		0.7107189893722534,
		-0.0005664826603606343,
		0.9978153109550476
	],
	"8. right_ankle": [
		0.480295866727829,
		0.8219618797302246,
		0.13956493139266968,
		0.9977298378944397
	],
	"14. left_shoulder": [
		0.5905681848526001,
		0.3881751596927643,
		-0.12348047643899918,
		0.9987689256668091
	],
	"15. left_elbow": [
		0.6051308512687683,
		0.46879175305366516,
		-0.041409581899642944,
		0.6980127692222595
	],
	"16. left_wrist": [
		0.6118255853652954,
		0.5368211269378662,
		-0.059400685131549835,
		0.5610628724098206
	],
	"19. right_shoulder": [
		0.5238759517669678,
		0.38547900319099426,
		-0.1158982515335083,
		0.999761700630188
	],
	"20. right_elbow": [
		0.49167168140411377,
		0.46128061413764954,
		-0.06740496307611465,
		0.9712489247322083
	],
	"21. right_wrist": [
		0.4664863646030426,
		0.5269842743873596,
		-0.12680664658546448,
		0.9111588001251221
	],
	"24. nose": [
		0.557270348072052,
		0.32492735981941223,
		-0.31578612327575684,
		0.9998388886451721
	],
	"25. left_eye": [
		0.5634843111038208,
		0.31152278184890747,
		-0.2987513542175293,
		0.9995449781417847
	],
	"26. right_eye": [
		0.5485566854476929,
		0.31269022822380066,
		-0.30337026715278625,
		0.9997360110282898
	],
	"27. left_ear": [
		0.5699055194854736,
		0.31689736247062683,
		-0.20509134232997894,
		0.9988198280334473
	],
	"28. right_ear": [
		0.5419133901596069,
		0.31963276863098145,
		-0.20767416059970856,
		0.9996219873428345
	],
	"time stamp": 23
}