{
	"1. left_hip": [
		0.5694385170936584,
		0.5661556720733643,
		-0.0028314103838056326,
		0.9994838833808899
	],
	"2. left_knee": [
		0.57850182056427,
		0.7234930992126465,
		-0.0049283248372375965,
		0.9968921542167664
	],
	"3. left_ankle": [
		0.5873931646347046,
		0.8381558656692505,
		0.11560556292533875,
		0.9961512684822083
	],
	"6. right_hip": [
		0.5290801525115967,
		0.5596169233322144,
		0.0027379123494029045,
		0.9996668696403503
	],
	"7. right_knee": [
		0.5139535665512085,
		0.6945798397064209,
		-0.0059201386757195,
		0.9976675510406494
	],
	"8. right_ankle": [
		0.5030748844146729,
		0.8139033913612366,
		0.13363482058048248,
		0.9973665475845337
	],
	"14. left_shoulder": [
		0.5892969369888306,
		0.3689410388469696,
		-0.06293347477912903,
		0.9988889098167419
	],
	"15. left_elbow": [
		0.6049658060073853,
		0.43996548652648926,
		0.03873639553785324,
		0.726119875907898
	],
	"16. left_wrist": [
		0.6097323894500732,
		0.49653613567352295,
		0.03274046257138252,
		0.5988242626190186
	],
	"19. right_shoulder": [
		0.5240225195884705,
		0.36882561445236206,
		-0.05875948444008827,
		0.9997807741165161
	],
	"20. right_elbow": [
		0.49369338154792786,
		0.44337373971939087,
		-0.004531442653387785,
		0.9729573726654053
	],
	"21. right_wrist": [
		0.474138468503952,
		0.5098323225975037,
		-0.06347963958978653,
		0.9159326553344727
	],
	"24. nose": [
		0.5565410852432251,
		0.31010690331459045,
		-0.23308917880058289,
		0.9998534917831421
	],
	"25. left_eye": [
		0.5633609294891357,
		0.2981750965118408,
		-0.22317399084568024,
		0.9995837807655334
	],
	"26. right_eye": [
		0.548874020576477,
		0.29831787943840027,
		-0.2230812907218933,
		0.9997559189796448
	],
	"27. left_ear": [
		0.5695120096206665,
		0.30359169840812683,
		-0.13902926445007324,
		0.9989256858825684
	],
	"28. right_ear": [
		0.5426469445228577,
		0.30368465185165405,
		-0.1382218301296234,
		0.9996500015258789
	],
	"time stamp": 23
}