{
	"1. left_hip": [
		0.5673750042915344,
		0.5588808655738831,
		-0.002178916707634926,
		0.9994770288467407
	],
	"2. left_knee": [
		0.5771283507347107,
		0.712230920791626,
		-0.023228617385029793,
		0.9966221451759338
	],
	"3. left_ankle": [
		0.5873391032218933,
		0.83258455991745,
		0.11917193233966827,
		0.9959011673927307
	],
	"6. right_hip": [
		0.5267356038093567,
		0.5541191101074219,
		0.0020854813046753407,
		0.9996026158332825
	],
	"7. right_knee": [
		0.5201488733291626,
		0.6936119198799133,
		-0.010706388391554356,
		0.9973905086517334
	],
	"8. right_ankle": [
		0.51640385389328,
		0.812060534954071,
		0.1341361105442047,
		0.9967662692070007
	],
	"14. left_shoulder": [
		0.5888293385505676,
		0.3671465516090393,
		-0.06740371137857437,
		0.998997151851654
	],
	"15. left_elbow": [
		0.6066348552703857,
		0.4403652548789978,
		-0.0016551392618566751,
		0.7521165013313293
	],
	"16. left_wrist": [
		0.6063255667686462,
		0.4966498613357544,
		-0.02708073891699314,
		0.633256196975708
	],
	"19. right_shoulder": [
		0.5231195092201233,
		0.36167433857917786,
		-0.055145226418972015,
		0.9997915625572205
	],
	"20. right_elbow": [
		0.49503403902053833,
		0.43785908818244934,
		0.003225890453904867,
		0.9731301665306091
	],
	"21. right_wrist": [
		0.4805711805820465,
		0.5103603005409241,
		-0.061818499118089676,
		0.9168387055397034
	],
	"24. nose": [
		0.554999828338623,
		0.30588194727897644,
		-0.24212366342544556,
		0.9998629689216614
	],
	"25. left_eye": [
		0.5624051094055176,
		0.29225578904151917,
		-0.23181979358196259,
		0.9996064305305481
	],
	"26. right_eye": [
		0.5475693941116333,
		0.29286959767341614,
		-0.23093339800834656,
		0.9997564554214478
	],
	"27. left_ear": [
		0.5689472556114197,
		0.2966909110546112,
		-0.14226631820201874,
		0.9990016222000122
	],
	"28. right_ear": [
		0.5425103902816772,
		0.2973479628562927,
		-0.1380223035812378,
		0.9996456503868103
	],
	"time stamp": 23
}