{
	"1. left_hip": [
		0.5689615607261658,
		0.5569865107536316,
		-0.004705569241195917,
		0.9994831085205078
	],
	"2. left_knee": [
		0.5760700106620789,
		0.7097820043563843,
		-0.026783151552081108,
		0.9963197112083435
	],
	"3. left_ankle": [
		0.586962103843689,
		0.832615852355957,
		0.12361791729927063,
		0.9957395792007446
	],
	"6. right_hip": [
		0.5283792018890381,
		0.5549712181091309,
		0.004694435745477676,
		0.9995521903038025
	],
	"7. right_knee": [
		0.5253121256828308,
		0.6970601677894592,
		-0.001165136811323464,
		0.9971503019332886
	],
	"8. right_ankle": [
		0.5247524380683899,
		0.8132065534591675,
		0.16971217095851898,
		0.996405839920044
	],
	"14. left_shoulder": [
		0.5887754559516907,
		0.36594900488853455,
		-0.06926786154508591,
		0.9990957975387573
	],
	"15. left_elbow": [
		0.6048073768615723,
		0.4480859637260437,
		-0.11096498370170593,
		0.7753502726554871
	],
	"16. left_wrist": [
		0.606006383895874,
		0.48787596821784973,
		-0.28171634674072266,
		0.6659567952156067
	],
	"19. right_shoulder": [
		0.521251380443573,
		0.362714558839798,
		-0.049605149775743484,
		0.9997966289520264
	],
	"20. right_elbow": [
		0.49649810791015625,
		0.44168850779533386,
		0.017651643604040146,
		0.9707408547401428
	],
	"21. right_wrist": [
		0.48786845803260803,
		0.5115293860435486,
		-0.05469304695725441,
		0.9143244028091431
	],
	"24. nose": [
		0.5546702146530151,
		0.3020003139972687,
		-0.25378796458244324,
		0.9998727440834045
	],
	"25. left_eye": [
		0.5625160932540894,
		0.28834015130996704,
		-0.23506906628608704,
		0.9996368288993835
	],
	"26. right_eye": [
		0.5467777848243713,
		0.28831946849823,
		-0.2448091059923172,
		0.9997602701187134
	],
	"27. left_ear": [
		0.5688028335571289,
		0.29349228739738464,
		-0.15729695558547974,
		0.999087929725647
	],
	"28. right_ear": [
		0.5414413213729858,
		0.29425036907196045,
		-0.14792346954345703,
		0.9996497631072998
	],
	"time stamp": 23
}