{
	"1. left_hip": [
		0.569469153881073,
		0.5543257594108582,
		-0.004005661699920893,
		0.9994223713874817
	],
	"2. left_knee": [
		0.5756192207336426,
		0.7108222842216492,
		-0.028508909046649933,
		0.9960723519325256
	],
	"3. left_ankle": [
		0.5863866806030273,
		0.8333635330200195,
		0.11151687800884247,
		0.9953657984733582
	],
	"6. right_hip": [
		0.529447078704834,
		0.5541200637817383,
		0.003960322123020887,
		0.9994522929191589
	],
	"7. right_knee": [
		0.5301474928855896,
		0.6986476182937622,
		-0.007534812670201063,
		0.9966720938682556
	],
	"8. right_ankle": [
		0.5316295623779297,
		0.8231707811355591,
		0.12456011027097702,
		0.995898425579071
	],
	"14. left_shoulder": [
		0.5873925089836121,
		0.36384424567222595,
		-0.06812743097543716,
		0.9991828799247742
	],
	"15. left_elbow": [
		0.6029800176620483,
		0.44499701261520386,
		-0.025393636897206306,
		0.7964596152305603
	],
	"16. left_wrist": [
		0.6012806296348572,
		0.4935121238231659,
		-0.15232332050800323,
		0.6953614950180054
	],
	"19. right_shoulder": [
		0.5203580260276794,
		0.3637656271457672,
		-0.04983856901526451,
		0.9997907876968384
	],
	"20. right_elbow": [
		0.4966244101524353,
		0.4425998628139496,
		0.015269591473042965,
		0.9692338109016418
	],
	"21. right_wrist": [
		0.49036604166030884,
		0.5122957229614258,
		-0.051611948758363724,
		0.9127305150032043
	],
	"24. nose": [
		0.5550220608711243,
		0.30106744170188904,
		-0.2512814998626709,
		0.9998781681060791
	],
	"25. left_eye": [
		0.5623030066490173,
		0.2874510586261749,
		-0.23773102462291718,
		0.9996519684791565
	],
	"26. right_eye": [
		0.5472669005393982,
		0.2876082956790924,
		-0.2393999695777893,
		0.999752402305603
	],
	"27. left_ear": [
		0.568161129951477,
		0.29292458295822144,
		-0.14273414015769958,
		0.9991499185562134
	],
	"28. right_ear": [
		0.5410621762275696,
		0.2939607799053192,
		-0.14264202117919922,
		0.9996350407600403
	],
	"time stamp": 23
}