{
	"1. left_hip": [
		0.5697763562202454,
		0.5615161657333374,
		-0.005041863769292831,
		0.9993780851364136
	],
	"2. left_knee": [
		0.57523113489151,
		0.7121008038520813,
		-0.026117688044905663,
		0.9959887266159058
	],
	"3. left_ankle": [
		0.5843141078948975,
		0.8335890769958496,
		0.11703558266162872,
		0.9950006008148193
	],
	"6. right_hip": [
		0.5310248136520386,
		0.5606411695480347,
		0.0051096295937895775,
		0.999365508556366
	],
	"7. right_knee": [
		0.53611159324646,
		0.7071224451065063,
		-0.0010480652563273907,
		0.9964542388916016
	],
	"8. right_ankle": [
		0.5396226048469543,
		0.8336502313613892,
		0.12476039677858353,
		0.9957332611083984
	],
	"14. left_shoulder": [
		0.5871762633323669,
		0.3702694773674011,
		-0.051362667232751846,
		0.9992621541023254
	],
	"15. left_elbow": [
		0.6086602210998535,
		0.4442698657512665,
		-0.013382977806031704,
		0.8158426880836487
	],
	"16. left_wrist": [
		0.601584792137146,
		0.4867679476737976,
		-0.11839361488819122,
		0.7234556674957275
	],
	"19. right_shoulder": [
		0.5189393758773804,
		0.3713606894016266,
		-0.02175847627222538,
		0.9997617602348328
	],
	"20. right_elbow": [
		0.5008949637413025,
		0.45052364468574524,
		0.04225333407521248,
		0.9585881233215332
	],
	"21. right_wrist": [
		0.5066258907318115,
		0.5184138417243958,
		-0.01127182599157095,
		0.8969355225563049
	],
	"24. nose": [
		0.5542126297950745,
		0.30891865491867065,
		-0.2096189558506012,
		0.9998810291290283
	],
	"25. left_eye": [
		0.5612701177597046,
		0.2951285243034363,
		-0.1976994276046753,
		0.99965900182724
	],
	"26. right_eye": [
		0.5467699766159058,
		0.2954593300819397,
		-0.1979428380727768,
		0.9997291564941406
	],
	"27. left_ear": [
		0.5674422383308411,
		0.30041179060935974,
		-0.1086057499051094,
		0.9992054104804993
	],
	"28. right_ear": [
		0.5400068163871765,
		0.30149045586586,
		-0.1089322417974472,
		0.9995877742767334
	],
	"time stamp": 23
}