{
	"1. left_hip": [
		0.5699124336242676,
		0.5640077590942383,
		-0.006850759033113718,
		0.9993723630905151
	],
	"2. left_knee": [
		0.5750021934509277,
		0.7132363319396973,
		-0.024064267054200172,
		0.9958609938621521
	],
	"3. left_ankle": [
		0.583213746547699,
		0.8356021642684937,
		0.12041156738996506,
		0.9946366548538208
	],
	"6. right_hip": [
		0.5308226346969604,
		0.5637560486793518,
		0.006987960077822208,
		0.9992848634719849
	],
	"7. right_knee": [
		0.5369089245796204,
		0.7119109034538269,
		0.003866220824420452,
		0.9961420297622681
	],
	"8. right_ankle": [
		0.5400149822235107,
		0.8377854228019714,
		0.1396566927433014,
		0.9955058097839355
	],
	"14. left_shoulder": [
		0.5860370993614197,
		0.37404751777648926,
		-0.054748691618442535,
		0.9993346333503723
	],
	"15. left_elbow": [
		0.6076346039772034,
		0.44344863295555115,
		-0.039131101220846176,
		0.8334481120109558
	],
	"16. left_wrist": [
		0.6036433577537537,
		0.47830042243003845,
		-0.17145942151546478,
		0.7495247721672058
	],
	"19. right_shoulder": [
		0.518098771572113,
		0.37535467743873596,
		-0.010948659852147102,
		0.9996997117996216
	],
	"20. right_elbow": [
		0.5020402073860168,
		0.4527726173400879,
		0.04994957894086838,
		0.937259316444397
	],
	"21. right_wrist": [
		0.5066172480583191,
		0.5198737382888794,
		-0.017119258642196655,
		0.8722580671310425
	],
	"24. nose": [
		0.5535598397254944,
		0.312468558549881,
		-0.20699195563793182,
		0.9998855590820312
	],
	"25. left_eye": [
		0.5604360103607178,
		0.2988521456718445,
		-0.19417427480220795,
		0.9996770620346069
	],
	"26. right_eye": [
		0.5460891127586365,
		0.2986699938774109,
		-0.19406567513942719,
		0.9997159838676453
	],
	"27. left_ear": [
		0.5663630366325378,
		0.30405253171920776,
		-0.10332749038934708,
		0.9992703795433044
	],
	"28. right_ear": [
		0.538978636264801,
		0.30508068203926086,
		-0.10223603248596191,
		0.9995431303977966
	],
	"time stamp": 23
}