{
	"1. left_hip": [
		0.5700098276138306,
		0.5651938915252686,
		-0.006348064169287682,
		0.9993645548820496
	],
	"2. left_knee": [
		0.5748439431190491,
		0.7141069769859314,
		-0.01789283938705921,
		0.9958534240722656
	],
	"3. left_ankle": [
		0.5825639367103577,
		0.8356120586395264,
		0.14476382732391357,
		0.9944732189178467
	],
	"6. right_hip": [
		0.5308082699775696,
		0.5654842257499695,
		0.006421014200896025,
		0.999214768409729
	],
	"7. right_knee": [
		0.536419153213501,
		0.7142173647880554,
		0.006500944960862398,
		0.9959278106689453
	],
	"8. right_ankle": [
		0.5396860241889954,
		0.8374941349029541,
		0.15667904913425446,
		0.9954197406768799
	],
	"14. left_shoulder": [
		0.5865876078605652,
		0.3756043016910553,
		-0.04515640810132027,
		0.9993981719017029
	],
	"15. left_elbow": [
		0.6072600483894348,
		0.4408971667289734,
		-0.03594573587179184,
		0.8487109541893005
	],
	"16. left_wrist": [
		0.602027416229248,
		0.4806672930717468,
		-0.15784615278244019,
		0.7715727090835571
	],
	"19. right_shoulder": [
		0.5177510380744934,
		0.3770354092121124,
		-0.020619988441467285,
		0.9995931386947632
	],
	"20. right_elbow": [
		0.5024173855781555,
		0.4558875560760498,
		0.012172027491033077,
		0.9189085960388184
	],
	"21. right_wrist": [
		0.5081076622009277,
		0.51837158203125,
		-0.09128613024950027,
		0.8478897213935852
	],
	"24. nose": [
		0.5534719824790955,
		0.3120388984680176,
		-0.20650441944599152,
		0.9998878240585327
	],
	"25. left_eye": [
		0.5602424144744873,
		0.2983376383781433,
		-0.19151851534843445,
		0.9996873736381531
	],
	"26. right_eye": [
		0.5459303855895996,
		0.2983078360557556,
		-0.19259774684906006,
		0.9996981024742126
	],
	"27. left_ear": [
		0.5660614967346191,
		0.30434221029281616,
		-0.09537013620138168,
		0.9993199110031128
	],
	"28. right_ear": [
		0.5387020707130432,
		0.3056524991989136,
		-0.09962368756532669,
		0.9994820952415466
	],
	"time stamp": 23
}