{
	"1. left_hip": [
		0.570740818977356,
		0.5644476413726807,
		-0.00613661902025342,
		0.9993667006492615
	],
	"2. left_knee": [
		0.5747398138046265,
		0.7146952152252197,
		-0.0187312550842762,
		0.9958153963088989
	],
	"3. left_ankle": [
		0.582146406173706,
		0.8356102705001831,
		0.14486722648143768,
		0.9942004084587097
	],
	"6. right_hip": [
		0.531597375869751,
		0.5655348300933838,
		0.006238454021513462,
		0.9991527199745178
	],
	"7. right_knee": [
		0.5366919636726379,
		0.7144249677658081,
		0.0030858430545777082,
		0.9957070350646973
	],
	"8. right_ankle": [
		0.539485514163971,
		0.8366228938102722,
		0.15385793149471283,
		0.9951784014701843
	],
	"14. left_shoulder": [
		0.5878287553787231,
		0.37433651089668274,
		-0.039294373244047165,
		0.9994568228721619
	],
	"15. left_elbow": [
		0.6107340455055237,
		0.4346970021724701,
		-0.036501217633485794,
		0.862774670124054
	],
	"16. left_wrist": [
		0.603293776512146,
		0.46937090158462524,
		-0.17606499791145325,
		0.7925997376441956
	],
	"19. right_shoulder": [
		0.517896294593811,
		0.3777308166027069,
		-0.00978954415768385,
		0.9995256662368774
	],
	"20. right_elbow": [
		0.5032083988189697,
		0.4565321207046509,
		0.028661085292696953,
		0.9088448882102966
	],
	"21. right_wrist": [
		0.5080552101135254,
		0.5189611315727234,
		-0.06425231695175171,
		0.8333897590637207
	],
	"24. nose": [
		0.5532780289649963,
		0.31117379665374756,
		-0.20045195519924164,
		0.9998916983604431
	],
	"25. left_eye": [
		0.5598790645599365,
		0.2973219156265259,
		-0.18603768944740295,
		0.9997020959854126
	],
	"26. right_eye": [
		0.5456358790397644,
		0.29758983850479126,
		-0.18662738800048828,
		0.9996883869171143
	],
	"27. left_ear": [
		0.5656741857528687,
		0.30333054065704346,
		-0.09044688940048218,
		0.9993714690208435
	],
	"28. right_ear": [
		0.5385543704032898,
		0.3051997125148773,
		-0.09206253290176392,
		0.9994481801986694
	],
	"time stamp": 23
}