{
	"1. left_hip": [
		0.5717554092407227,
		0.5641009211540222,
		-0.009188161231577396,
		0.9993879199028015
	],
	"2. left_knee": [
		0.5746914744377136,
		0.7150822877883911,
		-0.024807792156934738,
		0.9956745505332947
	],
	"3. left_ankle": [
		0.576204240322113,
		0.8357939124107361,
		0.1339217573404312,
		0.99385005235672
	],
	"6. right_hip": [
		0.5329138040542603,
		0.5658489465713501,
		0.00930545199662447,
		0.9991584420204163
	],
	"7. right_knee": [
		0.5338296890258789,
		0.7136901617050171,
		0.001624154974706471,
		0.9955328702926636
	],
	"8. right_ankle": [
		0.5372663140296936,
		0.8356720209121704,
		0.15051472187042236,
		0.9947812557220459
	],
	"14. left_shoulder": [
		0.5884642004966736,
		0.37481385469436646,
		-0.034090373665094376,
		0.999510645866394
	],
	"15. left_elbow": [
		0.610659658908844,
		0.43921035528182983,
		-0.08650312572717667,
		0.8760637640953064
	],
	"16. left_wrist": [
		0.6029548048973083,
		0.4587351977825165,
		-0.2728549838066101,
		0.8129091262817383
	],
	"19. right_shoulder": [
		0.5191568732261658,
		0.37827491760253906,
		0.022747157141566277,
		0.9995471835136414
	],
	"20. right_elbow": [
		0.5001858472824097,
		0.4472266435623169,
		0.0774083212018013,
		0.91341632604599
	],
	"21. right_wrist": [
		0.5034281611442566,
		0.5084561109542847,
		0.007509154267609119,
		0.8394479751586914
	],
	"24. nose": [
		0.5531497597694397,
		0.3121561110019684,
		-0.18441317975521088,
		0.9998999834060669
	],
	"25. left_eye": [
		0.5595484972000122,
		0.29840150475502014,
		-0.16991691291332245,
		0.9997270703315735
	],
	"26. right_eye": [
		0.5455874800682068,
		0.299040824174881,
		-0.16762180626392365,
		0.99970543384552
	],
	"27. left_ear": [
		0.5654369592666626,
		0.3046115040779114,
		-0.07582458853721619,
		0.9994294047355652
	],
	"28. right_ear": [
		0.5385572910308838,
		0.3063605725765228,
		-0.06480962038040161,
		0.9994816184043884
	],
	"time stamp": 23
}