{
	"1. left_hip": [
		0.5729358792304993,
		0.5649577975273132,
		-0.01181371882557869,
		0.9993940591812134
	],
	"2. left_knee": [
		0.5730670094490051,
		0.7167031168937683,
		-0.028281891718506813,
		0.9955238699913025
	],
	"3. left_ankle": [
		0.5733312368392944,
		0.8358861207962036,
		0.1304761916399002,
		0.9935697913169861
	],
	"6. right_hip": [
		0.5335922837257385,
		0.5663291811943054,
		0.011896185576915741,
		0.9991526007652283
	],
	"7. right_knee": [
		0.5310627818107605,
		0.7138486504554749,
		0.00037678060471080244,
		0.9953876733779907
	],
	"8. right_ankle": [
		0.5358260273933411,
		0.8350247740745544,
		0.14759621024131775,
		0.9944900870323181
	],
	"14. left_shoulder": [
		0.589695155620575,
		0.3769639730453491,
		-0.045007769018411636,
		0.9995582699775696
	],
	"15. left_elbow": [
		0.6088513135910034,
		0.43999654054641724,
		-0.1172952800989151,
		0.8879178166389465
	],
	"16. left_wrist": [
		0.5967847108840942,
		0.4585627615451813,
		-0.2935605049133301,
		0.8309783339500427
	],
	"19. right_shoulder": [
		0.5201472043991089,
		0.3802788257598877,
		0.009451646357774734,
		0.9995625019073486
	],
	"20. right_elbow": [
		0.49868860840797424,
		0.4426382780075073,
		0.038844622671604156,
		0.9187452793121338
	],
	"21. right_wrist": [
		0.5002250671386719,
		0.49832355976104736,
		-0.060706816613674164,
		0.8479920029640198
	],
	"24. nose": [
		0.5533030033111572,
		0.3132077753543854,
		-0.19909030199050903,
		0.9999057054519653
	],
	"25. left_eye": [
		0.5596362352371216,
		0.3005068898200989,
		-0.1857065111398697,
		0.999745786190033
	],
	"26. right_eye": [
		0.5458399057388306,
		0.3019900321960449,
		-0.18261797726154327,
		0.9997141361236572
	],
	"27. left_ear": [
		0.5660111308097839,
		0.308785617351532,
		-0.09326418489217758,
		0.9994780421257019
	],
	"28. right_ear": [
		0.5389214158058167,
		0.3120952844619751,
		-0.07847150415182114,
		0.9995008707046509
	],
	"time stamp": 23
}