{
	"1. left_hip": [
		0.5753644704818726,
		0.5664324164390564,
		-0.011137351393699646,
		0.9993014335632324
	],
	"2. left_knee": [
		0.5726804733276367,
		0.7157564759254456,
		-0.02082553505897522,
		0.9952663779258728
	],
	"3. left_ankle": [
		0.5724565982818604,
		0.8357971906661987,
		0.11369958519935608,
		0.993308424949646
	],
	"6. right_hip": [
		0.5355222821235657,
		0.5671786069869995,
		0.01124291867017746,
		0.9990580081939697
	],
	"7. right_knee": [
		0.529136061668396,
		0.7074515223503113,
		-0.005065891891717911,
		0.9951598048210144
	],
	"8. right_ankle": [
		0.5322226285934448,
		0.8319079279899597,
		0.11499843001365662,
		0.9940604567527771
	],
	"14. left_shoulder": [
		0.590789258480072,
		0.3897884488105774,
		-0.07185948640108109,
		0.9995995759963989
	],
	"15. left_elbow": [
		0.6161892414093018,
		0.44170287251472473,
		-0.0892610102891922,
		0.8988791704177856
	],
	"16. left_wrist": [
		0.5928652286529541,
		0.4578836262226105,
		-0.2333453893661499,
		0.8474534153938293
	],
	"19. right_shoulder": [
		0.5216855406761169,
		0.3918474018573761,
		0.0005438755033537745,
		0.9995190501213074
	],
	"20. right_elbow": [
		0.4976317286491394,
		0.4386973977088928,
		0.06408020108938217,
		0.9239646196365356
	],
	"21. right_wrist": [
		0.494865357875824,
		0.493844598531723,
		0.060786761343479156,
		0.8541663885116577
	],
	"24. nose": [
		0.554437518119812,
		0.3239743411540985,
		-0.21776805818080902,
		0.9999083280563354
	],
	"25. left_eye": [
		0.5603560209274292,
		0.31357109546661377,
		-0.205233633518219,
		0.9997574687004089
	],
	"26. right_eye": [
		0.5466301441192627,
		0.315137654542923,
		-0.2022613137960434,
		0.9997124075889587
	],
	"27. left_ear": [
		0.5668340921401978,
		0.3214762508869171,
		-0.11817177385091782,
		0.9995108246803284
	],
	"28. right_ear": [
		0.5398340821266174,
		0.32594239711761475,
		-0.10803042352199554,
		0.9995033144950867
	],
	"time stamp": 23
}