{
	"1. left_hip": [
		0.5764569044113159,
		0.5762819647789001,
		-0.010389422066509724,
		0.9992920160293579
	],
	"2. left_knee": [
		0.5727202892303467,
		0.7172145247459412,
		-0.02191563881933689,
		0.995161235332489
	],
	"3. left_ankle": [
		0.571956992149353,
		0.8357672095298767,
		0.10321065038442612,
		0.9931841492652893
	],
	"6. right_hip": [
		0.536698579788208,
		0.5739707350730896,
		0.010477302595973015,
		0.9990577697753906
	],
	"7. right_knee": [
		0.5287949442863464,
		0.7066949009895325,
		-0.02923646755516529,
		0.995246410369873
	],
	"8. right_ankle": [
		0.5307079553604126,
		0.8266977667808533,
		0.09684698283672333,
		0.994036853313446
	],
	"14. left_shoulder": [
		0.59139484167099,
		0.4023972451686859,
		-0.07247975468635559,
		0.9996381402015686
	],
	"15. left_elbow": [
		0.6181603074073792,
		0.45482009649276733,
		-0.11644862592220306,
		0.9088372588157654
	],
	"16. left_wrist": [
		0.5916846990585327,
		0.4638223946094513,
		-0.26883620023727417,
		0.8625487685203552
	],
	"19. right_shoulder": [
		0.5238005518913269,
		0.4024942219257355,
		-0.012112293392419815,
		0.9995310306549072
	],
	"20. right_elbow": [
		0.4973529279232025,
		0.44227662682533264,
		0.04960807040333748,
		0.9298319220542908
	],
	"21. right_wrist": [
		0.4895106256008148,
		0.49904078245162964,
		0.0012233613524585962,
		0.8648496866226196
	],
	"24. nose": [
		0.5568682551383972,
		0.33931654691696167,
		-0.220878005027771,
		0.99991375207901
	],
	"25. left_eye": [
		0.5617415904998779,
		0.32807984948158264,
		-0.20796050131320953,
		0.9997732043266296
	],
	"26. right_eye": [
		0.5484662652015686,
		0.3302806615829468,
		-0.2047484964132309,
		0.9997216463088989
	],
	"27. left_ear": [
		0.568340539932251,
		0.3361724615097046,
		-0.11907963454723358,
		0.9995481967926025
	],
	"28. right_ear": [
		0.5407465696334839,
		0.34207433462142944,
		-0.1082930862903595,
		0.9995249509811401
	],
	"time stamp": 23
}