{
	"1. left_hip": [
		0.5768327713012695,
		0.593877375125885,
		-0.013522438704967499,
		0.9993206262588501
	],
	"2. left_knee": [
		0.5731034874916077,
		0.7191198468208313,
		-0.016911134123802185,
		0.9941447377204895
	],
	"3. left_ankle": [
		0.5714841485023499,
		0.8343989253044128,
		0.12182168662548065,
		0.9925458431243896
	],
	"6. right_hip": [
		0.537503182888031,
		0.590280294418335,
		0.013558358885347843,
		0.999118983745575
	],
	"7. right_knee": [
		0.521873950958252,
		0.706866443157196,
		-0.10371190309524536,
		0.9953448176383972
	],
	"8. right_ankle": [
		0.5299076437950134,
		0.8016425371170044,
		0.04948526993393898,
		0.9937148094177246
	],
	"14. left_shoulder": [
		0.5919203162193298,
		0.42079052329063416,
		-0.078975148499012,
		0.9996718764305115
	],
	"15. left_elbow": [
		0.6174116730690002,
		0.4768693149089813,
		-0.14233270287513733,
		0.9175523519515991
	],
	"16. left_wrist": [
		0.5908828973770142,
		0.48019659519195557,
		-0.2859022319316864,
		0.8759129643440247
	],
	"19. right_shoulder": [
		0.5281215310096741,
		0.426346093416214,
		-0.0038476698100566864,
		0.9995289444923401
	],
	"20. right_elbow": [
		0.49736496806144714,
		0.46251174807548523,
		0.06283774226903915,
		0.9304662942886353
	],
	"21. right_wrist": [
		0.48933687806129456,
		0.517315149307251,
		0.010243864730000496,
		0.8698893785476685
	],
	"24. nose": [
		0.5580147504806519,
		0.35723957419395447,
		-0.2049482762813568,
		0.9999087452888489
	],
	"25. left_eye": [
		0.5626829266548157,
		0.3467980623245239,
		-0.19218257069587708,
		0.9997637271881104
	],
	"26. right_eye": [
		0.5503597259521484,
		0.34801173210144043,
		-0.18770669400691986,
		0.9996700882911682
	],
	"27. left_ear": [
		0.5696424841880798,
		0.35614830255508423,
		-0.11012149602174759,
		0.9995322227478027
	],
	"28. right_ear": [
		0.5432339906692505,
		0.35946816205978394,
		-0.09099511802196503,
		0.9994377493858337
	],
	"time stamp": 23
}