{
	"1. left_hip": [
		0.5761832594871521,
		0.6070266962051392,
		-0.01250527985394001,
		0.9993700385093689
	],
	"2. left_knee": [
		0.5729753375053406,
		0.7252720594406128,
		-0.03869013860821724,
		0.9936471581459045
	],
	"3. left_ankle": [
		0.5712209343910217,
		0.8338819146156311,
		0.1047004759311676,
		0.9919369220733643
	],
	"6. right_hip": [
		0.5365461707115173,
		0.6016268134117126,
		0.012544887140393257,
		0.9991740584373474
	],
	"7. right_knee": [
		0.517880380153656,
		0.7104184627532959,
		-0.06906255334615707,
		0.9954235553741455
	],
	"8. right_ankle": [
		0.5296103954315186,
		0.7901075482368469,
		0.17342200875282288,
		0.9926854968070984
	],
	"14. left_shoulder": [
		0.5929762721061707,
		0.43340298533439636,
		-0.07920874655246735,
		0.999700665473938
	],
	"15. left_elbow": [
		0.6078014373779297,
		0.4892733693122864,
		-0.15522676706314087,
		0.9243961572647095
	],
	"16. left_wrist": [
		0.5907343029975891,
		0.5064827799797058,
		-0.31780827045440674,
		0.8872001767158508
	],
	"19. right_shoulder": [
		0.5295723080635071,
		0.4314415454864502,
		-0.00679389014840126,
		0.9995399117469788
	],
	"20. right_elbow": [
		0.49539804458618164,
		0.4695793688297272,
		0.05338723585009575,
		0.9341995716094971
	],
	"21. right_wrist": [
		0.48653939366340637,
		0.5321731567382812,
		-0.008455793373286724,
		0.8767994046211243
	],
	"24. nose": [
		0.5590903759002686,
		0.3620288074016571,
		-0.1826699674129486,
		0.9998944401741028
	],
	"25. left_eye": [
		0.5640848875045776,
		0.35200029611587524,
		-0.17138555645942688,
		0.9997289180755615
	],
	"26. right_eye": [
		0.5518935322761536,
		0.353177011013031,
		-0.16627027094364166,
		0.9995618462562561
	],
	"27. left_ear": [
		0.5712148547172546,
		0.36186742782592773,
		-0.09879028797149658,
		0.9994646310806274
	],
	"28. right_ear": [
		0.5454778075218201,
		0.3641057312488556,
		-0.07563940435647964,
		0.9992514252662659
	],
	"time stamp": 23
}