{
	"1. left_hip": [
		0.5756849646568298,
		0.6089839935302734,
		-0.01233196072280407,
		0.9994274377822876
	],
	"2. left_knee": [
		0.5729703307151794,
		0.7280759215354919,
		-0.05273076519370079,
		0.993975043296814
	],
	"3. left_ankle": [
		0.5712277293205261,
		0.8343039751052856,
		0.08090943098068237,
		0.9922862648963928
	],
	"6. right_hip": [
		0.5361018776893616,
		0.604099690914154,
		0.012370321899652481,
		0.9992359280586243
	],
	"7. right_knee": [
		0.5167075395584106,
		0.71696937084198,
		0.02213117480278015,
		0.9955435395240784
	],
	"8. right_ankle": [
		0.5293187499046326,
		0.7862240076065063,
		0.24670059978961945,
		0.9920253753662109
	],
	"14. left_shoulder": [
		0.5936477184295654,
		0.4375220835208893,
		-0.08008735626935959,
		0.9997297525405884
	],
	"15. left_elbow": [
		0.6044120788574219,
		0.5034193396568298,
		-0.14883336424827576,
		0.9305856227874756
	],
	"16. left_wrist": [
		0.5897949934005737,
		0.5248366594314575,
		-0.31225281953811646,
		0.8975567817687988
	],
	"19. right_shoulder": [
		0.5306788086891174,
		0.433951735496521,
		-0.010412178002297878,
		0.9995548725128174
	],
	"20. right_elbow": [
		0.4962442219257355,
		0.47938019037246704,
		0.02503456547856331,
		0.93479984998703
	],
	"21. right_wrist": [
		0.4865911602973938,
		0.5438590049743652,
		-0.05079267546534538,
		0.8785852193832397
	],
	"24. nose": [
		0.559320867061615,
		0.3637292683124542,
		-0.1871236115694046,
		0.9999009370803833
	],
	"25. left_eye": [
		0.5646960139274597,
		0.35378238558769226,
		-0.17531226575374603,
		0.9997477531433105
	],
	"26. right_eye": [
		0.5523580312728882,
		0.3549742102622986,
		-0.17112869024276733,
		0.9995810985565186
	],
	"27. left_ear": [
		0.5717191100120544,
		0.36253035068511963,
		-0.09965500235557556,
		0.999505341053009
	],
	"28. right_ear": [
		0.54610276222229,
		0.365777850151062,
		-0.08010587841272354,
		0.9992789626121521
	],
	"time stamp": 23
}