{
	"1. left_hip": [
		0.5731353759765625,
		0.6114116907119751,
		-0.011501936241984367,
		0.9994811415672302
	],
	"2. left_knee": [
		0.5725895166397095,
		0.7280494570732117,
		-0.060039035975933075,
		0.9943472146987915
	],
	"3. left_ankle": [
		0.5712123513221741,
		0.8344094753265381,
		0.08623561263084412,
		0.9926464557647705
	],
	"6. right_hip": [
		0.5348637104034424,
		0.6063060164451599,
		0.011514339596033096,
		0.9992986917495728
	],
	"7. right_knee": [
		0.5167813897132874,
		0.7220489382743835,
		0.049416232854127884,
		0.9955223798751831
	],
	"8. right_ankle": [
		0.5278512835502625,
		0.7859635949134827,
		0.28219956159591675,
		0.9910076260566711
	],
	"14. left_shoulder": [
		0.5938758850097656,
		0.43963223695755005,
		-0.08653155714273453,
		0.9997561573982239
	],
	"15. left_elbow": [
		0.6029039621353149,
		0.5165899395942688,
		-0.13136404752731323,
		0.9360939860343933
	],
	"16. left_wrist": [
		0.589572548866272,
		0.5480583906173706,
		-0.28169775009155273,
		0.9058563113212585
	],
	"19. right_shoulder": [
		0.5293489694595337,
		0.4341847002506256,
		-0.03838903084397316,
		0.9995933771133423
	],
	"20. right_elbow": [
		0.4951617121696472,
		0.4970892071723938,
		-0.01915915124118328,
		0.9391945004463196
	],
	"21. right_wrist": [
		0.48493099212646484,
		0.5627281665802002,
		-0.11465218663215637,
		0.8858382105827332
	],
	"24. nose": [
		0.5588294267654419,
		0.3616180121898651,
		-0.19846437871456146,
		0.9999096989631653
	],
	"25. left_eye": [
		0.5645145177841187,
		0.3517181873321533,
		-0.1878303736448288,
		0.9997705221176147
	],
	"26. right_eye": [
		0.5518030524253845,
		0.3526260256767273,
		-0.1838112324476242,
		0.9996179342269897
	],
	"27. left_ear": [
		0.5713783502578735,
		0.36134690046310425,
		-0.11664175987243652,
		0.9995508790016174
	],
	"28. right_ear": [
		0.5457459092140198,
		0.36388707160949707,
		-0.09987272322177887,
		0.9993424415588379
	],
	"time stamp": 23
}