{
	"1. left_hip": [
		0.5681611895561218,
		0.605403482913971,
		-0.010615243576467037,
		0.999521791934967
	],
	"2. left_knee": [
		0.5685204863548279,
		0.7273250818252563,
		-0.014012261293828487,
		0.9946758151054382
	],
	"3. left_ankle": [
		0.5708156228065491,
		0.8344246745109558,
		0.09246232360601425,
		0.9930660128593445
	],
	"6. right_hip": [
		0.531562864780426,
		0.601077675819397,
		0.010569962672889233,
		0.9993413686752319
	],
	"7. right_knee": [
		0.5179518461227417,
		0.7206774950027466,
		0.06363657116889954,
		0.9955229759216309
	],
	"8. right_ankle": [
		0.5254769921302795,
		0.7926137447357178,
		0.24817311763763428,
		0.9909303188323975
	],
	"14. left_shoulder": [
		0.5935923457145691,
		0.4309455454349518,
		-0.08248933404684067,
		0.9997783303260803
	],
	"15. left_elbow": [
		0.5991085767745972,
		0.5030376315116882,
		-0.048681218177080154,
		0.9413143992424011
	],
	"16. left_wrist": [
		0.5918329358100891,
		0.5664759874343872,
		-0.10526228696107864,
		0.9127315282821655
	],
	"19. right_shoulder": [
		0.5284519791603088,
		0.42717814445495605,
		-0.04189176484942436,
		0.9996176958084106
	],
	"20. right_elbow": [
		0.4951643943786621,
		0.49249449372291565,
		-0.0020759832113981247,
		0.9411587119102478
	],
	"21. right_wrist": [
		0.4854835569858551,
		0.5618172883987427,
		-0.07654222100973129,
		0.8882296681404114
	],
	"24. nose": [
		0.5580317378044128,
		0.3581925332546234,
		-0.19603204727172852,
		0.9999146461486816
	],
	"25. left_eye": [
		0.5644153356552124,
		0.3469863533973694,
		-0.18625536561012268,
		0.9997811317443848
	],
	"26. right_eye": [
		0.5515463948249817,
		0.34856629371643066,
		-0.18291333317756653,
		0.9996367692947388
	],
	"27. left_ear": [
		0.5712777972221375,
		0.3552614748477936,
		-0.11748363077640533,
		0.9995719194412231
	],
	"28. right_ear": [
		0.5452542901039124,
		0.35818761587142944,
		-0.10195869207382202,
		0.999366283416748
	],
	"time stamp": 23
}