{
	"1. left_hip": [
		0.565703809261322,
		0.6033780574798584,
		-0.010262532159686089,
		0.9995572566986084
	],
	"2. left_knee": [
		0.5667968988418579,
		0.7249189019203186,
		-0.008841922506690025,
		0.9949950575828552
	],
	"3. left_ankle": [
		0.5704766511917114,
		0.8344327211380005,
		0.09168677777051926,
		0.9935464859008789
	],
	"6. right_hip": [
		0.528617262840271,
		0.5993337631225586,
		0.01017748937010765,
		0.9993764162063599
	],
	"7. right_knee": [
		0.5193947553634644,
		0.7198778986930847,
		0.05854880064725876,
		0.9955742359161377
	],
	"8. right_ankle": [
		0.5260506272315979,
		0.7958080768585205,
		0.2259145826101303,
		0.99105304479599
	],
	"14. left_shoulder": [
		0.5902998447418213,
		0.42732661962509155,
		-0.08518296480178833,
		0.9997983574867249
	],
	"15. left_elbow": [
		0.5931979417800903,
		0.5035025477409363,
		-0.047868117690086365,
		0.9461415410041809
	],
	"16. left_wrist": [
		0.592951774597168,
		0.5752361416816711,
		-0.09995821118354797,
		0.9190280437469482
	],
	"19. right_shoulder": [
		0.5277065634727478,
		0.42477530241012573,
		-0.05733796954154968,
		0.9996427893638611
	],
	"20. right_elbow": [
		0.49632906913757324,
		0.4922489523887634,
		-0.018856847658753395,
		0.9407649040222168
	],
	"21. right_wrist": [
		0.48848196864128113,
		0.5646567344665527,
		-0.07220497727394104,
		0.8880584239959717
	],
	"24. nose": [
		0.5561527013778687,
		0.3486524224281311,
		-0.19769373536109924,
		0.9999204277992249
	],
	"25. left_eye": [
		0.5629189014434814,
		0.34218829870224,
		-0.1892574578523636,
		0.9997933506965637
	],
	"26. right_eye": [
		0.5503460168838501,
		0.3409658968448639,
		-0.18689954280853271,
		0.9996587038040161
	],
	"27. left_ear": [
		0.5701806545257568,
		0.3527200222015381,
		-0.12656138837337494,
		0.9995965361595154
	],
	"28. right_ear": [
		0.5443210601806641,
		0.35129380226135254,
		-0.11522751301527023,
		0.9993939995765686
	],
	"time stamp": 23
}