{
	"1. left_hip": [
		0.5640279650688171,
		0.5993046760559082,
		-0.010845774784684181,
		0.9995754361152649
	],
	"2. left_knee": [
		0.5648901462554932,
		0.7191581130027771,
		-0.0016888795653358102,
		0.9950775504112244
	],
	"3. left_ankle": [
		0.5702306628227234,
		0.8343236446380615,
		0.09005803614854813,
		0.9938699007034302
	],
	"6. right_hip": [
		0.5272466540336609,
		0.5938345789909363,
		0.010759896598756313,
		0.9993894100189209
	],
	"7. right_knee": [
		0.5220673084259033,
		0.7127368450164795,
		0.05570356547832489,
		0.9953506588935852
	],
	"8. right_ankle": [
		0.5277843475341797,
		0.7989141941070557,
		0.21546649932861328,
		0.9911526441574097
	],
	"14. left_shoulder": [
		0.5866864919662476,
		0.4255329668521881,
		-0.10284148156642914,
		0.9998140931129456
	],
	"15. left_elbow": [
		0.5908544659614563,
		0.5036225914955139,
		-0.06888233870267868,
		0.9504240155220032
	],
	"16. left_wrist": [
		0.593167781829834,
		0.5813273191452026,
		-0.12133375555276871,
		0.9232176542282104
	],
	"19. right_shoulder": [
		0.5238495469093323,
		0.42160534858703613,
		-0.06877533346414566,
		0.999661922454834
	],
	"20. right_elbow": [
		0.49797049164772034,
		0.49435847997665405,
		-0.026135964319109917,
		0.937673032283783
	],
	"21. right_wrist": [
		0.4949797987937927,
		0.5663919448852539,
		-0.07425043731927872,
		0.8870717883110046
	],
	"24. nose": [
		0.5526562929153442,
		0.34097346663475037,
		-0.21246907114982605,
		0.9999228119850159
	],
	"25. left_eye": [
		0.5596018433570862,
		0.33353251218795776,
		-0.2043861746788025,
		0.9997942447662354
	],
	"26. right_eye": [
		0.5469049215316772,
		0.33208778500556946,
		-0.2019067257642746,
		0.9996641278266907
	],
	"27. left_ear": [
		0.5669392347335815,
		0.34431058168411255,
		-0.14169467985630035,
		0.9996011853218079
	],
	"28. right_ear": [
		0.5410993099212646,
		0.3420347571372986,
		-0.12929899990558624,
		0.9993798136711121
	],
	"time stamp": 23
}