{
	"1. left_hip": [
		0.5633361339569092,
		0.5911988019943237,
		-0.011881956830620766,
		0.9995883107185364
	],
	"2. left_knee": [
		0.563499927520752,
		0.7145781517028809,
		-0.004346261732280254,
		0.9952518939971924
	],
	"3. left_ankle": [
		0.5702038407325745,
		0.8336433172225952,
		0.08831893652677536,
		0.9942107796669006
	],
	"6. right_hip": [
		0.5273117423057556,
		0.589076578617096,
		0.011803004890680313,
		0.9993837475776672
	],
	"7. right_knee": [
		0.5239573121070862,
		0.7081126570701599,
		0.054870352149009705,
		0.9951095581054688
	],
	"8. right_ankle": [
		0.5297390222549438,
		0.8002899289131165,
		0.2029949575662613,
		0.9913777112960815
	],
	"14. left_shoulder": [
		0.5828274488449097,
		0.41703537106513977,
		-0.09992819279432297,
		0.9998285174369812
	],
	"15. left_elbow": [
		0.5883919596672058,
		0.5016990900039673,
		-0.06488756835460663,
		0.9541307687759399
	],
	"16. left_wrist": [
		0.5931375622749329,
		0.5794200301170349,
		-0.11147839576005936,
		0.9266985654830933
	],
	"19. right_shoulder": [
		0.5188101530075073,
		0.41764703392982483,
		-0.07083826512098312,
		0.9996599555015564
	],
	"20. right_elbow": [
		0.5023197531700134,
		0.4963516294956207,
		-0.033564336597919464,
		0.9264795780181885
	],
	"21. right_wrist": [
		0.5021905899047852,
		0.5633009672164917,
		-0.08231852203607559,
		0.8744786381721497
	],
	"24. nose": [
		0.550237238407135,
		0.33429643511772156,
		-0.21572010219097137,
		0.9999247789382935
	],
	"25. left_eye": [
		0.5569016337394714,
		0.3252519965171814,
		-0.20645448565483093,
		0.9997947812080383
	],
	"26. right_eye": [
		0.5439944863319397,
		0.32474905252456665,
		-0.20514029264450073,
		0.999666154384613
	],
	"27. left_ear": [
		0.5637677907943726,
		0.3350803852081299,
		-0.13954387605190277,
		0.99960857629776
	],
	"28. right_ear": [
		0.5374077558517456,
		0.3344545066356659,
		-0.1326269954442978,
		0.9993536472320557
	],
	"time stamp": 23
}