{
	"1. left_hip": [
		0.5612403750419617,
		0.5817089676856995,
		-0.012519205920398235,
		0.9995933175086975
	],
	"2. left_knee": [
		0.5608575940132141,
		0.7108830213546753,
		-0.006542285438627005,
		0.9953408241271973
	],
	"3. left_ankle": [
		0.5697168707847595,
		0.8332258462905884,
		0.07002924382686615,
		0.9944411516189575
	],
	"6. right_hip": [
		0.5265852212905884,
		0.580571174621582,
		0.012454064562916756,
		0.9993768334388733
	],
	"7. right_knee": [
		0.5240703821182251,
		0.7042877674102783,
		0.05294692516326904,
		0.9945697784423828
	],
	"8. right_ankle": [
		0.5310032963752747,
		0.8016493916511536,
		0.17607060074806213,
		0.991527259349823
	],
	"14. left_shoulder": [
		0.5765976905822754,
		0.4059138298034668,
		-0.07818349450826645,
		0.9998368620872498
	],
	"15. left_elbow": [
		0.5843401551246643,
		0.5001192092895508,
		-0.04084242507815361,
		0.9567280411720276
	],
	"16. left_wrist": [
		0.5918393731117249,
		0.5724018812179565,
		-0.09002647548913956,
		0.9281557202339172
	],
	"19. right_shoulder": [
		0.5129120945930481,
		0.41206803917884827,
		-0.06274636834859848,
		0.9996551275253296
	],
	"20. right_elbow": [
		0.5027317404747009,
		0.49265754222869873,
		-0.052943915128707886,
		0.9192067384719849
	],
	"21. right_wrist": [
		0.5167825818061829,
		0.5563271641731262,
		-0.1320548802614212,
		0.8727246522903442
	],
	"24. nose": [
		0.5461082458496094,
		0.33187994360923767,
		-0.203058660030365,
		0.9999233484268188
	],
	"25. left_eye": [
		0.5522668361663818,
		0.3223622739315033,
		-0.19276592135429382,
		0.9997814297676086
	],
	"26. right_eye": [
		0.539973258972168,
		0.32123154401779175,
		-0.19359205663204193,
		0.9996623992919922
	],
	"27. left_ear": [
		0.5578604936599731,
		0.3305606544017792,
		-0.12464411556720734,
		0.9995843768119812
	],
	"28. right_ear": [
		0.532947301864624,
		0.3290495276451111,
		-0.12451180070638657,
		0.9993335604667664
	],
	"time stamp": 23
}