{
	"1. left_hip": [
		0.5588843822479248,
		0.5823950171470642,
		-0.013025340624153614,
		0.9996123909950256
	],
	"2. left_knee": [
		0.5599812269210815,
		0.7115715742111206,
		-0.009123692288994789,
		0.995547354221344
	],
	"3. left_ankle": [
		0.5691778659820557,
		0.8332375288009644,
		0.07386788725852966,
		0.9946298599243164
	],
	"6. right_hip": [
		0.5256098508834839,
		0.5810538530349731,
		0.012968822382390499,
		0.9993904829025269
	],
	"7. right_knee": [
		0.5250861048698425,
		0.704683244228363,
		0.0648481473326683,
		0.9942256212234497
	],
	"8. right_ankle": [
		0.5326918363571167,
		0.8037381768226624,
		0.2023114114999771,
		0.991485595703125
	],
	"14. left_shoulder": [
		0.574820876121521,
		0.4045110046863556,
		-0.07343955338001251,
		0.9998487830162048
	],
	"15. left_elbow": [
		0.5853745341300964,
		0.4983155131340027,
		-0.04787304624915123,
		0.9599887728691101
	],
	"16. left_wrist": [
		0.5904422998428345,
		0.5667335391044617,
		-0.10508675128221512,
		0.9325472712516785
	],
	"19. right_shoulder": [
		0.5095786452293396,
		0.4118363559246063,
		-0.06057146564126015,
		0.9996585845947266
	],
	"20. right_elbow": [
		0.5083196759223938,
		0.49681222438812256,
		-0.07971413433551788,
		0.9171867966651917
	],
	"21. right_wrist": [
		0.5234073996543884,
		0.5471054911613464,
		-0.1886356770992279,
		0.8774540424346924
	],
	"24. nose": [
		0.5422698855400085,
		0.33025062084198,
		-0.19965292513370514,
		0.9999277591705322
	],
	"25. left_eye": [
		0.5488013029098511,
		0.3206409513950348,
		-0.18758481740951538,
		0.9997926354408264
	],
	"26. right_eye": [
		0.5362159013748169,
		0.319097101688385,
		-0.18765680491924286,
		0.9996839761734009
	],
	"27. left_ear": [
		0.5542980432510376,
		0.3287409543991089,
		-0.11539510637521744,
		0.999609649181366
	],
	"28. right_ear": [
		0.5290821194648743,
		0.32733166217803955,
		-0.11625413596630096,
		0.9993749260902405
	],
	"time stamp": 23
}