{
	"1. left_hip": [
		0.5566180944442749,
		0.5791558027267456,
		-0.014040099456906319,
		0.9996182918548584
	],
	"2. left_knee": [
		0.5582967400550842,
		0.7096622586250305,
		-0.02026529423892498,
		0.9956764578819275
	],
	"3. left_ankle": [
		0.5685963034629822,
		0.831642210483551,
		0.05311722308397293,
		0.9948251843452454
	],
	"6. right_hip": [
		0.522683322429657,
		0.5770206451416016,
		0.013994034379720688,
		0.9993884563446045
	],
	"7. right_knee": [
		0.5249240398406982,
		0.704671323299408,
		0.06064224988222122,
		0.9938599467277527
	],
	"8. right_ankle": [
		0.5332192182540894,
		0.8038527369499207,
		0.20059338212013245,
		0.991498589515686
	],
	"14. left_shoulder": [
		0.5724968314170837,
		0.4023085832595825,
		-0.07197350263595581,
		0.9998549818992615
	],
	"15. left_elbow": [
		0.5834440588951111,
		0.49727678298950195,
		-0.04227592051029205,
		0.9615936279296875
	],
	"16. left_wrist": [
		0.5868995785713196,
		0.5657128095626831,
		-0.0884857028722763,
		0.9312957525253296
	],
	"19. right_shoulder": [
		0.5078367590904236,
		0.40703439712524414,
		-0.06123640388250351,
		0.9996660351753235
	],
	"20. right_elbow": [
		0.5092979669570923,
		0.49451345205307007,
		-0.09645799547433853,
		0.9159566164016724
	],
	"21. right_wrist": [
		0.5286964178085327,
		0.5297031998634338,
		-0.21897490322589874,
		0.8822450637817383
	],
	"24. nose": [
		0.5400956869125366,
		0.3313434422016144,
		-0.20055268704891205,
		0.9999297857284546
	],
	"25. left_eye": [
		0.5471911430358887,
		0.32163503766059875,
		-0.18817615509033203,
		0.9997966885566711
	],
	"26. right_eye": [
		0.5341563820838928,
		0.319927841424942,
		-0.18842639029026031,
		0.99969881772995
	],
	"27. left_ear": [
		0.5527641177177429,
		0.32973238825798035,
		-0.11642365902662277,
		0.9996246695518494
	],
	"28. right_ear": [
		0.5275264382362366,
		0.32754865288734436,
		-0.11595926433801651,
		0.999406099319458
	],
	"time stamp": 23
}