{
	"1. left_hip": [
		0.5548534989356995,
		0.571683406829834,
		-0.01463036984205246,
		0.999630868434906
	],
	"2. left_knee": [
		0.5567266345024109,
		0.7044928073883057,
		-0.029471229761838913,
		0.9958373308181763
	],
	"3. left_ankle": [
		0.5673798322677612,
		0.8281495571136475,
		0.029784226790070534,
		0.9950597882270813
	],
	"6. right_hip": [
		0.5207070112228394,
		0.5714659094810486,
		0.014625301584601402,
		0.9994011521339417
	],
	"7. right_knee": [
		0.5248205065727234,
		0.702692449092865,
		0.05394229665398598,
		0.9936566948890686
	],
	"8. right_ankle": [
		0.5334276556968689,
		0.8040333986282349,
		0.1708552986383438,
		0.9917351007461548
	],
	"14. left_shoulder": [
		0.569555401802063,
		0.3988271951675415,
		-0.038315046578645706,
		0.9998632669448853
	],
	"15. left_elbow": [
		0.5781744718551636,
		0.49155065417289734,
		-0.011759123764932156,
		0.9627701640129089
	],
	"16. left_wrist": [
		0.5831112861633301,
		0.5627111792564392,
		-0.05779699236154556,
		0.9303417205810547
	],
	"19. right_shoulder": [
		0.5060648322105408,
		0.40271106362342834,
		-0.04100532457232475,
		0.9996835589408875
	],
	"20. right_elbow": [
		0.5093252062797546,
		0.48798397183418274,
		-0.07991447299718857,
		0.9166649580001831
	],
	"21. right_wrist": [
		0.538107693195343,
		0.5150903463363647,
		-0.19302906095981598,
		0.8883353471755981
	],
	"24. nose": [
		0.5390274524688721,
		0.33185073733329773,
		-0.17226271331310272,
		0.9999332427978516
	],
	"25. left_eye": [
		0.5456631183624268,
		0.3222527503967285,
		-0.16087783873081207,
		0.9998063445091248
	],
	"26. right_eye": [
		0.5328834056854248,
		0.3206149637699127,
		-0.16165749728679657,
		0.9997190237045288
	],
	"27. left_ear": [
		0.5506957769393921,
		0.33009612560272217,
		-0.08428267389535904,
		0.9996472597122192
	],
	"28. right_ear": [
		0.526216447353363,
		0.3274717330932617,
		-0.08805053681135178,
		0.9994494915008545
	],
	"time stamp": 23
}