{
	"1. left_hip": [
		0.5539064407348633,
		0.5685372948646545,
		-0.014786096289753914,
		0.9996510148048401
	],
	"2. left_knee": [
		0.55502849817276,
		0.7024208307266235,
		-0.04526075720787048,
		0.9960440993309021
	],
	"3. left_ankle": [
		0.566043496131897,
		0.8226915001869202,
		0.04805067554116249,
		0.9952329993247986
	],
	"6. right_hip": [
		0.5189809203147888,
		0.5689036250114441,
		0.014812855049967766,
		0.9994259476661682
	],
	"7. right_knee": [
		0.5247833728790283,
		0.7026350498199463,
		0.04599372297525406,
		0.9937071204185486
	],
	"8. right_ankle": [
		0.5330479741096497,
		0.8040580153465271,
		0.16962215304374695,
		0.9920095205307007
	],
	"14. left_shoulder": [
		0.5668757557868958,
		0.3939821422100067,
		-0.00660769222304225,
		0.9998720288276672
	],
	"15. left_elbow": [
		0.5749480724334717,
		0.47945401072502136,
		0.00797137338668108,
		0.9627069234848022
	],
	"16. left_wrist": [
		0.5757784247398376,
		0.5533650517463684,
		-0.034852735698223114,
		0.9270957708358765
	],
	"19. right_shoulder": [
		0.5041781067848206,
		0.39192137122154236,
		-0.009059185162186623,
		0.9996948838233948
	],
	"20. right_elbow": [
		0.5086215734481812,
		0.46645689010620117,
		-0.07783567905426025,
		0.9207689762115479
	],
	"21. right_wrist": [
		0.5453718900680542,
		0.47148245573043823,
		-0.19949813187122345,
		0.8961276412010193
	],
	"24. nose": [
		0.5367178916931152,
		0.33238086104393005,
		-0.13816465437412262,
		0.999933123588562
	],
	"25. left_eye": [
		0.5433297753334045,
		0.32259276509284973,
		-0.1259322613477707,
		0.9998077154159546
	],
	"26. right_eye": [
		0.5307763814926147,
		0.32058051228523254,
		-0.12616761028766632,
		0.9997286796569824
	],
	"27. left_ear": [
		0.548566460609436,
		0.32970595359802246,
		-0.045753128826618195,
		0.9996649622917175
	],
	"28. right_ear": [
		0.5243467688560486,
		0.3251992166042328,
		-0.0468035489320755,
		0.999480664730072
	],
	"time stamp": 23
}