{
	"1. left_hip": [
		0.5539406538009644,
		0.5659331679344177,
		-0.013765141367912292,
		0.9996548891067505
	],
	"2. left_knee": [
		0.5543602108955383,
		0.7006378769874573,
		-0.04559240862727165,
		0.9961783289909363
	],
	"3. left_ankle": [
		0.5649144649505615,
		0.8211985230445862,
		0.04564932733774185,
		0.9953845739364624
	],
	"6. right_hip": [
		0.5188910961151123,
		0.5668580532073975,
		0.013850170187652111,
		0.9994292259216309
	],
	"7. right_knee": [
		0.5247190594673157,
		0.7019760012626648,
		0.034063369035720825,
		0.9937132000923157
	],
	"8. right_ankle": [
		0.532872200012207,
		0.8041626811027527,
		0.15486262738704681,
		0.9921920299530029
	],
	"14. left_shoulder": [
		0.5653360486030579,
		0.38886141777038574,
		0.0029288511723279953,
		0.999862790107727
	],
	"15. left_elbow": [
		0.5719704627990723,
		0.47187063097953796,
		0.01823410578072071,
		0.9497848749160767
	],
	"16. left_wrist": [
		0.5698824524879456,
		0.5399917364120483,
		-0.028694434091448784,
		0.8918654322624207
	],
	"19. right_shoulder": [
		0.50532466173172,
		0.38606029748916626,
		-0.011763128452003002,
		0.9996932148933411
	],
	"20. right_elbow": [
		0.5114666223526001,
		0.45840486884117126,
		-0.0751703754067421,
		0.922465980052948
	],
	"21. right_wrist": [
		0.549083411693573,
		0.44808146357536316,
		-0.18617874383926392,
		0.8998327851295471
	],
	"24. nose": [
		0.5364588499069214,
		0.3327174782752991,
		-0.13155898451805115,
		0.9999117255210876
	],
	"25. left_eye": [
		0.5428367853164673,
		0.32285577058792114,
		-0.11996065080165863,
		0.9997512102127075
	],
	"26. right_eye": [
		0.5300112366676331,
		0.3208107650279999,
		-0.12084577977657318,
		0.9996786117553711
	],
	"27. left_ear": [
		0.5479496717453003,
		0.32922983169555664,
		-0.041402608156204224,
		0.9996239542961121
	],
	"28. right_ear": [
		0.524065375328064,
		0.32456696033477783,
		-0.0445517934858799,
		0.9994426965713501
	],
	"time stamp": 23
}