{
	"1. left_hip": [
		0.5535988211631775,
		0.5649434328079224,
		-0.012938236817717552,
		0.9996664524078369
	],
	"2. left_knee": [
		0.5536761283874512,
		0.699323296546936,
		-0.042401742190122604,
		0.996281623840332
	],
	"3. left_ankle": [
		0.5633673667907715,
		0.8194971680641174,
		0.05141199007630348,
		0.9955299496650696
	],
	"6. right_hip": [
		0.5191616415977478,
		0.5665832757949829,
		0.013043120503425598,
		0.9994512796401978
	],
	"7. right_knee": [
		0.5246731042861938,
		0.7018521428108215,
		0.029794082045555115,
		0.9937406778335571
	],
	"8. right_ankle": [
		0.5326797366142273,
		0.8042813539505005,
		0.1508062779903412,
		0.9924101233482361
	],
	"14. left_shoulder": [
		0.5641745328903198,
		0.3873470723628998,
		0.003960228990763426,
		0.9998568296432495
	],
	"15. left_elbow": [
		0.5704071521759033,
		0.46861106157302856,
		0.01822390779852867,
		0.9418600797653198
	],
	"16. left_wrist": [
		0.5693217515945435,
		0.5419795513153076,
		-0.020102746784687042,
		0.869751513004303
	],
	"19. right_shoulder": [
		0.5059422254562378,
		0.3821791410446167,
		-0.012215573340654373,
		0.999694287776947
	],
	"20. right_elbow": [
		0.5151674747467041,
		0.45038092136383057,
		-0.08099382370710373,
		0.9252833127975464
	],
	"21. right_wrist": [
		0.5528553128242493,
		0.4353034496307373,
		-0.1877286732196808,
		0.9048214554786682
	],
	"24. nose": [
		0.5348160266876221,
		0.3325619697570801,
		-0.13052672147750854,
		0.9998986124992371
	],
	"25. left_eye": [
		0.5416488647460938,
		0.3224627673625946,
		-0.11904687434434891,
		0.9997186064720154
	],
	"26. right_eye": [
		0.528705894947052,
		0.32043108344078064,
		-0.119514599442482,
		0.9996466636657715
	],
	"27. left_ear": [
		0.5471825003623962,
		0.32808563113212585,
		-0.04054844751954079,
		0.9996092915534973
	],
	"28. right_ear": [
		0.523464024066925,
		0.3237566351890564,
		-0.0418735072016716,
		0.9994192123413086
	],
	"time stamp": 23
}