{
	"1. left_hip": [
		0.5536778569221497,
		0.56107497215271,
		-0.009918587282299995,
		0.9996646642684937
	],
	"2. left_knee": [
		0.5534046292304993,
		0.6962087154388428,
		-0.04398275539278984,
		0.9963105320930481
	],
	"3. left_ankle": [
		0.5625836849212646,
		0.8183804750442505,
		0.04981861636042595,
		0.9956169128417969
	],
	"6. right_hip": [
		0.5195697546005249,
		0.5641787052154541,
		0.010036743246018887,
		0.9994531273841858
	],
	"7. right_knee": [
		0.5246378779411316,
		0.7010587453842163,
		0.018148142844438553,
		0.9935186505317688
	],
	"8. right_ankle": [
		0.5325412154197693,
		0.804351806640625,
		0.13756245374679565,
		0.9924241900444031
	],
	"14. left_shoulder": [
		0.5627269744873047,
		0.3860051929950714,
		0.020708518102765083,
		0.9998369216918945
	],
	"15. left_elbow": [
		0.5679665207862854,
		0.4567877948284149,
		0.026651421561837196,
		0.9233393669128418
	],
	"16. left_wrist": [
		0.5671485662460327,
		0.5326432585716248,
		-0.03138122335076332,
		0.8346494436264038
	],
	"19. right_shoulder": [
		0.5064406394958496,
		0.37982606887817383,
		-0.005358962342143059,
		0.999691367149353
	],
	"20. right_elbow": [
		0.5180850625038147,
		0.4418000876903534,
		-0.0718919113278389,
		0.9278908371925354
	],
	"21. right_wrist": [
		0.5568124055862427,
		0.42823702096939087,
		-0.17330361902713776,
		0.9095163345336914
	],
	"24. nose": [
		0.5340798497200012,
		0.3313002586364746,
		-0.11830990016460419,
		0.9998659491539001
	],
	"25. left_eye": [
		0.5410977602005005,
		0.3209664523601532,
		-0.10622478276491165,
		0.9996365308761597
	],
	"26. right_eye": [
		0.5277954936027527,
		0.3194890320301056,
		-0.1073470190167427,
		0.9995688796043396
	],
	"27. left_ear": [
		0.5464351177215576,
		0.3261105418205261,
		-0.02586345002055168,
		0.9995347857475281
	],
	"28. right_ear": [
		0.5228989124298096,
		0.32289883494377136,
		-0.029940329492092133,
		0.9993501901626587
	],
	"time stamp": 23
}