{
	"1. left_hip": [
		0.5542842745780945,
		0.5565792322158813,
		-0.008252210915088654,
		0.9996458888053894
	],
	"2. left_knee": [
		0.553669810295105,
		0.6911497116088867,
		-0.04469837620854378,
		0.9963741898536682
	],
	"3. left_ankle": [
		0.5619515180587769,
		0.8150460720062256,
		0.048686433583498,
		0.9957568645477295
	],
	"6. right_hip": [
		0.5201412439346313,
		0.5607799291610718,
		0.00839327648282051,
		0.9994054436683655
	],
	"7. right_knee": [
		0.5247655510902405,
		0.6967838406562805,
		0.023125939071178436,
		0.9935527443885803
	],
	"8. right_ankle": [
		0.5324809551239014,
		0.8022103309631348,
		0.1510678231716156,
		0.9925665855407715
	],
	"14. left_shoulder": [
		0.5623165369033813,
		0.38328370451927185,
		0.024247391149401665,
		0.9998183250427246
	],
	"15. left_elbow": [
		0.5683659315109253,
		0.4492036998271942,
		0.007156719919294119,
		0.9107723236083984
	],
	"16. left_wrist": [
		0.5679596066474915,
		0.47433972358703613,
		-0.11734142899513245,
		0.8123050332069397
	],
	"19. right_shoulder": [
		0.5070159435272217,
		0.3752526640892029,
		-0.006092885043472052,
		0.9996582269668579
	],
	"20. right_elbow": [
		0.5234253406524658,
		0.4318222403526306,
		-0.046169452369213104,
		0.9287472367286682
	],
	"21. right_wrist": [
		0.5604979395866394,
		0.41615673899650574,
		-0.1001475602388382,
		0.9101810455322266
	],
	"24. nose": [
		0.533367931842804,
		0.3278670907020569,
		-0.12012237310409546,
		0.9998310208320618
	],
	"25. left_eye": [
		0.5405587553977966,
		0.3178664445877075,
		-0.10801737755537033,
		0.9995697140693665
	],
	"26. right_eye": [
		0.5270507335662842,
		0.31680411100387573,
		-0.11063975095748901,
		0.9994860291481018
	],
	"27. left_ear": [
		0.5458459258079529,
		0.3229478597640991,
		-0.024463122710585594,
		0.9994632005691528
	],
	"28. right_ear": [
		0.5224119424819946,
		0.3201756477355957,
		-0.03414677828550339,
		0.9992729425430298
	],
	"time stamp": 23
}