{
	"1. left_hip": [
		0.554542601108551,
		0.5515754222869873,
		-0.005785020068287849,
		0.9996169805526733
	],
	"2. left_knee": [
		0.5537728667259216,
		0.6840508580207825,
		-0.04263349995017052,
		0.9962599277496338
	],
	"3. left_ankle": [
		0.5612512230873108,
		0.8083558082580566,
		0.07327163964509964,
		0.9957578182220459
	],
	"6. right_hip": [
		0.52137690782547,
		0.556047797203064,
		0.005925512406975031,
		0.999362587928772
	],
	"7. right_knee": [
		0.5250687003135681,
		0.6892822980880737,
		0.0021342888940125704,
		0.9933931231498718
	],
	"8. right_ankle": [
		0.5324528217315674,
		0.7999742031097412,
		0.12160847336053848,
		0.9926785826683044
	],
	"14. left_shoulder": [
		0.5619641542434692,
		0.3814476728439331,
		0.01692165993154049,
		0.999792754650116
	],
	"15. left_elbow": [
		0.5687869191169739,
		0.44844454526901245,
		0.011078611947596073,
		0.8969991207122803
	],
	"16. left_wrist": [
		0.5701225996017456,
		0.49023526906967163,
		-0.09053336083889008,
		0.7866997122764587
	],
	"19. right_shoulder": [
		0.5073146224021912,
		0.37292248010635376,
		-0.012677669525146484,
		0.9996294379234314
	],
	"20. right_elbow": [
		0.5236695408821106,
		0.43143120408058167,
		-0.04772385582327843,
		0.9305874705314636
	],
	"21. right_wrist": [
		0.5608785152435303,
		0.416412889957428,
		-0.12288707494735718,
		0.9115467071533203
	],
	"24. nose": [
		0.5337194800376892,
		0.3259347975254059,
		-0.13326892256736755,
		0.9997696280479431
	],
	"25. left_eye": [
		0.5406805276870728,
		0.3149605989456177,
		-0.12083879113197327,
		0.9994266629219055
	],
	"26. right_eye": [
		0.527384877204895,
		0.31505125761032104,
		-0.12282145768404007,
		0.99933260679245
	],
	"27. left_ear": [
		0.5458248257637024,
		0.3198656439781189,
		-0.035918813198804855,
		0.9992942810058594
	],
	"28. right_ear": [
		0.5223106741905212,
		0.3185727298259735,
		-0.04381527751684189,
		0.9990783333778381
	],
	"time stamp": 23
}