{
	"1. left_hip": [
		0.5548529624938965,
		0.5496902465820312,
		-0.005854314658790827,
		0.9996181726455688
	],
	"2. left_knee": [
		0.5540987253189087,
		0.682345986366272,
		-0.04090159758925438,
		0.9963622689247131
	],
	"3. left_ankle": [
		0.5615936517715454,
		0.8061532974243164,
		0.07310672104358673,
		0.9959359765052795
	],
	"6. right_hip": [
		0.5214685201644897,
		0.5549625754356384,
		0.005981327034533024,
		0.9993610978126526
	],
	"7. right_knee": [
		0.5251128673553467,
		0.6879241466522217,
		0.013313882984220982,
		0.9934813976287842
	],
	"8. right_ankle": [
		0.5324058532714844,
		0.7982591986656189,
		0.13841375708580017,
		0.9929636716842651
	],
	"14. left_shoulder": [
		0.5624356269836426,
		0.37940433621406555,
		0.012213344685733318,
		0.9997862577438354
	],
	"15. left_elbow": [
		0.5697419047355652,
		0.4443594515323639,
		0.011477615684270859,
		0.8907338976860046
	],
	"16. left_wrist": [
		0.5720847845077515,
		0.4976729452610016,
		-0.07128347456455231,
		0.773984432220459
	],
	"19. right_shoulder": [
		0.5074134469032288,
		0.3718489706516266,
		-0.01535094901919365,
		0.9996137619018555
	],
	"20. right_elbow": [
		0.5236122608184814,
		0.4309591054916382,
		-0.05750814452767372,
		0.9320152401924133
	],
	"21. right_wrist": [
		0.5609210133552551,
		0.4192935824394226,
		-0.13121625781059265,
		0.9134237170219421
	],
	"24. nose": [
		0.5336859226226807,
		0.3240145742893219,
		-0.13724301755428314,
		0.9997615814208984
	],
	"25. left_eye": [
		0.5405293107032776,
		0.3124278783798218,
		-0.12456129491329193,
		0.9994109272956848
	],
	"26. right_eye": [
		0.5273256897926331,
		0.31298044323921204,
		-0.12647373974323273,
		0.9993154406547546
	],
	"27. left_ear": [
		0.5458046197891235,
		0.31789469718933105,
		-0.03955131769180298,
		0.9992804527282715
	],
	"28. right_ear": [
		0.5221039652824402,
		0.31707674264907837,
		-0.04702272638678551,
		0.9990535974502563
	],
	"time stamp": 23
}