{
	"1. left_hip": [
		0.5550621747970581,
		0.5510378479957581,
		-0.006469508167356253,
		0.9996112585067749
	],
	"2. left_knee": [
		0.5542858242988586,
		0.6845762729644775,
		-0.039463914930820465,
		0.9964325428009033
	],
	"3. left_ankle": [
		0.5617779493331909,
		0.8053845763206482,
		0.08274483680725098,
		0.9960474371910095
	],
	"6. right_hip": [
		0.5215634703636169,
		0.5560010671615601,
		0.006609723437577486,
		0.9993531107902527
	],
	"7. right_knee": [
		0.5251052975654602,
		0.6894609928131104,
		0.013510841876268387,
		0.9935778379440308
	],
	"8. right_ankle": [
		0.5323290824890137,
		0.797968864440918,
		0.137396439909935,
		0.993230938911438
	],
	"14. left_shoulder": [
		0.5632626414299011,
		0.38031768798828125,
		0.004132633563131094,
		0.9997787475585938
	],
	"15. left_elbow": [
		0.5713589787483215,
		0.44936689734458923,
		0.004323038272559643,
		0.8895378708839417
	],
	"16. left_wrist": [
		0.5727691054344177,
		0.5051431655883789,
		-0.06802650541067123,
		0.7612444162368774
	],
	"19. right_shoulder": [
		0.5072598457336426,
		0.3743191957473755,
		-0.01687636226415634,
		0.9995865225791931
	],
	"20. right_elbow": [
		0.5234820246696472,
		0.4348476827144623,
		-0.06901337951421738,
		0.9309701323509216
	],
	"21. right_wrist": [
		0.5617446303367615,
		0.42929807305336,
		-0.1611427515745163,
		0.9132096767425537
	],
	"24. nose": [
		0.5341027975082397,
		0.3226645588874817,
		-0.14073343575000763,
		0.9997527003288269
	],
	"25. left_eye": [
		0.5406935811042786,
		0.31075432896614075,
		-0.12856578826904297,
		0.9993942975997925
	],
	"26. right_eye": [
		0.5275352001190186,
		0.31111031770706177,
		-0.12999087572097778,
		0.9992945790290833
	],
	"27. left_ear": [
		0.5460058450698853,
		0.3167206048965454,
		-0.04413721710443497,
		0.9992761015892029
	],
	"28. right_ear": [
		0.522003173828125,
		0.3160862922668457,
		-0.04903450980782509,
		0.9990196228027344
	],
	"time stamp": 23
}