{
	"1. left_hip": [
		0.5552062392234802,
		0.5522136092185974,
		-0.0067352005280554295,
		0.999560534954071
	],
	"2. left_knee": [
		0.5556285977363586,
		0.6861910820007324,
		-0.028097650036215782,
		0.9965142011642456
	],
	"3. left_ankle": [
		0.5637294054031372,
		0.8067118525505066,
		0.09399371594190598,
		0.9961563944816589
	],
	"6. right_hip": [
		0.5212645530700684,
		0.5561792254447937,
		0.0068729291670024395,
		0.9992826581001282
	],
	"7. right_knee": [
		0.524329423904419,
		0.6905061602592468,
		0.030214225873351097,
		0.9938835501670837
	],
	"8. right_ankle": [
		0.5322651863098145,
		0.7966432571411133,
		0.17397736012935638,
		0.9935633540153503
	],
	"14. left_shoulder": [
		0.5636662840843201,
		0.3816242218017578,
		-0.05825616791844368,
		0.9997308254241943
	],
	"15. left_elbow": [
		0.5719158053398132,
		0.4563053846359253,
		-0.02982679195702076,
		0.8798636794090271
	],
	"16. left_wrist": [
		0.5725429058074951,
		0.514873743057251,
		-0.08009039610624313,
		0.7267860770225525
	],
	"19. right_shoulder": [
		0.5066466927528381,
		0.3772675693035126,
		-0.08418040722608566,
		0.9995086789131165
	],
	"20. right_elbow": [
		0.5236567258834839,
		0.45081737637519836,
		-0.08678048104047775,
		0.9262809157371521
	],
	"21. right_wrist": [
		0.5658968091011047,
		0.44038811326026917,
		-0.13336901366710663,
		0.9002866148948669
	],
	"24. nose": [
		0.5344433188438416,
		0.32340872287750244,
		-0.20885007083415985,
		0.9997466802597046
	],
	"25. left_eye": [
		0.5409014225006104,
		0.3116212487220764,
		-0.1967550814151764,
		0.9993738532066345
	],
	"26. right_eye": [
		0.5278791785240173,
		0.3116533160209656,
		-0.1990169882774353,
		0.999272346496582
	],
	"27. left_ear": [
		0.5462130904197693,
		0.3175501227378845,
		-0.11452513188123703,
		0.9992239475250244
	],
	"28. right_ear": [
		0.5220550894737244,
		0.31690534949302673,
		-0.12241249531507492,
		0.9989654421806335
	],
	"time stamp": 23
}