{
	"1. left_hip": [
		0.5558786988258362,
		0.552406370639801,
		-0.007999533787369728,
		0.9995551705360413
	],
	"2. left_knee": [
		0.5574470162391663,
		0.6865202188491821,
		-0.028145264834165573,
		0.9966113567352295
	],
	"3. left_ankle": [
		0.5645484328269958,
		0.8079193234443665,
		0.09755286574363708,
		0.996240496635437
	],
	"6. right_hip": [
		0.5213284492492676,
		0.5570502877235413,
		0.00806107185781002,
		0.9992645382881165
	],
	"7. right_knee": [
		0.5243132710456848,
		0.691214382648468,
		0.05261089652776718,
		0.9940857291221619
	],
	"8. right_ankle": [
		0.5324276685714722,
		0.7963548302650452,
		0.20979872345924377,
		0.993812084197998
	],
	"14. left_shoulder": [
		0.5647000670433044,
		0.38187697529792786,
		-0.09244981408119202,
		0.9997255802154541
	],
	"15. left_elbow": [
		0.5721310377120972,
		0.47112271189689636,
		-0.06769411265850067,
		0.8826838135719299
	],
	"16. left_wrist": [
		0.5666235685348511,
		0.5222039818763733,
		-0.11957412958145142,
		0.720302939414978
	],
	"19. right_shoulder": [
		0.5064409971237183,
		0.3807360827922821,
		-0.10111169517040253,
		0.9994643926620483
	],
	"20. right_elbow": [
		0.5252516865730286,
		0.46644118428230286,
		-0.1107000783085823,
		0.9218149185180664
	],
	"21. right_wrist": [
		0.563096284866333,
		0.4602389335632324,
		-0.1758345067501068,
		0.8940783739089966
	],
	"24. nose": [
		0.5345118045806885,
		0.32387804985046387,
		-0.24091394245624542,
		0.9997591376304626
	],
	"25. left_eye": [
		0.5411498546600342,
		0.3119368851184845,
		-0.22978588938713074,
		0.9994048476219177
	],
	"26. right_eye": [
		0.5281046032905579,
		0.3120094835758209,
		-0.2308114469051361,
		0.9993040561676025
	],
	"27. left_ear": [
		0.5464858412742615,
		0.3177448809146881,
		-0.14811481535434723,
		0.9992548227310181
	],
	"28. right_ear": [
		0.5222585201263428,
		0.31743332743644714,
		-0.15082170069217682,
		0.9989784359931946
	],
	"time stamp": 23
}