{
	"1. left_hip": [
		0.5573116540908813,
		0.5540501475334167,
		-0.008060564287006855,
		0.9995589256286621
	],
	"2. left_knee": [
		0.5582330822944641,
		0.687535285949707,
		-0.01840735226869583,
		0.9966257214546204
	],
	"3. left_ankle": [
		0.5651761889457703,
		0.8086509704589844,
		0.08987603336572647,
		0.9962549209594727
	],
	"6. right_hip": [
		0.5216916799545288,
		0.558124840259552,
		0.008129116147756577,
		0.9992464184761047
	],
	"7. right_knee": [
		0.5248652100563049,
		0.6906944513320923,
		0.04997440427541733,
		0.9938986301422119
	],
	"8. right_ankle": [
		0.5326750874519348,
		0.7960291504859924,
		0.18866264820098877,
		0.9938691258430481
	],
	"14. left_shoulder": [
		0.5660440921783447,
		0.3825016915798187,
		-0.09059885889291763,
		0.9997420907020569
	],
	"15. left_elbow": [
		0.5738228559494019,
		0.4733586609363556,
		-0.06073087453842163,
		0.8916640281677246
	],
	"16. left_wrist": [
		0.5790726542472839,
		0.5273115634918213,
		-0.116513691842556,
		0.7418137192726135
	],
	"19. right_shoulder": [
		0.5065479278564453,
		0.3817838132381439,
		-0.10836780071258545,
		0.999434769153595
	],
	"20. right_elbow": [
		0.5261028409004211,
		0.468769907951355,
		-0.12455830723047256,
		0.9168813824653625
	],
	"21. right_wrist": [
		0.5606065392494202,
		0.4910946786403656,
		-0.20693156123161316,
		0.8921561241149902
	],
	"24. nose": [
		0.5355700850486755,
		0.3237987160682678,
		-0.2507190704345703,
		0.9997779726982117
	],
	"25. left_eye": [
		0.5417184233665466,
		0.31122520565986633,
		-0.2381994128227234,
		0.9994497895240784
	],
	"26. right_eye": [
		0.5289076566696167,
		0.31161701679229736,
		-0.24007734656333923,
		0.9993535280227661
	],
	"27. left_ear": [
		0.5470032691955566,
		0.3170415759086609,
		-0.15116983652114868,
		0.9993054270744324
	],
	"28. right_ear": [
		0.5224002003669739,
		0.31748688220977783,
		-0.15878917276859283,
		0.9990304708480835
	],
	"time stamp": 23
}