{
	"1. left_hip": [
		0.5594716668128967,
		0.5549371838569641,
		-0.008077481761574745,
		0.9995579123497009
	],
	"2. left_knee": [
		0.5604661703109741,
		0.688408613204956,
		-0.017646361142396927,
		0.996436357498169
	],
	"3. left_ankle": [
		0.5663564801216125,
		0.8091469407081604,
		0.08877796679735184,
		0.9959663152694702
	],
	"6. right_hip": [
		0.5220682621002197,
		0.5585424900054932,
		0.008139185607433319,
		0.9992228150367737
	],
	"7. right_knee": [
		0.5250001549720764,
		0.6899060010910034,
		0.04410326108336449,
		0.9934024214744568
	],
	"8. right_ankle": [
		0.532804548740387,
		0.7962100505828857,
		0.1833849549293518,
		0.9935817718505859
	],
	"14. left_shoulder": [
		0.5698285102844238,
		0.3828442394733429,
		-0.1024840697646141,
		0.9997614622116089
	],
	"15. left_elbow": [
		0.5803799033164978,
		0.4724518358707428,
		-0.08014356344938278,
		0.9006586074829102
	],
	"16. left_wrist": [
		0.5891387462615967,
		0.5315929651260376,
		-0.1593063324689865,
		0.7645349502563477
	],
	"19. right_shoulder": [
		0.5071547031402588,
		0.38241463899612427,
		-0.11522512882947922,
		0.9994090795516968
	],
	"20. right_elbow": [
		0.5251585841178894,
		0.4737280607223511,
		-0.11831580847501755,
		0.9080649018287659
	],
	"21. right_wrist": [
		0.5529344081878662,
		0.5117035508155823,
		-0.20021499693393707,
		0.8878827095031738
	],
	"24. nose": [
		0.5391944646835327,
		0.3233318626880646,
		-0.26554155349731445,
		0.9997932314872742
	],
	"25. left_eye": [
		0.5447747707366943,
		0.31033051013946533,
		-0.25347694754600525,
		0.9994861483573914
	],
	"26. right_eye": [
		0.5321247577667236,
		0.3109414875507355,
		-0.2554277181625366,
		0.9993880987167358
	],
	"27. left_ear": [
		0.5496758222579956,
		0.31587547063827515,
		-0.16583624482154846,
		0.9993451833724976
	],
	"28. right_ear": [
		0.5244528651237488,
		0.31707850098609924,
		-0.17364178597927094,
		0.9990548491477966
	],
	"time stamp": 23
}