{
	"1. left_hip": [
		0.5596415996551514,
		0.5553610920906067,
		-0.007573658600449562,
		0.9995460510253906
	],
	"2. left_knee": [
		0.5619657635688782,
		0.6889253854751587,
		-0.012172658927738667,
		0.996403157711029
	],
	"3. left_ankle": [
		0.5669255256652832,
		0.8092315793037415,
		0.07355102896690369,
		0.9959809184074402
	],
	"6. right_hip": [
		0.5229985117912292,
		0.5586861371994019,
		0.007632293738424778,
		0.9992247819900513
	],
	"7. right_knee": [
		0.524043083190918,
		0.6864770650863647,
		0.032581355422735214,
		0.9936046004295349
	],
	"8. right_ankle": [
		0.5322313904762268,
		0.7962842583656311,
		0.13716557621955872,
		0.9937916994094849
	],
	"14. left_shoulder": [
		0.5725924968719482,
		0.3828909993171692,
		-0.0782809630036354,
		0.9997749328613281
	],
	"15. left_elbow": [
		0.5828443765640259,
		0.46510082483291626,
		-0.043000154197216034,
		0.906675398349762
	],
	"16. left_wrist": [
		0.5921198725700378,
		0.5236995816230774,
		-0.12764225900173187,
		0.7814163565635681
	],
	"19. right_shoulder": [
		0.5101119875907898,
		0.38247933983802795,
		-0.07952404022216797,
		0.9994523525238037
	],
	"20. right_elbow": [
		0.5129677057266235,
		0.4754190742969513,
		-0.0458986721932888,
		0.9112188220024109
	],
	"21. right_wrist": [
		0.5266956090927124,
		0.5351464152336121,
		-0.1245604008436203,
		0.8921419978141785
	],
	"24. nose": [
		0.542916476726532,
		0.32339662313461304,
		-0.22785736620426178,
		0.9998078942298889
	],
	"25. left_eye": [
		0.5483813881874084,
		0.310672402381897,
		-0.21485519409179688,
		0.9995158314704895
	],
	"26. right_eye": [
		0.5358463525772095,
		0.31106215715408325,
		-0.21637871861457825,
		0.9994293451309204
	],
	"27. left_ear": [
		0.5539543032646179,
		0.3162338137626648,
		-0.129672572016716,
		0.9993632435798645
	],
	"28. right_ear": [
		0.5277912020683289,
		0.31728124618530273,
		-0.135453999042511,
		0.9991172552108765
	],
	"time stamp": 23
}