{
	"1. left_hip": [
		0.5592347979545593,
		0.5617570877075195,
		-0.0033570716623216867,
		0.9995499849319458
	],
	"2. left_knee": [
		0.5627034306526184,
		0.6890872716903687,
		-0.011021235957741737,
		0.9962469339370728
	],
	"3. left_ankle": [
		0.5668568015098572,
		0.8086295127868652,
		0.0865691676735878,
		0.995744526386261
	],
	"6. right_hip": [
		0.5227918028831482,
		0.5612356662750244,
		0.0034061328042298555,
		0.9992458820343018
	],
	"7. right_knee": [
		0.5210128426551819,
		0.6872117519378662,
		0.01146973017603159,
		0.9938328266143799
	],
	"8. right_ankle": [
		0.5297063589096069,
		0.7964568138122559,
		0.12009955197572708,
		0.9938580989837646
	],
	"14. left_shoulder": [
		0.5748743414878845,
		0.3892359137535095,
		-0.04468533769249916,
		0.999789297580719
	],
	"15. left_elbow": [
		0.5831100940704346,
		0.4652630686759949,
		-0.046642571687698364,
		0.9110835194587708
	],
	"16. left_wrist": [
		0.5914344787597656,
		0.5191102623939514,
		-0.16840173304080963,
		0.7981768846511841
	],
	"19. right_shoulder": [
		0.5135806202888489,
		0.38436445593833923,
		-0.037993285804986954,
		0.999492347240448
	],
	"20. right_elbow": [
		0.5069801807403564,
		0.47300049662590027,
		-0.02918761596083641,
		0.9150956273078918
	],
	"21. right_wrist": [
		0.5123715996742249,
		0.5456316471099854,
		-0.1188412681221962,
		0.8956025242805481
	],
	"24. nose": [
		0.5457262396812439,
		0.3271617591381073,
		-0.18440157175064087,
		0.9998222589492798
	],
	"25. left_eye": [
		0.5511501431465149,
		0.3146025538444519,
		-0.17341649532318115,
		0.9995495676994324
	],
	"26. right_eye": [
		0.5387135744094849,
		0.31542983651161194,
		-0.17328530550003052,
		0.9994675517082214
	],
	"27. left_ear": [
		0.5572863221168518,
		0.32046785950660706,
		-0.09415420144796371,
		0.9993945360183716
	],
	"28. right_ear": [
		0.5310869812965393,
		0.3216499388217926,
		-0.09346788376569748,
		0.9991739988327026
	],
	"time stamp": 23
}