{
	"1. left_hip": [
		0.5579480528831482,
		0.5695751309394836,
		0.0008968575275503099,
		0.999581515789032
	],
	"2. left_knee": [
		0.5643914937973022,
		0.689490556716919,
		-0.033545784652233124,
		0.9961101412773132
	],
	"3. left_ankle": [
		0.5668143033981323,
		0.8085991144180298,
		0.07634191960096359,
		0.9954967498779297
	],
	"6. right_hip": [
		0.5221263766288757,
		0.5644200444221497,
		-0.0008668472291901708,
		0.999285101890564
	],
	"7. right_knee": [
		0.5160783529281616,
		0.6886488795280457,
		0.017560016363859177,
		0.9940824508666992
	],
	"8. right_ankle": [
		0.5231890678405762,
		0.7837421894073486,
		0.17684900760650635,
		0.9937967658042908
	],
	"14. left_shoulder": [
		0.5760937929153442,
		0.399797648191452,
		-0.07044901698827744,
		0.9998074173927307
	],
	"15. left_elbow": [
		0.5828003287315369,
		0.4686417579650879,
		-0.10032791644334793,
		0.9155898094177246
	],
	"16. left_wrist": [
		0.5907191038131714,
		0.5175926685333252,
		-0.25111111998558044,
		0.8154143691062927
	],
	"19. right_shoulder": [
		0.5171204805374146,
		0.3894639313220978,
		-0.0472927950322628,
		0.9995309710502625
	],
	"20. right_elbow": [
		0.5039418339729309,
		0.47681286931037903,
		-0.03668704628944397,
		0.9202432632446289
	],
	"21. right_wrist": [
		0.49907535314559937,
		0.5578038096427917,
		-0.10033051669597626,
		0.9003486633300781
	],
	"24. nose": [
		0.5486674904823303,
		0.3380223512649536,
		-0.21082507073879242,
		0.9998376369476318
	],
	"25. left_eye": [
		0.554002046585083,
		0.326842337846756,
		-0.2013939470052719,
		0.9995863437652588
	],
	"26. right_eye": [
		0.5419772863388062,
		0.3269944190979004,
		-0.20011872053146362,
		0.9995055198669434
	],
	"27. left_ear": [
		0.5593613982200623,
		0.331161230802536,
		-0.12360993027687073,
		0.9994335174560547
	],
	"28. right_ear": [
		0.5338057279586792,
		0.3319888710975647,
		-0.11755003780126572,
		0.9992262125015259
	],
	"time stamp": 23
}