{
	"1. left_hip": [
		0.5559512376785278,
		0.5852102637290955,
		0.0005617620190605521,
		0.999616265296936
	],
	"2. left_knee": [
		0.5665925741195679,
		0.703179121017456,
		-0.03229135274887085,
		0.996054470539093
	],
	"3. left_ankle": [
		0.5671085119247437,
		0.8101873397827148,
		0.1160048395395279,
		0.9952455163002014
	],
	"6. right_hip": [
		0.5194074511528015,
		0.5778103470802307,
		-0.0005263700149953365,
		0.9993420839309692
	],
	"7. right_knee": [
		0.5059834718704224,
		0.6952548623085022,
		-0.008986903354525566,
		0.9945045113563538
	],
	"8. right_ankle": [
		0.511561930179596,
		0.7740740180015564,
		0.20586064457893372,
		0.993424654006958
	],
	"14. left_shoulder": [
		0.5777822136878967,
		0.4146524965763092,
		-0.0687345415353775,
		0.9998248219490051
	],
	"15. left_elbow": [
		0.5836869478225708,
		0.4849700629711151,
		-0.10653071105480194,
		0.9201686382293701
	],
	"16. left_wrist": [
		0.5900436639785767,
		0.516534149646759,
		-0.28116366267204285,
		0.8312700390815735
	],
	"19. right_shoulder": [
		0.5196782946586609,
		0.40078261494636536,
		-0.03070557862520218,
		0.9995694756507874
	],
	"20. right_elbow": [
		0.4990479648113251,
		0.482318252325058,
		0.0024768435396254063,
		0.9256191849708557
	],
	"21. right_wrist": [
		0.4873790740966797,
		0.5639710426330566,
		-0.06402859836816788,
		0.9055840373039246
	],
	"24. nose": [
		0.5515812039375305,
		0.34727075695991516,
		-0.20638447999954224,
		0.9998519420623779
	],
	"25. left_eye": [
		0.556863009929657,
		0.3368144631385803,
		-0.19505347311496735,
		0.9996220469474792
	],
	"26. right_eye": [
		0.5448198914527893,
		0.3365076780319214,
		-0.19081510603427887,
		0.9995428323745728
	],
	"27. left_ear": [
		0.5615521669387817,
		0.3423526883125305,
		-0.11317091435194016,
		0.9994779229164124
	],
	"28. right_ear": [
		0.5364910364151001,
		0.3423822522163391,
		-0.09692620486021042,
		0.9992852807044983
	],
	"time stamp": 23
}