{
	"1. left_hip": [
		0.5506587028503418,
		0.6040726900100708,
		-0.00033665861701592803,
		0.9996432065963745
	],
	"2. left_knee": [
		0.5670425891876221,
		0.7111726403236389,
		0.0013990086736157537,
		0.9958128929138184
	],
	"3. left_ankle": [
		0.5671640634536743,
		0.8103525042533875,
		0.15781287848949432,
		0.9949640035629272
	],
	"6. right_hip": [
		0.512627899646759,
		0.5941312313079834,
		0.0003508486261125654,
		0.9993965029716492
	],
	"7. right_knee": [
		0.49089688062667847,
		0.6952167749404907,
		-0.07268468290567398,
		0.9949356913566589
	],
	"8. right_ankle": [
		0.49055472016334534,
		0.7650359272956848,
		0.12178637087345123,
		0.9934464693069458
	],
	"14. left_shoulder": [
		0.5794920325279236,
		0.44061800837516785,
		-0.08947098255157471,
		0.9998404383659363
	],
	"15. left_elbow": [
		0.5874781608581543,
		0.518515944480896,
		-0.17873318493366241,
		0.9273164868354797
	],
	"16. left_wrist": [
		0.5741824507713318,
		0.5078489780426025,
		-0.35117536783218384,
		0.8472327589988708
	],
	"19. right_shoulder": [
		0.5203247666358948,
		0.42297643423080444,
		-0.04094406217336655,
		0.9996087551116943
	],
	"20. right_elbow": [
		0.49340906739234924,
		0.501433789730072,
		-0.0017490690806880593,
		0.9299442768096924
	],
	"21. right_wrist": [
		0.4690912663936615,
		0.5640300512313843,
		-0.047083817422389984,
		0.9112467765808105
	],
	"24. nose": [
		0.5550953149795532,
		0.3687651753425598,
		-0.2152043730020523,
		0.9998629093170166
	],
	"25. left_eye": [
		0.5611376166343689,
		0.3587662875652313,
		-0.20427106320858002,
		0.9996512532234192
	],
	"26. right_eye": [
		0.5490546822547913,
		0.35772162675857544,
		-0.20155027508735657,
		0.9995714426040649
	],
	"27. left_ear": [
		0.5664520263671875,
		0.36567288637161255,
		-0.12676486372947693,
		0.9995124340057373
	],
	"28. right_ear": [
		0.5417318344116211,
		0.3644125759601593,
		-0.11454035341739655,
		0.9993391633033752
	],
	"time stamp": 23
}