{
	"1. left_hip": [
		0.5463210344314575,
		0.608776330947876,
		-0.0007209020550362766,
		0.9996629357337952
	],
	"2. left_knee": [
		0.566364049911499,
		0.7141462564468384,
		-0.007306015584617853,
		0.9958593249320984
	],
	"3. left_ankle": [
		0.5669583678245544,
		0.8126906752586365,
		0.13733215630054474,
		0.9950523376464844
	],
	"6. right_hip": [
		0.5081473588943481,
		0.5960142016410828,
		0.0007164156413637102,
		0.9994470477104187
	],
	"7. right_knee": [
		0.481720894575119,
		0.6951927542686462,
		-0.10249446332454681,
		0.9953795671463013
	],
	"8. right_ankle": [
		0.47289952635765076,
		0.764068603515625,
		0.07054324448108673,
		0.9938111901283264
	],
	"14. left_shoulder": [
		0.5810171961784363,
		0.45180219411849976,
		-0.09202501177787781,
		0.9998500347137451
	],
	"15. left_elbow": [
		0.586574375629425,
		0.5319065451622009,
		-0.1848604381084442,
		0.9336273670196533
	],
	"16. left_wrist": [
		0.5647557377815247,
		0.5043202042579651,
		-0.3506781756877899,
		0.8615954518318176
	],
	"19. right_shoulder": [
		0.5212749242782593,
		0.43070709705352783,
		-0.04449174553155899,
		0.9996436834335327
	],
	"20. right_elbow": [
		0.49265989661216736,
		0.5048576593399048,
		0.0007757449639029801,
		0.9337307810783386
	],
	"21. right_wrist": [
		0.4643504321575165,
		0.5592486262321472,
		-0.048331085592508316,
		0.9162220358848572
	],
	"24. nose": [
		0.556186318397522,
		0.3756599426269531,
		-0.2148689180612564,
		0.9998713135719299
	],
	"25. left_eye": [
		0.5623310208320618,
		0.3661896288394928,
		-0.20426709949970245,
		0.999674379825592
	],
	"26. right_eye": [
		0.550481379032135,
		0.36477982997894287,
		-0.2012382298707962,
		0.999592661857605
	],
	"27. left_ear": [
		0.5680432319641113,
		0.37388500571250916,
		-0.1290142685174942,
		0.9995349645614624
	],
	"28. right_ear": [
		0.5443085432052612,
		0.3714624047279358,
		-0.1147734597325325,
		0.999384880065918
	],
	"time stamp": 23
}