{
	"1. left_hip": [
		0.5437239408493042,
		0.612816333770752,
		-0.0028733385261148214,
		0.9996877312660217
	],
	"2. left_knee": [
		0.5639322400093079,
		0.7135931253433228,
		0.029317010194063187,
		0.9959010481834412
	],
	"3. left_ankle": [
		0.566910982131958,
		0.8126934766769409,
		0.20370113849639893,
		0.9951907992362976
	],
	"6. right_hip": [
		0.5056125521659851,
		0.5976883769035339,
		0.002821706933900714,
		0.9994984269142151
	],
	"7. right_knee": [
		0.47611552476882935,
		0.6840514540672302,
		-0.06992565095424652,
		0.9957858920097351
	],
	"8. right_ankle": [
		0.4602043032646179,
		0.7597849369049072,
		0.08130820095539093,
		0.994279682636261
	],
	"14. left_shoulder": [
		0.5815147757530212,
		0.46097275614738464,
		-0.11689110845327377,
		0.9998624920845032
	],
	"15. left_elbow": [
		0.5812839269638062,
		0.5351200699806213,
		-0.2114875316619873,
		0.9395913481712341
	],
	"16. left_wrist": [
		0.5524135828018188,
		0.5012301206588745,
		-0.37361571192741394,
		0.8745421767234802
	],
	"19. right_shoulder": [
		0.5213279128074646,
		0.43584463000297546,
		-0.05089347064495087,
		0.9996772408485413
	],
	"20. right_elbow": [
		0.48962220549583435,
		0.5029599666595459,
		0.0032827123068273067,
		0.9372081160545349
	],
	"21. right_wrist": [
		0.4603027105331421,
		0.5549400448799133,
		-0.04109444469213486,
		0.919640839099884
	],
	"24. nose": [
		0.5565425753593445,
		0.38331305980682373,
		-0.2352377474308014,
		0.9998816847801208
	],
	"25. left_eye": [
		0.5626832246780396,
		0.37273484468460083,
		-0.22529032826423645,
		0.9997024536132812
	],
	"26. right_eye": [
		0.5505260825157166,
		0.37256553769111633,
		-0.22138938307762146,
		0.9996252655982971
	],
	"27. left_ear": [
		0.5688565373420715,
		0.3811653256416321,
		-0.1501866579055786,
		0.9995732307434082
	],
	"28. right_ear": [
		0.5444201827049255,
		0.3791835308074951,
		-0.13151349127292633,
		0.9994370937347412
	],
	"time stamp": 23
}