{
	"1. left_hip": [
		0.5389678478240967,
		0.6149905920028687,
		-0.004288503900170326,
		0.9997115135192871
	],
	"2. left_knee": [
		0.5616380572319031,
		0.7139219641685486,
		-0.037331800907850266,
		0.9959734678268433
	],
	"3. left_ankle": [
		0.5666850805282593,
		0.8153236508369446,
		0.16222040355205536,
		0.9950573444366455
	],
	"6. right_hip": [
		0.5009062886238098,
		0.6003453731536865,
		0.004218145739287138,
		0.9995396733283997
	],
	"7. right_knee": [
		0.4606984555721283,
		0.6913111805915833,
		-0.044618476182222366,
		0.9960681796073914
	],
	"8. right_ankle": [
		0.4412247836589813,
		0.7649272680282593,
		0.10981842875480652,
		0.9943117499351501
	],
	"14. left_shoulder": [
		0.5807631611824036,
		0.4673022925853729,
		-0.12229836732149124,
		0.9998739957809448
	],
	"15. left_elbow": [
		0.5723824501037598,
		0.5345453023910522,
		-0.21862046420574188,
		0.9452377557754517
	],
	"16. left_wrist": [
		0.5389236807823181,
		0.5013920068740845,
		-0.38491058349609375,
		0.8865668773651123
	],
	"19. right_shoulder": [
		0.5207483768463135,
		0.43602609634399414,
		-0.05343122407793999,
		0.9997064471244812
	],
	"20. right_elbow": [
		0.48565778136253357,
		0.49924376606941223,
		0.0020174940582364798,
		0.942083477973938
	],
	"21. right_wrist": [
		0.45866867899894714,
		0.5514065027236938,
		-0.042067911475896835,
		0.9241864085197449
	],
	"24. nose": [
		0.5558288097381592,
		0.38726913928985596,
		-0.2437821626663208,
		0.9998916983604431
	],
	"25. left_eye": [
		0.5624253153800964,
		0.3760090172290802,
		-0.23285961151123047,
		0.9997298717498779
	],
	"26. right_eye": [
		0.5500204563140869,
		0.37580397725105286,
		-0.22826538980007172,
		0.9996579885482788
	],
	"27. left_ear": [
		0.5680264830589294,
		0.38380441069602966,
		-0.15548628568649292,
		0.9996131658554077
	],
	"28. right_ear": [
		0.5443376898765564,
		0.3825850486755371,
		-0.1337219774723053,
		0.9994882941246033
	],
	"time stamp": 23
}