{
	"1. left_hip": [
		0.528488278388977,
		0.6201958060264587,
		-0.0045508695766329765,
		0.9997132420539856
	],
	"2. left_knee": [
		0.5551863312721252,
		0.7193862199783325,
		0.01047814916819334,
		0.995758056640625
	],
	"3. left_ankle": [
		0.5666711926460266,
		0.8160592913627625,
		0.18624363839626312,
		0.994530975818634
	],
	"6. right_hip": [
		0.4906381070613861,
		0.6019678115844727,
		0.004453887697309256,
		0.999573826789856
	],
	"7. right_knee": [
		0.44411516189575195,
		0.6964097023010254,
		-0.03455403447151184,
		0.9962987899780273
	],
	"8. right_ankle": [
		0.41182008385658264,
		0.7900741696357727,
		0.09526863694190979,
		0.9944105744361877
	],
	"14. left_shoulder": [
		0.5751159191131592,
		0.47191858291625977,
		-0.10307412594556808,
		0.9998798966407776
	],
	"15. left_elbow": [
		0.5601549744606018,
		0.5340812802314758,
		-0.1780916452407837,
		0.9500367045402527
	],
	"16. left_wrist": [
		0.5254178047180176,
		0.5151057839393616,
		-0.32368412613868713,
		0.896716833114624
	],
	"19. right_shoulder": [
		0.5184982419013977,
		0.43366605043411255,
		-0.03540442883968353,
		0.9997321367263794
	],
	"20. right_elbow": [
		0.4779062271118164,
		0.48447316884994507,
		0.01140349730849266,
		0.9460057020187378
	],
	"21. right_wrist": [
		0.45126697421073914,
		0.5482702255249023,
		-0.04830121248960495,
		0.9250620007514954
	],
	"24. nose": [
		0.5513288974761963,
		0.38831469416618347,
		-0.232335165143013,
		0.9998986721038818
	],
	"25. left_eye": [
		0.5599024891853333,
		0.3783952593803406,
		-0.2207084447145462,
		0.999750018119812
	],
	"26. right_eye": [
		0.5469656586647034,
		0.3774597644805908,
		-0.2261880338191986,
		0.9996815323829651
	],
	"27. left_ear": [
		0.5675500631332397,
		0.38798776268959045,
		-0.14136682450771332,
		0.9996424913406372
	],
	"28. right_ear": [
		0.5441324710845947,
		0.38419029116630554,
		-0.11438450217247009,
		0.9995226860046387
	],
	"time stamp": 23
}