{
	"1. left_hip": [
		0.5221280455589294,
		0.620979368686676,
		-0.006300041452050209,
		0.9997121691703796
	],
	"2. left_knee": [
		0.5500351190567017,
		0.7234386801719666,
		0.023926803842186928,
		0.9957597851753235
	],
	"3. left_ankle": [
		0.5658167600631714,
		0.8176655173301697,
		0.19416849315166473,
		0.9944310188293457
	],
	"6. right_hip": [
		0.4832620322704315,
		0.6016783714294434,
		0.006216965615749359,
		0.9996063113212585
	],
	"7. right_knee": [
		0.4375109374523163,
		0.6977589726448059,
		-0.015037642791867256,
		0.9965031147003174
	],
	"8. right_ankle": [
		0.40629827976226807,
		0.7951189875602722,
		0.09898681193590164,
		0.9946410059928894
	],
	"14. left_shoulder": [
		0.5680235624313354,
		0.47174933552742004,
		-0.1009373664855957,
		0.9998866319656372
	],
	"15. left_elbow": [
		0.551903247833252,
		0.5371055006980896,
		-0.15897603332996368,
		0.9542751312255859
	],
	"16. left_wrist": [
		0.5177591443061829,
		0.5332019925117493,
		-0.27207517623901367,
		0.905320942401886
	],
	"19. right_shoulder": [
		0.5117636322975159,
		0.4316871166229248,
		-0.03401309624314308,
		0.9997546076774597
	],
	"20. right_elbow": [
		0.47316333651542664,
		0.4756290912628174,
		0.01013223361223936,
		0.9477214217185974
	],
	"21. right_wrist": [
		0.448822557926178,
		0.5412411689758301,
		-0.049810342490673065,
		0.921661376953125
	],
	"24. nose": [
		0.5448794364929199,
		0.3879236578941345,
		-0.22458584606647491,
		0.9999025464057922
	],
	"25. left_eye": [
		0.552657961845398,
		0.3776909410953522,
		-0.21763896942138672,
		0.9997615218162537
	],
	"26. right_eye": [
		0.5400733351707458,
		0.37643977999687195,
		-0.21150802075862885,
		0.9996922612190247
	],
	"27. left_ear": [
		0.5610482096672058,
		0.3866378664970398,
		-0.13733062148094177,
		0.9996612668037415
	],
	"28. right_ear": [
		0.5363152623176575,
		0.3824000954627991,
		-0.10835679620504379,
		0.9995262622833252
	],
	"time stamp": 23
}