{
	"1. left_hip": [
		0.5117260813713074,
		0.6183589100837708,
		-0.007276471238583326,
		0.9996927976608276
	],
	"2. left_knee": [
		0.5421786904335022,
		0.7231168150901794,
		0.015127391554415226,
		0.9958953261375427
	],
	"3. left_ankle": [
		0.5657596588134766,
		0.8188027143478394,
		0.1908685266971588,
		0.994614839553833
	],
	"6. right_hip": [
		0.4728105068206787,
		0.6007702946662903,
		0.007194300647825003,
		0.9996381998062134
	],
	"7. right_knee": [
		0.430113822221756,
		0.7023955583572388,
		-0.016495246440172195,
		0.9967492818832397
	],
	"8. right_ankle": [
		0.40247952938079834,
		0.8048242926597595,
		0.1080155149102211,
		0.9950167536735535
	],
	"14. left_shoulder": [
		0.5600796341896057,
		0.4754743278026581,
		-0.09772979468107224,
		0.9998892545700073
	],
	"15. left_elbow": [
		0.537408709526062,
		0.550806999206543,
		-0.1576966792345047,
		0.9570985436439514
	],
	"16. left_wrist": [
		0.5094531774520874,
		0.5520743727684021,
		-0.26825717091560364,
		0.9094557762145996
	],
	"19. right_shoulder": [
		0.5033237934112549,
		0.42857763171195984,
		-0.03429027646780014,
		0.9997779726982117
	],
	"20. right_elbow": [
		0.465717613697052,
		0.46846941113471985,
		0.015157463029026985,
		0.9499251842498779
	],
	"21. right_wrist": [
		0.44323739409446716,
		0.5334652662277222,
		-0.048733364790678024,
		0.9214153289794922
	],
	"24. nose": [
		0.5361945629119873,
		0.38614094257354736,
		-0.22611629962921143,
		0.999909520149231
	],
	"25. left_eye": [
		0.5436171293258667,
		0.3759988248348236,
		-0.21747936308383942,
		0.9997783899307251
	],
	"26. right_eye": [
		0.5315576791763306,
		0.37374147772789,
		-0.21109680831432343,
		0.999712347984314
	],
	"27. left_ear": [
		0.5522292256355286,
		0.3847711682319641,
		-0.14090608060359955,
		0.9996862411499023
	],
	"28. right_ear": [
		0.527670681476593,
		0.3792753517627716,
		-0.10934815555810928,
		0.9995574951171875
	],
	"time stamp": 23
}