{
	"1. left_hip": [
		0.5027233958244324,
		0.614612340927124,
		-0.00429938780143857,
		0.9996353387832642
	],
	"2. left_knee": [
		0.5358169078826904,
		0.7215576171875,
		-0.0032486706040799618,
		0.9958915114402771
	],
	"3. left_ankle": [
		0.5644844174385071,
		0.8187330365180969,
		0.15985636413097382,
		0.9947168827056885
	],
	"6. right_hip": [
		0.46490177512168884,
		0.5987175703048706,
		0.004239765461534262,
		0.9996587634086609
	],
	"7. right_knee": [
		0.4244166910648346,
		0.7044333815574646,
		-0.017910514026880264,
		0.996834397315979
	],
	"8. right_ankle": [
		0.3975883722305298,
		0.8091939091682434,
		0.10671155154705048,
		0.9952026605606079
	],
	"14. left_shoulder": [
		0.5482821464538574,
		0.47020137310028076,
		-0.10314740240573883,
		0.9998886585235596
	],
	"15. left_elbow": [
		0.5257393717765808,
		0.5570651292800903,
		-0.11758497357368469,
		0.9550913572311401
	],
	"16. left_wrist": [
		0.5011883974075317,
		0.5787778496742249,
		-0.20805755257606506,
		0.8965156674385071
	],
	"19. right_shoulder": [
		0.4915851950645447,
		0.42767807841300964,
		-0.07266576588153839,
		0.9997991919517517
	],
	"20. right_elbow": [
		0.4516342580318451,
		0.46460533142089844,
		-0.04129943251609802,
		0.951762855052948
	],
	"21. right_wrist": [
		0.43771541118621826,
		0.5328783392906189,
		-0.10970579832792282,
		0.9162763953208923
	],
	"24. nose": [
		0.5269420146942139,
		0.3829911947250366,
		-0.24871303141117096,
		0.9999169707298279
	],
	"25. left_eye": [
		0.5350472927093506,
		0.3731893002986908,
		-0.239164337515831,
		0.9997963309288025
	],
	"26. right_eye": [
		0.5221174359321594,
		0.370737761259079,
		-0.23531082272529602,
		0.9997355341911316
	],
	"27. left_ear": [
		0.5415899753570557,
		0.3819470703601837,
		-0.16081789135932922,
		0.9997114539146423
	],
	"28. right_ear": [
		0.5169177651405334,
		0.376038521528244,
		-0.14200811088085175,
		0.9995943903923035
	],
	"time stamp": 23
}