{
	"1. left_hip": [
		0.485018789768219,
		0.6124992370605469,
		0.0028026686049997807,
		0.9996210932731628
	],
	"2. left_knee": [
		0.5196408033370972,
		0.7208502292633057,
		-0.005889830179512501,
		0.9960083365440369
	],
	"3. left_ankle": [
		0.5595055222511292,
		0.818604052066803,
		0.1452881246805191,
		0.9947996735572815
	],
	"6. right_hip": [
		0.4466845393180847,
		0.5977740287780762,
		-0.0028230552561581135,
		0.9996821284294128
	],
	"7. right_knee": [
		0.4099803864955902,
		0.7090511918067932,
		-0.0364738367497921,
		0.9969544410705566
	],
	"8. right_ankle": [
		0.3905837833881378,
		0.8177969455718994,
		0.09550148993730545,
		0.9954757690429688
	],
	"14. left_shoulder": [
		0.529041051864624,
		0.4641382098197937,
		-0.07267744094133377,
		0.9998985528945923
	],
	"15. left_elbow": [
		0.5228850841522217,
		0.5494112372398376,
		-0.047514207661151886,
		0.9580236673355103
	],
	"16. left_wrist": [
		0.5113675594329834,
		0.6067079901695251,
		-0.13209106028079987,
		0.9009842276573181
	],
	"19. right_shoulder": [
		0.4690476357936859,
		0.41904860734939575,
		-0.06752975285053253,
		0.9998185634613037
	],
	"20. right_elbow": [
		0.4379701018333435,
		0.4663054049015045,
		-0.0348459891974926,
		0.9513080716133118
	],
	"21. right_wrist": [
		0.42600134015083313,
		0.5329217910766602,
		-0.10326165705919266,
		0.9136937260627747
	],
	"24. nose": [
		0.5080428719520569,
		0.3816368877887726,
		-0.2378947138786316,
		0.9999247789382935
	],
	"25. left_eye": [
		0.5162694454193115,
		0.37115833163261414,
		-0.23034660518169403,
		0.999815046787262
	],
	"26. right_eye": [
		0.5035697221755981,
		0.3697082996368408,
		-0.22427289187908173,
		0.9997590184211731
	],
	"27. left_ear": [
		0.5226471424102783,
		0.37905365228652954,
		-0.14499104022979736,
		0.9997383952140808
	],
	"28. right_ear": [
		0.4978981614112854,
		0.3737276792526245,
		-0.13213278353214264,
		0.9996309876441956
	],
	"time stamp": 23
}