{
	"1. left_hip": [
		0.47747448086738586,
		0.6112633347511292,
		0.010006641037762165,
		0.9996373653411865
	],
	"2. left_knee": [
		0.5151646733283997,
		0.7217996120452881,
		-0.02316165529191494,
		0.9961644411087036
	],
	"3. left_ankle": [
		0.5560246109962463,
		0.8184964656829834,
		0.13445617258548737,
		0.994908332824707
	],
	"6. right_hip": [
		0.43920475244522095,
		0.5970593094825745,
		-0.009993240237236023,
		0.9997072815895081
	],
	"7. right_knee": [
		0.4088183343410492,
		0.7120686173439026,
		-0.053898271173238754,
		0.9971153140068054
	],
	"8. right_ankle": [
		0.390541672706604,
		0.8178359866142273,
		0.08685879409313202,
		0.9958004951477051
	],
	"14. left_shoulder": [
		0.5180101990699768,
		0.46336477994918823,
		-0.02787855453789234,
		0.9999071955680847
	],
	"15. left_elbow": [
		0.5173622965812683,
		0.5440908074378967,
		0.0013966192491352558,
		0.9584565162658691
	],
	"16. left_wrist": [
		0.5107122659683228,
		0.6144702434539795,
		-0.08230407536029816,
		0.9011313319206238
	],
	"19. right_shoulder": [
		0.45954030752182007,
		0.4131130576133728,
		-0.0635908767580986,
		0.9998355507850647
	],
	"20. right_elbow": [
		0.4322344660758972,
		0.4670809507369995,
		-0.04012734815478325,
		0.951387882232666
	],
	"21. right_wrist": [
		0.4183480739593506,
		0.5276464819908142,
		-0.11859367042779922,
		0.9138906002044678
	],
	"24. nose": [
		0.49741676449775696,
		0.3768610954284668,
		-0.20208361744880676,
		0.999931812286377
	],
	"25. left_eye": [
		0.505929172039032,
		0.3673208951950073,
		-0.1872343122959137,
		0.9998319745063782
	],
	"26. right_eye": [
		0.49277400970458984,
		0.36272895336151123,
		-0.1882854551076889,
		0.9997802972793579
	],
	"27. left_ear": [
		0.511067271232605,
		0.3757188618183136,
		-0.09682250767946243,
		0.9997624754905701
	],
	"28. right_ear": [
		0.4878009259700775,
		0.36628761887550354,
		-0.10214638710021973,
		0.999663770198822
	],
	"time stamp": 23
}