{
	"1. left_hip": [
		0.47237882018089294,
		0.6105132699012756,
		0.007736118510365486,
		0.999646008014679
	],
	"2. left_knee": [
		0.5081620216369629,
		0.7209625840187073,
		-0.02790413610637188,
		0.9963594675064087
	],
	"3. left_ankle": [
		0.5479705929756165,
		0.8177506327629089,
		0.13263516128063202,
		0.9951542019844055
	],
	"6. right_hip": [
		0.4333512783050537,
		0.5966172218322754,
		-0.007759495172649622,
		0.9997283220291138
	],
	"7. right_knee": [
		0.4049851596355438,
		0.7139772176742554,
		-0.048832930624485016,
		0.9972683787345886
	],
	"8. right_ankle": [
		0.3887770175933838,
		0.8174509406089783,
		0.09015768021345139,
		0.9960862398147583
	],
	"14. left_shoulder": [
		0.5092095136642456,
		0.4595279395580292,
		-0.04275715351104736,
		0.9999139904975891
	],
	"15. left_elbow": [
		0.5118850469589233,
		0.5415058135986328,
		-0.012444838881492615,
		0.9591294527053833
	],
	"16. left_wrist": [
		0.5103873610496521,
		0.6154426336288452,
		-0.09140317887067795,
		0.8982935547828674
	],
	"19. right_shoulder": [
		0.44733184576034546,
		0.40883615612983704,
		-0.061204250901937485,
		0.9998509287834167
	],
	"20. right_elbow": [
		0.4201697111129761,
		0.468111127614975,
		-0.03397078067064285,
		0.9525477886199951
	],
	"21. right_wrist": [
		0.41106629371643066,
		0.5302362442016602,
		-0.1033702939748764,
		0.9162463545799255
	],
	"24. nose": [
		0.48738694190979004,
		0.36896032094955444,
		-0.20818929374217987,
		0.9999377131462097
	],
	"25. left_eye": [
		0.4955807030200958,
		0.3601170480251312,
		-0.19472581148147583,
		0.9998447895050049
	],
	"26. right_eye": [
		0.48210087418556213,
		0.35399383306503296,
		-0.19439241290092468,
		0.9997970461845398
	],
	"27. left_ear": [
		0.5008624792098999,
		0.36850717663764954,
		-0.108912393450737,
		0.9997795820236206
	],
	"28. right_ear": [
		0.47671887278556824,
		0.3572261929512024,
		-0.10668796300888062,
		0.9996901154518127
	],
	"time stamp": 23
}