{
	"1. left_hip": [
		0.4672738313674927,
		0.6089330911636353,
		0.007535715587437153,
		0.9996604919433594
	],
	"2. left_knee": [
		0.5019615292549133,
		0.7203447222709656,
		-0.028593450784683228,
		0.9965165257453918
	],
	"3. left_ankle": [
		0.5400566458702087,
		0.8177365660667419,
		0.11430671066045761,
		0.9953745603561401
	],
	"6. right_hip": [
		0.4271736443042755,
		0.5963153839111328,
		-0.007591225206851959,
		0.9997465014457703
	],
	"7. right_knee": [
		0.4017731845378876,
		0.7155830264091492,
		-0.04334809258580208,
		0.9973338842391968
	],
	"8. right_ankle": [
		0.387162446975708,
		0.8201878070831299,
		0.1032123789191246,
		0.9962702989578247
	],
	"14. left_shoulder": [
		0.49962374567985535,
		0.45047417283058167,
		-0.04114806279540062,
		0.999919593334198
	],
	"15. left_elbow": [
		0.5041403770446777,
		0.5398172736167908,
		-0.009892717003822327,
		0.9603102803230286
	],
	"16. left_wrist": [
		0.5062922239303589,
		0.616385817527771,
		-0.08664985001087189,
		0.896474301815033
	],
	"19. right_shoulder": [
		0.43627089262008667,
		0.4061000347137451,
		-0.06306660175323486,
		0.9998645782470703
	],
	"20. right_elbow": [
		0.41076788306236267,
		0.46860286593437195,
		-0.044070448726415634,
		0.9537187814712524
	],
	"21. right_wrist": [
		0.40540406107902527,
		0.5300334692001343,
		-0.11537119746208191,
		0.9185571074485779
	],
	"24. nose": [
		0.4782257676124573,
		0.3622066378593445,
		-0.20741598308086395,
		0.9999434947967529
	],
	"25. left_eye": [
		0.48626449704170227,
		0.3533153533935547,
		-0.1927127242088318,
		0.9998582005500793
	],
	"26. right_eye": [
		0.473476380109787,
		0.3466190695762634,
		-0.19365400075912476,
		0.9998149871826172
	],
	"27. left_ear": [
		0.49110162258148193,
		0.36220115423202515,
		-0.10560492426156998,
		0.9997972846031189
	],
	"28. right_ear": [
		0.46708741784095764,
		0.34919580817222595,
		-0.10850512981414795,
		0.9997174143791199
	],
	"time stamp": 23
}