{
	"1. left_hip": [
		0.4611894488334656,
		0.5975701808929443,
		0.0076844533905386925,
		0.999676525592804
	],
	"2. left_knee": [
		0.4951469302177429,
		0.7103053331375122,
		-0.027891114354133606,
		0.9967361688613892
	],
	"3. left_ankle": [
		0.5260316133499146,
		0.8165742754936218,
		0.11557679623365402,
		0.9956833124160767
	],
	"6. right_hip": [
		0.42066940665245056,
		0.5922679305076599,
		-0.007777785882353783,
		0.9997621774673462
	],
	"7. right_knee": [
		0.39917871356010437,
		0.713871955871582,
		-0.04291212186217308,
		0.9974391460418701
	],
	"8. right_ankle": [
		0.3872542381286621,
		0.8221012353897095,
		0.10358484089374542,
		0.9965006709098816
	],
	"14. left_shoulder": [
		0.4868464469909668,
		0.43405139446258545,
		-0.052250977605581284,
		0.9999243021011353
	],
	"15. left_elbow": [
		0.49829307198524475,
		0.5300262570381165,
		-0.02007916197180748,
		0.9616455435752869
	],
	"16. left_wrist": [
		0.5013670325279236,
		0.6028054356575012,
		-0.09219611436128616,
		0.8969129920005798
	],
	"19. right_shoulder": [
		0.4223688542842865,
		0.4002529978752136,
		-0.083866186439991,
		0.9998764991760254
	],
	"20. right_elbow": [
		0.4019641578197479,
		0.46896079182624817,
		-0.11030939966440201,
		0.9545632004737854
	],
	"21. right_wrist": [
		0.4016725420951843,
		0.5165263414382935,
		-0.2395830899477005,
		0.9220544695854187
	],
	"24. nose": [
		0.4629313051700592,
		0.3523749113082886,
		-0.23120121657848358,
		0.9999489784240723
	],
	"25. left_eye": [
		0.4716114401817322,
		0.3439396619796753,
		-0.21648426353931427,
		0.9998716711997986
	],
	"26. right_eye": [
		0.4577541649341583,
		0.3372015357017517,
		-0.21875125169754028,
		0.999832808971405
	],
	"27. left_ear": [
		0.4768858253955841,
		0.35252702236175537,
		-0.12261811643838882,
		0.9998164176940918
	],
	"28. right_ear": [
		0.4515817165374756,
		0.34008175134658813,
		-0.13440853357315063,
		0.9997446537017822
	],
	"time stamp": 23
}