{
	"1. left_hip": [
		0.45713603496551514,
		0.5855295658111572,
		0.007616556715220213,
		0.9996951222419739
	],
	"2. left_knee": [
		0.4871599078178406,
		0.707908034324646,
		-0.021061774343252182,
		0.9968848824501038
	],
	"3. left_ankle": [
		0.5190182328224182,
		0.816564679145813,
		0.10707441717386246,
		0.9959134459495544
	],
	"6. right_hip": [
		0.4176928997039795,
		0.5817236304283142,
		-0.007745564449578524,
		0.9997775554656982
	],
	"7. right_knee": [
		0.397080659866333,
		0.7135204076766968,
		-0.027794120833277702,
		0.9974930882453918
	],
	"8. right_ankle": [
		0.3884408473968506,
		0.8227959275245667,
		0.10440371930599213,
		0.9966522455215454
	],
	"14. left_shoulder": [
		0.4795980751514435,
		0.4225218594074249,
		-0.04462578147649765,
		0.9999290108680725
	],
	"15. left_elbow": [
		0.4910374879837036,
		0.5174013376235962,
		-0.008619028143584728,
		0.964062511920929
	],
	"16. left_wrist": [
		0.49778392910957336,
		0.5960333943367004,
		-0.07719350606203079,
		0.9027798771858215
	],
	"19. right_shoulder": [
		0.41734030842781067,
		0.3933257758617401,
		-0.07859833538532257,
		0.9998879432678223
	],
	"20. right_elbow": [
		0.39704740047454834,
		0.4652946889400482,
		-0.08886780589818954,
		0.9571766257286072
	],
	"21. right_wrist": [
		0.40048596262931824,
		0.5020620822906494,
		-0.21227654814720154,
		0.9278336763381958
	],
	"24. nose": [
		0.45638543367385864,
		0.3434576988220215,
		-0.21000194549560547,
		0.9999539852142334
	],
	"25. left_eye": [
		0.4642786979675293,
		0.33484742045402527,
		-0.19687530398368835,
		0.9998840093612671
	],
	"26. right_eye": [
		0.4524056911468506,
		0.32883721590042114,
		-0.19847097992897034,
		0.9998491406440735
	],
	"27. left_ear": [
		0.469105988740921,
		0.34343716502189636,
		-0.11162972450256348,
		0.9998337626457214
	],
	"28. right_ear": [
		0.4455670118331909,
		0.33189529180526733,
		-0.12277065962553024,
		0.9997695088386536
	],
	"time stamp": 23
}