{
	"1. left_hip": [
		0.4528641700744629,
		0.5795421004295349,
		0.008634061552584171,
		0.9997162222862244
	],
	"2. left_knee": [
		0.48000437021255493,
		0.7044023871421814,
		-0.008112317882478237,
		0.9969863295555115
	],
	"3. left_ankle": [
		0.5080232620239258,
		0.8132390975952148,
		0.1337582767009735,
		0.9961103200912476
	],
	"6. right_hip": [
		0.4133951961994171,
		0.5759901404380798,
		-0.008794319815933704,
		0.9997924566268921
	],
	"7. right_knee": [
		0.3949940502643585,
		0.7122368812561035,
		-0.0204975213855505,
		0.9975071549415588
	],
	"8. right_ankle": [
		0.3885985016822815,
		0.821682333946228,
		0.12644556164741516,
		0.9968042969703674
	],
	"14. left_shoulder": [
		0.4738162159919739,
		0.4149373769760132,
		-0.0500546470284462,
		0.999933660030365
	],
	"15. left_elbow": [
		0.4857286214828491,
		0.5068769454956055,
		-0.008457287214696407,
		0.9658008813858032
	],
	"16. left_wrist": [
		0.4926072955131531,
		0.5894726514816284,
		-0.07260238379240036,
		0.9076528549194336
	],
	"19. right_shoulder": [
		0.4124129116535187,
		0.3903194069862366,
		-0.08321216702461243,
		0.999897301197052
	],
	"20. right_elbow": [
		0.3956770598888397,
		0.4645029604434967,
		-0.11821813136339188,
		0.9587825536727905
	],
	"21. right_wrist": [
		0.40586358308792114,
		0.4912010133266449,
		-0.25518181920051575,
		0.932096540927887
	],
	"24. nose": [
		0.44991517066955566,
		0.33726218342781067,
		-0.2264700084924698,
		0.9999583959579468
	],
	"25. left_eye": [
		0.4585167169570923,
		0.32919594645500183,
		-0.21264180541038513,
		0.9998949766159058
	],
	"26. right_eye": [
		0.44650307297706604,
		0.3222721517086029,
		-0.21489369869232178,
		0.9998635649681091
	],
	"27. left_ear": [
		0.4628831446170807,
		0.3373304605484009,
		-0.12043748050928116,
		0.9998491406440735
	],
	"28. right_ear": [
		0.4400179982185364,
		0.32545313239097595,
		-0.13366979360580444,
		0.9997915029525757
	],
	"time stamp": 23
}