{
	"1. left_hip": [
		0.45024698972702026,
		0.5755183696746826,
		0.0101908715441823,
		0.999738872051239
	],
	"2. left_knee": [
		0.4734969139099121,
		0.7026465535163879,
		0.0037821363657712936,
		0.9970956444740295
	],
	"3. left_ankle": [
		0.4993993043899536,
		0.8117899298667908,
		0.1490250825881958,
		0.9962854385375977
	],
	"6. right_hip": [
		0.41139811277389526,
		0.5712109208106995,
		-0.010350879281759262,
		0.9998085498809814
	],
	"7. right_knee": [
		0.394347220659256,
		0.7094955444335938,
		-0.018225692212581635,
		0.997589111328125
	],
	"8. right_ankle": [
		0.3888680338859558,
		0.8200599551200867,
		0.12864036858081818,
		0.9970014095306396
	],
	"14. left_shoulder": [
		0.4686034917831421,
		0.40621417760849,
		-0.04935900494456291,
		0.9999383687973022
	],
	"15. left_elbow": [
		0.4781148135662079,
		0.49167323112487793,
		0.005658556241542101,
		0.9666509628295898
	],
	"16. left_wrist": [
		0.48542559146881104,
		0.5704165697097778,
		-0.035345010459423065,
		0.9130532741546631
	],
	"19. right_shoulder": [
		0.4075733423233032,
		0.3836812376976013,
		-0.09877680242061615,
		0.9999059438705444
	],
	"20. right_elbow": [
		0.3933912515640259,
		0.45617586374282837,
		-0.18384899199008942,
		0.9608777165412903
	],
	"21. right_wrist": [
		0.40692609548568726,
		0.4679989814758301,
		-0.3619852662086487,
		0.9371678233146667
	],
	"24. nose": [
		0.44518256187438965,
		0.3351566195487976,
		-0.23981836438179016,
		0.9999624490737915
	],
	"25. left_eye": [
		0.45317739248275757,
		0.32643964886665344,
		-0.22604379057884216,
		0.9999052286148071
	],
	"26. right_eye": [
		0.44081783294677734,
		0.31912434101104736,
		-0.2290910929441452,
		0.9998770356178284
	],
	"27. left_ear": [
		0.4574715495109558,
		0.3329443037509918,
		-0.1284470558166504,
		0.9998638033866882
	],
	"28. right_ear": [
		0.4346742033958435,
		0.3208979070186615,
		-0.1451689451932907,
		0.9998120069503784
	],
	"time stamp": 23
}