{
	"1. left_hip": [
		0.4462321996688843,
		0.5693361759185791,
		0.008008195087313652,
		0.9997439980506897
	],
	"2. left_knee": [
		0.4685802459716797,
		0.6993509531021118,
		-0.010886362753808498,
		0.9972833395004272
	],
	"3. left_ankle": [
		0.4853616952896118,
		0.8102942705154419,
		0.14532051980495453,
		0.9965302348136902
	],
	"6. right_hip": [
		0.40702900290489197,
		0.5674977898597717,
		-0.008230387233197689,
		0.9998100399971008
	],
	"7. right_knee": [
		0.393535315990448,
		0.709036648273468,
		-0.007173188962042332,
		0.9976394176483154
	],
	"8. right_ankle": [
		0.3888373076915741,
		0.8191679120063782,
		0.13957875967025757,
		0.9971796870231628
	],
	"14. left_shoulder": [
		0.461487352848053,
		0.3950597941875458,
		-0.07971589267253876,
		0.9999067187309265
	],
	"15. left_elbow": [
		0.4686574339866638,
		0.4833763539791107,
		-0.013303159736096859,
		0.9584656953811646
	],
	"16. left_wrist": [
		0.46577486395835876,
		0.5548428297042847,
		-0.06758268177509308,
		0.8795714378356934
	],
	"19. right_shoulder": [
		0.39795783162117004,
		0.38044238090515137,
		-0.11362363398075104,
		0.9999004006385803
	],
	"20. right_elbow": [
		0.3852154612541199,
		0.4562120735645294,
		-0.19971056282520294,
		0.9616788625717163
	],
	"21. right_wrist": [
		0.4101641774177551,
		0.4441277086734772,
		-0.37078922986984253,
		0.939974844455719
	],
	"24. nose": [
		0.4361722469329834,
		0.32350531220436096,
		-0.26508966088294983,
		0.9999637007713318
	],
	"25. left_eye": [
		0.44464561343193054,
		0.31541740894317627,
		-0.25177890062332153,
		0.999907374382019
	],
	"26. right_eye": [
		0.4322185516357422,
		0.3077929615974426,
		-0.25406959652900696,
		0.999884843826294
	],
	"27. left_ear": [
		0.4488629102706909,
		0.32342398166656494,
		-0.1582745909690857,
		0.99986732006073
	],
	"28. right_ear": [
		0.42526164650917053,
		0.3110935091972351,
		-0.1692720502614975,
		0.9998233914375305
	],
	"time stamp": 23
}