{
	"1. left_hip": [
		0.44425490498542786,
		0.5682982206344604,
		0.006652579177170992,
		0.9997208118438721
	],
	"2. left_knee": [
		0.46287089586257935,
		0.6961960196495056,
		-0.01097389031201601,
		0.9973713159561157
	],
	"3. left_ankle": [
		0.47573477029800415,
		0.8072678446769714,
		0.14274680614471436,
		0.9966511130332947
	],
	"6. right_hip": [
		0.4058724641799927,
		0.5672115087509155,
		-0.0068396166898310184,
		0.9997946619987488
	],
	"7. right_knee": [
		0.3937436044216156,
		0.7072744369506836,
		-0.0068901400081813335,
		0.9977118372917175
	],
	"8. right_ankle": [
		0.38839519023895264,
		0.8186542987823486,
		0.13155212998390198,
		0.9973285794258118
	],
	"14. left_shoulder": [
		0.45715057849884033,
		0.3890382647514343,
		-0.04335891827940941,
		0.9997862577438354
	],
	"15. left_elbow": [
		0.4635010361671448,
		0.4767657518386841,
		-0.016621483489871025,
		0.9392675757408142
	],
	"16. left_wrist": [
		0.46310973167419434,
		0.5510250329971313,
		-0.07053209096193314,
		0.8422483801841736
	],
	"19. right_shoulder": [
		0.397968053817749,
		0.37840259075164795,
		-0.065113864839077,
		0.9998488426208496
	],
	"20. right_elbow": [
		0.3844676911830902,
		0.4431932270526886,
		-0.1560807228088379,
		0.9592651128768921
	],
	"21. right_wrist": [
		0.4106869101524353,
		0.41214659810066223,
		-0.3183707594871521,
		0.9400224685668945
	],
	"24. nose": [
		0.43262097239494324,
		0.31810227036476135,
		-0.2043953239917755,
		0.9999533295631409
	],
	"25. left_eye": [
		0.4401591122150421,
		0.31011196970939636,
		-0.1909339427947998,
		0.9998776316642761
	],
	"26. right_eye": [
		0.4266867935657501,
		0.30347806215286255,
		-0.19166748225688934,
		0.9998651146888733
	],
	"27. left_ear": [
		0.4446391463279724,
		0.3185601532459259,
		-0.1024353951215744,
		0.9998201131820679
	],
	"28. right_ear": [
		0.42021825909614563,
		0.3080076277256012,
		-0.10711884498596191,
		0.999787449836731
	],
	"time stamp": 23
}