{
	"1. left_hip": [
		0.4448501765727997,
		0.5653252601623535,
		0.004539856221526861,
		0.9996861815452576
	],
	"2. left_knee": [
		0.4593549072742462,
		0.6954814195632935,
		-0.003903343342244625,
		0.9974508285522461
	],
	"3. left_ankle": [
		0.4683186709880829,
		0.8037940263748169,
		0.15304434299468994,
		0.9967023730278015
	],
	"6. right_hip": [
		0.4073330760002136,
		0.5642308592796326,
		-0.004685660358518362,
		0.9997661113739014
	],
	"7. right_knee": [
		0.3946586847305298,
		0.7028430700302124,
		-0.0005356091423891485,
		0.997782826423645
	],
	"8. right_ankle": [
		0.38800933957099915,
		0.8173592686653137,
		0.13233286142349243,
		0.9974523186683655
	],
	"14. left_shoulder": [
		0.4557352066040039,
		0.380829393863678,
		-0.02375343069434166,
		0.9996890425682068
	],
	"15. left_elbow": [
		0.464680016040802,
		0.45898866653442383,
		0.014426246285438538,
		0.9296224117279053
	],
	"16. left_wrist": [
		0.46824565529823303,
		0.5329976081848145,
		-0.011667439714074135,
		0.8221262097358704
	],
	"19. right_shoulder": [
		0.3974336087703705,
		0.3718301057815552,
		-0.04919203370809555,
		0.999796986579895
	],
	"20. right_elbow": [
		0.3815406560897827,
		0.43619927763938904,
		-0.14260603487491608,
		0.9606271982192993
	],
	"21. right_wrist": [
		0.4112187623977661,
		0.40177252888679504,
		-0.29373079538345337,
		0.9429168105125427
	],
	"24. nose": [
		0.43026086688041687,
		0.3120586574077606,
		-0.18233007192611694,
		0.9999480843544006
	],
	"25. left_eye": [
		0.43755245208740234,
		0.3037104904651642,
		-0.16885606944561005,
		0.9998600482940674
	],
	"26. right_eye": [
		0.4236944913864136,
		0.29832562804222107,
		-0.16974329948425293,
		0.9998582005500793
	],
	"27. left_ear": [
		0.44239240884780884,
		0.31242844462394714,
		-0.08266177028417587,
		0.999793291091919
	],
	"28. right_ear": [
		0.4172672629356384,
		0.3049313724040985,
		-0.08709254115819931,
		0.9997718930244446
	],
	"time stamp": 23
}