{
	"1. left_hip": [
		0.44474470615386963,
		0.5645332932472229,
		0.0043318262323737144,
		0.9996030330657959
	],
	"2. left_knee": [
		0.45663806796073914,
		0.6932091116905212,
		-0.0053658802062273026,
		0.9974390268325806
	],
	"3. left_ankle": [
		0.4594220817089081,
		0.7986215353012085,
		0.15170389413833618,
		0.996627688407898
	],
	"6. right_hip": [
		0.40733298659324646,
		0.5628950595855713,
		-0.004448092542588711,
		0.9997023344039917
	],
	"7. right_knee": [
		0.39547014236450195,
		0.6980574131011963,
		-0.0034032517578452826,
		0.9977565407752991
	],
	"8. right_ankle": [
		0.3877509832382202,
		0.816603422164917,
		0.13204270601272583,
		0.9974892735481262
	],
	"14. left_shoulder": [
		0.45508888363838196,
		0.37664544582366943,
		-0.015714125707745552,
		0.9993538856506348
	],
	"15. left_elbow": [
		0.4654151499271393,
		0.44767650961875916,
		0.03001246601343155,
		0.9007817506790161
	],
	"16. left_wrist": [
		0.469295471906662,
		0.507731020450592,
		0.012694297358393669,
		0.7767946124076843
	],
	"19. right_shoulder": [
		0.3964083790779114,
		0.37096473574638367,
		-0.05270915850996971,
		0.9996778964996338
	],
	"20. right_elbow": [
		0.3817238509654999,
		0.4314136505126953,
		-0.1514425277709961,
		0.9615018963813782
	],
	"21. right_wrist": [
		0.4123413860797882,
		0.3948383033275604,
		-0.29841113090515137,
		0.9449562430381775
	],
	"24. nose": [
		0.42894428968429565,
		0.31004807353019714,
		-0.17572061717510223,
		0.9999173283576965
	],
	"25. left_eye": [
		0.4358522891998291,
		0.301290363073349,
		-0.16252410411834717,
		0.9997619390487671
	],
	"26. right_eye": [
		0.42227455973625183,
		0.297254741191864,
		-0.1642429083585739,
		0.9998064637184143
	],
	"27. left_ear": [
		0.440786212682724,
		0.3096065819263458,
		-0.07683510333299637,
		0.9996464848518372
	],
	"28. right_ear": [
		0.41525018215179443,
		0.30438464879989624,
		-0.08398251235485077,
		0.9996737241744995
	],
	"time stamp": 23
}