{
	"1. left_hip": [
		0.44415855407714844,
		0.5652480721473694,
		0.004347371403127909,
		0.999580979347229
	],
	"2. left_knee": [
		0.44907066226005554,
		0.6943443417549133,
		-0.004682713188230991,
		0.997391402721405
	],
	"3. left_ankle": [
		0.44857916235923767,
		0.7978588342666626,
		0.14889420568943024,
		0.9964292049407959
	],
	"6. right_hip": [
		0.4070250391960144,
		0.5634005069732666,
		-0.004451041109859943,
		0.9996915459632874
	],
	"7. right_knee": [
		0.39719444513320923,
		0.6957249045372009,
		0.0004903043154627085,
		0.9977545738220215
	],
	"8. right_ankle": [
		0.3877013325691223,
		0.8157172203063965,
		0.13420362770557404,
		0.9974694848060608
	],
	"14. left_shoulder": [
		0.45347437262535095,
		0.3780107796192169,
		0.0038073118776082993,
		0.9989104866981506
	],
	"15. left_elbow": [
		0.46270617842674255,
		0.43126770853996277,
		0.01071719266474247,
		0.8515756130218506
	],
	"16. left_wrist": [
		0.46010273694992065,
		0.4482300579547882,
		-0.05492623150348663,
		0.7362812757492065
	],
	"19. right_shoulder": [
		0.3949683904647827,
		0.36924314498901367,
		-0.038868725299835205,
		0.9995660185813904
	],
	"20. right_elbow": [
		0.38464826345443726,
		0.40891265869140625,
		-0.15556681156158447,
		0.9596837162971497
	],
	"21. right_wrist": [
		0.41400808095932007,
		0.3801482319831848,
		-0.2786010801792145,
		0.9414867758750916
	],
	"24. nose": [
		0.4265430271625519,
		0.31244388222694397,
		-0.1435927450656891,
		0.9998871684074402
	],
	"25. left_eye": [
		0.43354442715644836,
		0.30301356315612793,
		-0.1297190636396408,
		0.9997137188911438
	],
	"26. right_eye": [
		0.41978445649147034,
		0.299400269985199,
		-0.1318720281124115,
		0.9997766613960266
	],
	"27. left_ear": [
		0.4386747479438782,
		0.31014683842658997,
		-0.042974941432476044,
		0.9996032118797302
	],
	"28. right_ear": [
		0.41276851296424866,
		0.30513444542884827,
		-0.05174194648861885,
		0.9996510744094849
	],
	"time stamp": 23
}