{
	"1. left_hip": [
		0.4448397159576416,
		0.5664147138595581,
		0.0037541494239121675,
		0.9995367527008057
	],
	"2. left_knee": [
		0.4437790513038635,
		0.6953133940696716,
		2.8034748538630083e-05,
		0.9969696998596191
	],
	"3. left_ankle": [
		0.4428432285785675,
		0.7991673946380615,
		0.12732870876789093,
		0.995905339717865
	],
	"6. right_hip": [
		0.40754079818725586,
		0.5643313527107239,
		-0.0037887601647526026,
		0.9996709823608398
	],
	"7. right_knee": [
		0.39819982647895813,
		0.6944882869720459,
		0.007344729267060757,
		0.9976416826248169
	],
	"8. right_ankle": [
		0.38803207874298096,
		0.8154236674308777,
		0.13208480179309845,
		0.9972043037414551
	],
	"14. left_shoulder": [
		0.45419758558273315,
		0.38230806589126587,
		-0.011847591027617455,
		0.9981193542480469
	],
	"15. left_elbow": [
		0.4619350731372833,
		0.43996065855026245,
		-0.16049709916114807,
		0.8291017413139343
	],
	"16. left_wrist": [
		0.4577215313911438,
		0.4306815564632416,
		-0.33020874857902527,
		0.72788405418396
	],
	"19. right_shoulder": [
		0.39295127987861633,
		0.3704290986061096,
		-0.038067057728767395,
		0.9993678331375122
	],
	"20. right_elbow": [
		0.3849179148674011,
		0.3995301127433777,
		-0.2027648538351059,
		0.9573220014572144
	],
	"21. right_wrist": [
		0.4156627058982849,
		0.38382992148399353,
		-0.34993672370910645,
		0.9334071278572083
	],
	"24. nose": [
		0.4253896176815033,
		0.31383752822875977,
		-0.1307150423526764,
		0.9996690154075623
	],
	"25. left_eye": [
		0.43211397528648376,
		0.3034549355506897,
		-0.11712197959423065,
		0.9994200468063354
	],
	"26. right_eye": [
		0.41861164569854736,
		0.3013612627983093,
		-0.1181604191660881,
		0.9994521737098694
	],
	"27. left_ear": [
		0.4375051259994507,
		0.31077277660369873,
		-0.03461718559265137,
		0.9992326498031616
	],
	"28. right_ear": [
		0.41163668036460876,
		0.3072042465209961,
		-0.03937511146068573,
		0.9993300437927246
	],
	"time stamp": 23
}