{
	"1. left_hip": [
		0.44566744565963745,
		0.5665101408958435,
		0.004623242188245058,
		0.9994751214981079
	],
	"2. left_knee": [
		0.4429948329925537,
		0.6945701241493225,
		0.012045037932693958,
		0.9966380596160889
	],
	"3. left_ankle": [
		0.4394264817237854,
		0.80010586977005,
		0.11657769978046417,
		0.995510458946228
	],
	"6. right_hip": [
		0.40857383608818054,
		0.5649319291114807,
		-0.0045686932280659676,
		0.9996448755264282
	],
	"7. right_knee": [
		0.3987906277179718,
		0.6946417689323425,
		0.008738858625292778,
		0.9975571632385254
	],
	"8. right_ankle": [
		0.388403981924057,
		0.8153708577156067,
		0.11742108315229416,
		0.9970034956932068
	],
	"14. left_shoulder": [
		0.4523811936378479,
		0.3829776644706726,
		0.006358040031045675,
		0.9978088140487671
	],
	"15. left_elbow": [
		0.46435782313346863,
		0.43654313683509827,
		-0.11557415872812271,
		0.8036552667617798
	],
	"16. left_wrist": [
		0.46399232745170593,
		0.44240590929985046,
		-0.17222300171852112,
		0.7161834239959717
	],
	"19. right_shoulder": [
		0.39300623536109924,
		0.3713226318359375,
		-0.03809191286563873,
		0.9992923736572266
	],
	"20. right_elbow": [
		0.38613399863243103,
		0.4019254446029663,
		-0.17417529225349426,
		0.9566744565963745
	],
	"21. right_wrist": [
		0.41834351420402527,
		0.39251917600631714,
		-0.2559208273887634,
		0.9296281933784485
	],
	"24. nose": [
		0.42643165588378906,
		0.3160950541496277,
		-0.13203054666519165,
		0.9996349215507507
	],
	"25. left_eye": [
		0.43226829171180725,
		0.30507194995880127,
		-0.1188143640756607,
		0.9993528723716736
	],
	"26. right_eye": [
		0.4192360043525696,
		0.30296269059181213,
		-0.12158438563346863,
		0.9994053840637207
	],
	"27. left_ear": [
		0.43734341859817505,
		0.31246572732925415,
		-0.03436735272407532,
		0.9991305470466614
	],
	"28. right_ear": [
		0.41119661927223206,
		0.30930468440055847,
		-0.04738293215632439,
		0.9992939829826355
	],
	"time stamp": 23
}