{
	"1. left_hip": [
		0.4459336996078491,
		0.567280650138855,
		0.004380319267511368,
		0.9994556903839111
	],
	"2. left_knee": [
		0.44274255633354187,
		0.6939325332641602,
		0.023842940106987953,
		0.9963257908821106
	],
	"3. left_ankle": [
		0.44018203020095825,
		0.8007379174232483,
		0.12172827124595642,
		0.9951788187026978
	],
	"6. right_hip": [
		0.4094129800796509,
		0.5656066536903381,
		-0.004285071045160294,
		0.9996331930160522
	],
	"7. right_knee": [
		0.3991800844669342,
		0.694983184337616,
		0.012622290290892124,
		0.997428834438324
	],
	"8. right_ankle": [
		0.38872087001800537,
		0.8150211572647095,
		0.11736368387937546,
		0.9968475103378296
	],
	"14. left_shoulder": [
		0.4531509578227997,
		0.38331320881843567,
		0.000677720585372299,
		0.9978382587432861
	],
	"15. left_elbow": [
		0.46768611669540405,
		0.43196967244148254,
		0.04592375084757805,
		0.7949094772338867
	],
	"16. left_wrist": [
		0.4670644700527191,
		0.4527234435081482,
		0.06109088286757469,
		0.7048661112785339
	],
	"19. right_shoulder": [
		0.39299631118774414,
		0.372305691242218,
		-0.04368245601654053,
		0.9992289543151855
	],
	"20. right_elbow": [
		0.3881753385066986,
		0.4075663685798645,
		-0.10210845619440079,
		0.9519923329353333
	],
	"21. right_wrist": [
		0.4194294214248657,
		0.39701423048973083,
		-0.1355704963207245,
		0.9161645770072937
	],
	"24. nose": [
		0.42665162682533264,
		0.31771641969680786,
		-0.1396179050207138,
		0.9996576309204102
	],
	"25. left_eye": [
		0.4319925904273987,
		0.30634045600891113,
		-0.1276506632566452,
		0.9993877410888672
	],
	"26. right_eye": [
		0.4193304181098938,
		0.30409881472587585,
		-0.13096632063388824,
		0.9994444251060486
	],
	"27. left_ear": [
		0.43711772561073303,
		0.31360945105552673,
		-0.049147505313158035,
		0.9991835951805115
	],
	"28. right_ear": [
		0.4107643961906433,
		0.31064778566360474,
		-0.06377797573804855,
		0.9993377923965454
	],
	"time stamp": 23
}