{
	"1. left_hip": [
		0.44668808579444885,
		0.563726544380188,
		0.005969651974737644,
		0.9994250535964966
	],
	"2. left_knee": [
		0.44357165694236755,
		0.6936942338943481,
		0.015053901821374893,
		0.9958005547523499
	],
	"3. left_ankle": [
		0.4411786198616028,
		0.8011058568954468,
		0.10668300837278366,
		0.9947149157524109
	],
	"6. right_hip": [
		0.4104630947113037,
		0.5625622868537903,
		-0.0058487472124397755,
		0.9996019601821899
	],
	"7. right_knee": [
		0.3996044099330902,
		0.6934129595756531,
		-0.004326871130615473,
		0.9972445964813232
	],
	"8. right_ankle": [
		0.38881343603134155,
		0.8137223124504089,
		0.07961878180503845,
		0.9967725276947021
	],
	"14. left_shoulder": [
		0.4551704525947571,
		0.379957377910614,
		0.015195708721876144,
		0.9979897737503052
	],
	"15. left_elbow": [
		0.46808066964149475,
		0.441914439201355,
		0.061141494661569595,
		0.8065754771232605
	],
	"16. left_wrist": [
		0.47158294916152954,
		0.48964542150497437,
		0.02729330211877823,
		0.7242527008056641
	],
	"19. right_shoulder": [
		0.396509051322937,
		0.37232470512390137,
		-0.02829889953136444,
		0.9992253184318542
	],
	"20. right_elbow": [
		0.38921183347702026,
		0.42271995544433594,
		-0.0635245218873024,
		0.9487388134002686
	],
	"21. right_wrist": [
		0.4134235978126526,
		0.44759804010391235,
		-0.14778999984264374,
		0.9125139117240906
	],
	"24. nose": [
		0.42856740951538086,
		0.31789377331733704,
		-0.1394304633140564,
		0.9996779561042786
	],
	"25. left_eye": [
		0.4340689182281494,
		0.3058904707431793,
		-0.1266804039478302,
		0.9994020462036133
	],
	"26. right_eye": [
		0.42194902896881104,
		0.30399289727211,
		-0.12970855832099915,
		0.9994540810585022
	],
	"27. left_ear": [
		0.439120352268219,
		0.31264930963516235,
		-0.042846497148275375,
		0.9991901516914368
	],
	"28. right_ear": [
		0.413676381111145,
		0.31008943915367126,
		-0.058527346700429916,
		0.9993240237236023
	],
	"time stamp": 23
}