{
	"1. left_hip": [
		0.4493078589439392,
		0.5617249608039856,
		0.005930743645876646,
		0.9993070363998413
	],
	"2. left_knee": [
		0.4467240869998932,
		0.6932121515274048,
		0.01051634643226862,
		0.9952129125595093
	],
	"3. left_ankle": [
		0.440983384847641,
		0.8003382086753845,
		0.1093277633190155,
		0.994232177734375
	],
	"6. right_hip": [
		0.4135695993900299,
		0.559152364730835,
		-0.005819653160870075,
		0.9995279908180237
	],
	"7. right_knee": [
		0.4016365706920624,
		0.689832866191864,
		-0.009724030271172523,
		0.9970808029174805
	],
	"8. right_ankle": [
		0.3889347016811371,
		0.8074662685394287,
		0.08412045240402222,
		0.9966953992843628
	],
	"14. left_shoulder": [
		0.4565248191356659,
		0.3812088072299957,
		-0.04066615179181099,
		0.9980621337890625
	],
	"15. left_elbow": [
		0.4710915982723236,
		0.4542820453643799,
		0.019866585731506348,
		0.8162362575531006
	],
	"16. left_wrist": [
		0.4789656102657318,
		0.5284493565559387,
		-0.03490479663014412,
		0.7276245951652527
	],
	"19. right_shoulder": [
		0.3983708918094635,
		0.37705203890800476,
		-0.05847412720322609,
		0.9992259740829468
	],
	"20. right_elbow": [
		0.39576640725135803,
		0.4575445353984833,
		-0.07251562923192978,
		0.9372145533561707
	],
	"21. right_wrist": [
		0.4092307388782501,
		0.5018009543418884,
		-0.17132914066314697,
		0.8926270604133606
	],
	"24. nose": [
		0.4301867187023163,
		0.31817421317100525,
		-0.2023976892232895,
		0.9996918439865112
	],
	"25. left_eye": [
		0.4357689321041107,
		0.3066960573196411,
		-0.1912015825510025,
		0.9993945956230164
	],
	"26. right_eye": [
		0.4232897460460663,
		0.3042299151420593,
		-0.19265195727348328,
		0.9994591474533081
	],
	"27. left_ear": [
		0.4413353204727173,
		0.31274598836898804,
		-0.10816088318824768,
		0.9991438984870911
	],
	"28. right_ear": [
		0.41522687673568726,
		0.3103500306606293,
		-0.11643204838037491,
		0.9992969036102295
	],
	"time stamp": 23
}