{
	"1. left_hip": [
		0.4513031244277954,
		0.562751054763794,
		0.007178714498877525,
		0.999315619468689
	],
	"2. left_knee": [
		0.44933584332466125,
		0.693300724029541,
		0.014594468288123608,
		0.9942454695701599
	],
	"3. left_ankle": [
		0.44137775897979736,
		0.8006250858306885,
		0.12386511266231537,
		0.9935311675071716
	],
	"6. right_hip": [
		0.4156782925128937,
		0.5592580437660217,
		-0.007124143652617931,
		0.9995017051696777
	],
	"7. right_knee": [
		0.40646982192993164,
		0.6838285326957703,
		-0.009140502661466599,
		0.996791660785675
	],
	"8. right_ankle": [
		0.3904600441455841,
		0.7877731323242188,
		0.09626408666372299,
		0.9961880445480347
	],
	"14. left_shoulder": [
		0.46102580428123474,
		0.38387244939804077,
		-0.08373062312602997,
		0.998244047164917
	],
	"15. left_elbow": [
		0.47686782479286194,
		0.46791529655456543,
		-0.014806875959038734,
		0.8326223492622375
	],
	"16. left_wrist": [
		0.4871993064880371,
		0.5479294657707214,
		-0.06562981754541397,
		0.7510906457901001
	],
	"19. right_shoulder": [
		0.3984692394733429,
		0.3896688222885132,
		-0.10424026101827621,
		0.9992697238922119
	],
	"20. right_elbow": [
		0.39749273657798767,
		0.4707496166229248,
		-0.07371063530445099,
		0.9377877712249756
	],
	"21. right_wrist": [
		0.40205511450767517,
		0.5266505479812622,
		-0.1353786140680313,
		0.8867397308349609
	],
	"24. nose": [
		0.4316019117832184,
		0.3271651268005371,
		-0.254856675863266,
		0.9997186660766602
	],
	"25. left_eye": [
		0.43731141090393066,
		0.3142731189727783,
		-0.2445753514766693,
		0.9994408488273621
	],
	"26. right_eye": [
		0.42482373118400574,
		0.3154703378677368,
		-0.24654018878936768,
		0.9994968175888062
	],
	"27. left_ear": [
		0.4428199827671051,
		0.31718170642852783,
		-0.1600896269083023,
		0.9991955757141113
	],
	"28. right_ear": [
		0.41686490178108215,
		0.32030820846557617,
		-0.17087872326374054,
		0.9993293881416321
	],
	"time stamp": 23
}