{
	"1. left_hip": [
		0.45317259430885315,
		0.56874018907547,
		0.007497513201087713,
		0.99932861328125
	],
	"2. left_knee": [
		0.4502575099468231,
		0.6866133809089661,
		0.017221704125404358,
		0.9914870262145996
	],
	"3. left_ankle": [
		0.4404790699481964,
		0.79674232006073,
		0.1510576456785202,
		0.9907671213150024
	],
	"6. right_hip": [
		0.4167097508907318,
		0.5635980367660522,
		-0.007451339159160852,
		0.9994776248931885
	],
	"7. right_knee": [
		0.4118460416793823,
		0.6765815019607544,
		-0.010467980988323689,
		0.9959408640861511
	],
	"8. right_ankle": [
		0.3975081145763397,
		0.75895094871521,
		0.1433183252811432,
		0.9939543008804321
	],
	"14. left_shoulder": [
		0.46577176451683044,
		0.394841730594635,
		-0.10744979232549667,
		0.9984086751937866
	],
	"15. left_elbow": [
		0.4814704656600952,
		0.4819357693195343,
		-0.05880098044872284,
		0.8474165201187134
	],
	"16. left_wrist": [
		0.48991093039512634,
		0.5596514344215393,
		-0.11852751672267914,
		0.7724912166595459
	],
	"19. right_shoulder": [
		0.39915233850479126,
		0.40271785855293274,
		-0.1153595969080925,
		0.9993040561676025
	],
	"20. right_elbow": [
		0.3990248441696167,
		0.4808349609375,
		-0.07611119747161865,
		0.9352682828903198
	],
	"21. right_wrist": [
		0.39661064743995667,
		0.5488596558570862,
		-0.13536885380744934,
		0.8796008825302124
	],
	"24. nose": [
		0.4321848154067993,
		0.33562082052230835,
		-0.26771280169487,
		0.9997326731681824
	],
	"25. left_eye": [
		0.43808087706565857,
		0.32366710901260376,
		-0.25773048400878906,
		0.9994485378265381
	],
	"26. right_eye": [
		0.4255748391151428,
		0.3248847723007202,
		-0.258362740278244,
		0.9994851350784302
	],
	"27. left_ear": [
		0.4434892535209656,
		0.32726427912712097,
		-0.17546658217906952,
		0.9991589188575745
	],
	"28. right_ear": [
		0.41775259375572205,
		0.3307320177555084,
		-0.18040327727794647,
		0.9992429614067078
	],
	"time stamp": 23
}