{
	"1. left_hip": [
		0.45770782232284546,
		0.587604284286499,
		0.010142055340111256,
		0.9993700981140137
	],
	"2. left_knee": [
		0.46047210693359375,
		0.6923196315765381,
		0.008780233561992645,
		0.9874334335327148
	],
	"3. left_ankle": [
		0.44113394618034363,
		0.7973970174789429,
		0.16260991990566254,
		0.9857351779937744
	],
	"6. right_hip": [
		0.4209570288658142,
		0.5831080675125122,
		-0.01011775154620409,
		0.999504029750824
	],
	"7. right_knee": [
		0.4218583106994629,
		0.6781353950500488,
		-0.08837414532899857,
		0.9950492978096008
	],
	"8. right_ankle": [
		0.4159221649169922,
		0.7283180952072144,
		0.13152143359184265,
		0.9840608239173889
	],
	"14. left_shoulder": [
		0.4711953401565552,
		0.41427910327911377,
		-0.07599219679832458,
		0.9985545873641968
	],
	"15. left_elbow": [
		0.4828604459762573,
		0.500474214553833,
		-0.038712285459041595,
		0.8578245639801025
	],
	"16. left_wrist": [
		0.4898933172225952,
		0.5721869468688965,
		-0.09799451380968094,
		0.7882305979728699
	],
	"19. right_shoulder": [
		0.4041557013988495,
		0.4192175567150116,
		-0.09219913929700851,
		0.9993570446968079
	],
	"20. right_elbow": [
		0.3988264501094818,
		0.4999096691608429,
		-0.05558938905596733,
		0.936554491519928
	],
	"21. right_wrist": [
		0.38855281472206116,
		0.5745193362236023,
		-0.1107558012008667,
		0.8788937926292419
	],
	"24. nose": [
		0.43601471185684204,
		0.3490477204322815,
		-0.22986316680908203,
		0.9997493028640747
	],
	"25. left_eye": [
		0.44181761145591736,
		0.3375670909881592,
		-0.21834535896778107,
		0.9994646906852722
	],
	"26. right_eye": [
		0.42893102765083313,
		0.33757323026657104,
		-0.2191781848669052,
		0.9995007514953613
	],
	"27. left_ear": [
		0.44788289070129395,
		0.3426873981952667,
		-0.1369403600692749,
		0.9991034269332886
	],
	"28. right_ear": [
		0.42247873544692993,
		0.34439602494239807,
		-0.14256031811237335,
		0.9992467761039734
	],
	"time stamp": 23
}