{
	"1. left_hip": [
		0.4578748941421509,
		0.5968884825706482,
		0.009783832356333733,
		0.9994176030158997
	],
	"2. left_knee": [
		0.45991051197052,
		0.7088543772697449,
		0.00884000863879919,
		0.9848129749298096
	],
	"3. left_ankle": [
		0.44116657972335815,
		0.7997135519981384,
		0.1864629089832306,
		0.9839670062065125
	],
	"6. right_hip": [
		0.4207923412322998,
		0.5881369113922119,
		-0.009752624668180943,
		0.9995504021644592
	],
	"7. right_knee": [
		0.42019355297088623,
		0.6468069553375244,
		-0.244659885764122,
		0.9952641129493713
	],
	"8. right_ankle": [
		0.42161354422569275,
		0.7360281944274902,
		-0.10345675051212311,
		0.9841891527175903
	],
	"14. left_shoulder": [
		0.4736584424972534,
		0.422747939825058,
		-0.068025141954422,
		0.9986917972564697
	],
	"15. left_elbow": [
		0.48271045088768005,
		0.5048037767410278,
		-0.03405345603823662,
		0.8668749928474426
	],
	"16. left_wrist": [
		0.4880293905735016,
		0.5724198818206787,
		-0.09613955765962601,
		0.8032574653625488
	],
	"19. right_shoulder": [
		0.40922680497169495,
		0.4210801422595978,
		-0.07252392172813416,
		0.9994159936904907
	],
	"20. right_elbow": [
		0.39989838004112244,
		0.5089404582977295,
		-0.047663141041994095,
		0.9365026354789734
	],
	"21. right_wrist": [
		0.3869583010673523,
		0.5862203240394592,
		-0.11840083450078964,
		0.8801946043968201
	],
	"24. nose": [
		0.4398462176322937,
		0.3558081388473511,
		-0.20877748727798462,
		0.999771773815155
	],
	"25. left_eye": [
		0.4457230865955353,
		0.3447958827018738,
		-0.1952173411846161,
		0.9995074272155762
	],
	"26. right_eye": [
		0.43332260847091675,
		0.3449994921684265,
		-0.19503965973854065,
		0.9995417594909668
	],
	"27. left_ear": [
		0.4511900246143341,
		0.3499463200569153,
		-0.11604280024766922,
		0.9991453289985657
	],
	"28. right_ear": [
		0.4271932542324066,
		0.35098955035209656,
		-0.11758648604154587,
		0.9993054866790771
	],
	"time stamp": 23
}