{
	"1. left_hip": [
		0.45739156007766724,
		0.5936270952224731,
		0.007565911393612623,
		0.9994253516197205
	],
	"2. left_knee": [
		0.460651695728302,
		0.7137075066566467,
		-0.010748005472123623,
		0.9834173321723938
	],
	"3. left_ankle": [
		0.442172646522522,
		0.8009036779403687,
		0.1596059650182724,
		0.9823978543281555
	],
	"6. right_hip": [
		0.4204648435115814,
		0.5872184634208679,
		-0.007553041446954012,
		0.999583899974823
	],
	"7. right_knee": [
		0.42131364345550537,
		0.6598696112632751,
		-0.19042861461639404,
		0.9953418970108032
	],
	"8. right_ankle": [
		0.42739349603652954,
		0.7481896281242371,
		-0.04796567186713219,
		0.9841851592063904
	],
	"14. left_shoulder": [
		0.4739803075790405,
		0.42450374364852905,
		-0.08632086962461472,
		0.998816192150116
	],
	"15. left_elbow": [
		0.4822707772254944,
		0.5031055212020874,
		-0.062062911689281464,
		0.8773830533027649
	],
	"16. left_wrist": [
		0.4870137572288513,
		0.5678389072418213,
		-0.1278202086687088,
		0.817534863948822
	],
	"19. right_shoulder": [
		0.4115329384803772,
		0.42081689834594727,
		-0.08540094643831253,
		0.9994713068008423
	],
	"20. right_elbow": [
		0.3997071385383606,
		0.5094751119613647,
		-0.060251105576753616,
		0.9403696060180664
	],
	"21. right_wrist": [
		0.38393691182136536,
		0.5890921950340271,
		-0.12789535522460938,
		0.8868368864059448
	],
	"24. nose": [
		0.4417557120323181,
		0.3631848096847534,
		-0.23228022456169128,
		0.9997924566268921
	],
	"25. left_eye": [
		0.44780489802360535,
		0.3521149456501007,
		-0.22175636887550354,
		0.9995468258857727
	],
	"26. right_eye": [
		0.43586093187332153,
		0.35187438130378723,
		-0.22119557857513428,
		0.9995801448822021
	],
	"27. left_ear": [
		0.4534249007701874,
		0.3557836711406708,
		-0.144513338804245,
		0.999200165271759
	],
	"28. right_ear": [
		0.4299543499946594,
		0.35583359003067017,
		-0.1433040052652359,
		0.999366044998169
	],
	"time stamp": 23
}