{
	"1. left_hip": [
		0.45712509751319885,
		0.5967769026756287,
		0.003944125026464462,
		0.9994473457336426
	],
	"2. left_knee": [
		0.46096181869506836,
		0.7136885523796082,
		-0.01398521102964878,
		0.9828886389732361
	],
	"3. left_ankle": [
		0.44351497292518616,
		0.8021344542503357,
		0.14666514098644257,
		0.9820631146430969
	],
	"6. right_hip": [
		0.42022499442100525,
		0.5889753699302673,
		-0.003926553763449192,
		0.9996154308319092
	],
	"7. right_knee": [
		0.4193579852581024,
		0.6618694067001343,
		-0.19714850187301636,
		0.9955341815948486
	],
	"8. right_ankle": [
		0.4278302490711212,
		0.7571776509284973,
		-0.06087986379861832,
		0.9846989512443542
	],
	"14. left_shoulder": [
		0.4759977459907532,
		0.42801183462142944,
		-0.08127691596746445,
		0.998928427696228
	],
	"15. left_elbow": [
		0.4825049340724945,
		0.5014239549636841,
		-0.07557863742113113,
		0.8858152627944946
	],
	"16. left_wrist": [
		0.48647505044937134,
		0.561309278011322,
		-0.15254250168800354,
		0.8287692666053772
	],
	"19. right_shoulder": [
		0.4132940471172333,
		0.42174232006073,
		-0.07297517359256744,
		0.9995177984237671
	],
	"20. right_elbow": [
		0.39947110414505005,
		0.5067837834358215,
		-0.045098934322595596,
		0.9380912184715271
	],
	"21. right_wrist": [
		0.38607075810432434,
		0.5845892429351807,
		-0.11076845973730087,
		0.8828897476196289
	],
	"24. nose": [
		0.4423048496246338,
		0.3662623167037964,
		-0.22177277505397797,
		0.9998081922531128
	],
	"25. left_eye": [
		0.4484028220176697,
		0.3548230826854706,
		-0.2105533927679062,
		0.9995708465576172
	],
	"26. right_eye": [
		0.4366123378276825,
		0.35474181175231934,
		-0.21093188226222992,
		0.9996023178100586
	],
	"27. left_ear": [
		0.45498231053352356,
		0.3595433235168457,
		-0.1337423026561737,
		0.9992157220840454
	],
	"28. right_ear": [
		0.43088623881340027,
		0.35935455560684204,
		-0.13465721905231476,
		0.9994011521339417
	],
	"time stamp": 23
}