{
	"1. left_hip": [
		0.45760461688041687,
		0.598565399646759,
		-0.004383973777294159,
		0.9994370341300964
	],
	"2. left_knee": [
		0.46118587255477905,
		0.7175095677375793,
		-0.016716228798031807,
		0.9825944900512695
	],
	"3. left_ankle": [
		0.4442145526409149,
		0.8074683547019958,
		0.14521096646785736,
		0.9805970788002014
	],
	"6. right_hip": [
		0.4205772876739502,
		0.5926374793052673,
		0.00442156195640564,
		0.9996095299720764
	],
	"7. right_knee": [
		0.4199662208557129,
		0.6918359398841858,
		-0.0932958573102951,
		0.9953883290290833
	],
	"8. right_ankle": [
		0.43069329857826233,
		0.7961255311965942,
		0.06210456043481827,
		0.9844963550567627
	],
	"14. left_shoulder": [
		0.4769195318222046,
		0.431439071893692,
		-0.09429106116294861,
		0.9990315437316895
	],
	"15. left_elbow": [
		0.4835565984249115,
		0.4991683065891266,
		-0.09648330509662628,
		0.8951495289802551
	],
	"16. left_wrist": [
		0.4860416054725647,
		0.5577904582023621,
		-0.1868743598461151,
		0.8416491150856018
	],
	"19. right_shoulder": [
		0.414188951253891,
		0.4254113435745239,
		-0.05777406319975853,
		0.9995446801185608
	],
	"20. right_elbow": [
		0.39940914511680603,
		0.5023569464683533,
		-0.0173872709274292,
		0.9328116178512573
	],
	"21. right_wrist": [
		0.38671019673347473,
		0.5758797526359558,
		-0.08407097309827805,
		0.8738524913787842
	],
	"24. nose": [
		0.4431232810020447,
		0.36847418546676636,
		-0.21814358234405518,
		0.9998180866241455
	],
	"25. left_eye": [
		0.4492523968219757,
		0.3566794991493225,
		-0.20812776684761047,
		0.9995855689048767
	],
	"26. right_eye": [
		0.4370317757129669,
		0.3573375642299652,
		-0.20711147785186768,
		0.9995998740196228
	],
	"27. left_ear": [
		0.45606687664985657,
		0.3625078797340393,
		-0.13630062341690063,
		0.9992510676383972
	],
	"28. right_ear": [
		0.4317852556705475,
		0.36325928568840027,
		-0.130724236369133,
		0.9993814826011658
	],
	"time stamp": 23
}