{
	"1. left_hip": [
		0.45797720551490784,
		0.6011487245559692,
		-0.010031690821051598,
		0.9994082450866699
	],
	"2. left_knee": [
		0.461140900850296,
		0.7211782932281494,
		-0.03919580578804016,
		0.9809122085571289
	],
	"3. left_ankle": [
		0.4430340528488159,
		0.8109702467918396,
		0.12197240442037582,
		0.9762377142906189
	],
	"6. right_hip": [
		0.4207589030265808,
		0.5962060689926147,
		0.010081542655825615,
		0.9995607137680054
	],
	"7. right_knee": [
		0.42194634675979614,
		0.7065970301628113,
		-0.030945148319005966,
		0.9932190775871277
	],
	"8. right_ankle": [
		0.43314307928085327,
		0.8215076923370361,
		0.11944660544395447,
		0.9830502867698669
	],
	"14. left_shoulder": [
		0.4766753017902374,
		0.43340492248535156,
		-0.10377970337867737,
		0.9991229176521301
	],
	"15. left_elbow": [
		0.4834741950035095,
		0.5037086009979248,
		-0.10883724689483643,
		0.903887927532196
	],
	"16. left_wrist": [
		0.484628826379776,
		0.5557546615600586,
		-0.20903165638446808,
		0.8535991311073303
	],
	"19. right_shoulder": [
		0.41412630677223206,
		0.4278670847415924,
		-0.06098240986466408,
		0.9995654821395874
	],
	"20. right_elbow": [
		0.3988785445690155,
		0.5071538686752319,
		-0.022819194942712784,
		0.9303644895553589
	],
	"21. right_wrist": [
		0.38796311616897583,
		0.5774714946746826,
		-0.0915968045592308,
		0.8745260238647461
	],
	"24. nose": [
		0.4434035122394562,
		0.3695463538169861,
		-0.22761821746826172,
		0.9998304843902588
	],
	"25. left_eye": [
		0.449531227350235,
		0.35707905888557434,
		-0.2178947925567627,
		0.9996116161346436
	],
	"26. right_eye": [
		0.43713125586509705,
		0.3576989769935608,
		-0.21571563184261322,
		0.9996163845062256
	],
	"27. left_ear": [
		0.45639193058013916,
		0.3631156086921692,
		-0.14406932890415192,
		0.9993067383766174
	],
	"28. right_ear": [
		0.43158218264579773,
		0.3643602132797241,
		-0.13400256633758545,
		0.9994025826454163
	],
	"time stamp": 23
}