{
	"1. left_hip": [
		0.4585255980491638,
		0.604766309261322,
		-0.009459618479013443,
		0.9993963837623596
	],
	"2. left_knee": [
		0.46103495359420776,
		0.7232648134231567,
		-0.02534494549036026,
		0.9807508587837219
	],
	"3. left_ankle": [
		0.44342049956321716,
		0.8122307062149048,
		0.148459330201149,
		0.9731673002243042
	],
	"6. right_hip": [
		0.42118677496910095,
		0.6007519364356995,
		0.009518208913505077,
		0.9995365738868713
	],
	"7. right_knee": [
		0.423136830329895,
		0.7215670347213745,
		0.008453890681266785,
		0.9917276501655579
	],
	"8. right_ankle": [
		0.4305494427680969,
		0.830502986907959,
		0.16127857565879822,
		0.9821502566337585
	],
	"14. left_shoulder": [
		0.47705379128456116,
		0.4358613193035126,
		-0.09073442965745926,
		0.9992070198059082
	],
	"15. left_elbow": [
		0.4843613803386688,
		0.508813738822937,
		-0.09295520931482315,
		0.9124084711074829
	],
	"16. left_wrist": [
		0.4843918979167938,
		0.5568093061447144,
		-0.2035435140132904,
		0.866377592086792
	],
	"19. right_shoulder": [
		0.4135490357875824,
		0.42924168705940247,
		-0.05290163308382034,
		0.9995936751365662
	],
	"20. right_elbow": [
		0.3966522514820099,
		0.5093231201171875,
		-0.019370470196008682,
		0.932111382484436
	],
	"21. right_wrist": [
		0.38807326555252075,
		0.5732911229133606,
		-0.10115984827280045,
		0.8806803226470947
	],
	"24. nose": [
		0.44349825382232666,
		0.37018847465515137,
		-0.22404928505420685,
		0.9998449087142944
	],
	"25. left_eye": [
		0.44969192147254944,
		0.35802024602890015,
		-0.21360941231250763,
		0.999643862247467
	],
	"26. right_eye": [
		0.4372764527797699,
		0.3579593598842621,
		-0.21418710052967072,
		0.9996448755264282
	],
	"27. left_ear": [
		0.45632582902908325,
		0.36409440636634827,
		-0.13654720783233643,
		0.99936842918396
	],
	"28. right_ear": [
		0.43148621916770935,
		0.3639284372329712,
		-0.12770569324493408,
		0.999446451663971
	],
	"time stamp": 23
}