{
	"1. left_hip": [
		0.4588003158569336,
		0.6066155433654785,
		-0.006915672216564417,
		0.9993337988853455
	],
	"2. left_knee": [
		0.46101829409599304,
		0.7262669801712036,
		-0.007455433718860149,
		0.9776293039321899
	],
	"3. left_ankle": [
		0.4440305233001709,
		0.811620831489563,
		0.1780148595571518,
		0.9622057676315308
	],
	"6. right_hip": [
		0.42176708579063416,
		0.601959228515625,
		0.006973415147513151,
		0.9995189309120178
	],
	"7. right_knee": [
		0.4246109426021576,
		0.7257151007652283,
		-0.028894886374473572,
		0.990218997001648
	],
	"8. right_ankle": [
		0.43103256821632385,
		0.8348293900489807,
		0.10670506209135056,
		0.9804468154907227
	],
	"14. left_shoulder": [
		0.4771561026573181,
		0.4347824454307556,
		-0.09170176833868027,
		0.9992807507514954
	],
	"15. left_elbow": [
		0.48594436049461365,
		0.5077964663505554,
		-0.09348666667938232,
		0.9200290441513062
	],
	"16. left_wrist": [
		0.48427119851112366,
		0.5577970147132874,
		-0.19813132286071777,
		0.8777025938034058
	],
	"19. right_shoulder": [
		0.4133490324020386,
		0.42842715978622437,
		-0.056686971336603165,
		0.9996110200881958
	],
	"20. right_elbow": [
		0.396568238735199,
		0.5091757774353027,
		-0.02103632315993309,
		0.9305213093757629
	],
	"21. right_wrist": [
		0.388187050819397,
		0.5724143385887146,
		-0.095428965985775,
		0.8766563534736633
	],
	"24. nose": [
		0.44324955344200134,
		0.3701070547103882,
		-0.22707508504390717,
		0.9998549818992615
	],
	"25. left_eye": [
		0.4496751129627228,
		0.3579120337963104,
		-0.21668578684329987,
		0.999665379524231
	],
	"26. right_eye": [
		0.4369722306728363,
		0.35769781470298767,
		-0.21535488963127136,
		0.999659538269043
	],
	"27. left_ear": [
		0.4562091827392578,
		0.3634321093559265,
		-0.1383129358291626,
		0.9994134902954102
	],
	"28. right_ear": [
		0.431285560131073,
		0.363430917263031,
		-0.12988218665122986,
		0.9994628429412842
	],
	"time stamp": 23
}