{
	"1. left_hip": [
		0.45861974358558655,
		0.6123515963554382,
		0.010624106973409653,
		0.9993124008178711
	],
	"2. left_knee": [
		0.4591147005558014,
		0.7370443344116211,
		0.07408105581998825,
		0.9766128659248352
	],
	"3. left_ankle": [
		0.4441840350627899,
		0.8134482502937317,
		0.276078462600708,
		0.9596076607704163
	],
	"6. right_hip": [
		0.42192786931991577,
		0.6059466600418091,
		-0.010580649599432945,
		0.999550998210907
	],
	"7. right_knee": [
		0.42396578192710876,
		0.7408707737922668,
		-0.08188924193382263,
		0.9907310605049133
	],
	"8. right_ankle": [
		0.42840346693992615,
		0.8577457666397095,
		-0.02587016671895981,
		0.9814498424530029
	],
	"14. left_shoulder": [
		0.47665899991989136,
		0.4320453703403473,
		-0.06344562768936157,
		0.9993475675582886
	],
	"15. left_elbow": [
		0.48830926418304443,
		0.5058740973472595,
		-0.053773388266563416,
		0.9266118407249451
	],
	"16. left_wrist": [
		0.48600462079048157,
		0.5652392506599426,
		-0.15726539492607117,
		0.8874807357788086
	],
	"19. right_shoulder": [
		0.41368386149406433,
		0.4290788769721985,
		-0.056975215673446655,
		0.9996318817138672
	],
	"20. right_elbow": [
		0.4005603492259979,
		0.5150550007820129,
		-0.03190264478325844,
		0.9195989370346069
	],
	"21. right_wrist": [
		0.39349740743637085,
		0.5730688571929932,
		-0.10713665187358856,
		0.8546695113182068
	],
	"24. nose": [
		0.44207072257995605,
		0.36756131052970886,
		-0.22683626413345337,
		0.9998624920845032
	],
	"25. left_eye": [
		0.44902360439300537,
		0.3554430305957794,
		-0.21406570076942444,
		0.9996821284294128
	],
	"26. right_eye": [
		0.43567556142807007,
		0.35541534423828125,
		-0.21309402585029602,
		0.9996697306632996
	],
	"27. left_ear": [
		0.45563805103302,
		0.36117273569107056,
		-0.12639589607715607,
		0.9994440078735352
	],
	"28. right_ear": [
		0.43117135763168335,
		0.3614879250526428,
		-0.1229681596159935,
		0.999457597732544
	],
	"time stamp": 23
}