{
	"1. left_hip": [
		0.4585903286933899,
		0.6087578535079956,
		0.010982939973473549,
		0.999174177646637
	],
	"2. left_knee": [
		0.45685508847236633,
		0.7318167090415955,
		0.08123745024204254,
		0.9741798639297485
	],
	"3. left_ankle": [
		0.4443504214286804,
		0.8143402338027954,
		0.2595096230506897,
		0.9550433158874512
	],
	"6. right_hip": [
		0.4222058355808258,
		0.6036974787712097,
		-0.010908732190728188,
		0.9995620250701904
	],
	"7. right_knee": [
		0.4237932860851288,
		0.7386108636856079,
		-0.08519928902387619,
		0.9909538626670837
	],
	"8. right_ankle": [
		0.4265765845775604,
		0.860628604888916,
		-0.041629109531641006,
		0.9822558760643005
	],
	"14. left_shoulder": [
		0.4761543571949005,
		0.43194499611854553,
		-0.06422731280326843,
		0.9994010925292969
	],
	"15. left_elbow": [
		0.48843708634376526,
		0.5046256184577942,
		-0.04117099195718765,
		0.9324803352355957
	],
	"16. left_wrist": [
		0.48811283707618713,
		0.5729262232780457,
		-0.10865993797779083,
		0.8957558870315552
	],
	"19. right_shoulder": [
		0.41380083560943604,
		0.4288855195045471,
		-0.056115809828042984,
		0.9996098875999451
	],
	"20. right_elbow": [
		0.40231558680534363,
		0.5169496536254883,
		-0.026429127901792526,
		0.8885051608085632
	],
	"21. right_wrist": [
		0.3959594964981079,
		0.5752995014190674,
		-0.09435935318470001,
		0.8105122447013855
	],
	"24. nose": [
		0.43946635723114014,
		0.36597099900245667,
		-0.2251475304365158,
		0.9998470544815063
	],
	"25. left_eye": [
		0.4467248022556305,
		0.35391727089881897,
		-0.21229325234889984,
		0.9996384382247925
	],
	"26. right_eye": [
		0.43318986892700195,
		0.35391080379486084,
		-0.2103593647480011,
		0.9995846152305603
	],
	"27. left_ear": [
		0.45393118262290955,
		0.3597729504108429,
		-0.1255994588136673,
		0.9993763566017151
	],
	"28. right_ear": [
		0.42917272448539734,
		0.35997915267944336,
		-0.12079376727342606,
		0.9991041421890259
	],
	"time stamp": 23
}