{
	"1. left_hip": [
		0.458004891872406,
		0.6071503758430481,
		0.006560592446476221,
		0.9989656209945679
	],
	"2. left_knee": [
		0.4526832699775696,
		0.7367003560066223,
		0.05134643614292145,
		0.9713197946548462
	],
	"3. left_ankle": [
		0.444392591714859,
		0.8156222701072693,
		0.23138073086738586,
		0.9432929754257202
	],
	"6. right_hip": [
		0.4219963550567627,
		0.6029555201530457,
		-0.0063943383283913136,
		0.9995425939559937
	],
	"7. right_knee": [
		0.4236973822116852,
		0.7419025897979736,
		-0.06605792790651321,
		0.9907551407814026
	],
	"8. right_ankle": [
		0.42559391260147095,
		0.8696340918540955,
		-0.01663416065275669,
		0.982460618019104
	],
	"14. left_shoulder": [
		0.4743967056274414,
		0.42791950702667236,
		-0.06646823137998581,
		0.9994383454322815
	],
	"15. left_elbow": [
		0.48810458183288574,
		0.5043663382530212,
		-0.03977561742067337,
		0.9377216696739197
	],
	"16. left_wrist": [
		0.4904302954673767,
		0.5804756879806519,
		-0.09501710534095764,
		0.9017524123191833
	],
	"19. right_shoulder": [
		0.4136185646057129,
		0.4288468360900879,
		-0.04333190247416496,
		0.9995033740997314
	],
	"20. right_elbow": [
		0.40463986992836,
		0.5177456140518188,
		-0.00020367931574583054,
		0.8442407846450806
	],
	"21. right_wrist": [
		0.4006904363632202,
		0.5804667472839355,
		-0.059511635452508926,
		0.7576934695243835
	],
	"24. nose": [
		0.43548592925071716,
		0.3650188148021698,
		-0.21238099038600922,
		0.9997944235801697
	],
	"25. left_eye": [
		0.4424959123134613,
		0.3533015251159668,
		-0.20187188684940338,
		0.9994906187057495
	],
	"26. right_eye": [
		0.42958059906959534,
		0.3535342514514923,
		-0.19875529408454895,
		0.9993137717247009
	],
	"27. left_ear": [
		0.4509165585041046,
		0.35851696133613586,
		-0.12362901121377945,
		0.9992287158966064
	],
	"28. right_ear": [
		0.42610734701156616,
		0.35886651277542114,
		-0.1126045510172844,
		0.9980034232139587
	],
	"time stamp": 23
}