{
	"1. left_hip": [
		0.45692482590675354,
		0.6069256067276001,
		-0.009130035527050495,
		0.9986231923103333
	],
	"2. left_knee": [
		0.4484923779964447,
		0.744982898235321,
		0.0022580947261303663,
		0.9667922854423523
	],
	"3. left_ankle": [
		0.4415122866630554,
		0.8323196172714233,
		0.1646466702222824,
		0.9277163147926331
	],
	"6. right_hip": [
		0.42089128494262695,
		0.6021420955657959,
		0.009275293909013271,
		0.9993722438812256
	],
	"7. right_knee": [
		0.4207991659641266,
		0.7429165244102478,
		-0.028039386495947838,
		0.9879559874534607
	],
	"8. right_ankle": [
		0.42531973123550415,
		0.8739842176437378,
		0.027844414114952087,
		0.9802793264389038
	],
	"14. left_shoulder": [
		0.4741729199886322,
		0.42309650778770447,
		-0.07970964908599854,
		0.999472439289093
	],
	"15. left_elbow": [
		0.4885455369949341,
		0.5059077143669128,
		-0.044222746044397354,
		0.9430551528930664
	],
	"16. left_wrist": [
		0.49349793791770935,
		0.5905742049217224,
		-0.0984383374452591,
		0.9085702300071716
	],
	"19. right_shoulder": [
		0.41282474994659424,
		0.42772018909454346,
		-0.02737009897828102,
		0.9993070363998413
	],
	"20. right_elbow": [
		0.40619948506355286,
		0.5161565542221069,
		0.014325535856187344,
		0.795657217502594
	],
	"21. right_wrist": [
		0.400348424911499,
		0.5759919881820679,
		-0.057581182569265366,
		0.71562659740448
	],
	"24. nose": [
		0.43153756856918335,
		0.3564293384552002,
		-0.2016018033027649,
		0.9997711777687073
	],
	"25. left_eye": [
		0.43865111470222473,
		0.3440712094306946,
		-0.19350193440914154,
		0.9994334578514099
	],
	"26. right_eye": [
		0.4260496199131012,
		0.3441808819770813,
		-0.18814204633235931,
		0.999171257019043
	],
	"27. left_ear": [
		0.44809871912002563,
		0.3494527041912079,
		-0.12376952916383743,
		0.9992299675941467
	],
	"28. right_ear": [
		0.42308223247528076,
		0.3501395881175995,
		-0.10305049270391464,
		0.997475266456604
	],
	"time stamp": 23
}