{
	"1. left_hip": [
		0.4549507200717926,
		0.6014721393585205,
		-0.009238995611667633,
		0.9986029863357544
	],
	"2. left_knee": [
		0.44578418135643005,
		0.7442564964294434,
		-0.0013429367681965232,
		0.9632419347763062
	],
	"3. left_ankle": [
		0.44207730889320374,
		0.8284181356430054,
		0.19160670042037964,
		0.9109911918640137
	],
	"6. right_hip": [
		0.4186277985572815,
		0.5983301997184753,
		0.009322911500930786,
		0.9993592500686646
	],
	"7. right_knee": [
		0.41825664043426514,
		0.7444243431091309,
		-0.0351511687040329,
		0.9861831665039062
	],
	"8. right_ankle": [
		0.4245912432670593,
		0.8799886703491211,
		0.031414855271577835,
		0.9790332317352295
	],
	"14. left_shoulder": [
		0.4712772071361542,
		0.40513989329338074,
		-0.0785103291273117,
		0.9995185136795044
	],
	"15. left_elbow": [
		0.4886634349822998,
		0.5033155083656311,
		-0.044096995145082474,
		0.9478527903556824
	],
	"16. left_wrist": [
		0.4957979917526245,
		0.5832982063293457,
		-0.10041699558496475,
		0.9151676297187805
	],
	"19. right_shoulder": [
		0.4111451506614685,
		0.41730833053588867,
		-0.031117213889956474,
		0.9992740750312805
	],
	"20. right_elbow": [
		0.40709593892097473,
		0.512965977191925,
		0.01431034505367279,
		0.7566471099853516
	],
	"21. right_wrist": [
		0.3962748944759369,
		0.5746372938156128,
		-0.05657249316573143,
		0.6832418441772461
	],
	"24. nose": [
		0.42774152755737305,
		0.3392850160598755,
		-0.20267195999622345,
		0.9997782111167908
	],
	"25. left_eye": [
		0.4353172779083252,
		0.3275221586227417,
		-0.19631698727607727,
		0.9994472861289978
	],
	"26. right_eye": [
		0.4223693311214447,
		0.32742780447006226,
		-0.1901426911354065,
		0.9991539716720581
	],
	"27. left_ear": [
		0.44465237855911255,
		0.33169376850128174,
		-0.12674829363822937,
		0.9992731809616089
	],
	"28. right_ear": [
		0.41906437277793884,
		0.33286142349243164,
		-0.1074419766664505,
		0.9973417520523071
	],
	"time stamp": 23
}