{
	"1. left_hip": [
		0.4532325863838196,
		0.5972676873207092,
		-0.012344039045274258,
		0.998627245426178
	],
	"2. left_knee": [
		0.4455493986606598,
		0.7477878928184509,
		-0.03448934853076935,
		0.9636530876159668
	],
	"3. left_ankle": [
		0.4423379600048065,
		0.8275191187858582,
		0.1902904212474823,
		0.9037721753120422
	],
	"6. right_hip": [
		0.4164430499076843,
		0.5955588221549988,
		0.01240334939211607,
		0.9993470311164856
	],
	"7. right_knee": [
		0.41619187593460083,
		0.7462477684020996,
		-0.02006678283214569,
		0.9848482012748718
	],
	"8. right_ankle": [
		0.42390939593315125,
		0.8800512552261353,
		0.07277548313140869,
		0.9789739847183228
	],
	"14. left_shoulder": [
		0.46758097410202026,
		0.392846941947937,
		-0.06788887828588486,
		0.9995611906051636
	],
	"15. left_elbow": [
		0.4884258210659027,
		0.4903137683868408,
		-0.030445002019405365,
		0.9519559144973755
	],
	"16. left_wrist": [
		0.49676790833473206,
		0.5791040062904358,
		-0.09024164080619812,
		0.9206379055976868
	],
	"19. right_shoulder": [
		0.4082549810409546,
		0.40957120060920715,
		-0.014683714136481285,
		0.9992582201957703
	],
	"20. right_elbow": [
		0.4063977897167206,
		0.507151186466217,
		0.015904072672128677,
		0.7268704175949097
	],
	"21. right_wrist": [
		0.38988301157951355,
		0.563480019569397,
		-0.07297644019126892,
		0.6682645678520203
	],
	"24. nose": [
		0.42597904801368713,
		0.3291439116001129,
		-0.20286442339420319,
		0.9997895956039429
	],
	"25. left_eye": [
		0.43364351987838745,
		0.3171865940093994,
		-0.19471122324466705,
		0.9994713664054871
	],
	"26. right_eye": [
		0.42025503516197205,
		0.31714552640914917,
		-0.18952612578868866,
		0.9991729855537415
	],
	"27. left_ear": [
		0.44215312600135803,
		0.3220016360282898,
		-0.11878614872694016,
		0.9993236660957336
	],
	"28. right_ear": [
		0.41603994369506836,
		0.32336148619651794,
		-0.09636455029249191,
		0.9973506331443787
	],
	"time stamp": 23
}