{
	"1. left_hip": [
		0.4514514207839966,
		0.5938332080841064,
		-0.02100011333823204,
		0.9985959529876709
	],
	"2. left_knee": [
		0.4456127882003784,
		0.7441631555557251,
		-0.04154596105217934,
		0.964802622795105
	],
	"3. left_ankle": [
		0.44184789061546326,
		0.8263087868690491,
		0.16346700489521027,
		0.9042133688926697
	],
	"6. right_hip": [
		0.4152390956878662,
		0.5929437875747681,
		0.021069936454296112,
		0.9993129372596741
	],
	"7. right_knee": [
		0.4153055250644684,
		0.7458010911941528,
		-0.014750665053725243,
		0.9833739399909973
	],
	"8. right_ankle": [
		0.42366957664489746,
		0.881276547908783,
		0.08182946592569351,
		0.9790809154510498
	],
	"14. left_shoulder": [
		0.46516457200050354,
		0.38795891404151917,
		-0.05936754494905472,
		0.9995965957641602
	],
	"15. left_elbow": [
		0.48781850934028625,
		0.47676441073417664,
		-0.02446933463215828,
		0.9555858373641968
	],
	"16. left_wrist": [
		0.49538636207580566,
		0.562404215335846,
		-0.08007588982582092,
		0.9255841970443726
	],
	"19. right_shoulder": [
		0.4056747853755951,
		0.4018598794937134,
		0.011768962256610394,
		0.999250590801239
	],
	"20. right_elbow": [
		0.4049736261367798,
		0.4957108795642853,
		0.031068742275238037,
		0.7055560946464539
	],
	"21. right_wrist": [
		0.3847191333770752,
		0.5448983907699585,
		-0.08660554140806198,
		0.6773737072944641
	],
	"24. nose": [
		0.42464110255241394,
		0.32138314843177795,
		-0.18959195911884308,
		0.9998015761375427
	],
	"25. left_eye": [
		0.43210798501968384,
		0.3087468147277832,
		-0.18050971627235413,
		0.9994953870773315
	],
	"26. right_eye": [
		0.4187694489955902,
		0.30940279364585876,
		-0.17470625042915344,
		0.9992072582244873
	],
	"27. left_ear": [
		0.44037187099456787,
		0.31436455249786377,
		-0.10308094322681427,
		0.9993714094161987
	],
	"28. right_ear": [
		0.41446930170059204,
		0.3159164488315582,
		-0.07682438939809799,
		0.9974492192268372
	],
	"time stamp": 23
}