{
	"1. left_hip": [
		0.4509354531764984,
		0.5907275080680847,
		-0.016077933833003044,
		0.9985012412071228
	],
	"2. left_knee": [
		0.4465384781360626,
		0.7351669073104858,
		-0.03478989377617836,
		0.9654359817504883
	],
	"3. left_ankle": [
		0.44154199957847595,
		0.8185696005821228,
		0.20362266898155212,
		0.9039702415466309
	],
	"6. right_hip": [
		0.41408249735832214,
		0.590577244758606,
		0.01615186221897602,
		0.9992944598197937
	],
	"7. right_knee": [
		0.4153485596179962,
		0.7448282837867737,
		-0.029390940442681313,
		0.9835018515586853
	],
	"8. right_ankle": [
		0.42350438237190247,
		0.8810659646987915,
		0.0664352998137474,
		0.9798229932785034
	],
	"14. left_shoulder": [
		0.4645586311817169,
		0.3867618143558502,
		-0.06006953865289688,
		0.9996179938316345
	],
	"15. left_elbow": [
		0.4876384139060974,
		0.4739345908164978,
		-0.029487334191799164,
		0.9581429362297058
	],
	"16. left_wrist": [
		0.49510517716407776,
		0.5518250465393066,
		-0.0904642641544342,
		0.9277888536453247
	],
	"19. right_shoulder": [
		0.4040986895561218,
		0.3967038094997406,
		-0.0008131952490657568,
		0.9991934299468994
	],
	"20. right_elbow": [
		0.4039120078086853,
		0.4879646301269531,
		0.014132553711533546,
		0.6709309220314026
	],
	"21. right_wrist": [
		0.3835359513759613,
		0.5290439128875732,
		-0.1249546930193901,
		0.6640874743461609
	],
	"24. nose": [
		0.4238984286785126,
		0.31473299860954285,
		-0.1955110728740692,
		0.9998049736022949
	],
	"25. left_eye": [
		0.43101611733436584,
		0.3029915392398834,
		-0.18586242198944092,
		0.9995006918907166
	],
	"26. right_eye": [
		0.41747206449508667,
		0.3038853704929352,
		-0.18073710799217224,
		0.9992092251777649
	],
	"27. left_ear": [
		0.4391266107559204,
		0.3099832832813263,
		-0.10745939612388611,
		0.9994000792503357
	],
	"28. right_ear": [
		0.4127051532268524,
		0.3122842013835907,
		-0.08346328884363174,
		0.9973989129066467
	],
	"time stamp": 23
}