{
	"1. left_hip": [
		0.4511251747608185,
		0.5865182876586914,
		-0.016481734812259674,
		0.9983087778091431
	],
	"2. left_knee": [
		0.447098970413208,
		0.7411559820175171,
		-0.03577885031700134,
		0.9671733379364014
	],
	"3. left_ankle": [
		0.44153785705566406,
		0.8187147974967957,
		0.20292402803897858,
		0.906983494758606
	],
	"6. right_hip": [
		0.41285404562950134,
		0.5874627232551575,
		0.01651623472571373,
		0.9992954730987549
	],
	"7. right_knee": [
		0.4154587686061859,
		0.7442000508308411,
		-0.032231658697128296,
		0.9840049743652344
	],
	"8. right_ankle": [
		0.4238249659538269,
		0.8806297183036804,
		0.08142727613449097,
		0.9808921813964844
	],
	"14. left_shoulder": [
		0.46436452865600586,
		0.3862515389919281,
		-0.07061123102903366,
		0.9995667338371277
	],
	"15. left_elbow": [
		0.4859422445297241,
		0.4695758819580078,
		-0.03798580542206764,
		0.9564414024353027
	],
	"16. left_wrist": [
		0.49308672547340393,
		0.5317506790161133,
		-0.12242309749126434,
		0.9103871583938599
	],
	"19. right_shoulder": [
		0.39834120869636536,
		0.39348113536834717,
		-0.013886026106774807,
		0.9992080926895142
	],
	"20. right_elbow": [
		0.3902525305747986,
		0.48291417956352234,
		0.010981830768287182,
		0.67576003074646
	],
	"21. right_wrist": [
		0.3773447871208191,
		0.4884836971759796,
		-0.14361169934272766,
		0.6816651225090027
	],
	"24. nose": [
		0.4223574697971344,
		0.30681827664375305,
		-0.22752152383327484,
		0.9998154044151306
	],
	"25. left_eye": [
		0.42980101704597473,
		0.29529261589050293,
		-0.21577158570289612,
		0.9995251297950745
	],
	"26. right_eye": [
		0.4156045913696289,
		0.295050710439682,
		-0.21047741174697876,
		0.9992623329162598
	],
	"27. left_ear": [
		0.43843919038772583,
		0.3043457865715027,
		-0.12910941243171692,
		0.9994379281997681
	],
	"28. right_ear": [
		0.41057321429252625,
		0.3047485053539276,
		-0.10311829298734665,
		0.9976032376289368
	],
	"time stamp": 23
}