{
	"1. left_hip": [
		0.4513603150844574,
		0.582998514175415,
		-0.006283274386078119,
		0.9982120990753174
	],
	"2. left_knee": [
		0.4544201195240021,
		0.7393661737442017,
		-0.022678248584270477,
		0.9688845872879028
	],
	"3. left_ankle": [
		0.4424566924571991,
		0.8022465109825134,
		0.22979775071144104,
		0.9089235067367554
	],
	"6. right_hip": [
		0.41265740990638733,
		0.5856825709342957,
		0.006286878604441881,
		0.9993231892585754
	],
	"7. right_knee": [
		0.4153214395046234,
		0.7438707947731018,
		-0.047125231474637985,
		0.9846689701080322
	],
	"8. right_ankle": [
		0.42408549785614014,
		0.88001549243927,
		0.07014863938093185,
		0.9820774793624878
	],
	"14. left_shoulder": [
		0.4637131989002228,
		0.38344064354896545,
		-0.04557414725422859,
		0.9995244741439819
	],
	"15. left_elbow": [
		0.48597946763038635,
		0.456584632396698,
		-0.0021991715766489506,
		0.955105721950531
	],
	"16. left_wrist": [
		0.49023911356925964,
		0.5078811049461365,
		-0.07873738557100296,
		0.901452362537384
	],
	"19. right_shoulder": [
		0.39377734065055847,
		0.3862447440624237,
		-0.035027824342250824,
		0.9992626905441284
	],
	"20. right_elbow": [
		0.37787291407585144,
		0.4729071259498596,
		-0.0926603302359581,
		0.7020964622497559
	],
	"21. right_wrist": [
		0.377962589263916,
		0.45359349250793457,
		-0.28957319259643555,
		0.708583414554596
	],
	"24. nose": [
		0.4217623770236969,
		0.3020777106285095,
		-0.22802627086639404,
		0.9998293519020081
	],
	"25. left_eye": [
		0.42911192774772644,
		0.29140645265579224,
		-0.213829904794693,
		0.9995553493499756
	],
	"26. right_eye": [
		0.4151579737663269,
		0.2900817096233368,
		-0.21155816316604614,
		0.999326765537262
	],
	"27. left_ear": [
		0.43730753660202026,
		0.3009507358074188,
		-0.12076474726200104,
		0.999476969242096
	],
	"28. right_ear": [
		0.40939000248908997,
		0.3003454804420471,
		-0.1064067929983139,
		0.9978238344192505
	],
	"time stamp": 23
}