{
	"1. left_hip": [
		0.4524090886116028,
		0.5783190727233887,
		0.0023209501523524523,
		0.9980754256248474
	],
	"2. left_knee": [
		0.45802903175354004,
		0.7338014245033264,
		0.00011852846364490688,
		0.9703193306922913
	],
	"3. left_ankle": [
		0.4428938329219818,
		0.8034622073173523,
		0.22452273964881897,
		0.9111104607582092
	],
	"6. right_hip": [
		0.41297489404678345,
		0.583125114440918,
		-0.002318824175745249,
		0.9993348717689514
	],
	"7. right_knee": [
		0.41527611017227173,
		0.7425819635391235,
		-0.0481887087225914,
		0.9852403998374939
	],
	"8. right_ankle": [
		0.4247252643108368,
		0.8807435631752014,
		0.06008857861161232,
		0.9830530881881714
	],
	"14. left_shoulder": [
		0.46347761154174805,
		0.3781954348087311,
		-0.024547912180423737,
		0.9994660019874573
	],
	"15. left_elbow": [
		0.4883330762386322,
		0.4499439299106598,
		0.024387722834944725,
		0.9551477432250977
	],
	"16. left_wrist": [
		0.48754897713661194,
		0.5098877549171448,
		-0.026585860177874565,
		0.898421049118042
	],
	"19. right_shoulder": [
		0.39277178049087524,
		0.38038626313209534,
		-0.03750735521316528,
		0.9993140697479248
	],
	"20. right_elbow": [
		0.37373992800712585,
		0.46370014548301697,
		-0.11814839392900467,
		0.7281387448310852
	],
	"21. right_wrist": [
		0.37967297434806824,
		0.4382926821708679,
		-0.3152451515197754,
		0.7346168160438538
	],
	"24. nose": [
		0.4211500287055969,
		0.2976333498954773,
		-0.2109387218952179,
		0.9998371601104736
	],
	"25. left_eye": [
		0.4289000928401947,
		0.2874070405960083,
		-0.19514338672161102,
		0.9995575547218323
	],
	"26. right_eye": [
		0.4147024154663086,
		0.28506559133529663,
		-0.19480721652507782,
		0.999376118183136
	],
	"27. left_ear": [
		0.43707048892974854,
		0.2980945110321045,
		-0.09830395132303238,
		0.999476432800293
	],
	"28. right_ear": [
		0.40897613763809204,
		0.2955646812915802,
		-0.09508679062128067,
		0.9980003237724304
	],
	"time stamp": 23
}