{
	"1. left_hip": [
		0.4534802734851837,
		0.5720137357711792,
		0.003141928929835558,
		0.997817873954773
	],
	"2. left_knee": [
		0.45912453532218933,
		0.7290456891059875,
		-0.006839065346866846,
		0.9712669849395752
	],
	"3. left_ankle": [
		0.4428856670856476,
		0.8104225397109985,
		0.19101189076900482,
		0.9141145348548889
	],
	"6. right_hip": [
		0.4130907356739044,
		0.5776547789573669,
		-0.0030982799362391233,
		0.999260425567627
	],
	"7. right_knee": [
		0.41528934240341187,
		0.74071204662323,
		-0.04247402772307396,
		0.9849713444709778
	],
	"8. right_ankle": [
		0.424936443567276,
		0.8804115056991577,
		0.06949616223573685,
		0.9836180210113525
	],
	"14. left_shoulder": [
		0.4630429148674011,
		0.36972346901893616,
		-0.01737448200583458,
		0.9993111491203308
	],
	"15. left_elbow": [
		0.48817178606987,
		0.4374082684516907,
		0.03369654342532158,
		0.9506438374519348
	],
	"16. left_wrist": [
		0.48503050208091736,
		0.49839478731155396,
		0.002643659245222807,
		0.8846778869628906
	],
	"19. right_shoulder": [
		0.39325037598609924,
		0.369926780462265,
		-0.036721184849739075,
		0.9992627501487732
	],
	"20. right_elbow": [
		0.3725592792034149,
		0.45045578479766846,
		-0.12849797308444977,
		0.7459596395492554
	],
	"21. right_wrist": [
		0.3896743357181549,
		0.419788658618927,
		-0.3195859491825104,
		0.7504481077194214
	],
	"24. nose": [
		0.4219241738319397,
		0.28964030742645264,
		-0.20033980906009674,
		0.9998307228088379
	],
	"25. left_eye": [
		0.4295917749404907,
		0.280382364988327,
		-0.18434782326221466,
		0.9995290040969849
	],
	"26. right_eye": [
		0.41495102643966675,
		0.2778518795967102,
		-0.18461322784423828,
		0.9993956089019775
	],
	"27. left_ear": [
		0.43745267391204834,
		0.29088184237480164,
		-0.08621159195899963,
		0.9994567632675171
	],
	"28. right_ear": [
		0.40902426838874817,
		0.2885034680366516,
		-0.0871310755610466,
		0.9980977177619934
	],
	"time stamp": 23
}