{
	"1. left_hip": [
		0.45574527978897095,
		0.5671965479850769,
		0.013433459214866161,
		0.9978860020637512
	],
	"2. left_knee": [
		0.4601301848888397,
		0.7273982763290405,
		-0.01001075841486454,
		0.973178505897522
	],
	"3. left_ankle": [
		0.44658902287483215,
		0.81690913438797,
		0.2330806702375412,
		0.9198660850524902
	],
	"6. right_hip": [
		0.4143960773944855,
		0.5761594176292419,
		-0.013380439020693302,
		0.9992876648902893
	],
	"7. right_knee": [
		0.41583290696144104,
		0.7412906289100647,
		-0.04204411059617996,
		0.9859129190444946
	],
	"8. right_ankle": [
		0.4237155020236969,
		0.8786812424659729,
		0.11452735215425491,
		0.984832227230072
	],
	"14. left_shoulder": [
		0.4633432924747467,
		0.3630760610103607,
		-0.015090713277459145,
		0.9991818070411682
	],
	"15. left_elbow": [
		0.4879915714263916,
		0.44229987263679504,
		0.03141450509428978,
		0.9409043788909912
	],
	"16. left_wrist": [
		0.4805787205696106,
		0.49837595224380493,
		-0.0981912910938263,
		0.8673611283302307
	],
	"19. right_shoulder": [
		0.3924073576927185,
		0.36933624744415283,
		-0.042526327073574066,
		0.9992514848709106
	],
	"20. right_elbow": [
		0.36805346608161926,
		0.4279860556125641,
		-0.16336745023727417,
		0.7662954926490784
	],
	"21. right_wrist": [
		0.40239858627319336,
		0.39157846570014954,
		-0.35810476541519165,
		0.7668043971061707
	],
	"24. nose": [
		0.4225594401359558,
		0.2808593213558197,
		-0.2047630101442337,
		0.9998090863227844
	],
	"25. left_eye": [
		0.4300970435142517,
		0.27151137590408325,
		-0.18796025216579437,
		0.9994844794273376
	],
	"26. right_eye": [
		0.41511866450309753,
		0.2686921954154968,
		-0.1862136572599411,
		0.9993885159492493
	],
	"27. left_ear": [
		0.4376797378063202,
		0.282412052154541,
		-0.08535166084766388,
		0.9993996024131775
	],
	"28. right_ear": [
		0.4088060259819031,
		0.28014281392097473,
		-0.08391302078962326,
		0.998154878616333
	],
	"time stamp": 23
}