{
	"1. left_hip": [
		0.4572259783744812,
		0.561430037021637,
		0.012581231072545052,
		0.9978097677230835
	],
	"2. left_knee": [
		0.4626438319683075,
		0.7220607399940491,
		-0.019607817754149437,
		0.9746962785720825
	],
	"3. left_ankle": [
		0.44869908690452576,
		0.8289337754249573,
		0.1846548318862915,
		0.9251147508621216
	],
	"6. right_hip": [
		0.41582560539245605,
		0.5717315077781677,
		-0.012452144175767899,
		0.9992582201957703
	],
	"7. right_knee": [
		0.41662847995758057,
		0.7408840656280518,
		-0.043255437165498734,
		0.9867163300514221
	],
	"8. right_ankle": [
		0.42211952805519104,
		0.8785396218299866,
		0.09532869607210159,
		0.985725462436676
	],
	"14. left_shoulder": [
		0.4635765552520752,
		0.3579982817173004,
		0.010153726674616337,
		0.9987828731536865
	],
	"15. left_elbow": [
		0.486704021692276,
		0.43734389543533325,
		-0.03809317201375961,
		0.9295889139175415
	],
	"16. left_wrist": [
		0.47527390718460083,
		0.47520244121551514,
		-0.18074844777584076,
		0.8511806726455688
	],
	"19. right_shoulder": [
		0.3926340639591217,
		0.3662041425704956,
		-0.018736809492111206,
		0.9991551041603088
	],
	"20. right_elbow": [
		0.3691962957382202,
		0.4140619933605194,
		-0.14086994528770447,
		0.786402702331543
	],
	"21. right_wrist": [
		0.4124988615512848,
		0.37336552143096924,
		-0.3091261088848114,
		0.7833935022354126
	],
	"24. nose": [
		0.4228506088256836,
		0.275646835565567,
		-0.16730545461177826,
		0.9996098279953003
	],
	"25. left_eye": [
		0.43041810393333435,
		0.26538634300231934,
		-0.1491536945104599,
		0.9990747570991516
	],
	"26. right_eye": [
		0.4156806468963623,
		0.26462802290916443,
		-0.14941982924938202,
		0.9990925788879395
	],
	"27. left_ear": [
		0.4379954934120178,
		0.2760147750377655,
		-0.043782006949186325,
		0.9988948702812195
	],
	"28. right_ear": [
		0.4093626141548157,
		0.27585452795028687,
		-0.04568583518266678,
		0.9977976083755493
	],
	"time stamp": 23
}