{
	"1. left_hip": [
		0.45827537775039673,
		0.5631615519523621,
		0.009952995926141739,
		0.9978466629981995
	],
	"2. left_knee": [
		0.46216443181037903,
		0.7229375243186951,
		-0.01725400798022747,
		0.9763793349266052
	],
	"3. left_ankle": [
		0.45070311427116394,
		0.8476641178131104,
		0.13800488412380219,
		0.9313607215881348
	],
	"6. right_hip": [
		0.4169113337993622,
		0.5717306137084961,
		-0.009815708734095097,
		0.999234139919281
	],
	"7. right_knee": [
		0.41667333245277405,
		0.7407481670379639,
		-0.03254754841327667,
		0.9876253604888916
	],
	"8. right_ankle": [
		0.4209789037704468,
		0.8795182108879089,
		0.09844989329576492,
		0.9866455793380737
	],
	"14. left_shoulder": [
		0.4636091887950897,
		0.35496991872787476,
		0.021223241463303566,
		0.9986478090286255
	],
	"15. left_elbow": [
		0.4849170744419098,
		0.4229002594947815,
		-0.0013370792148634791,
		0.9159542918205261
	],
	"16. left_wrist": [
		0.47155651450157166,
		0.46253538131713867,
		-0.07712212204933167,
		0.8321568965911865
	],
	"19. right_shoulder": [
		0.3928939998149872,
		0.3666388988494873,
		-0.007101630326360464,
		0.999076783657074
	],
	"20. right_elbow": [
		0.37219366431236267,
		0.4094085693359375,
		-0.12459483742713928,
		0.804824709892273
	],
	"21. right_wrist": [
		0.41826480627059937,
		0.36402854323387146,
		-0.271483451128006,
		0.7996039390563965
	],
	"24. nose": [
		0.42316892743110657,
		0.27438193559646606,
		-0.14774149656295776,
		0.9995860457420349
	],
	"25. left_eye": [
		0.4307152032852173,
		0.263467401266098,
		-0.12984399497509003,
		0.9990222454071045
	],
	"26. right_eye": [
		0.41601404547691345,
		0.26328495144844055,
		-0.13039584457874298,
		0.9990689754486084
	],
	"27. left_ear": [
		0.4381875693798065,
		0.2751624584197998,
		-0.029142877086997032,
		0.9988488554954529
	],
	"28. right_ear": [
		0.40958908200263977,
		0.2762780785560608,
		-0.03142694756388664,
		0.997849702835083
	],
	"time stamp": 23
}