{
	"1. left_hip": [
		0.459746778011322,
		0.5646543502807617,
		0.01046842336654663,
		0.9979293942451477
	],
	"2. left_knee": [
		0.4622984230518341,
		0.724177360534668,
		-0.011668367311358452,
		0.9781253337860107
	],
	"3. left_ankle": [
		0.45271316170692444,
		0.8636601567268372,
		0.12901704013347626,
		0.9373789429664612
	],
	"6. right_hip": [
		0.41813352704048157,
		0.5723225474357605,
		-0.010337714105844498,
		0.9992169141769409
	],
	"7. right_knee": [
		0.4166785180568695,
		0.7407013773918152,
		-0.026546575129032135,
		0.9884456992149353
	],
	"8. right_ankle": [
		0.4188065528869629,
		0.8813755512237549,
		0.09765142947435379,
		0.9875596165657043
	],
	"14. left_shoulder": [
		0.4627421498298645,
		0.3545241951942444,
		0.01818133518099785,
		0.9986557364463806
	],
	"15. left_elbow": [
		0.48412346839904785,
		0.4134831428527832,
		0.07973145693540573,
		0.9136270880699158
	],
	"16. left_wrist": [
		0.4712217450141907,
		0.47254955768585205,
		0.09340367466211319,
		0.8229329586029053
	],
	"19. right_shoulder": [
		0.3934302031993866,
		0.3678016662597656,
		-0.014006574638187885,
		0.9990136623382568
	],
	"20. right_elbow": [
		0.3742169737815857,
		0.40377479791641235,
		-0.10765235126018524,
		0.8203262090682983
	],
	"21. right_wrist": [
		0.4201001226902008,
		0.37284931540489197,
		-0.19755998253822327,
		0.810346782207489
	],
	"24. nose": [
		0.4233860373497009,
		0.2765350341796875,
		-0.16670191287994385,
		0.9996046423912048
	],
	"25. left_eye": [
		0.4307343661785126,
		0.26521432399749756,
		-0.1497087925672531,
		0.9990586638450623
	],
	"26. right_eye": [
		0.4158100485801697,
		0.2650705575942993,
		-0.15109659731388092,
		0.9991156458854675
	],
	"27. left_ear": [
		0.43794378638267517,
		0.2766895592212677,
		-0.048557355999946594,
		0.9988961219787598
	],
	"28. right_ear": [
		0.40917882323265076,
		0.27850013971328735,
		-0.05513118579983711,
		0.9979959726333618
	],
	"time stamp": 23
}