{
	"1. left_hip": [
		0.4606775641441345,
		0.5664177536964417,
		0.01110992580652237,
		0.9980636239051819
	],
	"2. left_knee": [
		0.4625135362148285,
		0.7327937483787537,
		-0.027440490201115608,
		0.9793724417686462
	],
	"3. left_ankle": [
		0.4545817971229553,
		0.8752168416976929,
		0.10127975791692734,
		0.9425893425941467
	],
	"6. right_hip": [
		0.4196518659591675,
		0.5731690526008606,
		-0.010943165048956871,
		0.999226987361908
	],
	"7. right_knee": [
		0.4170992970466614,
		0.7405907511711121,
		-0.02943536825478077,
		0.9890503287315369
	],
	"8. right_ankle": [
		0.41837939620018005,
		0.8813974261283875,
		0.09591849893331528,
		0.988152027130127
	],
	"14. left_shoulder": [
		0.46251097321510315,
		0.3588131070137024,
		0.03294522315263748,
		0.9987217783927917
	],
	"15. left_elbow": [
		0.4815220236778259,
		0.41841715574264526,
		0.0327974297106266,
		0.9073665142059326
	],
	"16. left_wrist": [
		0.47621336579322815,
		0.4729866087436676,
		0.07741935551166534,
		0.8192946910858154
	],
	"19. right_shoulder": [
		0.39376869797706604,
		0.3705447018146515,
		-0.009888578206300735,
		0.998948335647583
	],
	"20. right_elbow": [
		0.37583300471305847,
		0.4185779094696045,
		-0.10590031743049622,
		0.8348923921585083
	],
	"21. right_wrist": [
		0.42480266094207764,
		0.3841317892074585,
		-0.21360330283641815,
		0.8222728967666626
	],
	"24. nose": [
		0.4238075315952301,
		0.28194552659988403,
		-0.14760853350162506,
		0.999606728553772
	],
	"25. left_eye": [
		0.4308072030544281,
		0.2706030011177063,
		-0.12954527139663696,
		0.9990794658660889
	],
	"26. right_eye": [
		0.41598525643348694,
		0.27032071352005005,
		-0.13268202543258667,
		0.9991306066513062
	],
	"27. left_ear": [
		0.4372711181640625,
		0.28137701749801636,
		-0.024087924510240555,
		0.9989217519760132
	],
	"28. right_ear": [
		0.408938467502594,
		0.28265663981437683,
		-0.038143739104270935,
		0.9980875253677368
	],
	"time stamp": 23
}