{
	"1. left_hip": [
		0.46237537264823914,
		0.5675445795059204,
		0.017879437655210495,
		0.9980951547622681
	],
	"2. left_knee": [
		0.4631623923778534,
		0.7328344583511353,
		-0.02663353644311428,
		0.9802101254463196
	],
	"3. left_ankle": [
		0.4554397165775299,
		0.8728482723236084,
		0.12455708533525467,
		0.9472030997276306
	],
	"6. right_hip": [
		0.42169639468193054,
		0.5733757019042969,
		-0.017681961879134178,
		0.9991604685783386
	],
	"7. right_knee": [
		0.4190267026424408,
		0.7412667870521545,
		-0.030981162562966347,
		0.9893771409988403
	],
	"8. right_ankle": [
		0.41830846667289734,
		0.8810408115386963,
		0.09905529022216797,
		0.9885269999504089
	],
	"14. left_shoulder": [
		0.46255141496658325,
		0.36106544733047485,
		0.04107726737856865,
		0.9986245632171631
	],
	"15. left_elbow": [
		0.48042991757392883,
		0.4205376207828522,
		0.012571252882480621,
		0.877271831035614
	],
	"16. left_wrist": [
		0.4709910750389099,
		0.4723643958568573,
		-0.11630994826555252,
		0.7900803685188293
	],
	"19. right_shoulder": [
		0.3939460515975952,
		0.37155815958976746,
		-0.013214522041380405,
		0.9987629652023315
	],
	"20. right_elbow": [
		0.3828505575656891,
		0.4250866770744324,
		-0.10362177342176437,
		0.8433293104171753
	],
	"21. right_wrist": [
		0.4270082414150238,
		0.39681413769721985,
		-0.1748816967010498,
		0.8146112561225891
	],
	"24. nose": [
		0.42622727155685425,
		0.2847146689891815,
		-0.14278504252433777,
		0.9994661808013916
	],
	"25. left_eye": [
		0.431144654750824,
		0.27306070923805237,
		-0.12356323003768921,
		0.9989060163497925
	],
	"26. right_eye": [
		0.4170307517051697,
		0.27238520979881287,
		-0.12930455803871155,
		0.9989350438117981
	],
	"27. left_ear": [
		0.4374009668827057,
		0.2836664319038391,
		-0.014775662682950497,
		0.9986449480056763
	],
	"28. right_ear": [
		0.40906932950019836,
		0.28476482629776,
		-0.040101103484630585,
		0.9979612827301025
	],
	"time stamp": 23
}