{
	"1. left_hip": [
		0.46528831124305725,
		0.5618650913238525,
		0.019227050244808197,
		0.9981393814086914
	],
	"2. left_knee": [
		0.46664294600486755,
		0.7271959185600281,
		-0.018925437703728676,
		0.9809677600860596
	],
	"3. left_ankle": [
		0.45602652430534363,
		0.8705944418907166,
		0.113178551197052,
		0.9513745307922363
	],
	"6. right_hip": [
		0.4255821108818054,
		0.5683016180992126,
		-0.0190512016415596,
		0.999137282371521
	],
	"7. right_knee": [
		0.4218031167984009,
		0.7386255860328674,
		-0.036626193672418594,
		0.9896922707557678
	],
	"8. right_ankle": [
		0.4181016683578491,
		0.8813173770904541,
		0.07910533994436264,
		0.989096999168396
	],
	"14. left_shoulder": [
		0.4629388451576233,
		0.35944363474845886,
		0.02345218136906624,
		0.9986714720726013
	],
	"15. left_elbow": [
		0.480325847864151,
		0.429448664188385,
		0.01769951358437538,
		0.8650606274604797
	],
	"16. left_wrist": [
		0.47262346744537354,
		0.4731607139110565,
		-0.09683583676815033,
		0.7807125449180603
	],
	"19. right_shoulder": [
		0.39485815167427063,
		0.3726506233215332,
		-0.025374285876750946,
		0.9987835884094238
	],
	"20. right_elbow": [
		0.38711652159690857,
		0.4345814287662506,
		-0.10151983052492142,
		0.84857577085495
	],
	"21. right_wrist": [
		0.42113834619522095,
		0.43882396817207336,
		-0.22748710215091705,
		0.8147789239883423
	],
	"24. nose": [
		0.4284473657608032,
		0.28517523407936096,
		-0.170333132147789,
		0.999488890171051
	],
	"25. left_eye": [
		0.4318256974220276,
		0.2730449140071869,
		-0.1508321613073349,
		0.9989571571350098
	],
	"26. right_eye": [
		0.4188756048679352,
		0.2728152275085449,
		-0.158502995967865,
		0.9989859461784363
	],
	"27. left_ear": [
		0.4374910295009613,
		0.2827081084251404,
		-0.03153751417994499,
		0.9986860752105713
	],
	"28. right_ear": [
		0.40948712825775146,
		0.284559041261673,
		-0.06527687609195709,
		0.9980866312980652
	],
	"time stamp": 23
}