{
	"1. left_hip": [
		0.46826767921447754,
		0.5628454685211182,
		0.033257629722356796,
		0.9980880618095398
	],
	"2. left_knee": [
		0.46955516934394836,
		0.7271088361740112,
		0.0075292885303497314,
		0.9788963794708252
	],
	"3. left_ankle": [
		0.4571710228919983,
		0.8697654604911804,
		0.128371000289917,
		0.9542914628982544
	],
	"6. right_hip": [
		0.42898353934288025,
		0.5690672397613525,
		-0.03321375697851181,
		0.9990816116333008
	],
	"7. right_knee": [
		0.42847609519958496,
		0.7336825132369995,
		-0.0487489253282547,
		0.98984694480896
	],
	"8. right_ankle": [
		0.41729626059532166,
		0.8806390762329102,
		0.060189686715602875,
		0.9895119667053223
	],
	"14. left_shoulder": [
		0.4648650586605072,
		0.3588195741176605,
		0.015803048387169838,
		0.9986400604248047
	],
	"15. left_elbow": [
		0.47968268394470215,
		0.4413284659385681,
		0.02838582545518875,
		0.8252304792404175
	],
	"16. left_wrist": [
		0.4711873233318329,
		0.49783948063850403,
		-0.09594852477312088,
		0.7407998442649841
	],
	"19. right_shoulder": [
		0.39593252539634705,
		0.3746771216392517,
		-0.0629061907529831,
		0.9988741874694824
	],
	"20. right_elbow": [
		0.3888450264930725,
		0.46033206582069397,
		-0.08436131477355957,
		0.8591721653938293
	],
	"21. right_wrist": [
		0.4173577129840851,
		0.4891083240509033,
		-0.18027371168136597,
		0.8190747499465942
	],
	"24. nose": [
		0.43314486742019653,
		0.2856122553348541,
		-0.20603443682193756,
		0.9995192289352417
	],
	"25. left_eye": [
		0.4356713891029358,
		0.27213290333747864,
		-0.187835231423378,
		0.9990149736404419
	],
	"26. right_eye": [
		0.42297834157943726,
		0.27267223596572876,
		-0.1949237585067749,
		0.9990561604499817
	],
	"27. left_ear": [
		0.4387545883655548,
		0.28073710203170776,
		-0.07268282771110535,
		0.9986804723739624
	],
	"28. right_ear": [
		0.4109172224998474,
		0.2849770784378052,
		-0.10627077519893646,
		0.9982472658157349
	],
	"time stamp": 23
}