{
	"1. left_hip": [
		0.47190722823143005,
		0.5666979551315308,
		0.045966390520334244,
		0.9982086420059204
	],
	"2. left_knee": [
		0.4704519808292389,
		0.7272496819496155,
		0.03063877858221531,
		0.9770563840866089
	],
	"3. left_ankle": [
		0.45759913325309753,
		0.8694750666618347,
		0.16960793733596802,
		0.9576857089996338
	],
	"6. right_hip": [
		0.4341118633747101,
		0.5727299451828003,
		-0.045972783118486404,
		0.9991407990455627
	],
	"7. right_knee": [
		0.4475599527359009,
		0.7298603653907776,
		-0.09059560298919678,
		0.9905690550804138
	],
	"8. right_ankle": [
		0.41679301857948303,
		0.8668002486228943,
		0.032915420830249786,
		0.9901167750358582
	],
	"14. left_shoulder": [
		0.46969226002693176,
		0.3598032295703888,
		0.01055226381868124,
		0.9987554550170898
	],
	"15. left_elbow": [
		0.48011982440948486,
		0.45282354950904846,
		0.036402586847543716,
		0.8013999462127686
	],
	"16. left_wrist": [
		0.47407978773117065,
		0.5235860347747803,
		-0.10227841883897781,
		0.7196095585823059
	],
	"19. right_shoulder": [
		0.39807018637657166,
		0.3759928047657013,
		-0.081819087266922,
		0.9989843368530273
	],
	"20. right_elbow": [
		0.3887677788734436,
		0.47861921787261963,
		-0.05603495240211487,
		0.8720715045928955
	],
	"21. right_wrist": [
		0.39916157722473145,
		0.5540424585342407,
		-0.1255386471748352,
		0.8290510177612305
	],
	"24. nose": [
		0.4377601146697998,
		0.28699496388435364,
		-0.232818603515625,
		0.9995631575584412
	],
	"25. left_eye": [
		0.43957164883613586,
		0.2726656496524811,
		-0.21575286984443665,
		0.9990997910499573
	],
	"26. right_eye": [
		0.4272303581237793,
		0.2734648883342743,
		-0.2223302274942398,
		0.9991418719291687
	],
	"27. left_ear": [
		0.44190144538879395,
		0.2811799645423889,
		-0.1001928448677063,
		0.9987626671791077
	],
	"28. right_ear": [
		0.41479524970054626,
		0.2859073281288147,
		-0.130417138338089,
		0.9984140396118164
	],
	"time stamp": 23
}