{
	"1. left_hip": [
		0.4728257358074188,
		0.5694965720176697,
		0.05682545155286789,
		0.9983335137367249
	],
	"2. left_knee": [
		0.47435352206230164,
		0.7267796993255615,
		0.024519003927707672,
		0.9716211557388306
	],
	"3. left_ankle": [
		0.4578804671764374,
		0.8702791929244995,
		0.1651589423418045,
		0.9598231911659241
	],
	"6. right_hip": [
		0.4350944459438324,
		0.573736846446991,
		-0.05684272572398186,
		0.9991844892501831
	],
	"7. right_knee": [
		0.4579324424266815,
		0.7213851809501648,
		-0.12386197596788406,
		0.9910085797309875
	],
	"8. right_ankle": [
		0.4168861508369446,
		0.8370965719223022,
		0.035279590636491776,
		0.9897734522819519
	],
	"14. left_shoulder": [
		0.47232550382614136,
		0.36444610357284546,
		-0.0106147276237607,
		0.9988582134246826
	],
	"15. left_elbow": [
		0.4828435182571411,
		0.46147164702415466,
		0.04136914759874344,
		0.7787140011787415
	],
	"16. left_wrist": [
		0.47554895281791687,
		0.5393527150154114,
		-0.0664353147149086,
		0.7020641565322876
	],
	"19. right_shoulder": [
		0.40210822224617004,
		0.3828996419906616,
		-0.12704679369926453,
		0.9990796446800232
	],
	"20. right_elbow": [
		0.3883334696292877,
		0.49258530139923096,
		-0.08580540120601654,
		0.8840607404708862
	],
	"21. right_wrist": [
		0.3875707983970642,
		0.5761888027191162,
		-0.15191566944122314,
		0.8390895128250122
	],
	"24. nose": [
		0.44238975644111633,
		0.28895288705825806,
		-0.2618134021759033,
		0.9995986223220825
	],
	"25. left_eye": [
		0.443722665309906,
		0.27532675862312317,
		-0.2425035685300827,
		0.9991675615310669
	],
	"26. right_eye": [
		0.43198543787002563,
		0.2763737142086029,
		-0.2522776126861572,
		0.9992131590843201
	],
	"27. left_ear": [
		0.44460800290107727,
		0.28362658619880676,
		-0.12333465367555618,
		0.9988056421279907
	],
	"28. right_ear": [
		0.41871219873428345,
		0.28994542360305786,
		-0.16804568469524384,
		0.9985581636428833
	],
	"time stamp": 23
}