{
	"1. left_hip": [
		0.47495323419570923,
		0.5744855403900146,
		0.05270863696932793,
		0.9983971118927002
	],
	"2. left_knee": [
		0.4754982590675354,
		0.7245451807975769,
		0.026216771453619003,
		0.9641783237457275
	],
	"3. left_ankle": [
		0.45750129222869873,
		0.8679310083389282,
		0.16521134972572327,
		0.9597176313400269
	],
	"6. right_hip": [
		0.4360617399215698,
		0.5795159935951233,
		-0.05275425314903259,
		0.999198853969574
	],
	"7. right_knee": [
		0.4689682424068451,
		0.709797739982605,
		-0.1246899887919426,
		0.9904977083206177
	],
	"8. right_ankle": [
		0.42668166756629944,
		0.8214198350906372,
		0.03979253023862839,
		0.9881714582443237
	],
	"14. left_shoulder": [
		0.47320637106895447,
		0.37222638726234436,
		-0.0783310979604721,
		0.9989006519317627
	],
	"15. left_elbow": [
		0.48677125573158264,
		0.4667045474052429,
		-0.011644383892416954,
		0.7529599070549011
	],
	"16. left_wrist": [
		0.47863414883613586,
		0.5399170517921448,
		-0.09446500986814499,
		0.6644081473350525
	],
	"19. right_shoulder": [
		0.40260156989097595,
		0.39233899116516113,
		-0.18728117644786835,
		0.9991618394851685
	],
	"20. right_elbow": [
		0.38620907068252563,
		0.5028477311134338,
		-0.14766401052474976,
		0.8945004343986511
	],
	"21. right_wrist": [
		0.3813629746437073,
		0.5939340591430664,
		-0.15598322451114655,
		0.8422350883483887
	],
	"24. nose": [
		0.4448622763156891,
		0.2955154776573181,
		-0.3322291672229767,
		0.9996091723442078
	],
	"25. left_eye": [
		0.44654932618141174,
		0.28401291370391846,
		-0.31212395429611206,
		0.9991413950920105
	],
	"26. right_eye": [
		0.4345957040786743,
		0.2840152382850647,
		-0.3231815695762634,
		0.9992503523826599
	],
	"27. left_ear": [
		0.4470196068286896,
		0.2918408215045929,
		-0.19006356596946716,
		0.9985085129737854
	],
	"28. right_ear": [
		0.42145836353302,
		0.296486496925354,
		-0.2408435195684433,
		0.9986668825149536
	],
	"time stamp": 23
}