{
	"1. left_hip": [
		0.47745153307914734,
		0.5789004564285278,
		0.056606508791446686,
		0.9984956383705139
	],
	"2. left_knee": [
		0.4796125292778015,
		0.7241486310958862,
		0.038346368819475174,
		0.9543865919113159
	],
	"3. left_ankle": [
		0.45799049735069275,
		0.8676207661628723,
		0.16527196764945984,
		0.959925651550293
	],
	"6. right_hip": [
		0.43801847100257874,
		0.5838855504989624,
		-0.056643787771463394,
		0.9992441534996033
	],
	"7. right_knee": [
		0.4798164963722229,
		0.7019434571266174,
		-0.1755613088607788,
		0.9903972744941711
	],
	"8. right_ankle": [
		0.43659964203834534,
		0.8065054416656494,
		-0.0013983742101117969,
		0.9863160848617554
	],
	"14. left_shoulder": [
		0.4743426740169525,
		0.378365695476532,
		-0.04153050109744072,
		0.9989619851112366
	],
	"15. left_elbow": [
		0.4892418384552002,
		0.47061750292778015,
		0.017683938145637512,
		0.7214438319206238
	],
	"16. left_wrist": [
		0.48310890793800354,
		0.5377742648124695,
		-0.06605904549360275,
		0.6274004578590393
	],
	"19. right_shoulder": [
		0.4031359553337097,
		0.3982788920402527,
		-0.15539374947547913,
		0.9992417097091675
	],
	"20. right_elbow": [
		0.3833717107772827,
		0.5106865167617798,
		-0.1294628530740738,
		0.9044187664985657
	],
	"21. right_wrist": [
		0.38039249181747437,
		0.6018604040145874,
		-0.1660538613796234,
		0.8511092662811279
	],
	"24. nose": [
		0.44648489356040955,
		0.302314430475235,
		-0.2768031060695648,
		0.9996214509010315
	],
	"25. left_eye": [
		0.4483194053173065,
		0.29161500930786133,
		-0.2577694356441498,
		0.9991306066513062
	],
	"26. right_eye": [
		0.43669983744621277,
		0.29062122106552124,
		-0.26903989911079407,
		0.9992938041687012
	],
	"27. left_ear": [
		0.44825419783592224,
		0.29891517758369446,
		-0.14329183101654053,
		0.9982630014419556
	],
	"28. right_ear": [
		0.4239612817764282,
		0.3010765016078949,
		-0.19665825366973877,
		0.9987777471542358
	],
	"time stamp": 23
}