{
	"1. left_hip": [
		0.47750845551490784,
		0.5842310786247253,
		0.0620507188141346,
		0.9985800981521606
	],
	"2. left_knee": [
		0.48466113209724426,
		0.7322032451629639,
		0.007546794600784779,
		0.9465473890304565
	],
	"3. left_ankle": [
		0.45853400230407715,
		0.8669690489768982,
		0.14278611540794373,
		0.9599908590316772
	],
	"6. right_hip": [
		0.438290536403656,
		0.5887918472290039,
		-0.06198439374566078,
		0.9993008971214294
	],
	"7. right_knee": [
		0.4896166920661926,
		0.6461923718452454,
		-0.29065901041030884,
		0.9904695749282837
	],
	"8. right_ankle": [
		0.4655596613883972,
		0.8142862319946289,
		-0.18507513403892517,
		0.9866849184036255
	],
	"14. left_shoulder": [
		0.4741959869861603,
		0.3803701102733612,
		0.014234837144613266,
		0.9990315437316895
	],
	"15. left_elbow": [
		0.49014297127723694,
		0.4710984230041504,
		0.06372985243797302,
		0.6968450546264648
	],
	"16. left_wrist": [
		0.4922730624675751,
		0.5436724424362183,
		-0.04214765876531601,
		0.5873919725418091
	],
	"19. right_shoulder": [
		0.40366244316101074,
		0.40135571360588074,
		-0.12157345563173294,
		0.9993141293525696
	],
	"20. right_elbow": [
		0.38052842020988464,
		0.5116963982582092,
		-0.09149135649204254,
		0.9123765230178833
	],
	"21. right_wrist": [
		0.3820610046386719,
		0.5976276993751526,
		-0.12464475631713867,
		0.8523705005645752
	],
	"24. nose": [
		0.4467553198337555,
		0.3040045499801636,
		-0.2483312040567398,
		0.9996480345726013
	],
	"25. left_eye": [
		0.4491199851036072,
		0.2932797074317932,
		-0.22162503004074097,
		0.9991827011108398
	],
	"26. right_eye": [
		0.4373241066932678,
		0.2918431758880615,
		-0.24954813718795776,
		0.999351441860199
	],
	"27. left_ear": [
		0.4497170150279999,
		0.3014334738254547,
		-0.09663178026676178,
		0.9983286261558533
	],
	"28. right_ear": [
		0.42502325773239136,
		0.30273252725601196,
		-0.16283899545669556,
		0.9988911151885986
	],
	"time stamp": 23
}