{
	"1. left_hip": [
		0.4784529507160187,
		0.5831755995750427,
		0.06619027256965637,
		0.9986734390258789
	],
	"2. left_knee": [
		0.4848754107952118,
		0.7409814596176147,
		0.03164763003587723,
		0.9412434101104736
	],
	"3. left_ankle": [
		0.4583178758621216,
		0.8665496110916138,
		0.16074994206428528,
		0.9610669016838074
	],
	"6. right_hip": [
		0.4406130313873291,
		0.5884895920753479,
		-0.0661516934633255,
		0.9993487596511841
	],
	"7. right_knee": [
		0.5018976926803589,
		0.6618886590003967,
		-0.22964808344841003,
		0.9906995296478271
	],
	"8. right_ankle": [
		0.4819277822971344,
		0.8111639022827148,
		-0.0892057716846466,
		0.9863404631614685
	],
	"14. left_shoulder": [
		0.473701149225235,
		0.37949249148368835,
		0.016081014648079872,
		0.9991095662117004
	],
	"15. left_elbow": [
		0.49073994159698486,
		0.4690209627151489,
		0.06017233431339264,
		0.6806660294532776
	],
	"16. left_wrist": [
		0.5020583868026733,
		0.5375205874443054,
		-0.05603281036019325,
		0.565351665019989
	],
	"19. right_shoulder": [
		0.4034079313278198,
		0.4007417857646942,
		-0.12028233706951141,
		0.9993802905082703
	],
	"20. right_elbow": [
		0.3793066740036011,
		0.5092812776565552,
		-0.09337672591209412,
		0.9201928377151489
	],
	"21. right_wrist": [
		0.3850949704647064,
		0.5874049067497253,
		-0.13624225556850433,
		0.8585723042488098
	],
	"24. nose": [
		0.4469689428806305,
		0.30630356073379517,
		-0.23821373283863068,
		0.9996682405471802
	],
	"25. left_eye": [
		0.44929370284080505,
		0.29480454325675964,
		-0.21441549062728882,
		0.999212384223938
	],
	"26. right_eye": [
		0.43766099214553833,
		0.2932036817073822,
		-0.24714098870754242,
		0.9993938207626343
	],
	"27. left_ear": [
		0.4497070908546448,
		0.3030359148979187,
		-0.09392265975475311,
		0.9983333349227905
	],
	"28. right_ear": [
		0.42505142092704773,
		0.3036313056945801,
		-0.15837407112121582,
		0.9989866018295288
	],
	"time stamp": 23
}