{
	"1. left_hip": [
		0.47881561517715454,
		0.5823972225189209,
		0.07340177148580551,
		0.9987267255783081
	],
	"2. left_knee": [
		0.48654869198799133,
		0.7375678420066833,
		0.05678947642445564,
		0.9352149963378906
	],
	"3. left_ankle": [
		0.45867621898651123,
		0.8660314679145813,
		0.1810111701488495,
		0.9627792239189148
	],
	"6. right_hip": [
		0.44363388419151306,
		0.5880403518676758,
		-0.07334129512310028,
		0.9993883967399597
	],
	"7. right_knee": [
		0.5092233419418335,
		0.6703643798828125,
		-0.22091130912303925,
		0.991117000579834
	],
	"8. right_ankle": [
		0.504715085029602,
		0.8140491247177124,
		-0.12303683161735535,
		0.9870736598968506
	],
	"14. left_shoulder": [
		0.4734533429145813,
		0.378997266292572,
		0.028333507478237152,
		0.999183177947998
	],
	"15. left_elbow": [
		0.4919574558734894,
		0.4671803414821625,
		0.06933631747961044,
		0.659151017665863
	],
	"16. left_wrist": [
		0.49794983863830566,
		0.535548746585846,
		-0.05718038231134415,
		0.5395421981811523
	],
	"19. right_shoulder": [
		0.4036020338535309,
		0.40090227127075195,
		-0.1282121241092682,
		0.9994404911994934
	],
	"20. right_elbow": [
		0.379661500453949,
		0.511186957359314,
		-0.11822806298732758,
		0.9273660778999329
	],
	"21. right_wrist": [
		0.38625746965408325,
		0.5835389494895935,
		-0.15175464749336243,
		0.8632027506828308
	],
	"24. nose": [
		0.44709351658821106,
		0.3064667582511902,
		-0.2234928011894226,
		0.9996933937072754
	],
	"25. left_eye": [
		0.4494241178035736,
		0.2946033179759979,
		-0.20255626738071442,
		0.999261736869812
	],
	"26. right_eye": [
		0.4378066658973694,
		0.2933293581008911,
		-0.22540557384490967,
		0.9994409084320068
	],
	"27. left_ear": [
		0.44978731870651245,
		0.3035127520561218,
		-0.08671639859676361,
		0.9984149932861328
	],
	"28. right_ear": [
		0.4246545433998108,
		0.30423101782798767,
		-0.15601308643817902,
		0.9990781545639038
	],
	"time stamp": 23
}