{
	"1. left_hip": [
		0.4814143776893616,
		0.5818911790847778,
		0.0715223178267479,
		0.9987871646881104
	],
	"2. left_knee": [
		0.4879571795463562,
		0.73297518491745,
		0.07643605768680573,
		0.9285555481910706
	],
	"3. left_ankle": [
		0.45863232016563416,
		0.8673210144042969,
		0.20160658657550812,
		0.9643262624740601
	],
	"6. right_hip": [
		0.4471818506717682,
		0.5882707238197327,
		-0.07144293934106827,
		0.9994381666183472
	],
	"7. right_knee": [
		0.5149229764938354,
		0.6784552931785583,
		-0.20152027904987335,
		0.9914191365242004
	],
	"8. right_ankle": [
		0.5240146517753601,
		0.8190558552742004,
		-0.13213761150836945,
		0.987865686416626
	],
	"14. left_shoulder": [
		0.47315892577171326,
		0.37917014956474304,
		0.03329157829284668,
		0.9992564916610718
	],
	"15. left_elbow": [
		0.49306222796440125,
		0.4671771228313446,
		0.05545585975050926,
		0.6377219557762146
	],
	"16. left_wrist": [
		0.5008354187011719,
		0.5223182439804077,
		-0.11949257552623749,
		0.5153768658638
	],
	"19. right_shoulder": [
		0.4042026698589325,
		0.40140342712402344,
		-0.12137174606323242,
		0.9994959235191345
	],
	"20. right_elbow": [
		0.38150525093078613,
		0.5099807977676392,
		-0.082297682762146,
		0.9334493279457092
	],
	"21. right_wrist": [
		0.39384835958480835,
		0.575831413269043,
		-0.10487238317728043,
		0.8645349144935608
	],
	"24. nose": [
		0.4466192424297333,
		0.30755430459976196,
		-0.21204246580600739,
		0.999722421169281
	],
	"25. left_eye": [
		0.44896456599235535,
		0.2953287661075592,
		-0.19201938807964325,
		0.9993308186531067
	],
	"26. right_eye": [
		0.4371517300605774,
		0.29425308108329773,
		-0.2089630663394928,
		0.9994942545890808
	],
	"27. left_ear": [
		0.44969436526298523,
		0.3044297397136688,
		-0.0763140469789505,
		0.998558759689331
	],
	"28. right_ear": [
		0.4240988492965698,
		0.30552104115486145,
		-0.14833715558052063,
		0.9991686344146729
	],
	"time stamp": 23
}