{
	"1. left_hip": [
		0.48672759532928467,
		0.5838770270347595,
		0.06601226329803467,
		0.9988303780555725
	],
	"2. left_knee": [
		0.4923008978366852,
		0.737775444984436,
		0.0649578645825386,
		0.929295003414154
	],
	"3. left_ankle": [
		0.4585516154766083,
		0.8698689937591553,
		0.22344852983951569,
		0.9662986993789673
	],
	"6. right_hip": [
		0.4552389681339264,
		0.5927665829658508,
		-0.06598879396915436,
		0.9994856715202332
	],
	"7. right_knee": [
		0.519329309463501,
		0.7018654942512512,
		-0.21095842123031616,
		0.9916881322860718
	],
	"8. right_ankle": [
		0.5448992848396301,
		0.8383679986000061,
		-0.13268667459487915,
		0.9889029860496521
	],
	"14. left_shoulder": [
		0.472957581281662,
		0.38545089960098267,
		0.007696079555898905,
		0.9993230700492859
	],
	"15. left_elbow": [
		0.4941787123680115,
		0.46841058135032654,
		0.05159944295883179,
		0.6151158213615417
	],
	"16. left_wrist": [
		0.49778512120246887,
		0.4796214997768402,
		-0.07116048038005829,
		0.4859376549720764
	],
	"19. right_shoulder": [
		0.4060387909412384,
		0.40543144941329956,
		-0.15079477429389954,
		0.9995461106300354
	],
	"20. right_elbow": [
		0.38322243094444275,
		0.5081579685211182,
		-0.050443049520254135,
		0.9389756917953491
	],
	"21. right_wrist": [
		0.4121415615081787,
		0.5689806342124939,
		0.06943162530660629,
		0.859851062297821
	],
	"24. nose": [
		0.44701525568962097,
		0.319832980632782,
		-0.24077481031417847,
		0.9997498393058777
	],
	"25. left_eye": [
		0.4488535523414612,
		0.30771663784980774,
		-0.22332367300987244,
		0.9993966817855835
	],
	"26. right_eye": [
		0.4373432993888855,
		0.30777230858802795,
		-0.2419220507144928,
		0.9995445013046265
	],
	"27. left_ear": [
		0.4494082033634186,
		0.31554093956947327,
		-0.11151530593633652,
		0.9986986517906189
	],
	"28. right_ear": [
		0.4240245819091797,
		0.3194728493690491,
		-0.19343778491020203,
		0.999251663684845
	],
	"time stamp": 23
}