{
	"1. left_hip": [
		0.48993346095085144,
		0.5850716233253479,
		0.06311111152172089,
		0.9988560676574707
	],
	"2. left_knee": [
		0.4959777593612671,
		0.7416024208068848,
		0.0828961580991745,
		0.9262496829032898
	],
	"3. left_ankle": [
		0.45853158831596375,
		0.8697457909584045,
		0.262835830450058,
		0.9672757983207703
	],
	"6. right_hip": [
		0.4589162766933441,
		0.5951734185218811,
		-0.06309324502944946,
		0.9995284676551819
	],
	"7. right_knee": [
		0.5131762027740479,
		0.7206334471702576,
		-0.19343550503253937,
		0.9914337992668152
	],
	"8. right_ankle": [
		0.5482410192489624,
		0.8559684157371521,
		-0.11315125226974487,
		0.9897316098213196
	],
	"14. left_shoulder": [
		0.47321924567222595,
		0.3948928415775299,
		0.0002449966559652239,
		0.9993850588798523
	],
	"15. left_elbow": [
		0.495839923620224,
		0.4777833819389343,
		-0.008647909387946129,
		0.6082474589347839
	],
	"16. left_wrist": [
		0.49682295322418213,
		0.48036929965019226,
		-0.18950362503528595,
		0.4768691062927246
	],
	"19. right_shoulder": [
		0.4069032371044159,
		0.4117022752761841,
		-0.14029380679130554,
		0.9995912909507751
	],
	"20. right_elbow": [
		0.385837584733963,
		0.5111442804336548,
		-0.04374798759818077,
		0.9437317848205566
	],
	"21. right_wrist": [
		0.41933897137641907,
		0.5656639337539673,
		0.04154219105839729,
		0.8596528768539429
	],
	"24. nose": [
		0.447344034910202,
		0.32760199904441833,
		-0.24036577343940735,
		0.9997745156288147
	],
	"25. left_eye": [
		0.4494141936302185,
		0.3156546652317047,
		-0.22288522124290466,
		0.9994561672210693
	],
	"26. right_eye": [
		0.43758469820022583,
		0.315708190202713,
		-0.2406388819217682,
		0.9995896220207214
	],
	"27. left_ear": [
		0.44966673851013184,
		0.32339048385620117,
		-0.1102047935128212,
		0.9988248944282532
	],
	"28. right_ear": [
		0.42414841055870056,
		0.32697054743766785,
		-0.19057662785053253,
		0.9993263483047485
	],
	"time stamp": 23
}