{
	"1. left_hip": [
		0.4924241602420807,
		0.5899954438209534,
		0.06174781545996666,
		0.9988722205162048
	],
	"2. left_knee": [
		0.5026383399963379,
		0.7482706904411316,
		0.07178898900747299,
		0.918316125869751
	],
	"3. left_ankle": [
		0.4584420621395111,
		0.8693596720695496,
		0.23984397947788239,
		0.9670604467391968
	],
	"6. right_hip": [
		0.46213942766189575,
		0.6020487546920776,
		-0.06172345206141472,
		0.9995543360710144
	],
	"7. right_knee": [
		0.5130562782287598,
		0.7360016703605652,
		-0.16152223944664001,
		0.9902231693267822
	],
	"8. right_ankle": [
		0.5480811595916748,
		0.8669965863227844,
		-0.07955216616392136,
		0.9902112483978271
	],
	"14. left_shoulder": [
		0.4732363224029541,
		0.40215882658958435,
		0.02877003885805607,
		0.9994374513626099
	],
	"15. left_elbow": [
		0.49665793776512146,
		0.48699843883514404,
		-0.019779600203037262,
		0.6219477653503418
	],
	"16. left_wrist": [
		0.4788021445274353,
		0.4663744568824768,
		-0.23340532183647156,
		0.4944792687892914
	],
	"19. right_shoulder": [
		0.40811195969581604,
		0.41774800419807434,
		-0.08586033433675766,
		0.9996312856674194
	],
	"20. right_elbow": [
		0.39006465673446655,
		0.5128917694091797,
		-0.029070500284433365,
		0.9454060792922974
	],
	"21. right_wrist": [
		0.4187915623188019,
		0.5600336194038391,
		-0.0053922454826533794,
		0.8477287292480469
	],
	"24. nose": [
		0.4476214349269867,
		0.3349325954914093,
		-0.18318261206150055,
		0.9997957348823547
	],
	"25. left_eye": [
		0.45035696029663086,
		0.3235233426094055,
		-0.16515125334262848,
		0.9995065331459045
	],
	"26. right_eye": [
		0.4380228817462921,
		0.3226616680622101,
		-0.1808961182832718,
		0.9996281266212463
	],
	"27. left_ear": [
		0.4507333040237427,
		0.33108434081077576,
		-0.05550326406955719,
		0.9989274740219116
	],
	"28. right_ear": [
		0.42469558119773865,
		0.33319005370140076,
		-0.12899313867092133,
		0.9993922114372253
	],
	"time stamp": 23
}