{
	"1. left_hip": [
		0.49350354075431824,
		0.5934634208679199,
		0.059392813593149185,
		0.9988369345664978
	],
	"2. left_knee": [
		0.5023511648178101,
		0.7522270083427429,
		0.06830292195081711,
		0.9083970189094543
	],
	"3. left_ankle": [
		0.4584087133407593,
		0.869547963142395,
		0.2446717768907547,
		0.9653974175453186
	],
	"6. right_hip": [
		0.46326541900634766,
		0.6056243181228638,
		-0.05933816730976105,
		0.9995744228363037
	],
	"7. right_knee": [
		0.5139655470848083,
		0.7424049377441406,
		-0.15821154415607452,
		0.9880627393722534
	],
	"8. right_ankle": [
		0.5507367253303528,
		0.8731390833854675,
		-0.07539957016706467,
		0.9905356168746948
	],
	"14. left_shoulder": [
		0.473412424325943,
		0.4067375063896179,
		0.024988874793052673,
		0.9994848966598511
	],
	"15. left_elbow": [
		0.4975212514400482,
		0.49379462003707886,
		-0.033932119607925415,
		0.6430679559707642
	],
	"16. left_wrist": [
		0.47498029470443726,
		0.46770790219306946,
		-0.2571668326854706,
		0.526358425617218
	],
	"19. right_shoulder": [
		0.4083843231201172,
		0.42010003328323364,
		-0.08315879106521606,
		0.9996673464775085
	],
	"20. right_elbow": [
		0.39275062084198,
		0.5171244740486145,
		-0.04175284132361412,
		0.9468246698379517
	],
	"21. right_wrist": [
		0.4186324179172516,
		0.5595129132270813,
		-0.048707108944654465,
		0.8446730375289917
	],
	"24. nose": [
		0.44806158542633057,
		0.33893296122550964,
		-0.18218021094799042,
		0.9998147487640381
	],
	"25. left_eye": [
		0.45103031396865845,
		0.32712265849113464,
		-0.1637665182352066,
		0.9995511770248413
	],
	"26. right_eye": [
		0.4385758936405182,
		0.32572609186172485,
		-0.1794590801000595,
		0.999662458896637
	],
	"27. left_ear": [
		0.4512677490711212,
		0.33488789200782776,
		-0.0541507750749588,
		0.9990174770355225
	],
	"28. right_ear": [
		0.4253145754337311,
		0.33521196246147156,
		-0.12741129100322723,
		0.9994508624076843
	],
	"time stamp": 23
}