{
	"1. left_hip": [
		0.49409106373786926,
		0.5941877365112305,
		0.05933665484189987,
		0.9988522529602051
	],
	"2. left_knee": [
		0.5022255778312683,
		0.7509678602218628,
		0.06276153773069382,
		0.8958425521850586
	],
	"3. left_ankle": [
		0.45838040113449097,
		0.8700132369995117,
		0.23685656487941742,
		0.964409589767456
	],
	"6. right_hip": [
		0.46358373761177063,
		0.6068471074104309,
		-0.059297237545251846,
		0.9995874166488647
	],
	"7. right_knee": [
		0.5145158767700195,
		0.7408780455589294,
		-0.15605182945728302,
		0.985458254814148
	],
	"8. right_ankle": [
		0.5494385361671448,
		0.8722298741340637,
		-0.05910149961709976,
		0.9908338785171509
	],
	"14. left_shoulder": [
		0.4750491976737976,
		0.406522274017334,
		0.028592439368367195,
		0.9995232224464417
	],
	"15. left_elbow": [
		0.496833473443985,
		0.5024238228797913,
		-0.051975350826978683,
		0.6592524647712708
	],
	"16. left_wrist": [
		0.47334665060043335,
		0.4670655131340027,
		-0.28878986835479736,
		0.5564523339271545
	],
	"19. right_shoulder": [
		0.4095900058746338,
		0.42071130871772766,
		-0.055584099143743515,
		0.9996976852416992
	],
	"20. right_elbow": [
		0.40388670563697815,
		0.5252127051353455,
		-0.07300377637147903,
		0.9256749749183655
	],
	"21. right_wrist": [
		0.4287128448486328,
		0.5586012601852417,
		-0.20481416583061218,
		0.8215240836143494
	],
	"24. nose": [
		0.44986510276794434,
		0.3387431800365448,
		-0.18029916286468506,
		0.999830961227417
	],
	"25. left_eye": [
		0.4533371925354004,
		0.3264903724193573,
		-0.15979576110839844,
		0.9995896816253662
	],
	"26. right_eye": [
		0.4410109221935272,
		0.3246525228023529,
		-0.17226746678352356,
		0.9996915459632874
	],
	"27. left_ear": [
		0.45500215888023376,
		0.3334740698337555,
		-0.04278247430920601,
		0.9990948438644409
	],
	"28. right_ear": [
		0.42897555232048035,
		0.3321433365345001,
		-0.10237254947423935,
		0.9995007514953613
	],
	"time stamp": 23
}