{
	"1. left_hip": [
		0.4936999976634979,
		0.5934217572212219,
		0.05904850736260414,
		0.9988454580307007
	],
	"2. left_knee": [
		0.5019177794456482,
		0.7496365308761597,
		0.06283760070800781,
		0.8836806416511536
	],
	"3. left_ankle": [
		0.4584730267524719,
		0.8700653314590454,
		0.24041035771369934,
		0.9629032611846924
	],
	"6. right_hip": [
		0.46278372406959534,
		0.6052199006080627,
		-0.05900627002120018,
		0.9995920062065125
	],
	"7. right_knee": [
		0.5119792819023132,
		0.7385866641998291,
		-0.14232847094535828,
		0.9832344651222229
	],
	"8. right_ankle": [
		0.5441679358482361,
		0.8708060383796692,
		-0.03714028373360634,
		0.9908515810966492
	],
	"14. left_shoulder": [
		0.4775254428386688,
		0.40582677721977234,
		0.023599963635206223,
		0.9995557069778442
	],
	"15. left_elbow": [
		0.49649330973625183,
		0.5045839548110962,
		-0.05808443948626518,
		0.6742237210273743
	],
	"16. left_wrist": [
		0.4761415421962738,
		0.47300559282302856,
		-0.29409030079841614,
		0.5839014053344727
	],
	"19. right_shoulder": [
		0.4117850661277771,
		0.41902172565460205,
		-0.06001438945531845,
		0.999724805355072
	],
	"20. right_elbow": [
		0.4044102728366852,
		0.5234607458114624,
		-0.07277122139930725,
		0.9079358577728271
	],
	"21. right_wrist": [
		0.42488548159599304,
		0.573819100856781,
		-0.1888447254896164,
		0.794553816318512
	],
	"24. nose": [
		0.45191508531570435,
		0.33551323413848877,
		-0.19385848939418793,
		0.9998453259468079
	],
	"25. left_eye": [
		0.45620831847190857,
		0.3232451379299164,
		-0.17377853393554688,
		0.9996241331100464
	],
	"26. right_eye": [
		0.44286683201789856,
		0.3212748169898987,
		-0.18580362200737,
		0.9997171759605408
	],
	"27. left_ear": [
		0.45894700288772583,
		0.3307094871997833,
		-0.055391259491443634,
		0.9991616606712341
	],
	"28. right_ear": [
		0.43163684010505676,
		0.329272598028183,
		-0.10910561680793762,
		0.9995442628860474
	],
	"time stamp": 23
}