{
	"1. left_hip": [
		0.4927666485309601,
		0.5932950377464294,
		0.06345342844724655,
		0.9987631440162659
	],
	"2. left_knee": [
		0.5001094937324524,
		0.746254026889801,
		0.0724550187587738,
		0.8686199188232422
	],
	"3. left_ankle": [
		0.45844680070877075,
		0.8707078099250793,
		0.23994269967079163,
		0.9616132974624634
	],
	"6. right_hip": [
		0.4609784185886383,
		0.6040611863136292,
		-0.06341373175382614,
		0.999575674533844
	],
	"7. right_knee": [
		0.5099905729293823,
		0.7370447516441345,
		-0.14145661890506744,
		0.9818698167800903
	],
	"8. right_ankle": [
		0.5382325053215027,
		0.8705987930297852,
		-0.04450961947441101,
		0.9909376502037048
	],
	"14. left_shoulder": [
		0.47798824310302734,
		0.405007004737854,
		0.0364789254963398,
		0.9995585083961487
	],
	"15. left_elbow": [
		0.49621549248695374,
		0.5003242492675781,
		-0.022169264033436775,
		0.6564562320709229
	],
	"16. left_wrist": [
		0.4830281138420105,
		0.4750301241874695,
		-0.2280321717262268,
		0.5764077305793762
	],
	"19. right_shoulder": [
		0.4162668287754059,
		0.41769540309906006,
		-0.07421337813138962,
		0.9997475147247314
	],
	"20. right_elbow": [
		0.4038738012313843,
		0.5206893086433411,
		-0.047487325966358185,
		0.9004899859428406
	],
	"21. right_wrist": [
		0.4237569570541382,
		0.5751016736030579,
		-0.05656241253018379,
		0.7630897760391235
	],
	"24. nose": [
		0.45596083998680115,
		0.3331403136253357,
		-0.19873394072055817,
		0.9998584985733032
	],
	"25. left_eye": [
		0.4603957235813141,
		0.3209453821182251,
		-0.1785355508327484,
		0.9996560215950012
	],
	"26. right_eye": [
		0.44636330008506775,
		0.31943845748901367,
		-0.19152891635894775,
		0.9997414946556091
	],
	"27. left_ear": [
		0.4629853069782257,
		0.3285960853099823,
		-0.058135151863098145,
		0.9992175698280334
	],
	"28. right_ear": [
		0.4356835186481476,
		0.32870250940322876,
		-0.11858851462602615,
		0.9995855093002319
	],
	"time stamp": 23
}