{
	"1. left_hip": [
		0.4921899139881134,
		0.5936235189437866,
		0.06319518387317657,
		0.9987512230873108
	],
	"2. left_knee": [
		0.4990984797477722,
		0.7415314316749573,
		0.07895790785551071,
		0.8512604236602783
	],
	"3. left_ankle": [
		0.45841604471206665,
		0.870604395866394,
		0.2710559666156769,
		0.9582035541534424
	],
	"6. right_hip": [
		0.46021515130996704,
		0.6033498048782349,
		-0.06320428848266602,
		0.9995810985565186
	],
	"7. right_knee": [
		0.5069018006324768,
		0.7343201637268066,
		-0.15688979625701904,
		0.9805951118469238
	],
	"8. right_ankle": [
		0.5338255167007446,
		0.868570864200592,
		-0.047802362591028214,
		0.9908382296562195
	],
	"14. left_shoulder": [
		0.4837051033973694,
		0.40761446952819824,
		0.0031639067456126213,
		0.9995415806770325
	],
	"15. left_elbow": [
		0.4937622845172882,
		0.5116652846336365,
		-0.06521334499120712,
		0.6398444175720215
	],
	"16. left_wrist": [
		0.4825802743434906,
		0.47738921642303467,
		-0.2862595319747925,
		0.5626809597015381
	],
	"19. right_shoulder": [
		0.4206770360469818,
		0.4141905903816223,
		-0.0805540531873703,
		0.9997667074203491
	],
	"20. right_elbow": [
		0.4139702320098877,
		0.5239101052284241,
		-0.07868154346942902,
		0.8704241514205933
	],
	"21. right_wrist": [
		0.4260067641735077,
		0.5728996396064758,
		-0.16346079111099243,
		0.7145772576332092
	],
	"24. nose": [
		0.4610392153263092,
		0.32972103357315063,
		-0.2280230075120926,
		0.9998646974563599
	],
	"25. left_eye": [
		0.46580976247787476,
		0.3179369568824768,
		-0.20585612952709198,
		0.9996740818023682
	],
	"26. right_eye": [
		0.4506082534790039,
		0.31548798084259033,
		-0.21618534624576569,
		0.999754786491394
	],
	"27. left_ear": [
		0.4693766236305237,
		0.3280802071094513,
		-0.08232222497463226,
		0.9992220401763916
	],
	"28. right_ear": [
		0.4404568076133728,
		0.3238406777381897,
		-0.12939849495887756,
		0.9996111989021301
	],
	"time stamp": 23
}