{
	"1. left_hip": [
		0.48824867606163025,
		0.5934650301933289,
		0.07316449284553528,
		0.9987339973449707
	],
	"2. left_knee": [
		0.4988323152065277,
		0.7307180762290955,
		0.07818826287984848,
		0.8327919244766235
	],
	"3. left_ankle": [
		0.4743441641330719,
		0.8692899942398071,
		0.20186252892017365,
		0.9528158903121948
	],
	"6. right_hip": [
		0.4554707407951355,
		0.5990166068077087,
		-0.07321340590715408,
		0.9995478391647339
	],
	"7. right_knee": [
		0.4934941828250885,
		0.7309483885765076,
		-0.15115593373775482,
		0.9804495573043823
	],
	"8. right_ankle": [
		0.4698309600353241,
		0.8679603338241577,
		-0.0431586392223835,
		0.9896048307418823
	],
	"14. left_shoulder": [
		0.4881173372268677,
		0.40920397639274597,
		0.016473492607474327,
		0.9994297623634338
	],
	"15. left_elbow": [
		0.4887246787548065,
		0.5076493620872498,
		0.019111406058073044,
		0.5954769253730774
	],
	"16. left_wrist": [
		0.4790472388267517,
		0.5265407562255859,
		-0.1430741250514984,
		0.5219500660896301
	],
	"19. right_shoulder": [
		0.42784425616264343,
		0.4014222323894501,
		-0.13548536598682404,
		0.9997832179069519
	],
	"20. right_elbow": [
		0.40860214829444885,
		0.49930593371391296,
		-0.11067133396863937,
		0.8801503777503967
	],
	"21. right_wrist": [
		0.424125999212265,
		0.5714592933654785,
		-0.14071577787399292,
		0.7074379324913025
	],
	"24. nose": [
		0.4739314019680023,
		0.32755544781684875,
		-0.23358231782913208,
		0.9998606443405151
	],
	"25. left_eye": [
		0.47827833890914917,
		0.3156105577945709,
		-0.21073442697525024,
		0.9996708035469055
	],
	"26. right_eye": [
		0.4640762507915497,
		0.31260567903518677,
		-0.22763894498348236,
		0.9997622966766357
	],
	"27. left_ear": [
		0.48058074712753296,
		0.32625487446784973,
		-0.08536168187856674,
		0.9991320371627808
	],
	"28. right_ear": [
		0.451792448759079,
		0.3191479742527008,
		-0.16414344310760498,
		0.9996397495269775
	],
	"time stamp": 23
}