{
	"1. left_hip": [
		0.4815603196620941,
		0.5889648199081421,
		0.07505550980567932,
		0.9983755350112915
	],
	"2. left_knee": [
		0.4938705861568451,
		0.7225907444953918,
		0.07555469870567322,
		0.8049892783164978
	],
	"3. left_ankle": [
		0.4725499153137207,
		0.8605645895004272,
		0.15549814701080322,
		0.9365432858467102
	],
	"6. right_hip": [
		0.4512931704521179,
		0.58943110704422,
		-0.07504327595233917,
		0.9993894100189209
	],
	"7. right_knee": [
		0.4819519817829132,
		0.724335253238678,
		-0.15134169161319733,
		0.9783577919006348
	],
	"8. right_ankle": [
		0.46080538630485535,
		0.8708630204200745,
		-0.0938723087310791,
		0.9871769547462463
	],
	"14. left_shoulder": [
		0.48888617753982544,
		0.4080745577812195,
		0.025032317265868187,
		0.9990817308425903
	],
	"15. left_elbow": [
		0.48101863265037537,
		0.5050950646400452,
		0.07124214619398117,
		0.5514451861381531
	],
	"16. left_wrist": [
		0.47011110186576843,
		0.5429452657699585,
		-0.021342365071177483,
		0.48415160179138184
	],
	"19. right_shoulder": [
		0.43657511472702026,
		0.39016368985176086,
		-0.15257024765014648,
		0.999788761138916
	],
	"20. right_elbow": [
		0.4063572883605957,
		0.4826437532901764,
		-0.14145666360855103,
		0.8910751342773438
	],
	"21. right_wrist": [
		0.4230225682258606,
		0.5617390275001526,
		-0.17390641570091248,
		0.7218701243400574
	],
	"24. nose": [
		0.48159506916999817,
		0.324502170085907,
		-0.2330889254808426,
		0.9998032450675964
	],
	"25. left_eye": [
		0.4851424992084503,
		0.31315532326698303,
		-0.21034127473831177,
		0.9995666146278381
	],
	"26. right_eye": [
		0.47142714262008667,
		0.309783399105072,
		-0.2284928858280182,
		0.999724805355072
	],
	"27. left_ear": [
		0.48583927750587463,
		0.3235844075679779,
		-0.08830847591161728,
		0.9987729787826538
	],
	"28. right_ear": [
		0.45880889892578125,
		0.3157014846801758,
		-0.17204473912715912,
		0.999639630317688
	],
	"time stamp": 23
}