{
	"1. left_hip": [
		0.47487789392471313,
		0.5869741439819336,
		0.0771293193101883,
		0.9983351230621338
	],
	"2. left_knee": [
		0.48663458228111267,
		0.7242727279663086,
		0.09505804628133774,
		0.7910264134407043
	],
	"3. left_ankle": [
		0.45828473567962646,
		0.8501881957054138,
		0.21640509366989136,
		0.9284570217132568
	],
	"6. right_hip": [
		0.4455517530441284,
		0.5833926200866699,
		-0.07712853699922562,
		0.9993507862091064
	],
	"7. right_knee": [
		0.4694000780582428,
		0.7228962182998657,
		-0.12761443853378296,
		0.9780445694923401
	],
	"8. right_ankle": [
		0.43828195333480835,
		0.8701502680778503,
		-0.050416767597198486,
		0.9859946370124817
	],
	"14. left_shoulder": [
		0.4901089370250702,
		0.40718621015548706,
		0.043460652232170105,
		0.9989730715751648
	],
	"15. left_elbow": [
		0.47333693504333496,
		0.5035334825515747,
		0.08705981820821762,
		0.5100213289260864
	],
	"16. left_wrist": [
		0.4669334888458252,
		0.5524781346321106,
		-0.016901051625609398,
		0.4586397409439087
	],
	"19. right_shoulder": [
		0.44525012373924255,
		0.3834281861782074,
		-0.14269787073135376,
		0.999795138835907
	],
	"20. right_elbow": [
		0.40704622864723206,
		0.468417227268219,
		-0.13496285676956177,
		0.9006696343421936
	],
	"21. right_wrist": [
		0.42355698347091675,
		0.5533591508865356,
		-0.16950871050357819,
		0.7378473281860352
	],
	"24. nose": [
		0.4881410300731659,
		0.3225540816783905,
		-0.23134848475456238,
		0.999774694442749
	],
	"25. left_eye": [
		0.49100494384765625,
		0.31147417426109314,
		-0.20714199542999268,
		0.9995341300964355
	],
	"26. right_eye": [
		0.4776504933834076,
		0.3084013760089874,
		-0.22492288053035736,
		0.9997062087059021
	],
	"27. left_ear": [
		0.49179983139038086,
		0.3214212954044342,
		-0.08061715960502625,
		0.998586893081665
	],
	"28. right_ear": [
		0.46536412835121155,
		0.3149210512638092,
		-0.16087214648723602,
		0.9996468424797058
	],
	"time stamp": 23
}