{
	"1. left_hip": [
		0.470100462436676,
		0.5869561433792114,
		0.07464872300624847,
		0.9984844326972961
	],
	"2. left_knee": [
		0.4829850494861603,
		0.724621057510376,
		-0.042055319994688034,
		0.8063074350357056
	],
	"3. left_ankle": [
		0.4579649567604065,
		0.8619204759597778,
		0.04425661265850067,
		0.9338499307632446
	],
	"6. right_hip": [
		0.43774542212486267,
		0.5804589986801147,
		-0.07464314997196198,
		0.999370813369751
	],
	"7. right_knee": [
		0.4545290470123291,
		0.7192317247390747,
		-0.13454821705818176,
		0.9796959757804871
	],
	"8. right_ankle": [
		0.4101901352405548,
		0.8289875388145447,
		0.02753504179418087,
		0.9854240417480469
	],
	"14. left_shoulder": [
		0.4926050901412964,
		0.4092469811439514,
		0.06296306103467941,
		0.9989800453186035
	],
	"15. left_elbow": [
		0.4703432023525238,
		0.5028446912765503,
		0.1267918348312378,
		0.46904683113098145
	],
	"16. left_wrist": [
		0.46175724267959595,
		0.547505259513855,
		0.05048799887299538,
		0.4273723065853119
	],
	"19. right_shoulder": [
		0.45048972964286804,
		0.3818294107913971,
		-0.13139191269874573,
		0.999796986579895
	],
	"20. right_elbow": [
		0.4066462516784668,
		0.4515162706375122,
		-0.12424513697624207,
		0.909538984298706
	],
	"21. right_wrist": [
		0.40615442395210266,
		0.5049556493759155,
		-0.12308236956596375,
		0.7501413822174072
	],
	"24. nose": [
		0.49464839696884155,
		0.322062224149704,
		-0.20862840116024017,
		0.9997894167900085
	],
	"25. left_eye": [
		0.49668189883232117,
		0.31096699833869934,
		-0.1838780790567398,
		0.9995679259300232
	],
	"26. right_eye": [
		0.48372116684913635,
		0.30816909670829773,
		-0.20180004835128784,
		0.9997246265411377
	],
	"27. left_ear": [
		0.4973856508731842,
		0.3205938935279846,
		-0.056273166090250015,
		0.9986802339553833
	],
	"28. right_ear": [
		0.4714856445789337,
		0.31498757004737854,
		-0.13770852982997894,
		0.9996759295463562
	],
	"time stamp": 23
}