{
	"1. left_hip": [
		0.4576253294944763,
		0.589975118637085,
		0.07548816502094269,
		0.998626708984375
	],
	"2. left_knee": [
		0.4731115698814392,
		0.7255833148956299,
		-0.024986298754811287,
		0.8233852982521057
	],
	"3. left_ankle": [
		0.4566279947757721,
		0.8653612732887268,
		0.024277225136756897,
		0.9399524331092834
	],
	"6. right_hip": [
		0.4272964298725128,
		0.5814800262451172,
		-0.07545492798089981,
		0.9994076490402222
	],
	"7. right_knee": [
		0.4212128818035126,
		0.7193567156791687,
		-0.07085521519184113,
		0.9814808964729309
	],
	"8. right_ankle": [
		0.36332425475120544,
		0.8224960565567017,
		0.07384724169969559,
		0.9864007234573364
	],
	"14. left_shoulder": [
		0.4906086027622223,
		0.4086744487285614,
		0.05105287954211235,
		0.9990570545196533
	],
	"15. left_elbow": [
		0.45707905292510986,
		0.490535706281662,
		0.15406575798988342,
		0.43255704641342163
	],
	"16. left_wrist": [
		0.4530865252017975,
		0.5440637469291687,
		0.13709896802902222,
		0.40139269828796387
	],
	"19. right_shoulder": [
		0.45785197615623474,
		0.38333550095558167,
		-0.17230109870433807,
		0.99981290102005
	],
	"20. right_elbow": [
		0.40739959478378296,
		0.4467594027519226,
		-0.1204974576830864,
		0.9179204702377319
	],
	"21. right_wrist": [
		0.40566834807395935,
		0.5069463849067688,
		-0.005679268389940262,
		0.7587226629257202
	],
	"24. nose": [
		0.5030880570411682,
		0.3254118859767914,
		-0.23210516571998596,
		0.9998102188110352
	],
	"25. left_eye": [
		0.5039021968841553,
		0.3133489489555359,
		-0.20774203538894653,
		0.9996108412742615
	],
	"26. right_eye": [
		0.49260273575782776,
		0.31178542971611023,
		-0.23061996698379517,
		0.9997519254684448
	],
	"27. left_ear": [
		0.5024858117103577,
		0.3217613101005554,
		-0.07935374230146408,
		0.998810887336731
	],
	"28. right_ear": [
		0.4799710214138031,
		0.32061898708343506,
		-0.18460123240947723,
		0.9997082352638245
	],
	"time stamp": 23
}