{
	"1. left_hip": [
		0.4485686719417572,
		0.5915926694869995,
		0.08272941410541534,
		0.9987294673919678
	],
	"2. left_knee": [
		0.4647197723388672,
		0.7206475138664246,
		0.006201412063091993,
		0.8357890844345093
	],
	"3. left_ankle": [
		0.4555792212486267,
		0.8663629293441772,
		0.05910560488700867,
		0.9450479745864868
	],
	"6. right_hip": [
		0.4211321771144867,
		0.5810496807098389,
		-0.08270241320133209,
		0.9993978142738342
	],
	"7. right_knee": [
		0.40945056080818176,
		0.7194803953170776,
		-0.10854489356279373,
		0.9830586910247803
	],
	"8. right_ankle": [
		0.3401986360549927,
		0.82157963514328,
		-0.03181613236665726,
		0.9874324798583984
	],
	"14. left_shoulder": [
		0.48967626690864563,
		0.41156911849975586,
		0.085060253739357,
		0.9990810751914978
	],
	"15. left_elbow": [
		0.46401751041412354,
		0.49055933952331543,
		0.18890127539634705,
		0.394298255443573
	],
	"16. left_wrist": [
		0.45901551842689514,
		0.5390141606330872,
		0.17165353894233704,
		0.3730151057243347
	],
	"19. right_shoulder": [
		0.4635366201400757,
		0.38544976711273193,
		-0.16161642968654633,
		0.9998230934143066
	],
	"20. right_elbow": [
		0.41118958592414856,
		0.443515807390213,
		-0.15788720548152924,
		0.9253267049789429
	],
	"21. right_wrist": [
		0.4038766324520111,
		0.5052666068077087,
		-0.16203051805496216,
		0.775219738483429
	],
	"24. nose": [
		0.5072945952415466,
		0.3300999104976654,
		-0.2211327999830246,
		0.9998285174369812
	],
	"25. left_eye": [
		0.507881760597229,
		0.3174576461315155,
		-0.19269780814647675,
		0.9996487498283386
	],
	"26. right_eye": [
		0.49698606133461,
		0.31808754801750183,
		-0.2172420471906662,
		0.9997761249542236
	],
	"27. left_ear": [
		0.506179690361023,
		0.32430362701416016,
		-0.05878441780805588,
		0.9989266395568848
	],
	"28. right_ear": [
		0.48384299874305725,
		0.32897239923477173,
		-0.17363734543323517,
		0.9997370839118958
	],
	"time stamp": 23
}