{
	"1. left_hip": [
		0.44608187675476074,
		0.5915402770042419,
		0.08304581046104431,
		0.9987934231758118
	],
	"2. left_knee": [
		0.464542955160141,
		0.71873539686203,
		0.021923091262578964,
		0.848854124546051
	],
	"3. left_ankle": [
		0.4550440013408661,
		0.868073046207428,
		0.08835428953170776,
		0.9499131441116333
	],
	"6. right_hip": [
		0.41686028242111206,
		0.5777920484542847,
		-0.0830477699637413,
		0.9993954300880432
	],
	"7. right_knee": [
		0.39272215962409973,
		0.7210716009140015,
		-0.1133766770362854,
		0.9845901727676392
	],
	"8. right_ankle": [
		0.3222503066062927,
		0.8249372839927673,
		-0.048028457909822464,
		0.9885315299034119
	],
	"14. left_shoulder": [
		0.49075889587402344,
		0.41382691264152527,
		0.06733222305774689,
		0.9990085959434509
	],
	"15. left_elbow": [
		0.454397052526474,
		0.48696526885032654,
		0.14492583274841309,
		0.36025622487068176
	],
	"16. left_wrist": [
		0.4443396329879761,
		0.5330963730812073,
		0.1146521046757698,
		0.3451217710971832
	],
	"19. right_shoulder": [
		0.46662265062332153,
		0.3901202380657196,
		-0.183600515127182,
		0.99983149766922
	],
	"20. right_elbow": [
		0.41600286960601807,
		0.4398878216743469,
		-0.16441655158996582,
		0.9321698546409607
	],
	"21. right_wrist": [
		0.402439683675766,
		0.48882442712783813,
		-0.1412263810634613,
		0.79185551404953
	],
	"24. nose": [
		0.5097767114639282,
		0.33678320050239563,
		-0.2263985127210617,
		0.9998449087142944
	],
	"25. left_eye": [
		0.5099084377288818,
		0.32463082671165466,
		-0.20020310580730438,
		0.9996828436851501
	],
	"26. right_eye": [
		0.4996664524078369,
		0.3265557587146759,
		-0.22378499805927277,
		0.9997978210449219
	],
	"27. left_ear": [
		0.5083073377609253,
		0.3308660387992859,
		-0.07059691846370697,
		0.9990298748016357
	],
	"28. right_ear": [
		0.48636963963508606,
		0.33912530541419983,
		-0.17600253224372864,
		0.999763011932373
	],
	"time stamp": 23
}