{
	"1. left_hip": [
		0.4394122362136841,
		0.598469078540802,
		0.0819663479924202,
		0.9988263249397278
	],
	"2. left_knee": [
		0.4624033570289612,
		0.7191359400749207,
		0.0384085513651371,
		0.8598576188087463
	],
	"3. left_ankle": [
		0.4543200731277466,
		0.8686679601669312,
		0.09398997575044632,
		0.9542015194892883
	],
	"6. right_hip": [
		0.4109690487384796,
		0.5804586410522461,
		-0.08196226507425308,
		0.9993990063667297
	],
	"7. right_knee": [
		0.3784599006175995,
		0.7275139093399048,
		-0.11733999103307724,
		0.9859225153923035
	],
	"8. right_ankle": [
		0.3091020882129669,
		0.8300936222076416,
		-0.07883019745349884,
		0.9894935488700867
	],
	"14. left_shoulder": [
		0.4922848045825958,
		0.4224112927913666,
		0.07867970317602158,
		0.9989816546440125
	],
	"15. left_elbow": [
		0.45790794491767883,
		0.49175721406936646,
		0.16126230359077454,
		0.3295362591743469
	],
	"16. left_wrist": [
		0.44733965396881104,
		0.5312499403953552,
		0.14447645843029022,
		0.3214854896068573
	],
	"19. right_shoulder": [
		0.47019705176353455,
		0.40537551045417786,
		-0.16169841587543488,
		0.9998403787612915
	],
	"20. right_elbow": [
		0.41972681879997253,
		0.44039633870124817,
		-0.14068114757537842,
		0.9375520944595337
	],
	"21. right_wrist": [
		0.40282896161079407,
		0.4838178753852844,
		-0.11408035457134247,
		0.8023985028266907
	],
	"24. nose": [
		0.5120642781257629,
		0.3467146158218384,
		-0.21470025181770325,
		0.9998599290847778
	],
	"25. left_eye": [
		0.5125066637992859,
		0.33476489782333374,
		-0.19012002646923065,
		0.9997140169143677
	],
	"26. right_eye": [
		0.5014032125473022,
		0.33902624249458313,
		-0.2092009037733078,
		0.9998176097869873
	],
	"27. left_ear": [
		0.5101814270019531,
		0.3421781659126282,
		-0.0657748430967331,
		0.9991251826286316
	],
	"28. right_ear": [
		0.48725059628486633,
		0.3521732687950134,
		-0.14864471554756165,
		0.9997864365577698
	],
	"time stamp": 23
}