{
	"1. left_hip": [
		0.4401355981826782,
		0.612696647644043,
		0.08093278855085373,
		0.99884432554245
	],
	"2. left_knee": [
		0.4627190828323364,
		0.7195756435394287,
		0.10371828079223633,
		0.8716435432434082
	],
	"3. left_ankle": [
		0.45438188314437866,
		0.8690521121025085,
		0.18220430612564087,
		0.9584034085273743
	],
	"6. right_hip": [
		0.40848004817962646,
		0.5976110100746155,
		-0.08092469722032547,
		0.9994380474090576
	],
	"7. right_knee": [
		0.36209192872047424,
		0.7419047951698303,
		-0.10557792335748672,
		0.9872639179229736
	],
	"8. right_ankle": [
		0.2985179126262665,
		0.8543115258216858,
		-0.08027626574039459,
		0.9905015230178833
	],
	"14. left_shoulder": [
		0.4957471787929535,
		0.43959885835647583,
		0.09100982546806335,
		0.9990019798278809
	],
	"15. left_elbow": [
		0.4544964134693146,
		0.49556052684783936,
		0.14957177639007568,
		0.3029979467391968
	],
	"16. left_wrist": [
		0.4391246438026428,
		0.5420045852661133,
		0.11253400146961212,
		0.3027067482471466
	],
	"19. right_shoulder": [
		0.46932244300842285,
		0.4285787045955658,
		-0.1445358246564865,
		0.9998539090156555
	],
	"20. right_elbow": [
		0.4223531186580658,
		0.44715452194213867,
		-0.1350977122783661,
		0.9420518279075623
	],
	"21. right_wrist": [
		0.40132662653923035,
		0.4876672923564911,
		-0.09994515776634216,
		0.8128610253334045
	],
	"24. nose": [
		0.5108760595321655,
		0.3705615997314453,
		-0.19003531336784363,
		0.9998737573623657
	],
	"25. left_eye": [
		0.5113943815231323,
		0.36042875051498413,
		-0.16698014736175537,
		0.999742329120636
	],
	"26. right_eye": [
		0.5000721216201782,
		0.36121249198913574,
		-0.18181352317333221,
		0.9998356103897095
	],
	"27. left_ear": [
		0.5092976093292236,
		0.36745303869247437,
		-0.04816410318017006,
		0.9992116689682007
	],
	"28. right_ear": [
		0.48641714453697205,
		0.3709225654602051,
		-0.11226888000965118,
		0.9998076558113098
	],
	"time stamp": 23
}