{
	"1. left_hip": [
		0.4343475103378296,
		0.6203988194465637,
		0.08278832584619522,
		0.9988709688186646
	],
	"2. left_knee": [
		0.4637853801250458,
		0.7200369834899902,
		0.07513608038425446,
		0.8822338581085205
	],
	"3. left_ankle": [
		0.4540097117424011,
		0.8689768314361572,
		0.1510593742132187,
		0.9620494246482849
	],
	"6. right_hip": [
		0.40445569157600403,
		0.6070013642311096,
		-0.08280181139707565,
		0.9994721412658691
	],
	"7. right_knee": [
		0.36100801825523376,
		0.7524489760398865,
		-0.10659448057413101,
		0.988464891910553
	],
	"8. right_ankle": [
		0.29844167828559875,
		0.8639727830886841,
		-0.07397569715976715,
		0.9914003014564514
	],
	"14. left_shoulder": [
		0.4950047731399536,
		0.45469191670417786,
		0.08180227875709534,
		0.9989801049232483
	],
	"15. left_elbow": [
		0.44936129450798035,
		0.507762610912323,
		0.14189359545707703,
		0.2785262167453766
	],
	"16. left_wrist": [
		0.42943933606147766,
		0.5570647120475769,
		0.10180917382240295,
		0.282155841588974
	],
	"19. right_shoulder": [
		0.4676991105079651,
		0.4390954375267029,
		-0.15590764582157135,
		0.9998667240142822
	],
	"20. right_elbow": [
		0.4200558066368103,
		0.4512600004673004,
		-0.14879313111305237,
		0.9469718337059021
	],
	"21. right_wrist": [
		0.39661744236946106,
		0.4967425465583801,
		-0.12126096338033676,
		0.8255512714385986
	],
	"24. nose": [
		0.509884238243103,
		0.3837156891822815,
		-0.20475207269191742,
		0.9998862743377686
	],
	"25. left_eye": [
		0.5110070109367371,
		0.37273266911506653,
		-0.17763692140579224,
		0.9997678995132446
	],
	"26. right_eye": [
		0.4993232786655426,
		0.37194934487342834,
		-0.18684709072113037,
		0.9998518824577332
	],
	"27. left_ear": [
		0.5083950757980347,
		0.3795587718486786,
		-0.04909464344382286,
		0.9992898106575012
	],
	"28. right_ear": [
		0.48443081974983215,
		0.3801003694534302,
		-0.12764741480350494,
		0.9998267889022827
	],
	"time stamp": 23
}