{
	"1. left_hip": [
		0.4303339421749115,
		0.6252413988113403,
		0.08173535019159317,
		0.9988382458686829
	],
	"2. left_knee": [
		0.4650602638721466,
		0.7203183770179749,
		0.043563880026340485,
		0.8921601176261902
	],
	"3. left_ankle": [
		0.45370569825172424,
		0.8689468502998352,
		0.09538199752569199,
		0.9652460813522339
	],
	"6. right_hip": [
		0.4012121856212616,
		0.6139479875564575,
		-0.08174435794353485,
		0.999483585357666
	],
	"7. right_knee": [
		0.3604486882686615,
		0.7587920427322388,
		-0.10677502304315567,
		0.9895315766334534
	],
	"8. right_ankle": [
		0.2979164719581604,
		0.8679562211036682,
		-0.07314713299274445,
		0.9921928644180298
	],
	"14. left_shoulder": [
		0.4941317141056061,
		0.46489575505256653,
		0.0741431713104248,
		0.9988654255867004
	],
	"15. left_elbow": [
		0.44358691573143005,
		0.5190036296844482,
		0.13380134105682373,
		0.2577544152736664
	],
	"16. left_wrist": [
		0.4209881126880646,
		0.569161593914032,
		0.10591127723455429,
		0.2624415457248688
	],
	"19. right_shoulder": [
		0.4644315838813782,
		0.44848519563674927,
		-0.16493012011051178,
		0.9998765587806702
	],
	"20. right_elbow": [
		0.41829144954681396,
		0.4538995921611786,
		-0.16668328642845154,
		0.9513512849807739
	],
	"21. right_wrist": [
		0.39368152618408203,
		0.5011796355247498,
		-0.15372279286384583,
		0.8368319869041443
	],
	"24. nose": [
		0.5083773136138916,
		0.3911258280277252,
		-0.21744871139526367,
		0.9998974800109863
	],
	"25. left_eye": [
		0.509221076965332,
		0.37886300683021545,
		-0.19040238857269287,
		0.9997908473014832
	],
	"26. right_eye": [
		0.49746042490005493,
		0.37849459052085876,
		-0.20176096260547638,
		0.9998664855957031
	],
	"27. left_ear": [
		0.506243109703064,
		0.38652271032333374,
		-0.06493391841650009,
		0.9993600845336914
	],
	"28. right_ear": [
		0.48258304595947266,
		0.3874158263206482,
		-0.13249008357524872,
		0.999843955039978
	],
	"time stamp": 23
}