{
	"1. left_hip": [
		0.4280867576599121,
		0.6314657926559448,
		0.081085704267025,
		0.9987900853157043
	],
	"2. left_knee": [
		0.46657735109329224,
		0.7224211096763611,
		0.039633821696043015,
		0.9004682302474976
	],
	"3. left_ankle": [
		0.45339107513427734,
		0.8704974055290222,
		0.0972616896033287,
		0.9678482413291931
	],
	"6. right_hip": [
		0.40159615874290466,
		0.621009111404419,
		-0.08109158277511597,
		0.9994949698448181
	],
	"7. right_knee": [
		0.35708969831466675,
		0.7641165852546692,
		-0.1017826572060585,
		0.9904555082321167
	],
	"8. right_ankle": [
		0.295820951461792,
		0.8726335167884827,
		-0.06623614579439163,
		0.9928876161575317
	],
	"14. left_shoulder": [
		0.4936229884624481,
		0.471624493598938,
		0.0708598643541336,
		0.998754620552063
	],
	"15. left_elbow": [
		0.44235968589782715,
		0.5231702327728271,
		0.1305726319551468,
		0.23894518613815308
	],
	"16. left_wrist": [
		0.41835343837738037,
		0.5717938542366028,
		0.10383745282888412,
		0.24527090787887573
	],
	"19. right_shoulder": [
		0.4630240201950073,
		0.45283013582229614,
		-0.16085153818130493,
		0.9998865723609924
	],
	"20. right_elbow": [
		0.41794174909591675,
		0.4627324938774109,
		-0.1714814454317093,
		0.9551662802696228
	],
	"21. right_wrist": [
		0.3911629319190979,
		0.5071913599967957,
		-0.17511191964149475,
		0.8478593826293945
	],
	"24. nose": [
		0.5059942007064819,
		0.39221855998039246,
		-0.21430645883083344,
		0.9999074935913086
	],
	"25. left_eye": [
		0.507273256778717,
		0.38093194365501404,
		-0.18875931203365326,
		0.9998113512992859
	],
	"26. right_eye": [
		0.4950454533100128,
		0.37927207350730896,
		-0.20127859711647034,
		0.9998795390129089
	],
	"27. left_ear": [
		0.5047459602355957,
		0.3910958468914032,
		-0.06598658114671707,
		0.9994228482246399
	],
	"28. right_ear": [
		0.48075616359710693,
		0.389784038066864,
		-0.12997451424598694,
		0.9998592734336853
	],
	"time stamp": 23
}