{
	"1. left_hip": [
		0.4300024211406708,
		0.6314740777015686,
		0.08070267736911774,
		0.9987701177597046
	],
	"2. left_knee": [
		0.4690941274166107,
		0.7251884341239929,
		0.05065184459090233,
		0.9073957204818726
	],
	"3. left_ankle": [
		0.45348477363586426,
		0.8703433275222778,
		0.11013007909059525,
		0.9700934290885925
	],
	"6. right_hip": [
		0.40429678559303284,
		0.6204114556312561,
		-0.08071645349264145,
		0.9995193481445312
	],
	"7. right_knee": [
		0.36005493998527527,
		0.7622407078742981,
		-0.11159025877714157,
		0.9913167953491211
	],
	"8. right_ankle": [
		0.2982622981071472,
		0.8718641400337219,
		-0.09559030085802078,
		0.9935339093208313
	],
	"14. left_shoulder": [
		0.4947088062763214,
		0.47191569209098816,
		0.07112231850624084,
		0.9987594485282898
	],
	"15. left_elbow": [
		0.4474879801273346,
		0.532238245010376,
		0.1280747354030609,
		0.2215835601091385
	],
	"16. left_wrist": [
		0.42657533288002014,
		0.5843076109886169,
		0.08498473465442657,
		0.22823677957057953
	],
	"19. right_shoulder": [
		0.4634467661380768,
		0.4531310498714447,
		-0.15971213579177856,
		0.999896228313446
	],
	"20. right_elbow": [
		0.4179950952529907,
		0.4649406969547272,
		-0.1584690362215042,
		0.9583300352096558
	],
	"21. right_wrist": [
		0.3929823040962219,
		0.5122416019439697,
		-0.1605195254087448,
		0.8540864586830139
	],
	"24. nose": [
		0.5045860409736633,
		0.39368507266044617,
		-0.21344934403896332,
		0.9999164938926697
	],
	"25. left_eye": [
		0.5061061382293701,
		0.38180118799209595,
		-0.18885581195354462,
		0.9998297691345215
	],
	"26. right_eye": [
		0.49373140931129456,
		0.3815111517906189,
		-0.20158275961875916,
		0.9998912215232849
	],
	"27. left_ear": [
		0.5044436454772949,
		0.3924027383327484,
		-0.06787280738353729,
		0.9994792938232422
	],
	"28. right_ear": [
		0.47982436418533325,
		0.39105987548828125,
		-0.126773864030838,
		0.9998730421066284
	],
	"time stamp": 23
}