{
	"1. left_hip": [
		0.43438848853111267,
		0.6283883452415466,
		0.07874206453561783,
		0.9987519979476929
	],
	"2. left_knee": [
		0.4713324308395386,
		0.7272961139678955,
		0.03439541533589363,
		0.914501428604126
	],
	"3. left_ankle": [
		0.4535568654537201,
		0.8700812458992004,
		0.104124516248703,
		0.9723569750785828
	],
	"6. right_hip": [
		0.4066973924636841,
		0.6169474720954895,
		-0.07869292795658112,
		0.9995421171188354
	],
	"7. right_knee": [
		0.3632344901561737,
		0.7578204870223999,
		-0.14324554800987244,
		0.9921132326126099
	],
	"8. right_ankle": [
		0.29985788464546204,
		0.8702477216720581,
		-0.13816116750240326,
		0.9941281676292419
	],
	"14. left_shoulder": [
		0.5006026029586792,
		0.47204411029815674,
		0.0482197180390358,
		0.9987793564796448
	],
	"15. left_elbow": [
		0.45795777440071106,
		0.5375681519508362,
		0.12188534438610077,
		0.20719261467456818
	],
	"16. left_wrist": [
		0.4373640716075897,
		0.6053556799888611,
		0.07797115296125412,
		0.21120238304138184
	],
	"19. right_shoulder": [
		0.46264445781707764,
		0.45119357109069824,
		-0.16998445987701416,
		0.9999048709869385
	],
	"20. right_elbow": [
		0.417903870344162,
		0.4733441174030304,
		-0.1647559106349945,
		0.9610525965690613
	],
	"21. right_wrist": [
		0.3945172131061554,
		0.5167712569236755,
		-0.16210801899433136,
		0.8586805462837219
	],
	"24. nose": [
		0.503990650177002,
		0.3878574073314667,
		-0.24601128697395325,
		0.9999245405197144
	],
	"25. left_eye": [
		0.5055031180381775,
		0.3762615919113159,
		-0.22267623245716095,
		0.999846339225769
	],
	"26. right_eye": [
		0.49340543150901794,
		0.37741151452064514,
		-0.23527857661247253,
		0.9999017715454102
	],
	"27. left_ear": [
		0.5043521523475647,
		0.38673070073127747,
		-0.10019463300704956,
		0.9995301365852356
	],
	"28. right_ear": [
		0.479955792427063,
		0.3887884020805359,
		-0.15417473018169403,
		0.9998854398727417
	],
	"time stamp": 23
}