{
	"1. left_hip": [
		0.4349178075790405,
		0.6257969737052917,
		0.07595077902078629,
		0.9987707138061523
	],
	"2. left_knee": [
		0.4735758602619171,
		0.7292121052742004,
		0.020065557211637497,
		0.920603334903717
	],
	"3. left_ankle": [
		0.45359551906585693,
		0.8698930740356445,
		0.1022198498249054,
		0.9743919968605042
	],
	"6. right_hip": [
		0.407951295375824,
		0.6159834265708923,
		-0.07590754330158234,
		0.9995676279067993
	],
	"7. right_knee": [
		0.36720597743988037,
		0.7570070624351501,
		-0.16450506448745728,
		0.9928145408630371
	],
	"8. right_ankle": [
		0.3025089204311371,
		0.8685987591743469,
		-0.14437450468540192,
		0.9946563243865967
	],
	"14. left_shoulder": [
		0.5066244006156921,
		0.4692319333553314,
		0.02583647146821022,
		0.9988176226615906
	],
	"15. left_elbow": [
		0.47009921073913574,
		0.5384016036987305,
		0.10169866681098938,
		0.1929055154323578
	],
	"16. left_wrist": [
		0.45140641927719116,
		0.60476154088974,
		0.04581082984805107,
		0.1948966234922409
	],
	"19. right_shoulder": [
		0.46223151683807373,
		0.44833406805992126,
		-0.17830821871757507,
		0.9999129176139832
	],
	"20. right_elbow": [
		0.4168516993522644,
		0.47480520606040955,
		-0.17603622376918793,
		0.9630832672119141
	],
	"21. right_wrist": [
		0.3950912654399872,
		0.5271390080451965,
		-0.18496085703372955,
		0.8592529296875
	],
	"24. nose": [
		0.5041324496269226,
		0.3848128020763397,
		-0.2851463258266449,
		0.9999317526817322
	],
	"25. left_eye": [
		0.5064368844032288,
		0.3733367621898651,
		-0.26151812076568604,
		0.9998611807823181
	],
	"26. right_eye": [
		0.4936956763267517,
		0.37474220991134644,
		-0.2722439169883728,
		0.9999112486839294
	],
	"27. left_ear": [
		0.5070394277572632,
		0.3832392394542694,
		-0.13255999982357025,
		0.9995754957199097
	],
	"28. right_ear": [
		0.48119330406188965,
		0.3862670063972473,
		-0.1774219125509262,
		0.9998966455459595
	],
	"time stamp": 23
}