{
	"1. left_hip": [
		0.4409882724285126,
		0.624431312084198,
		0.0708649754524231,
		0.9987933039665222
	],
	"2. left_knee": [
		0.4742739200592041,
		0.7298463582992554,
		0.016475435346364975,
		0.9253276586532593
	],
	"3. left_ankle": [
		0.4537160098552704,
		0.8682960271835327,
		0.09902852028608322,
		0.9760202169418335
	],
	"6. right_hip": [
		0.40869611501693726,
		0.6098502278327942,
		-0.07079572230577469,
		0.9995889663696289
	],
	"7. right_knee": [
		0.3718040883541107,
		0.7490527033805847,
		-0.16948463022708893,
		0.9934244751930237
	],
	"8. right_ankle": [
		0.3078656792640686,
		0.8653361797332764,
		-0.15681873261928558,
		0.9951035380363464
	],
	"14. left_shoulder": [
		0.5115078687667847,
		0.4685148000717163,
		0.010596787557005882,
		0.9988648295402527
	],
	"15. left_elbow": [
		0.4787585139274597,
		0.5399948954582214,
		0.08194110542535782,
		0.18131819367408752
	],
	"16. left_wrist": [
		0.45849061012268066,
		0.6085896492004395,
		0.024516811594367027,
		0.1806311458349228
	],
	"19. right_shoulder": [
		0.4625435471534729,
		0.4452163577079773,
		-0.1762944757938385,
		0.9999191164970398
	],
	"20. right_elbow": [
		0.41722869873046875,
		0.4744427502155304,
		-0.1671270877122879,
		0.9619813561439514
	],
	"21. right_wrist": [
		0.39846161007881165,
		0.5261572003364563,
		-0.14541542530059814,
		0.8409121036529541
	],
	"24. nose": [
		0.5050250291824341,
		0.3819199800491333,
		-0.28552430868148804,
		0.9999381303787231
	],
	"25. left_eye": [
		0.5076735019683838,
		0.37041643261909485,
		-0.2632887363433838,
		0.9998744130134583
	],
	"26. right_eye": [
		0.4945964217185974,
		0.3714468777179718,
		-0.27352574467658997,
		0.999919593334198
	],
	"27. left_ear": [
		0.5091153383255005,
		0.37998491525650024,
		-0.13950662314891815,
		0.9996160268783569
	],
	"28. right_ear": [
		0.4824315309524536,
		0.38273048400878906,
		-0.18277201056480408,
		0.9999065399169922
	],
	"time stamp": 23
}