{
	"1. left_hip": [
		0.4587441086769104,
		0.6227705478668213,
		0.04835796356201172,
		0.998796820640564
	],
	"2. left_knee": [
		0.47699445486068726,
		0.7367585897445679,
		-0.07626666873693466,
		0.9312596321105957
	],
	"3. left_ankle": [
		0.4538716673851013,
		0.8674830198287964,
		0.01298812497407198,
		0.9776086807250977
	],
	"6. right_hip": [
		0.42026638984680176,
		0.5990206003189087,
		-0.04831176996231079,
		0.9995675086975098
	],
	"7. right_knee": [
		0.38939356803894043,
		0.7389787435531616,
		-0.07400994747877121,
		0.9936961531639099
	],
	"8. right_ankle": [
		0.3406623601913452,
		0.8471858501434326,
		0.03820820152759552,
		0.9952396154403687
	],
	"14. left_shoulder": [
		0.5185722708702087,
		0.4672066569328308,
		-0.0012057301355525851,
		0.9988423585891724
	],
	"15. left_elbow": [
		0.49184882640838623,
		0.5356598496437073,
		0.056617315858602524,
		0.17950671911239624
	],
	"16. left_wrist": [
		0.47208672761917114,
		0.6123461723327637,
		-0.006529286038130522,
		0.17097726464271545
	],
	"19. right_shoulder": [
		0.4656270444393158,
		0.431631863117218,
		-0.12348346412181854,
		0.9999115467071533
	],
	"20. right_elbow": [
		0.42374151945114136,
		0.4691648781299591,
		-0.09302334487438202,
		0.9574089646339417
	],
	"21. right_wrist": [
		0.41392114758491516,
		0.5175012946128845,
		-0.06318142265081406,
		0.8069343566894531
	],
	"24. nose": [
		0.5064865350723267,
		0.3720167875289917,
		-0.23480425775051117,
		0.9999353289604187
	],
	"25. left_eye": [
		0.5099798440933228,
		0.3626578152179718,
		-0.221719890832901,
		0.9998654723167419
	],
	"26. right_eye": [
		0.4965396225452423,
		0.36344897747039795,
		-0.22415101528167725,
		0.9999059438705444
	],
	"27. left_ear": [
		0.513160228729248,
		0.37192583084106445,
		-0.11692246049642563,
		0.9996042251586914
	],
	"28. right_ear": [
		0.4847356379032135,
		0.3766213655471802,
		-0.14278313517570496,
		0.9998872876167297
	],
	"time stamp": 23
}