{
	"1. left_hip": [
		0.46696269512176514,
		0.618999183177948,
		0.03489895164966583,
		0.9988985657691956
	],
	"2. left_knee": [
		0.4791581332683563,
		0.7408342361450195,
		-0.12762171030044556,
		0.9371161460876465
	],
	"3. left_ankle": [
		0.45390185713768005,
		0.867238461971283,
		-0.041873157024383545,
		0.979205846786499
	],
	"6. right_hip": [
		0.42737337946891785,
		0.5936331152915955,
		-0.0348789356648922,
		0.9995908737182617
	],
	"7. right_knee": [
		0.4040510654449463,
		0.7261509299278259,
		-0.04949716851115227,
		0.9936846494674683
	],
	"8. right_ankle": [
		0.36598286032676697,
		0.8316015601158142,
		0.10285497456789017,
		0.9949197769165039
	],
	"14. left_shoulder": [
		0.5225390791893005,
		0.46669456362724304,
		-0.034698061645030975,
		0.9989315867424011
	],
	"15. left_elbow": [
		0.4973796606063843,
		0.534968376159668,
		0.04543967545032501,
		0.20766334235668182
	],
	"16. left_wrist": [
		0.479373037815094,
		0.6056361198425293,
		0.0035013272427022457,
		0.16812831163406372
	],
	"19. right_shoulder": [
		0.4655320644378662,
		0.42451244592666626,
		-0.11729282140731812,
		0.9999121427536011
	],
	"20. right_elbow": [
		0.42354920506477356,
		0.46663016080856323,
		-0.02778494358062744,
		0.950502872467041
	],
	"21. right_wrist": [
		0.4162921905517578,
		0.5237614512443542,
		0.05534903705120087,
		0.7597429156303406
	],
	"24. nose": [
		0.507379949092865,
		0.3639846444129944,
		-0.2594774663448334,
		0.999940037727356
	],
	"25. left_eye": [
		0.510584831237793,
		0.35373619198799133,
		-0.24368439614772797,
		0.9998751878738403
	],
	"26. right_eye": [
		0.4973961114883423,
		0.3559173047542572,
		-0.24682219326496124,
		0.9999109506607056
	],
	"27. left_ear": [
		0.5134866833686829,
		0.36187824606895447,
		-0.14263789355754852,
		0.9996344447135925
	],
	"28. right_ear": [
		0.48543912172317505,
		0.3690732717514038,
		-0.15794405341148376,
		0.999893069267273
	],
	"time stamp": 23
}