{
	"1. left_hip": [
		0.47378429770469666,
		0.6117303371429443,
		0.022383913397789,
		0.9989989399909973
	],
	"2. left_knee": [
		0.4802420139312744,
		0.7425145506858826,
		-0.18174587190151215,
		0.9424687027931213
	],
	"3. left_ankle": [
		0.45392268896102905,
		0.8677327632904053,
		-0.09693656116724014,
		0.9803252816200256
	],
	"6. right_hip": [
		0.432853639125824,
		0.58753502368927,
		-0.022318221628665924,
		0.9996052384376526
	],
	"7. right_knee": [
		0.41358044743537903,
		0.7227357625961304,
		-0.029752986505627632,
		0.9928703904151917
	],
	"8. right_ankle": [
		0.3874792158603668,
		0.8189305663108826,
		0.17195461690425873,
		0.9919140338897705
	],
	"14. left_shoulder": [
		0.5250295400619507,
		0.4646763801574707,
		-0.05225572735071182,
		0.9990190267562866
	],
	"15. left_elbow": [
		0.502975583076477,
		0.5412397384643555,
		0.008841745555400848,
		0.253622442483902
	],
	"16. left_wrist": [
		0.4871813654899597,
		0.60676109790802,
		-0.051889870315790176,
		0.18416333198547363
	],
	"19. right_shoulder": [
		0.46568092703819275,
		0.41781193017959595,
		-0.10441514849662781,
		0.999881386756897
	],
	"20. right_elbow": [
		0.42680761218070984,
		0.4667481780052185,
		-0.03453877940773964,
		0.9355142116546631
	],
	"21. right_wrist": [
		0.4205242693424225,
		0.5288537740707397,
		-0.009682700969278812,
		0.7190217971801758
	],
	"24. nose": [
		0.5076624751091003,
		0.35797974467277527,
		-0.2578589618206024,
		0.9999421834945679
	],
	"25. left_eye": [
		0.5109336376190186,
		0.34678661823272705,
		-0.24257513880729675,
		0.9998812079429626
	],
	"26. right_eye": [
		0.4977598786354065,
		0.3495023250579834,
		-0.24467624723911285,
		0.9999070763587952
	],
	"27. left_ear": [
		0.5141540169715881,
		0.3543153703212738,
		-0.14627975225448608,
		0.9996558427810669
	],
	"28. right_ear": [
		0.48567160964012146,
		0.3623785376548767,
		-0.1563548743724823,
		0.9998769760131836
	],
	"time stamp": 23
}