{
	"1. left_hip": [
		0.4804205298423767,
		0.6060709357261658,
		0.012178574688732624,
		0.9990806579589844
	],
	"2. left_knee": [
		0.48072972893714905,
		0.7475073337554932,
		-0.06265252083539963,
		0.9471562504768372
	],
	"3. left_ankle": [
		0.45501214265823364,
		0.8677194118499756,
		0.11109323054552078,
		0.9811979532241821
	],
	"6. right_hip": [
		0.4385209083557129,
		0.5852878093719482,
		-0.012195026502013206,
		0.9996204376220703
	],
	"7. right_knee": [
		0.419796884059906,
		0.7239562273025513,
		-0.0341433547437191,
		0.9930399060249329
	],
	"8. right_ankle": [
		0.41358304023742676,
		0.8135846257209778,
		0.18839412927627563,
		0.9900989532470703
	],
	"14. left_shoulder": [
		0.5283882021903992,
		0.4555530250072479,
		-0.07699628919363022,
		0.9991109371185303
	],
	"15. left_elbow": [
		0.5109300017356873,
		0.5399442315101624,
		-0.002373228780925274,
		0.3098534643650055
	],
	"16. left_wrist": [
		0.49493327736854553,
		0.6026213765144348,
		-0.038269806653261185,
		0.21043144166469574
	],
	"19. right_shoulder": [
		0.46612444519996643,
		0.4115614593029022,
		-0.09555061906576157,
		0.9998793601989746
	],
	"20. right_elbow": [
		0.4281166195869446,
		0.4661451578140259,
		-0.005498638842254877,
		0.9182001948356628
	],
	"21. right_wrist": [
		0.4231948256492615,
		0.5200364589691162,
		0.027450954541563988,
		0.6777514219284058
	],
	"24. nose": [
		0.5076179504394531,
		0.35175037384033203,
		-0.25748109817504883,
		0.9999455213546753
	],
	"25. left_eye": [
		0.5108230113983154,
		0.3398042619228363,
		-0.24524249136447906,
		0.9998888373374939
	],
	"26. right_eye": [
		0.4977570176124573,
		0.3434273898601532,
		-0.24466201663017273,
		0.9999083280563354
	],
	"27. left_ear": [
		0.5142751932144165,
		0.34674331545829773,
		-0.16043873131275177,
		0.9996812343597412
	],
	"28. right_ear": [
		0.48631858825683594,
		0.3553812801837921,
		-0.1561122089624405,
		0.9998781681060791
	],
	"time stamp": 23
}