{
	"1. left_hip": [
		0.4881373941898346,
		0.6031493544578552,
		0.012953194789588451,
		0.9991320371627808
	],
	"2. left_knee": [
		0.4821215569972992,
		0.7539033889770508,
		-0.057601772248744965,
		0.9434950947761536
	],
	"3. left_ankle": [
		0.4548910856246948,
		0.8718098402023315,
		0.02147347666323185,
		0.9762256741523743
	],
	"6. right_hip": [
		0.4479624032974243,
		0.5865424871444702,
		-0.012902291491627693,
		0.9994833469390869
	],
	"7. right_knee": [
		0.4394611418247223,
		0.7347684502601624,
		-0.011297134682536125,
		0.9819275736808777
	],
	"8. right_ankle": [
		0.4665243327617645,
		0.7846197485923767,
		0.2671052813529968,
		0.9097998738288879
	],
	"14. left_shoulder": [
		0.5331400632858276,
		0.44275224208831787,
		-0.13662393391132355,
		0.9990797638893127
	],
	"15. left_elbow": [
		0.5195868611335754,
		0.537860095500946,
		-0.10205138474702835,
		0.3251948058605194
	],
	"16. left_wrist": [
		0.49834567308425903,
		0.6012254953384399,
		-0.165198415517807,
		0.20215357840061188
	],
	"19. right_shoulder": [
		0.4676423966884613,
		0.41089367866516113,
		-0.15696333348751068,
		0.9996524453163147
	],
	"20. right_elbow": [
		0.4354313313961029,
		0.47373613715171814,
		-0.10912008583545685,
		0.9065525531768799
	],
	"21. right_wrist": [
		0.43587857484817505,
		0.5312069058418274,
		-0.14361558854579926,
		0.6362125873565674
	],
	"24. nose": [
		0.5077766180038452,
		0.3438260853290558,
		-0.3355412185192108,
		0.9998948574066162
	],
	"25. left_eye": [
		0.5110253691673279,
		0.3308179974555969,
		-0.3228062689304352,
		0.99982750415802
	],
	"26. right_eye": [
		0.49760475754737854,
		0.3351633846759796,
		-0.3214828073978424,
		0.999790608882904
	],
	"27. left_ear": [
		0.5151738524436951,
		0.33694738149642944,
		-0.2275608777999878,
		0.9995020627975464
	],
	"28. right_ear": [
		0.48670682311058044,
		0.34727901220321655,
		-0.21992550790309906,
		0.9996833801269531
	],
	"time stamp": 23
}