{
	"1. left_hip": [
		0.4955544173717499,
		0.5989214181900024,
		0.025194773450493813,
		0.9991499185562134
	],
	"2. left_knee": [
		0.48762238025665283,
		0.7523709535598755,
		0.0036703404039144516,
		0.9325684905052185
	],
	"3. left_ankle": [
		0.4569680690765381,
		0.8716073632240295,
		0.08061471581459045,
		0.9663941860198975
	],
	"6. right_hip": [
		0.45640185475349426,
		0.5866560339927673,
		-0.025170236825942993,
		0.9993212223052979
	],
	"7. right_knee": [
		0.45612815022468567,
		0.7383881211280823,
		-0.04672815278172493,
		0.9659345149993896
	],
	"8. right_ankle": [
		0.47269555926322937,
		0.7504774332046509,
		0.20857568085193634,
		0.8284980058670044
	],
	"14. left_shoulder": [
		0.5350746512413025,
		0.4307534396648407,
		-0.08348147571086884,
		0.9990673661231995
	],
	"15. left_elbow": [
		0.5264679193496704,
		0.5298033356666565,
		-0.05130496248602867,
		0.3351394832134247
	],
	"16. left_wrist": [
		0.4991586208343506,
		0.5975685715675354,
		-0.1198049932718277,
		0.19408883154392242
	],
	"19. right_shoulder": [
		0.4708481729030609,
		0.4051641821861267,
		-0.15144780278205872,
		0.9995197057723999
	],
	"20. right_elbow": [
		0.4471762180328369,
		0.48062863945961,
		-0.09190057218074799,
		0.883884847164154
	],
	"21. right_wrist": [
		0.4486599862575531,
		0.539394199848175,
		-0.11235838383436203,
		0.5882973670959473
	],
	"24. nose": [
		0.5081618428230286,
		0.33829060196876526,
		-0.33442920446395874,
		0.9998111724853516
	],
	"25. left_eye": [
		0.511573851108551,
		0.32486584782600403,
		-0.27992820739746094,
		0.9997166395187378
	],
	"26. right_eye": [
		0.49796783924102783,
		0.32897239923477173,
		-0.29733482003211975,
		0.9996025562286377
	],
	"27. left_ear": [
		0.5161865949630737,
		0.3304382562637329,
		-0.17522406578063965,
		0.9991738200187683
	],
	"28. right_ear": [
		0.4875517189502716,
		0.34075334668159485,
		-0.19336113333702087,
		0.9994326829910278
	],
	"time stamp": 23
}