{
	"1. left_hip": [
		0.5013691186904907,
		0.5996775031089783,
		0.012188109569251537,
		0.9991267919540405
	],
	"2. left_knee": [
		0.4933260679244995,
		0.7503325343132019,
		-0.08716484904289246,
		0.9193882346153259
	],
	"3. left_ankle": [
		0.4592994749546051,
		0.867960512638092,
		-0.034478142857551575,
		0.9571799635887146
	],
	"6. right_hip": [
		0.4629012644290924,
		0.5870370864868164,
		-0.012074005790054798,
		0.9990564584732056
	],
	"7. right_knee": [
		0.4694732129573822,
		0.7390040755271912,
		0.04285425692796707,
		0.9413265585899353
	],
	"8. right_ankle": [
		0.48253190517425537,
		0.8086844682693481,
		0.2538357675075531,
		0.7995132207870483
	],
	"14. left_shoulder": [
		0.5370750427246094,
		0.4222105145454407,
		-0.11067071557044983,
		0.9988329410552979
	],
	"15. left_elbow": [
		0.5332111716270447,
		0.5203733444213867,
		-0.08331029862165451,
		0.3397884964942932
	],
	"16. left_wrist": [
		0.5129690766334534,
		0.5825303196907043,
		-0.15322300791740417,
		0.18393246829509735
	],
	"19. right_shoulder": [
		0.47106367349624634,
		0.40502434968948364,
		-0.1589260995388031,
		0.998950183391571
	],
	"20. right_elbow": [
		0.44899678230285645,
		0.4880470633506775,
		-0.1471823900938034,
		0.8719655275344849
	],
	"21. right_wrist": [
		0.45575761795043945,
		0.5434993505477905,
		-0.18857519328594208,
		0.5549299716949463
	],
	"24. nose": [
		0.5094051957130432,
		0.3363758623600006,
		-0.31311166286468506,
		0.9995927810668945
	],
	"25. left_eye": [
		0.5131864547729492,
		0.3225295841693878,
		-0.29489365220069885,
		0.9993441700935364
	],
	"26. right_eye": [
		0.49948039650917053,
		0.3261636197566986,
		-0.29848727583885193,
		0.9991084933280945
	],
	"27. left_ear": [
		0.5175411701202393,
		0.32808202505111694,
		-0.1958029568195343,
		0.9982491135597229
	],
	"28. right_ear": [
		0.48870715498924255,
		0.3369298279285431,
		-0.2046879678964615,
		0.9984128475189209
	],
	"time stamp": 23
}