{
	"1. left_hip": [
		0.5078970193862915,
		0.5999301671981812,
		0.007077943067997694,
		0.9991506338119507
	],
	"2. left_knee": [
		0.4993762671947479,
		0.7492275834083557,
		-0.12081590294837952,
		0.916804850101471
	],
	"3. left_ankle": [
		0.4641807973384857,
		0.8652330040931702,
		-0.06190822273492813,
		0.9530571103096008
	],
	"6. right_hip": [
		0.4691486060619354,
		0.587802529335022,
		-0.0069139692932367325,
		0.9988933801651001
	],
	"7. right_knee": [
		0.47628241777420044,
		0.7395635843276978,
		0.04278073087334633,
		0.9311606884002686
	],
	"8. right_ankle": [
		0.4927169382572174,
		0.8212296962738037,
		0.26772424578666687,
		0.7757900953292847
	],
	"14. left_shoulder": [
		0.54011470079422,
		0.41819754242897034,
		-0.09952462464570999,
		0.9988551735877991
	],
	"15. left_elbow": [
		0.540850043296814,
		0.5183348059654236,
		-0.15293721854686737,
		0.3711252510547638
	],
	"16. left_wrist": [
		0.5242526531219482,
		0.5388549566268921,
		-0.31111419200897217,
		0.19259965419769287
	],
	"19. right_shoulder": [
		0.47205865383148193,
		0.40638941526412964,
		-0.12332998961210251,
		0.99874347448349
	],
	"20. right_elbow": [
		0.4553898870944977,
		0.49317511916160583,
		-0.14539004862308502,
		0.8587807416915894
	],
	"21. right_wrist": [
		0.46352627873420715,
		0.5399653315544128,
		-0.24588342010974884,
		0.5275108218193054
	],
	"24. nose": [
		0.5094854235649109,
		0.3349243104457855,
		-0.2917375862598419,
		0.9995127320289612
	],
	"25. left_eye": [
		0.5136575102806091,
		0.32177573442459106,
		-0.27539217472076416,
		0.9992654919624329
	],
	"26. right_eye": [
		0.500225841999054,
		0.3238985538482666,
		-0.2798991799354553,
		0.9989057779312134
	],
	"27. left_ear": [
		0.5189980864524841,
		0.32802629470825195,
		-0.17616064846515656,
		0.9981645941734314
	],
	"28. right_ear": [
		0.48969826102256775,
		0.33465510606765747,
		-0.17549049854278564,
		0.9980618953704834
	],
	"time stamp": 23
}