{
	"1. left_hip": [
		0.520102322101593,
		0.60074383020401,
		0.007334135007113218,
		0.9992194175720215
	],
	"2. left_knee": [
		0.5237351655960083,
		0.7412251234054565,
		-0.2285304069519043,
		0.9230132699012756
	],
	"3. left_ankle": [
		0.4858001470565796,
		0.8506931066513062,
		-0.14663583040237427,
		0.9538298845291138
	],
	"6. right_hip": [
		0.4808502197265625,
		0.5950719118118286,
		-0.007073571905493736,
		0.9988498091697693
	],
	"7. right_knee": [
		0.48887333273887634,
		0.7371145486831665,
		0.02706620655953884,
		0.930095911026001
	],
	"8. right_ankle": [
		0.5058867931365967,
		0.8295286297798157,
		0.2480475753545761,
		0.7770700454711914
	],
	"14. left_shoulder": [
		0.5433423519134521,
		0.41173845529556274,
		-0.02283751219511032,
		0.9989575743675232
	],
	"15. left_elbow": [
		0.5690929293632507,
		0.47630611062049866,
		-0.06650924682617188,
		0.42644059658050537
	],
	"16. left_wrist": [
		0.5613005757331848,
		0.5228708982467651,
		-0.19403362274169922,
		0.24300995469093323
	],
	"19. right_shoulder": [
		0.47564002871513367,
		0.4045521914958954,
		-0.04043038561940193,
		0.9983555674552917
	],
	"20. right_elbow": [
		0.46729034185409546,
		0.48969802260398865,
		-0.04991009458899498,
		0.8516321182250977
	],
	"21. right_wrist": [
		0.4800970256328583,
		0.5481986403465271,
		-0.11355215311050415,
		0.5057361125946045
	],
	"24. nose": [
		0.5095843076705933,
		0.33551666140556335,
		-0.18693064153194427,
		0.9994685053825378
	],
	"25. left_eye": [
		0.5147007703781128,
		0.3223278820514679,
		-0.17112226784229279,
		0.9991422891616821
	],
	"26. right_eye": [
		0.5010305643081665,
		0.32424935698509216,
		-0.17128659784793854,
		0.9985804557800293
	],
	"27. left_ear": [
		0.5215516090393066,
		0.3290526568889618,
		-0.07709978520870209,
		0.9981513023376465
	],
	"28. right_ear": [
		0.49198850989341736,
		0.33449068665504456,
		-0.07280212640762329,
		0.9971832036972046
	],
	"time stamp": 23
}