{
	"1. left_hip": [
		0.527471661567688,
		0.6012772917747498,
		0.001212328439578414,
		0.9992364645004272
	],
	"2. left_knee": [
		0.5329389572143555,
		0.7409926652908325,
		-0.1815447062253952,
		0.9278312921524048
	],
	"3. left_ankle": [
		0.5026171207427979,
		0.8472343683242798,
		0.04437762871384621,
		0.9519791007041931
	],
	"6. right_hip": [
		0.487895131111145,
		0.6001426577568054,
		-0.0010355092817917466,
		0.9986830949783325
	],
	"7. right_knee": [
		0.4946337640285492,
		0.740502655506134,
		0.013833836652338505,
		0.9319312572479248
	],
	"8. right_ankle": [
		0.5169079303741455,
		0.8287179470062256,
		0.24744203686714172,
		0.7815176248550415
	],
	"14. left_shoulder": [
		0.546408474445343,
		0.40784311294555664,
		-0.03365116938948631,
		0.9990500211715698
	],
	"15. left_elbow": [
		0.5792118906974792,
		0.4639715552330017,
		-0.06225082650780678,
		0.47868138551712036
	],
	"16. left_wrist": [
		0.5750278234481812,
		0.5173436403274536,
		-0.18796761333942413,
		0.29878947138786316
	],
	"19. right_shoulder": [
		0.47772854566574097,
		0.40296706557273865,
		-0.03799039497971535,
		0.997859537601471
	],
	"20. right_elbow": [
		0.4781778156757355,
		0.4939945638179779,
		-0.02671973593533039,
		0.810512125492096
	],
	"21. right_wrist": [
		0.48798668384552,
		0.5665509104728699,
		-0.0928717702627182,
		0.4705137610435486
	],
	"24. nose": [
		0.5100374817848206,
		0.3353010416030884,
		-0.18735291063785553,
		0.9994373321533203
	],
	"25. left_eye": [
		0.5163581967353821,
		0.32236599922180176,
		-0.17401167750358582,
		0.999023973941803
	],
	"26. right_eye": [
		0.5021564364433289,
		0.32344862818717957,
		-0.17405784130096436,
		0.9982681274414062
	],
	"27. left_ear": [
		0.523934006690979,
		0.32921215891838074,
		-0.08518438786268234,
		0.9981100559234619
	],
	"28. right_ear": [
		0.4941669702529907,
		0.33268940448760986,
		-0.08199562877416611,
		0.9963042736053467
	],
	"time stamp": 23
}