{
	"1. left_hip": [
		0.5332081913948059,
		0.5983884930610657,
		-0.01442788727581501,
		0.9992716312408447
	],
	"2. left_knee": [
		0.5418344736099243,
		0.7386284470558167,
		-0.07555128633975983,
		0.9343355298042297
	],
	"3. left_ankle": [
		0.5313562154769897,
		0.8366284966468811,
		0.13709120452404022,
		0.9552295804023743
	],
	"6. right_hip": [
		0.49246665835380554,
		0.5997675061225891,
		0.014608960598707199,
		0.9986456632614136
	],
	"7. right_knee": [
		0.4976479411125183,
		0.7388842105865479,
		0.03356296569108963,
		0.9372401237487793
	],
	"8. right_ankle": [
		0.5136879086494446,
		0.8362131714820862,
		0.26642391085624695,
		0.8020391464233398
	],
	"14. left_shoulder": [
		0.5486706495285034,
		0.4001542329788208,
		-0.05666405335068703,
		0.9991418719291687
	],
	"15. left_elbow": [
		0.5846639275550842,
		0.4479590654373169,
		-0.05870794504880905,
		0.52918940782547
	],
	"16. left_wrist": [
		0.5842868089675903,
		0.513562798500061,
		-0.11879617720842361,
		0.3610221743583679
	],
	"19. right_shoulder": [
		0.4807027578353882,
		0.3975159823894501,
		-0.02845624089241028,
		0.997194230556488
	],
	"20. right_elbow": [
		0.48561960458755493,
		0.4914573132991791,
		0.02546525187790394,
		0.7441628575325012
	],
	"21. right_wrist": [
		0.49119457602500916,
		0.5662786960601807,
		-0.029090123251080513,
		0.4354328215122223
	],
	"24. nose": [
		0.5118263959884644,
		0.3305172324180603,
		-0.2127663642168045,
		0.9994574189186096
	],
	"25. left_eye": [
		0.5191941857337952,
		0.3194005787372589,
		-0.19964423775672913,
		0.9990179538726807
	],
	"26. right_eye": [
		0.5050340294837952,
		0.3175864815711975,
		-0.19870775938034058,
		0.9981695413589478
	],
	"27. left_ear": [
		0.5266335010528564,
		0.3266183137893677,
		-0.10884987562894821,
		0.998216450214386
	],
	"28. right_ear": [
		0.49787649512290955,
		0.3238758146762848,
		-0.10187172889709473,
		0.9957486987113953
	],
	"time stamp": 23
}