{
	"1. left_hip": [
		0.5376294851303101,
		0.5876176953315735,
		-0.019863186404109,
		0.9992525577545166
	],
	"2. left_knee": [
		0.549424409866333,
		0.7263880372047424,
		-0.016979405656456947,
		0.9403128623962402
	],
	"3. left_ankle": [
		0.5565301775932312,
		0.8317421674728394,
		0.15481333434581757,
		0.958873450756073
	],
	"6. right_hip": [
		0.49639052152633667,
		0.591581404209137,
		0.01995955966413021,
		0.9986310005187988
	],
	"7. right_knee": [
		0.499169260263443,
		0.725441575050354,
		0.04365842416882515,
		0.9428131580352783
	],
	"8. right_ankle": [
		0.5131601095199585,
		0.8361625075340271,
		0.22533456981182098,
		0.8213539719581604
	],
	"14. left_shoulder": [
		0.5513623356819153,
		0.38894152641296387,
		-0.07309745252132416,
		0.9992176294326782
	],
	"15. left_elbow": [
		0.5877800583839417,
		0.4363165497779846,
		-0.10267942398786545,
		0.5739514231681824
	],
	"16. left_wrist": [
		0.5945566892623901,
		0.48473650217056274,
		-0.22053150832653046,
		0.4074913561344147
	],
	"19. right_shoulder": [
		0.4842784106731415,
		0.38407546281814575,
		-0.01858743280172348,
		0.9972921013832092
	],
	"20. right_elbow": [
		0.48846909403800964,
		0.4776773154735565,
		0.04504389688372612,
		0.6890667676925659
	],
	"21. right_wrist": [
		0.4893512725830078,
		0.5503959059715271,
		-0.0016398242441937327,
		0.407021164894104
	],
	"24. nose": [
		0.5146364569664001,
		0.3186398446559906,
		-0.19742700457572937,
		0.9994552135467529
	],
	"25. left_eye": [
		0.5231637954711914,
		0.30869993567466736,
		-0.18689735233783722,
		0.998942494392395
	],
	"26. right_eye": [
		0.5083884596824646,
		0.3049730360507965,
		-0.18384645879268646,
		0.9980358481407166
	],
	"27. left_ear": [
		0.5304075479507446,
		0.31696072220802307,
		-0.10883372277021408,
		0.9982367753982544
	],
	"28. right_ear": [
		0.5033344626426697,
		0.3104923963546753,
		-0.09212018549442291,
		0.9953640699386597
	],
	"time stamp": 23
}