{
	"1. left_hip": [
		0.5465773344039917,
		0.5766093134880066,
		-0.030071906745433807,
		0.9993250966072083
	],
	"2. left_knee": [
		0.5631338357925415,
		0.7224852442741394,
		-0.02860153466463089,
		0.9457094073295593
	],
	"3. left_ankle": [
		0.5939216017723083,
		0.8270149827003479,
		0.13706324994564056,
		0.9626482725143433
	],
	"6. right_hip": [
		0.5053322315216064,
		0.5752009749412537,
		0.030060572549700737,
		0.9987600445747375
	],
	"7. right_knee": [
		0.4997340142726898,
		0.7150070071220398,
		0.03914177045226097,
		0.9479907155036926
	],
	"8. right_ankle": [
		0.512507975101471,
		0.8351322412490845,
		0.21801306307315826,
		0.8389145135879517
	],
	"14. left_shoulder": [
		0.5587518215179443,
		0.3641928732395172,
		-0.09816195070743561,
		0.9992952346801758
	],
	"15. left_elbow": [
		0.5917549133300781,
		0.398983895778656,
		-0.25695547461509705,
		0.612554669380188
	],
	"16. left_wrist": [
		0.6027876138687134,
		0.40732112526893616,
		-0.46443378925323486,
		0.4586977958679199
	],
	"19. right_shoulder": [
		0.49417465925216675,
		0.3648575246334076,
		-0.011408300139009953,
		0.9975388646125793
	],
	"20. right_elbow": [
		0.49617525935173035,
		0.4566120207309723,
		-0.012005980126559734,
		0.643912672996521
	],
	"21. right_wrist": [
		0.4934941828250885,
		0.5374370813369751,
		-0.15139345824718475,
		0.39124807715415955
	],
	"24. nose": [
		0.522940993309021,
		0.29907163977622986,
		-0.18909518420696259,
		0.9995070099830627
	],
	"25. left_eye": [
		0.5307649970054626,
		0.28621429204940796,
		-0.18086345493793488,
		0.9990425109863281
	],
	"26. right_eye": [
		0.5163741111755371,
		0.28538569808006287,
		-0.17455720901489258,
		0.9982084035873413
	],
	"27. left_ear": [
		0.5383641123771667,
		0.2914775311946869,
		-0.10836637020111084,
		0.9984071850776672
	],
	"28. right_ear": [
		0.5106121301651001,
		0.2907677888870239,
		-0.07590393722057343,
		0.9957724809646606
	],
	"time stamp": 23
}