{
	"1. left_hip": [
		0.5539981126785278,
		0.5753914713859558,
		-0.04277927055954933,
		0.9993897676467896
	],
	"2. left_knee": [
		0.5726702213287354,
		0.7250943779945374,
		-0.04479999840259552,
		0.9510034918785095
	],
	"3. left_ankle": [
		0.6119311451911926,
		0.8361256718635559,
		0.08949829638004303,
		0.9663026332855225
	],
	"6. right_hip": [
		0.5119049549102783,
		0.5717512965202332,
		0.04286262020468712,
		0.9988731741905212
	],
	"7. right_knee": [
		0.49519607424736023,
		0.7021721601486206,
		0.04288928583264351,
		0.9529786705970764
	],
	"8. right_ankle": [
		0.5147804617881775,
		0.8268515467643738,
		0.2520941197872162,
		0.8546642661094666
	],
	"14. left_shoulder": [
		0.5670739412307739,
		0.3592638671398163,
		-0.09408712387084961,
		0.9993655681610107
	],
	"15. left_elbow": [
		0.6056342124938965,
		0.409877747297287,
		-0.24874548614025116,
		0.6509919166564941
	],
	"16. left_wrist": [
		0.6034570932388306,
		0.38972294330596924,
		-0.45751699805259705,
		0.5113804936408997
	],
	"19. right_shoulder": [
		0.5004153847694397,
		0.3589966297149658,
		0.021743251010775566,
		0.9977700114250183
	],
	"20. right_elbow": [
		0.5025297999382019,
		0.45070087909698486,
		0.07860351353883743,
		0.6069881319999695
	],
	"21. right_wrist": [
		0.496738076210022,
		0.5291366577148438,
		0.00699826143682003,
		0.3820149302482605
	],
	"24. nose": [
		0.527427613735199,
		0.2955303490161896,
		-0.2079610973596573,
		0.9995551109313965
	],
	"25. left_eye": [
		0.5361395478248596,
		0.2815978229045868,
		-0.19707000255584717,
		0.9991362690925598
	],
	"26. right_eye": [
		0.5211373567581177,
		0.2808852195739746,
		-0.192732572555542,
		0.9983794093132019
	],
	"27. left_ear": [
		0.5442877411842346,
		0.2860952317714691,
		-0.11407752335071564,
		0.9985650777816772
	],
	"28. right_ear": [
		0.5165639519691467,
		0.28475770354270935,
		-0.08265771716833115,
		0.996187686920166
	],
	"time stamp": 23
}