{
	"1. left_hip": [
		0.5608074069023132,
		0.5705432891845703,
		-0.039499230682849884,
		0.9994479417800903
	],
	"2. left_knee": [
		0.5827429294586182,
		0.7264747023582458,
		-0.046153124421834946,
		0.9557836651802063
	],
	"3. left_ankle": [
		0.6201295256614685,
		0.8486942052841187,
		0.07815659046173096,
		0.9695814847946167
	],
	"6. right_hip": [
		0.5196735262870789,
		0.5660457611083984,
		0.03956947848200798,
		0.9989666938781738
	],
	"7. right_knee": [
		0.4919387102127075,
		0.6977941989898682,
		0.03205249831080437,
		0.9574456214904785
	],
	"8. right_ankle": [
		0.5214918851852417,
		0.7946706414222717,
		0.2630796730518341,
		0.8680047988891602
	],
	"14. left_shoulder": [
		0.5708186030387878,
		0.35285213589668274,
		-0.08257188647985458,
		0.9994288086891174
	],
	"15. left_elbow": [
		0.6073648929595947,
		0.42357587814331055,
		-0.22319923341274261,
		0.6855465769767761
	],
	"16. left_wrist": [
		0.5995631814002991,
		0.3552679717540741,
		-0.4250141382217407,
		0.5594766736030579
	],
	"19. right_shoulder": [
		0.509143590927124,
		0.355023056268692,
		0.026956960558891296,
		0.9979478120803833
	],
	"20. right_elbow": [
		0.5107830762863159,
		0.4425484836101532,
		0.09043221920728683,
		0.5648781657218933
	],
	"21. right_wrist": [
		0.5057253241539001,
		0.5192804336547852,
		0.03228363022208214,
		0.3630451261997223
	],
	"24. nose": [
		0.5324958562850952,
		0.2921186089515686,
		-0.20933842658996582,
		0.9995978474617004
	],
	"25. left_eye": [
		0.5402126908302307,
		0.2787852883338928,
		-0.19714751839637756,
		0.9992201328277588
	],
	"26. right_eye": [
		0.5258319973945618,
		0.27976515889167786,
		-0.19180656969547272,
		0.9985296726226807
	],
	"27. left_ear": [
		0.5487790703773499,
		0.2825581133365631,
		-0.10723994672298431,
		0.9987061023712158
	],
	"28. right_ear": [
		0.5204856395721436,
		0.2837997078895569,
		-0.077985018491745,
		0.9965578317642212
	],
	"time stamp": 23
}