{
	"1. left_hip": [
		0.5647339224815369,
		0.5700578689575195,
		-0.044741950929164886,
		0.9994993805885315
	],
	"2. left_knee": [
		0.587020218372345,
		0.7241971492767334,
		-0.045549552887678146,
		0.960087776184082
	],
	"3. left_ankle": [
		0.6247180700302124,
		0.8541494011878967,
		0.04594842344522476,
		0.9725579619407654
	],
	"6. right_hip": [
		0.5250439643859863,
		0.5669317245483398,
		0.04482818394899368,
		0.9990531206130981
	],
	"7. right_knee": [
		0.4903908371925354,
		0.6846662163734436,
		-0.03669915348291397,
		0.9615796804428101
	],
	"8. right_ankle": [
		0.5272114276885986,
		0.7639013528823853,
		0.20655137300491333,
		0.8800572156906128
	],
	"14. left_shoulder": [
		0.576421320438385,
		0.3516187369823456,
		-0.0923173800110817,
		0.9994855523109436
	],
	"15. left_elbow": [
		0.598131000995636,
		0.42045068740844727,
		-0.2631639242172241,
		0.7162904739379883
	],
	"16. left_wrist": [
		0.5941342115402222,
		0.33889129757881165,
		-0.4829719662666321,
		0.6028432846069336
	],
	"19. right_shoulder": [
		0.5184336304664612,
		0.35710662603378296,
		0.03411512076854706,
		0.9981012940406799
	],
	"20. right_elbow": [
		0.5176359415054321,
		0.43849074840545654,
		0.1428222954273224,
		0.5200438499450684
	],
	"21. right_wrist": [
		0.5090988874435425,
		0.5058875679969788,
		0.1419455111026764,
		0.34728699922561646
	],
	"24. nose": [
		0.535142183303833,
		0.2957403063774109,
		-0.21376368403434753,
		0.9996367692947388
	],
	"25. left_eye": [
		0.5421298742294312,
		0.280224472284317,
		-0.20087085664272308,
		0.9992964267730713
	],
	"26. right_eye": [
		0.5292121171951294,
		0.2817898094654083,
		-0.1959892362356186,
		0.9986696839332581
	],
	"27. left_ear": [
		0.552359402179718,
		0.2838914692401886,
		-0.11172804236412048,
		0.9988328814506531
	],
	"28. right_ear": [
		0.5256705284118652,
		0.28556644916534424,
		-0.07489115744829178,
		0.9968966245651245
	],
	"time stamp": 23
}