{
	"1. left_hip": [
		0.5770782828330994,
		0.5810931921005249,
		-0.04734008014202118,
		0.9995322227478027
	],
	"2. left_knee": [
		0.5975996255874634,
		0.7298367023468018,
		-0.021917177364230156,
		0.9636598229408264
	],
	"3. left_ankle": [
		0.6285369396209717,
		0.8565391302108765,
		0.08132573217153549,
		0.9750698804855347
	],
	"6. right_hip": [
		0.5421287417411804,
		0.5771254301071167,
		0.04748406633734703,
		0.9991089701652527
	],
	"7. right_knee": [
		0.4888923764228821,
		0.6720429062843323,
		-0.07319341599941254,
		0.9652799367904663
	],
	"8. right_ankle": [
		0.5447047352790833,
		0.7137914299964905,
		0.12304028868675232,
		0.8889662623405457
	],
	"14. left_shoulder": [
		0.5850204229354858,
		0.36388546228408813,
		-0.10985451191663742,
		0.9995319843292236
	],
	"15. left_elbow": [
		0.5861660838127136,
		0.42751675844192505,
		-0.26249369978904724,
		0.7393108606338501
	],
	"16. left_wrist": [
		0.5743889808654785,
		0.3565188944339752,
		-0.4161558449268341,
		0.6403487920761108
	],
	"19. right_shoulder": [
		0.5347995758056641,
		0.36243903636932373,
		0.036443471908569336,
		0.998182475566864
	],
	"20. right_elbow": [
		0.5319913625717163,
		0.446717232465744,
		0.11565296351909637,
		0.4812041223049164
	],
	"21. right_wrist": [
		0.5360581278800964,
		0.4579101502895355,
		0.12370501458644867,
		0.3355289399623871
	],
	"24. nose": [
		0.5435084700584412,
		0.29997482895851135,
		-0.1978909969329834,
		0.9996713399887085
	],
	"25. left_eye": [
		0.549933910369873,
		0.2868022620677948,
		-0.1876385360956192,
		0.9993650913238525
	],
	"26. right_eye": [
		0.5370151996612549,
		0.28601935505867004,
		-0.17565645277500153,
		0.9987971186637878
	],
	"27. left_ear": [
		0.5609493851661682,
		0.29141247272491455,
		-0.112103171646595,
		0.9989456534385681
	],
	"28. right_ear": [
		0.5337061285972595,
		0.2903541326522827,
		-0.05663822591304779,
		0.9972017407417297
	],
	"time stamp": 23
}