{
	"1. left_hip": [
		0.581726610660553,
		0.58332359790802,
		-0.046049512922763824,
		0.9995559453964233
	],
	"2. left_knee": [
		0.5988239645957947,
		0.7308210730552673,
		-0.02241314947605133,
		0.966937780380249
	],
	"3. left_ankle": [
		0.6271428465843201,
		0.8565510511398315,
		0.0799047127366066,
		0.977328360080719
	],
	"6. right_hip": [
		0.5452482104301453,
		0.5776679515838623,
		0.04623298719525337,
		0.999160885810852
	],
	"7. right_knee": [
		0.4889019727706909,
		0.661900520324707,
		-0.06627294421195984,
		0.9686365127563477
	],
	"8. right_ankle": [
		0.5418890714645386,
		0.7116987705230713,
		0.12561167776584625,
		0.8979394435882568
	],
	"14. left_shoulder": [
		0.589130163192749,
		0.36907958984375,
		-0.10726524144411087,
		0.9995693564414978
	],
	"15. left_elbow": [
		0.5696724057197571,
		0.42074453830718994,
		-0.22734448313713074,
		0.7572000622749329
	],
	"16. left_wrist": [
		0.5672544240951538,
		0.3457610309123993,
		-0.3815581500530243,
		0.6723975539207458
	],
	"19. right_shoulder": [
		0.5355470776557922,
		0.36515387892723083,
		0.03903259336948395,
		0.9982442855834961
	],
	"20. right_elbow": [
		0.5422202348709106,
		0.44771623611450195,
		0.1565694808959961,
		0.4421716630458832
	],
	"21. right_wrist": [
		0.5390205383300781,
		0.47808435559272766,
		0.21311832964420319,
		0.31897249817848206
	],
	"24. nose": [
		0.5446296334266663,
		0.3013741374015808,
		-0.18368786573410034,
		0.9996992349624634
	],
	"25. left_eye": [
		0.5508145093917847,
		0.2899443507194519,
		-0.17638368904590607,
		0.9994231462478638
	],
	"26. right_eye": [
		0.5403731465339661,
		0.2862844169139862,
		-0.16395854949951172,
		0.9989013075828552
	],
	"27. left_ear": [
		0.5587933659553528,
		0.29497218132019043,
		-0.10991568118333817,
		0.9990400671958923
	],
	"28. right_ear": [
		0.5393430590629578,
		0.2939784824848175,
		-0.052623070776462555,
		0.9974701404571533
	],
	"time stamp": 23
}