{
	"1. left_hip": [
		0.5832425355911255,
		0.5840506553649902,
		-0.04246193543076515,
		0.9995825290679932
	],
	"2. left_knee": [
		0.5990596413612366,
		0.7350893616676331,
		-0.01756272278726101,
		0.9695946574211121
	],
	"3. left_ankle": [
		0.6275303959846497,
		0.8586903810501099,
		0.08195487409830093,
		0.9791989326477051
	],
	"6. right_hip": [
		0.5475696325302124,
		0.577968180179596,
		0.04251858964562416,
		0.9992192983627319
	],
	"7. right_knee": [
		0.48979100584983826,
		0.654102087020874,
		-0.09732288867235184,
		0.9715178608894348
	],
	"8. right_ankle": [
		0.5361674427986145,
		0.7302143573760986,
		0.06065787374973297,
		0.906007707118988
	],
	"14. left_shoulder": [
		0.5902122259140015,
		0.3716529309749603,
		-0.11036762595176697,
		0.999599814414978
	],
	"15. left_elbow": [
		0.5571494102478027,
		0.408566951751709,
		-0.2593576908111572,
		0.7771881818771362
	],
	"16. left_wrist": [
		0.5464382767677307,
		0.321574330329895,
		-0.39028850197792053,
		0.70320063829422
	],
	"19. right_shoulder": [
		0.5403406023979187,
		0.37392476201057434,
		0.030326293781399727,
		0.998343288898468
	],
	"20. right_elbow": [
		0.5446662902832031,
		0.46870771050453186,
		0.10786250978708267,
		0.406063050031662
	],
	"21. right_wrist": [
		0.5451856851577759,
		0.5456104874610901,
		0.11283417791128159,
		0.29796895384788513
	],
	"24. nose": [
		0.547639787197113,
		0.3036414086818695,
		-0.18108882009983063,
		0.9997245669364929
	],
	"25. left_eye": [
		0.5550681948661804,
		0.29050901532173157,
		-0.17008009552955627,
		0.9994738698005676
	],
	"26. right_eye": [
		0.5435249209403992,
		0.28988561034202576,
		-0.16043721139431,
		0.99899822473526
	],
	"27. left_ear": [
		0.5651716589927673,
		0.2959046959877014,
		-0.09819398820400238,
		0.9991168975830078
	],
	"28. right_ear": [
		0.5438070297241211,
		0.2969723045825958,
		-0.05309680849313736,
		0.9977123737335205
	],
	"time stamp": 23
}