{
	"1. left_hip": [
		0.5848722457885742,
		0.584252655506134,
		-0.04568538814783096,
		0.9995439648628235
	],
	"2. left_knee": [
		0.5987682938575745,
		0.7352566123008728,
		-0.02433004230260849,
		0.9720931053161621
	],
	"3. left_ankle": [
		0.6274826526641846,
		0.8606547117233276,
		0.05054034665226936,
		0.9809858798980713
	],
	"6. right_hip": [
		0.5478999018669128,
		0.5779783129692078,
		0.0457451194524765,
		0.9992488026618958
	],
	"7. right_knee": [
		0.49153703451156616,
		0.6528137922286987,
		-0.1131950095295906,
		0.9741212129592896
	],
	"8. right_ankle": [
		0.5281898975372314,
		0.7377578020095825,
		-0.0035047291312366724,
		0.9146775007247925
	],
	"14. left_shoulder": [
		0.5900181531906128,
		0.37089967727661133,
		-0.10784916579723358,
		0.9995395541191101
	],
	"15. left_elbow": [
		0.551503598690033,
		0.40604835748672485,
		-0.22683916985988617,
		0.797103226184845
	],
	"16. left_wrist": [
		0.5248908400535583,
		0.3373144865036011,
		-0.21584449708461761,
		0.7299039959907532
	],
	"19. right_shoulder": [
		0.5390267372131348,
		0.3734746277332306,
		0.056452229619026184,
		0.9981175661087036
	],
	"20. right_elbow": [
		0.5343161821365356,
		0.3788082003593445,
		0.14319941401481628,
		0.4148314595222473
	],
	"21. right_wrist": [
		0.5220801830291748,
		0.30561554431915283,
		0.21608100831508636,
		0.31122061610221863
	],
	"24. nose": [
		0.5493805408477783,
		0.29884177446365356,
		-0.14731600880622864,
		0.9997397661209106
	],
	"25. left_eye": [
		0.5585554838180542,
		0.2860197424888611,
		-0.13908112049102783,
		0.9995051026344299
	],
	"26. right_eye": [
		0.5456055998802185,
		0.285557359457016,
		-0.12871985137462616,
		0.9990594387054443
	],
	"27. left_ear": [
		0.5686590671539307,
		0.29397591948509216,
		-0.08153413236141205,
		0.9991586804389954
	],
	"28. right_ear": [
		0.5455265045166016,
		0.293099969625473,
		-0.03373705968260765,
		0.9978907704353333
	],
	"time stamp": 23
}