{
	"1. left_hip": [
		0.5866748094558716,
		0.5808912515640259,
		-0.06980042904615402,
		0.9995509386062622
	],
	"2. left_knee": [
		0.6038545370101929,
		0.7306353449821472,
		-0.07348111271858215,
		0.9740311503410339
	],
	"3. left_ankle": [
		0.6296753287315369,
		0.8626136779785156,
		-0.005601890850812197,
		0.9824619889259338
	],
	"6. right_hip": [
		0.5506864190101624,
		0.5778526067733765,
		0.069675974547863,
		0.9992641806602478
	],
	"7. right_knee": [
		0.5007632374763489,
		0.6602210402488708,
		0.003269751090556383,
		0.9754620790481567
	],
	"8. right_ankle": [
		0.5078746676445007,
		0.8079297542572021,
		0.09292851388454437,
		0.922137439250946
	],
	"14. left_shoulder": [
		0.5896288156509399,
		0.35485556721687317,
		-0.15658317506313324,
		0.9995413422584534
	],
	"15. left_elbow": [
		0.5456710457801819,
		0.3569939136505127,
		-0.29732102155685425,
		0.8171173334121704
	],
	"16. left_wrist": [
		0.4898122251033783,
		0.3377762734889984,
		-0.35962796211242676,
		0.7557876110076904
	],
	"19. right_shoulder": [
		0.5420785546302795,
		0.36342185735702515,
		0.0731065422296524,
		0.9978538155555725
	],
	"20. right_elbow": [
		0.5099937915802002,
		0.35170432925224304,
		0.15916292369365692,
		0.41894716024398804
	],
	"21. right_wrist": [
		0.47300419211387634,
		0.3341763913631439,
		0.15762925148010254,
		0.33586737513542175
	],
	"24. nose": [
		0.5511742234230042,
		0.29255685210227966,
		-0.16952811181545258,
		0.9997590184211731
	],
	"25. left_eye": [
		0.5606520771980286,
		0.2799273133277893,
		-0.16071751713752747,
		0.9995460510253906
	],
	"26. right_eye": [
		0.5473273992538452,
		0.280912846326828,
		-0.14804337918758392,
		0.9991419911384583
	],
	"27. left_ear": [
		0.5710053443908691,
		0.28817859292030334,
		-0.08279982209205627,
		0.9992284178733826
	],
	"28. right_ear": [
		0.5476438999176025,
		0.2876022756099701,
		-0.03816285356879234,
		0.9980756640434265
	],
	"time stamp": 23
}