{
	"1. left_hip": [
		0.586841881275177,
		0.5807708501815796,
		-0.07452363520860672,
		0.9995431900024414
	],
	"2. left_knee": [
		0.6061391234397888,
		0.7278918027877808,
		-0.08244021236896515,
		0.9757876992225647
	],
	"3. left_ankle": [
		0.6311692595481873,
		0.8633463382720947,
		-0.019574245437979698,
		0.9836122393608093
	],
	"6. right_hip": [
		0.5515283942222595,
		0.5784648656845093,
		0.07435006648302078,
		0.9992817640304565
	],
	"7. right_knee": [
		0.5104157328605652,
		0.680022656917572,
		0.02410043030977249,
		0.9761220216751099
	],
	"8. right_ankle": [
		0.4975139796733856,
		0.8379745483398438,
		0.09263661503791809,
		0.9289540648460388
	],
	"14. left_shoulder": [
		0.5891628861427307,
		0.35099348425865173,
		-0.15775874257087708,
		0.9995257258415222
	],
	"15. left_elbow": [
		0.5434215068817139,
		0.3572230935096741,
		-0.30706456303596497,
		0.8350816369056702
	],
	"16. left_wrist": [
		0.4835388958454132,
		0.3456973433494568,
		-0.3851402997970581,
		0.7791211009025574
	],
	"19. right_shoulder": [
		0.5414749383926392,
		0.3603908121585846,
		0.08301223069429398,
		0.9977089762687683
	],
	"20. right_elbow": [
		0.4975564479827881,
		0.35538628697395325,
		0.12275587767362595,
		0.4245768189430237
	],
	"21. right_wrist": [
		0.46252474188804626,
		0.34902679920196533,
		0.013636250048875809,
		0.3648155927658081
	],
	"24. nose": [
		0.5523847341537476,
		0.29245761036872864,
		-0.1677311807870865,
		0.9997736215591431
	],
	"25. left_eye": [
		0.5619462132453918,
		0.27957993745803833,
		-0.1597641259431839,
		0.999579131603241
	],
	"26. right_eye": [
		0.5485436916351318,
		0.2808198630809784,
		-0.1450204849243164,
		0.9992126822471619
	],
	"27. left_ear": [
		0.5723457932472229,
		0.28738653659820557,
		-0.09361422806978226,
		0.9992902278900146
	],
	"28. right_ear": [
		0.5479874014854431,
		0.28658759593963623,
		-0.029998332262039185,
		0.9982233643531799
	],
	"time stamp": 23
}