{
	"1. left_hip": [
		0.5852608680725098,
		0.5810189247131348,
		-0.07761538028717041,
		0.9995229244232178
	],
	"2. left_knee": [
		0.60566645860672,
		0.7280207276344299,
		-0.06950651854276657,
		0.977411687374115
	],
	"3. left_ankle": [
		0.6316387057304382,
		0.864302933216095,
		0.009830482304096222,
		0.9848292469978333
	],
	"6. right_hip": [
		0.5504798293113708,
		0.5814200639724731,
		0.07740812003612518,
		0.9992777109146118
	],
	"7. right_knee": [
		0.519986093044281,
		0.7091132402420044,
		0.10867147892713547,
		0.9762685298919678
	],
	"8. right_ankle": [
		0.4944739043712616,
		0.8505096435546875,
		0.18544040620326996,
		0.9352960586547852
	],
	"14. left_shoulder": [
		0.5883834362030029,
		0.3533555269241333,
		-0.16061070561408997,
		0.9994664788246155
	],
	"15. left_elbow": [
		0.5428153276443481,
		0.36408206820487976,
		-0.3004225194454193,
		0.8508145213127136
	],
	"16. left_wrist": [
		0.4919421672821045,
		0.3521180748939514,
		-0.3981904685497284,
		0.799174427986145
	],
	"19. right_shoulder": [
		0.5418266654014587,
		0.3623209595680237,
		0.08106110244989395,
		0.9974849820137024
	],
	"20. right_elbow": [
		0.49501028656959534,
		0.3676692247390747,
		0.1368912011384964,
		0.43347904086112976
	],
	"21. right_wrist": [
		0.460215300321579,
		0.3567076325416565,
		0.07308121770620346,
		0.3933291733264923
	],
	"24. nose": [
		0.5520290732383728,
		0.2948576807975769,
		-0.1705339550971985,
		0.9997854828834534
	],
	"25. left_eye": [
		0.5612586140632629,
		0.28176572918891907,
		-0.16349150240421295,
		0.9996076226234436
	],
	"26. right_eye": [
		0.548348605632782,
		0.28281259536743164,
		-0.1481010466814041,
		0.9992729425430298
	],
	"27. left_ear": [
		0.5720227956771851,
		0.28912630677223206,
		-0.09968718886375427,
		0.99933260679245
	],
	"28. right_ear": [
		0.5484001636505127,
		0.28844153881073,
		-0.03350810706615448,
		0.9983295798301697
	],
	"time stamp": 23
}