{
	"1. left_hip": [
		0.5838664174079895,
		0.583864152431488,
		-0.07595988363027573,
		0.9995085597038269
	],
	"2. left_knee": [
		0.6057709455490112,
		0.7281865477561951,
		-0.062224242836236954,
		0.9790142774581909
	],
	"3. left_ankle": [
		0.63177889585495,
		0.865136981010437,
		0.016843410208821297,
		0.9858555197715759
	],
	"6. right_hip": [
		0.5482754707336426,
		0.5874776840209961,
		0.07570717483758926,
		0.9992836117744446
	],
	"7. right_knee": [
		0.5240465998649597,
		0.7234169244766235,
		0.11638442426919937,
		0.976675271987915
	],
	"8. right_ankle": [
		0.49270352721214294,
		0.8569113612174988,
		0.20331357419490814,
		0.9409087300300598
	],
	"14. left_shoulder": [
		0.5881407856941223,
		0.35634946823120117,
		-0.1642928570508957,
		0.9994305372238159
	],
	"15. left_elbow": [
		0.5389969348907471,
		0.36999279260635376,
		-0.29876765608787537,
		0.8652600049972534
	],
	"16. left_wrist": [
		0.48118874430656433,
		0.35654136538505554,
		-0.3725508749485016,
		0.8176445364952087
	],
	"19. right_shoulder": [
		0.5403539538383484,
		0.36712855100631714,
		0.08042273670434952,
		0.99722820520401
	],
	"20. right_elbow": [
		0.49062836170196533,
		0.3766286075115204,
		0.024139126762747765,
		0.4341859519481659
	],
	"21. right_wrist": [
		0.4608757495880127,
		0.36265474557876587,
		-0.16676786541938782,
		0.4098258316516876
	],
	"24. nose": [
		0.5513302087783813,
		0.29624927043914795,
		-0.1655675768852234,
		0.9997913241386414
	],
	"25. left_eye": [
		0.5608578324317932,
		0.28302866220474243,
		-0.15880237519741058,
		0.9996259808540344
	],
	"26. right_eye": [
		0.5476917624473572,
		0.28412148356437683,
		-0.14237074553966522,
		0.9993167519569397
	],
	"27. left_ear": [
		0.5719515085220337,
		0.29016366600990295,
		-0.10123433917760849,
		0.9993714690208435
	],
	"28. right_ear": [
		0.5480524897575378,
		0.2898766100406647,
		-0.027807265520095825,
		0.9983448386192322
	],
	"time stamp": 23
}