{
	"1. left_hip": [
		0.583204984664917,
		0.5898948311805725,
		-0.07757937908172607,
		0.999508261680603
	],
	"2. left_knee": [
		0.6067202091217041,
		0.729146420955658,
		-0.06048140302300453,
		0.9807094931602478
	],
	"3. left_ankle": [
		0.6321287155151367,
		0.8661434650421143,
		0.02050633542239666,
		0.9869492053985596
	],
	"6. right_hip": [
		0.5492661595344543,
		0.5937252640724182,
		0.07737144827842712,
		0.9992971420288086
	],
	"7. right_knee": [
		0.51911860704422,
		0.7219159603118896,
		0.10840605199337006,
		0.9773147106170654
	],
	"8. right_ankle": [
		0.48965272307395935,
		0.8576695919036865,
		0.19253160059452057,
		0.9460693001747131
	],
	"14. left_shoulder": [
		0.5875292420387268,
		0.3586905598640442,
		-0.16636916995048523,
		0.9994340538978577
	],
	"15. left_elbow": [
		0.5376543998718262,
		0.3785196542739868,
		-0.2888781428337097,
		0.8783959150314331
	],
	"16. left_wrist": [
		0.4833085536956787,
		0.36950141191482544,
		-0.37214407324790955,
		0.8349687457084656
	],
	"19. right_shoulder": [
		0.5400255918502808,
		0.3797660768032074,
		0.08509805798530579,
		0.997111439704895
	],
	"20. right_elbow": [
		0.49350056052207947,
		0.37899336218833923,
		0.05820599943399429,
		0.4330351948738098
	],
	"21. right_wrist": [
		0.46190667152404785,
		0.36306852102279663,
		-0.08810658007860184,
		0.4299970269203186
	],
	"24. nose": [
		0.5497636198997498,
		0.296602725982666,
		-0.16256751120090485,
		0.9998056292533875
	],
	"25. left_eye": [
		0.5589161515235901,
		0.2833573520183563,
		-0.15662750601768494,
		0.9996558427810669
	],
	"26. right_eye": [
		0.5460837483406067,
		0.2844926118850708,
		-0.13926304876804352,
		0.9993746876716614
	],
	"27. left_ear": [
		0.5697166919708252,
		0.2908734083175659,
		-0.10261771827936172,
		0.9994232654571533
	],
	"28. right_ear": [
		0.5468502044677734,
		0.2911715507507324,
		-0.02667810581624508,
		0.9984511733055115
	],
	"time stamp": 23
}