{
	"1. left_hip": [
		0.5821622610092163,
		0.5929219722747803,
		-0.08054004609584808,
		0.9995136857032776
	],
	"2. left_knee": [
		0.6085565090179443,
		0.7305869460105896,
		-0.05433325469493866,
		0.9822835326194763
	],
	"3. left_ankle": [
		0.6318126916885376,
		0.8661795854568481,
		0.06678979843854904,
		0.9880321621894836
	],
	"6. right_hip": [
		0.54963219165802,
		0.5952901244163513,
		0.08040042221546173,
		0.9993411302566528
	],
	"7. right_knee": [
		0.5147442817687988,
		0.7171091437339783,
		0.067240409553051,
		0.9788557291030884
	],
	"8. right_ankle": [
		0.4889885187149048,
		0.8551803827285767,
		0.14520548284053802,
		0.9510754942893982
	],
	"14. left_shoulder": [
		0.5794996023178101,
		0.3597484529018402,
		-0.17361921072006226,
		0.9994511008262634
	],
	"15. left_elbow": [
		0.5267133116722107,
		0.3959656059741974,
		-0.2757381796836853,
		0.8902360200881958
	],
	"16. left_wrist": [
		0.47775766253471375,
		0.36959385871887207,
		-0.3163701295852661,
		0.8503468632698059
	],
	"19. right_shoulder": [
		0.5421854853630066,
		0.3837335407733917,
		0.08871623128652573,
		0.9971553087234497
	],
	"20. right_elbow": [
		0.5010848045349121,
		0.4075210988521576,
		0.13872987031936646,
		0.41828158497810364
	],
	"21. right_wrist": [
		0.46796929836273193,
		0.3690423369407654,
		0.0666961669921875,
		0.43607401847839355
	],
	"24. nose": [
		0.5470731258392334,
		0.2974671721458435,
		-0.16749387979507446,
		0.9998222589492798
	],
	"25. left_eye": [
		0.5555720329284668,
		0.284677118062973,
		-0.15937836468219757,
		0.9996867775917053
	],
	"26. right_eye": [
		0.5452514290809631,
		0.28484731912612915,
		-0.1455753892660141,
		0.9994328618049622
	],
	"27. left_ear": [
		0.5690264701843262,
		0.2930714190006256,
		-0.1210675984621048,
		0.9994755387306213
	],
	"28. right_ear": [
		0.545971691608429,
		0.2921122610569,
		-0.033943213522434235,
		0.9985887408256531
	],
	"time stamp": 23
}