{
	"1. left_hip": [
		0.5820519924163818,
		0.5932875871658325,
		-0.07739000022411346,
		0.9995227456092834
	],
	"2. left_knee": [
		0.6091197729110718,
		0.7311068773269653,
		-0.08029385656118393,
		0.9837536811828613
	],
	"3. left_ankle": [
		0.6317408680915833,
		0.865929901599884,
		0.05568411946296692,
		0.9889442920684814
	],
	"6. right_hip": [
		0.5498003959655762,
		0.5952852368354797,
		0.0773291289806366,
		0.9993842244148254
	],
	"7. right_knee": [
		0.5097563862800598,
		0.7130399942398071,
		-0.0013426287332549691,
		0.9804914593696594
	],
	"8. right_ankle": [
		0.490173876285553,
		0.8523809909820557,
		0.07426441460847855,
		0.9556970000267029
	],
	"14. left_shoulder": [
		0.5741258859634399,
		0.3612537086009979,
		-0.16166068613529205,
		0.9994713664054871
	],
	"15. left_elbow": [
		0.5317384600639343,
		0.41547736525535583,
		-0.27186331152915955,
		0.9007314443588257
	],
	"16. left_wrist": [
		0.48333197832107544,
		0.38260743021965027,
		-0.31716781854629517,
		0.8641535043716431
	],
	"19. right_shoulder": [
		0.5413342714309692,
		0.3845827877521515,
		0.09503386914730072,
		0.9972516894340515
	],
	"20. right_elbow": [
		0.5153312683105469,
		0.43983688950538635,
		0.16822700202465057,
		0.3928509056568146
	],
	"21. right_wrist": [
		0.49003615975379944,
		0.4056621193885803,
		0.1409284621477127,
		0.42533084750175476
	],
	"24. nose": [
		0.5435280203819275,
		0.2985052466392517,
		-0.17002138495445251,
		0.9998376965522766
	],
	"25. left_eye": [
		0.5522689819335938,
		0.2860129773616791,
		-0.16159048676490784,
		0.999714732170105
	],
	"26. right_eye": [
		0.5437560081481934,
		0.28568777441978455,
		-0.14818266034126282,
		0.9994857907295227
	],
	"27. left_ear": [
		0.5672251582145691,
		0.2955523431301117,
		-0.11797361820936203,
		0.9995235204696655
	],
	"28. right_ear": [
		0.5449307560920715,
		0.2931884825229645,
		-0.034206610172986984,
		0.9987170100212097
	],
	"time stamp": 23
}