{
	"1. left_hip": [
		0.5812854170799255,
		0.5971715450286865,
		-0.07427232712507248,
		0.9995467662811279
	],
	"2. left_knee": [
		0.6093242764472961,
		0.7351877093315125,
		-0.07193329185247421,
		0.9852016568183899
	],
	"3. left_ankle": [
		0.6312617063522339,
		0.8676950335502625,
		0.053913842886686325,
		0.9898484945297241
	],
	"6. right_hip": [
		0.5484209060668945,
		0.5978912115097046,
		0.07422085851430893,
		0.9994367957115173
	],
	"7. right_knee": [
		0.5021489262580872,
		0.7045573592185974,
		-0.04428805783390999,
		0.9821908473968506
	],
	"8. right_ankle": [
		0.49203816056251526,
		0.8481472730636597,
		0.040830228477716446,
		0.9599575400352478
	],
	"14. left_shoulder": [
		0.5691099762916565,
		0.36824658513069153,
		-0.15603767335414886,
		0.9995076656341553
	],
	"15. left_elbow": [
		0.5284984707832336,
		0.43159162998199463,
		-0.20526058971881866,
		0.9098911881446838
	],
	"16. left_wrist": [
		0.4875497817993164,
		0.3981390595436096,
		-0.180799663066864,
		0.8760717511177063
	],
	"19. right_shoulder": [
		0.5404519438743591,
		0.3848903775215149,
		0.09421990066766739,
		0.9974616169929504
	],
	"20. right_elbow": [
		0.5306824445724487,
		0.4617377817630768,
		0.1417781114578247,
		0.35871216654777527
	],
	"21. right_wrist": [
		0.5255192518234253,
		0.5143696069717407,
		0.07890354841947556,
		0.3954612910747528
	],
	"24. nose": [
		0.5401049852371216,
		0.30192041397094727,
		-0.170383021235466,
		0.9998530149459839
	],
	"25. left_eye": [
		0.5489679574966431,
		0.289343923330307,
		-0.16343379020690918,
		0.9997416734695435
	],
	"26. right_eye": [
		0.541196882724762,
		0.28812986612319946,
		-0.14862868189811707,
		0.9995354413986206
	],
	"27. left_ear": [
		0.5638638138771057,
		0.2993803024291992,
		-0.11642735451459885,
		0.9995694756507874
	],
	"28. right_ear": [
		0.5445516109466553,
		0.2956501543521881,
		-0.03389577940106392,
		0.998840868473053
	],
	"time stamp": 23
}