{
	"1. left_hip": [
		0.5727689266204834,
		0.5985747575759888,
		-0.07287214696407318,
		0.9995800256729126
	],
	"2. left_knee": [
		0.60403972864151,
		0.7355388402938843,
		-0.07942533493041992,
		0.9865862727165222
	],
	"3. left_ankle": [
		0.6307058930397034,
		0.866849958896637,
		0.03827415779232979,
		0.9907447099685669
	],
	"6. right_hip": [
		0.5409713983535767,
		0.5985128283500671,
		0.07282658666372299,
		0.999485433101654
	],
	"7. right_knee": [
		0.49779245257377625,
		0.7064518332481384,
		-0.020711805671453476,
		0.9836110472679138
	],
	"8. right_ankle": [
		0.500849187374115,
		0.8520700931549072,
		0.08198123425245285,
		0.9638040065765381
	],
	"14. left_shoulder": [
		0.5608425736427307,
		0.3765196204185486,
		-0.1342526376247406,
		0.9995521903038025
	],
	"15. left_elbow": [
		0.531925618648529,
		0.46709394454956055,
		-0.0924941748380661,
		0.9183128476142883
	],
	"16. left_wrist": [
		0.49291616678237915,
		0.42857280373573303,
		0.026574956253170967,
		0.8865197896957397
	],
	"19. right_shoulder": [
		0.5330647230148315,
		0.3855106830596924,
		0.10305958986282349,
		0.9976769685745239
	],
	"20. right_elbow": [
		0.528207004070282,
		0.4789558947086334,
		0.1253231167793274,
		0.3301449716091156
	],
	"21. right_wrist": [
		0.5234829783439636,
		0.5270760655403137,
		0.0028974441811442375,
		0.37282323837280273
	],
	"24. nose": [
		0.5347409248352051,
		0.302826464176178,
		-0.1611839234828949,
		0.9998675584793091
	],
	"25. left_eye": [
		0.5447118878364563,
		0.2921372056007385,
		-0.15454594790935516,
		0.9997672438621521
	],
	"26. right_eye": [
		0.5361433029174805,
		0.2900172472000122,
		-0.13933458924293518,
		0.9995815753936768
	],
	"27. left_ear": [
		0.5580314993858337,
		0.3040089011192322,
		-0.09786081314086914,
		0.9996123313903809
	],
	"28. right_ear": [
		0.5393657088279724,
		0.29688355326652527,
		-0.026638705283403397,
		0.9989556074142456
	],
	"time stamp": 23
}