{
	"1. left_hip": [
		0.5618009567260742,
		0.5996811985969543,
		-0.07206898182630539,
		0.9996082782745361
	],
	"2. left_knee": [
		0.5887905359268188,
		0.7357053756713867,
		-0.07745596766471863,
		0.9877849221229553
	],
	"3. left_ankle": [
		0.6300514340400696,
		0.861376941204071,
		0.04619094729423523,
		0.9915507435798645
	],
	"6. right_hip": [
		0.5299993753433228,
		0.6011790633201599,
		0.0720507949590683,
		0.9995214939117432
	],
	"7. right_knee": [
		0.4938919246196747,
		0.7109220027923584,
		0.034405019134283066,
		0.9847213625907898
	],
	"8. right_ankle": [
		0.502480149269104,
		0.8538131713867188,
		0.1530861109495163,
		0.9672209620475769
	],
	"14. left_shoulder": [
		0.5600471496582031,
		0.37955936789512634,
		-0.13625288009643555,
		0.9995896220207214
	],
	"15. left_elbow": [
		0.5482578873634338,
		0.4820285737514496,
		-0.14154599606990814,
		0.9258988499641418
	],
	"16. left_wrist": [
		0.5037858486175537,
		0.4620029330253601,
		-0.09916701167821884,
		0.8950245380401611
	],
	"19. right_shoulder": [
		0.5258364677429199,
		0.38639259338378906,
		0.09337703883647919,
		0.9978369474411011
	],
	"20. right_elbow": [
		0.5291314721107483,
		0.49423930048942566,
		0.12284692376852036,
		0.3020932972431183
	],
	"21. right_wrist": [
		0.5296163558959961,
		0.5632790327072144,
		0.010992555879056454,
		0.34310418367385864
	],
	"24. nose": [
		0.5311518311500549,
		0.30287620425224304,
		-0.1628894805908203,
		0.9998788237571716
	],
	"25. left_eye": [
		0.5408251285552979,
		0.29262450337409973,
		-0.15585832297801971,
		0.9997859001159668
	],
	"26. right_eye": [
		0.5312936902046204,
		0.290056049823761,
		-0.14124837517738342,
		0.9996175765991211
	],
	"27. left_ear": [
		0.5538114905357361,
		0.3044129014015198,
		-0.09797947108745575,
		0.9996476173400879
	],
	"28. right_ear": [
		0.5342507362365723,
		0.2974434792995453,
		-0.03822991997003555,
		0.9990400671958923
	],
	"time stamp": 23
}