{
	"1. left_hip": [
		0.5533962845802307,
		0.5989943146705627,
		-0.07338922470808029,
		0.999638557434082
	],
	"2. left_knee": [
		0.5689898133277893,
		0.7394019365310669,
		-0.07451403886079788,
		0.9889300465583801
	],
	"3. left_ankle": [
		0.6250377297401428,
		0.8544257879257202,
		0.04726879298686981,
		0.9923350214958191
	],
	"6. right_hip": [
		0.5227615833282471,
		0.6001417636871338,
		0.07341140508651733,
		0.9995629191398621
	],
	"7. right_knee": [
		0.49119529128074646,
		0.710128664970398,
		-0.0016900323098525405,
		0.9859611988067627
	],
	"8. right_ankle": [
		0.5025871396064758,
		0.8555803894996643,
		0.09122136235237122,
		0.9703983068466187
	],
	"14. left_shoulder": [
		0.5573439002037048,
		0.3791342079639435,
		-0.13971011340618134,
		0.9996296167373657
	],
	"15. left_elbow": [
		0.5630516409873962,
		0.48442357778549194,
		-0.14410075545310974,
		0.9332002997398376
	],
	"16. left_wrist": [
		0.5175210237503052,
		0.508504331111908,
		-0.09628503024578094,
		0.9043886661529541
	],
	"19. right_shoulder": [
		0.522830605506897,
		0.38738304376602173,
		0.09154695272445679,
		0.9980215430259705
	],
	"20. right_elbow": [
		0.5297753214836121,
		0.4943084418773651,
		0.1430463343858719,
		0.2768038511276245
	],
	"21. right_wrist": [
		0.5279550552368164,
		0.5556584596633911,
		0.07075446844100952,
		0.31625989079475403
	],
	"24. nose": [
		0.5285251140594482,
		0.3022807836532593,
		-0.14180460572242737,
		0.9998886585235596
	],
	"25. left_eye": [
		0.5378150939941406,
		0.29246267676353455,
		-0.1428166925907135,
		0.9998020529747009
	],
	"26. right_eye": [
		0.5281158685684204,
		0.28994983434677124,
		-0.1253279596567154,
		0.9996470212936401
	],
	"27. left_ear": [
		0.5507079362869263,
		0.30407407879829407,
		-0.1027737408876419,
		0.9996799826622009
	],
	"28. right_ear": [
		0.5307025909423828,
		0.2974814176559448,
		-0.032556962221860886,
		0.9991081357002258
	],
	"time stamp": 23
}