{
	"1. left_hip": [
		0.5450813174247742,
		0.5979074835777283,
		-0.07830739766359329,
		0.9996708631515503
	],
	"2. left_knee": [
		0.5512763857841492,
		0.7413836717605591,
		-0.0717155784368515,
		0.9899436235427856
	],
	"3. left_ankle": [
		0.6123861074447632,
		0.8438230156898499,
		0.0780782401561737,
		0.9930167198181152
	],
	"6. right_hip": [
		0.5170389413833618,
		0.5986933708190918,
		0.07838436216115952,
		0.9996022582054138
	],
	"7. right_knee": [
		0.4869939386844635,
		0.7116010785102844,
		0.002996728988364339,
		0.9868563413619995
	],
	"8. right_ankle": [
		0.5023691654205322,
		0.8563008904457092,
		0.09582126140594482,
		0.9732018709182739
	],
	"14. left_shoulder": [
		0.5543397665023804,
		0.3783336579799652,
		-0.17030023038387299,
		0.9996663928031921
	],
	"15. left_elbow": [
		0.569979190826416,
		0.48191502690315247,
		-0.15269792079925537,
		0.9398380517959595
	],
	"16. left_wrist": [
		0.5304184556007385,
		0.5392459630966187,
		-0.16788823902606964,
		0.9134540557861328
	],
	"19. right_shoulder": [
		0.5225510001182556,
		0.3872860074043274,
		0.09104029089212418,
		0.9981514811515808
	],
	"20. right_elbow": [
		0.5285040736198425,
		0.4879189729690552,
		0.1376161277294159,
		0.251144677400589
	],
	"21. right_wrist": [
		0.5239734649658203,
		0.5426897406578064,
		0.0637146532535553,
		0.28918880224227905
	],
	"24. nose": [
		0.5259023904800415,
		0.30193275213241577,
		-0.160727858543396,
		0.9998953938484192
	],
	"25. left_eye": [
		0.5348635911941528,
		0.29214411973953247,
		-0.16675348579883575,
		0.9998138546943665
	],
	"26. right_eye": [
		0.5257700085639954,
		0.28965696692466736,
		-0.14759482443332672,
		0.9996586441993713
	],
	"27. left_ear": [
		0.5482165813446045,
		0.3038729429244995,
		-0.1351328194141388,
		0.9997091889381409
	],
	"28. right_ear": [
		0.5292003154754639,
		0.2973595857620239,
		-0.05308900400996208,
		0.9991081357002258
	],
	"time stamp": 23
}