{
	"1. left_hip": [
		0.5283260941505432,
		0.580701470375061,
		-0.0836373120546341,
		0.9996839761734009
	],
	"2. left_knee": [
		0.49402686953544617,
		0.7182090878486633,
		-0.1556142121553421,
		0.9890136122703552
	],
	"3. left_ankle": [
		0.5267246961593628,
		0.8240628838539124,
		-0.06303565949201584,
		0.9925398826599121
	],
	"6. right_hip": [
		0.5129411220550537,
		0.5794456601142883,
		0.08370594680309296,
		0.9995958805084229
	],
	"7. right_knee": [
		0.4889131486415863,
		0.7115011215209961,
		0.0508013553917408,
		0.959553599357605
	],
	"8. right_ankle": [
		0.531248152256012,
		0.8297914266586304,
		0.09781696647405624,
		0.9701656103134155
	],
	"14. left_shoulder": [
		0.5521140098571777,
		0.3740638792514801,
		-0.1621752679347992,
		0.9996926784515381
	],
	"15. left_elbow": [
		0.5741506814956665,
		0.46857750415802,
		-0.17682233452796936,
		0.9453745484352112
	],
	"16. left_wrist": [
		0.5697318911552429,
		0.5470050573348999,
		-0.20441994071006775,
		0.9152467846870422
	],
	"19. right_shoulder": [
		0.5181052684783936,
		0.38079673051834106,
		0.0800246000289917,
		0.9981645345687866
	],
	"20. right_elbow": [
		0.5263872146606445,
		0.47868677973747253,
		0.13477207720279694,
		0.2295611947774887
	],
	"21. right_wrist": [
		0.5251480340957642,
		0.539333701133728,
		0.04594768211245537,
		0.27015262842178345
	],
	"24. nose": [
		0.522294819355011,
		0.2992599904537201,
		-0.16668039560317993,
		0.9998829960823059
	],
	"25. left_eye": [
		0.5314100384712219,
		0.2895490229129791,
		-0.16927875578403473,
		0.9997987747192383
	],
	"26. right_eye": [
		0.521892786026001,
		0.28766873478889465,
		-0.1502813696861267,
		0.9996246099472046
	],
	"27. left_ear": [
		0.5447953343391418,
		0.3020859956741333,
		-0.13085685670375824,
		0.9997177124023438
	],
	"28. right_ear": [
		0.5252289175987244,
		0.2960972785949707,
		-0.04984141141176224,
		0.998988151550293
	],
	"time stamp": 23
}