{
	"1. left_hip": [
		0.5254677534103394,
		0.5800373554229736,
		-0.08775016665458679,
		0.9996963143348694
	],
	"2. left_knee": [
		0.48463401198387146,
		0.7102261185646057,
		-0.14110970497131348,
		0.9883947968482971
	],
	"3. left_ankle": [
		0.5128272771835327,
		0.8284056782722473,
		-0.09522514045238495,
		0.9925757646560669
	],
	"6. right_hip": [
		0.505728006362915,
		0.5764751434326172,
		0.08780007064342499,
		0.9995125532150269
	],
	"7. right_knee": [
		0.4889528751373291,
		0.7112310528755188,
		0.06302940100431442,
		0.9183401465415955
	],
	"8. right_ankle": [
		0.526174783706665,
		0.832118809223175,
		0.11660267412662506,
		0.959507942199707
	],
	"14. left_shoulder": [
		0.55372154712677,
		0.37426888942718506,
		-0.16699326038360596,
		0.9997225999832153
	],
	"15. left_elbow": [
		0.5814809203147888,
		0.46738240122795105,
		-0.19450455904006958,
		0.9507834911346436
	],
	"16. left_wrist": [
		0.5787737965583801,
		0.5542899370193481,
		-0.23751835525035858,
		0.9228899478912354
	],
	"19. right_shoulder": [
		0.5157746076583862,
		0.3801444470882416,
		0.07924196869134903,
		0.998049795627594
	],
	"20. right_elbow": [
		0.5212265253067017,
		0.4749985635280609,
		0.13142718374729156,
		0.20919248461723328
	],
	"21. right_wrist": [
		0.5221351385116577,
		0.539432168006897,
		0.024898694828152657,
		0.2498892992734909
	],
	"24. nose": [
		0.5199093818664551,
		0.299454927444458,
		-0.171359121799469,
		0.9998815655708313
	],
	"25. left_eye": [
		0.5286031365394592,
		0.28917860984802246,
		-0.1727246642112732,
		0.999805748462677
	],
	"26. right_eye": [
		0.5196224451065063,
		0.28768038749694824,
		-0.15316566824913025,
		0.9996262192726135
	],
	"27. left_ear": [
		0.5422610640525818,
		0.30126145482063293,
		-0.13665494322776794,
		0.9997393488883972
	],
	"28. right_ear": [
		0.523586094379425,
		0.29609566926956177,
		-0.0512118861079216,
		0.998961329460144
	],
	"time stamp": 23
}