{
	"1. left_hip": [
		0.5201048851013184,
		0.5802683234214783,
		-0.08424849808216095,
		0.9996961355209351
	],
	"2. left_knee": [
		0.47233206033706665,
		0.6999947428703308,
		-0.17091141641139984,
		0.987079918384552
	],
	"3. left_ankle": [
		0.49445658922195435,
		0.8310519456863403,
		-0.11863280087709427,
		0.9913074970245361
	],
	"6. right_hip": [
		0.4981091022491455,
		0.5763816237449646,
		0.08430445939302444,
		0.9994166493415833
	],
	"7. right_knee": [
		0.48173221945762634,
		0.7108873724937439,
		0.04724455624818802,
		0.8733798861503601
	],
	"8. right_ankle": [
		0.5026989579200745,
		0.839622437953949,
		0.08498122543096542,
		0.9439515471458435
	],
	"14. left_shoulder": [
		0.5552473664283752,
		0.37841448187828064,
		-0.15353497862815857,
		0.9997480511665344
	],
	"15. left_elbow": [
		0.5845792889595032,
		0.46827998757362366,
		-0.18738263845443726,
		0.9555895328521729
	],
	"16. left_wrist": [
		0.5822572708129883,
		0.5533662438392639,
		-0.23124466836452484,
		0.9280610084533691
	],
	"19. right_shoulder": [
		0.5129865407943726,
		0.37895622849464417,
		0.07460486888885498,
		0.9978106021881104
	],
	"20. right_elbow": [
		0.5146934986114502,
		0.4723733365535736,
		0.12483146041631699,
		0.19049175083637238
	],
	"21. right_wrist": [
		0.5205669403076172,
		0.5309253931045532,
		0.019411368295550346,
		0.22947266697883606
	],
	"24. nose": [
		0.5194444060325623,
		0.3025813102722168,
		-0.16578523814678192,
		0.9998478889465332
	],
	"25. left_eye": [
		0.5283315181732178,
		0.2907106280326843,
		-0.16768698394298553,
		0.9997860789299011
	],
	"26. right_eye": [
		0.5187573432922363,
		0.2902909815311432,
		-0.14852416515350342,
		0.9995390176773071
	],
	"27. left_ear": [
		0.541695237159729,
		0.3015502393245697,
		-0.13093827664852142,
		0.9997512102127075
	],
	"28. right_ear": [
		0.5221648812294006,
		0.2981865108013153,
		-0.05044303089380264,
		0.9987673759460449
	],
	"time stamp": 23
}