{
	"1. left_hip": [
		0.5182512402534485,
		0.580889880657196,
		-0.08389569073915482,
		0.9997069239616394
	],
	"2. left_knee": [
		0.4605112671852112,
		0.6992736458778381,
		-0.13984839618206024,
		0.9872965812683105
	],
	"3. left_ankle": [
		0.45280683040618896,
		0.8367576003074646,
		-0.10347948968410492,
		0.9918085336685181
	],
	"6. right_hip": [
		0.49352556467056274,
		0.5781056880950928,
		0.08397985249757767,
		0.9993864893913269
	],
	"7. right_knee": [
		0.4820290207862854,
		0.7188572287559509,
		0.057017579674720764,
		0.8649124503135681
	],
	"8. right_ankle": [
		0.5020962357521057,
		0.8532678484916687,
		0.09831566363573074,
		0.946544349193573
	],
	"14. left_shoulder": [
		0.5562959313392639,
		0.38979920744895935,
		-0.13514697551727295,
		0.999772846698761
	],
	"15. left_elbow": [
		0.587972104549408,
		0.4775932729244232,
		-0.16469871997833252,
		0.9599895477294922
	],
	"16. left_wrist": [
		0.5821703672409058,
		0.560899019241333,
		-0.20298051834106445,
		0.9345993399620056
	],
	"19. right_shoulder": [
		0.5089592933654785,
		0.3791612982749939,
		0.08407232910394669,
		0.9979110360145569
	],
	"20. right_elbow": [
		0.49855875968933105,
		0.46526026725769043,
		0.12691350281238556,
		0.17667563259601593
	],
	"21. right_wrist": [
		0.4946348965167999,
		0.5262281894683838,
		0.010736792348325253,
		0.21780116856098175
	],
	"24. nose": [
		0.5183393359184265,
		0.3094649910926819,
		-0.16160891950130463,
		0.9998595714569092
	],
	"25. left_eye": [
		0.5271841287612915,
		0.2964167594909668,
		-0.16157078742980957,
		0.9998037219047546
	],
	"26. right_eye": [
		0.5174281597137451,
		0.2968563735485077,
		-0.1431782841682434,
		0.9995725154876709
	],
	"27. left_ear": [
		0.5402582287788391,
		0.30502191185951233,
		-0.12010051310062408,
		0.9997743964195251
	],
	"28. right_ear": [
		0.5198115706443787,
		0.3039674460887909,
		-0.03979729861021042,
		0.9988523721694946
	],
	"time stamp": 23
}