{
	"1. left_hip": [
		0.5118635892868042,
		0.5922825932502747,
		-0.08297043293714523,
		0.9997265338897705
	],
	"2. left_knee": [
		0.45256492495536804,
		0.7082781195640564,
		-0.13824182748794556,
		0.9840688109397888
	],
	"3. left_ankle": [
		0.4126250445842743,
		0.8551985621452332,
		-0.13914312422275543,
		0.9918196797370911
	],
	"6. right_hip": [
		0.48593389987945557,
		0.5795375108718872,
		0.08306902647018433,
		0.9993828535079956
	],
	"7. right_knee": [
		0.4741162359714508,
		0.7307882308959961,
		0.05370023101568222,
		0.8488814830780029
	],
	"8. right_ankle": [
		0.5015114545822144,
		0.8556575179100037,
		0.09416424483060837,
		0.9446778297424316
	],
	"14. left_shoulder": [
		0.5566326379776001,
		0.4019801616668701,
		-0.10427805781364441,
		0.9997954368591309
	],
	"15. left_elbow": [
		0.5863195657730103,
		0.4835338592529297,
		-0.13976573944091797,
		0.9639460444450378
	],
	"16. left_wrist": [
		0.578997790813446,
		0.56778883934021,
		-0.18254956603050232,
		0.9405537843704224
	],
	"19. right_shoulder": [
		0.5044825673103333,
		0.38889822363853455,
		0.12539856135845184,
		0.9980946183204651
	],
	"20. right_elbow": [
		0.4863198697566986,
		0.4651595950126648,
		0.17273014783859253,
		0.18131673336029053
	],
	"21. right_wrist": [
		0.4647938013076782,
		0.5283701419830322,
		0.06744715571403503,
		0.22874872386455536
	],
	"24. nose": [
		0.5131030678749084,
		0.32656943798065186,
		-0.11426204442977905,
		0.9998728036880493
	],
	"25. left_eye": [
		0.5205798745155334,
		0.3124040961265564,
		-0.11555410176515579,
		0.9998226165771484
	],
	"26. right_eye": [
		0.5120512843132019,
		0.3148007392883301,
		-0.09426740556955338,
		0.9996130466461182
	],
	"27. left_ear": [
		0.5341984629631042,
		0.3169388473033905,
		-0.08277182281017303,
		0.9997965693473816
	],
	"28. right_ear": [
		0.5164223909378052,
		0.31949353218078613,
		0.011659255251288414,
		0.9989609122276306
	],
	"time stamp": 23
}