{
	"1. left_hip": [
		0.5092595219612122,
		0.6024286150932312,
		-0.08229060471057892,
		0.9997446537017822
	],
	"2. left_knee": [
		0.4496791958808899,
		0.7258513569831848,
		-0.14040008187294006,
		0.9824742078781128
	],
	"3. left_ankle": [
		0.40536317229270935,
		0.8693917393684387,
		-0.1512264460325241,
		0.9918606877326965
	],
	"6. right_hip": [
		0.4855385422706604,
		0.5893160700798035,
		0.08239657431840897,
		0.9993504285812378
	],
	"7. right_knee": [
		0.4704884886741638,
		0.732361376285553,
		0.07033336907625198,
		0.8294281363487244
	],
	"8. right_ankle": [
		0.49956804513931274,
		0.856647253036499,
		0.12078401446342468,
		0.9406834840774536
	],
	"14. left_shoulder": [
		0.5557694435119629,
		0.4103592038154602,
		-0.09624399989843369,
		0.9998157620429993
	],
	"15. left_elbow": [
		0.5859535336494446,
		0.49156874418258667,
		-0.13325902819633484,
		0.9674912691116333
	],
	"16. left_wrist": [
		0.5742945671081543,
		0.5668904781341553,
		-0.18358343839645386,
		0.9455413222312927
	],
	"19. right_shoulder": [
		0.5029034614562988,
		0.3969237506389618,
		0.12714006006717682,
		0.9982292652130127
	],
	"20. right_elbow": [
		0.48645734786987305,
		0.46776890754699707,
		0.15799851715564728,
		0.17451438307762146
	],
	"21. right_wrist": [
		0.4713289737701416,
		0.5350673198699951,
		0.039128538221120834,
		0.22163310647010803
	],
	"24. nose": [
		0.5105878710746765,
		0.33738771080970764,
		-0.12239967286586761,
		0.9998846054077148
	],
	"25. left_eye": [
		0.5178638100624084,
		0.3235922157764435,
		-0.12198812514543533,
		0.9998395442962646
	],
	"26. right_eye": [
		0.5090669393539429,
		0.3256997764110565,
		-0.10146048665046692,
		0.9996495246887207
	],
	"27. left_ear": [
		0.5314299464225769,
		0.3262324929237366,
		-0.08075092732906342,
		0.9998165369033813
	],
	"28. right_ear": [
		0.5136433839797974,
		0.32868242263793945,
		0.011116744950413704,
		0.9990586638450623
	],
	"time stamp": 23
}