{
	"1. left_hip": [
		0.5052850842475891,
		0.6081589460372925,
		-0.0818810760974884,
		0.9997619390487671
	],
	"2. left_knee": [
		0.44866761565208435,
		0.730530321598053,
		-0.13930635154247284,
		0.9815734624862671
	],
	"3. left_ankle": [
		0.40282902121543884,
		0.8716444969177246,
		-0.15209318697452545,
		0.991899311542511
	],
	"6. right_hip": [
		0.4828660190105438,
		0.5955408811569214,
		0.08196970075368881,
		0.9993468523025513
	],
	"7. right_knee": [
		0.4688243865966797,
		0.7366029620170593,
		0.07143934071063995,
		0.817360520362854
	],
	"8. right_ankle": [
		0.49925923347473145,
		0.8600168228149414,
		0.11996462196111679,
		0.938232958316803
	],
	"14. left_shoulder": [
		0.553374707698822,
		0.41404804587364197,
		-0.09140142053365707,
		0.9998340606689453
	],
	"15. left_elbow": [
		0.5822314620018005,
		0.4904630780220032,
		-0.14564774930477142,
		0.97066730260849
	],
	"16. left_wrist": [
		0.5725346803665161,
		0.5623270869255066,
		-0.2121235579252243,
		0.9500762820243835
	],
	"19. right_shoulder": [
		0.5007355213165283,
		0.401841938495636,
		0.13361673057079315,
		0.998364269733429
	],
	"20. right_elbow": [
		0.4890483617782593,
		0.46868494153022766,
		0.1631726622581482,
		0.16587285697460175
	],
	"21. right_wrist": [
		0.48019352555274963,
		0.5414227843284607,
		0.04238596186041832,
		0.21475446224212646
	],
	"24. nose": [
		0.507705807685852,
		0.340352863073349,
		-0.11007367819547653,
		0.9998950958251953
	],
	"25. left_eye": [
		0.5152162313461304,
		0.3273538053035736,
		-0.11058524250984192,
		0.9998546242713928
	],
	"26. right_eye": [
		0.5065590143203735,
		0.32953575253486633,
		-0.08982685953378677,
		0.9996818900108337
	],
	"27. left_ear": [
		0.5288161635398865,
		0.3306296765804291,
		-0.0722634419798851,
		0.999834418296814
	],
	"28. right_ear": [
		0.511367917060852,
		0.3335958421230316,
		0.020479999482631683,
		0.9991459250450134
	],
	"time stamp": 23
}