{
	"1. left_hip": [
		0.5020289421081543,
		0.6087360978126526,
		-0.08309393376111984,
		0.9997716546058655
	],
	"2. left_knee": [
		0.4450608789920807,
		0.7309265732765198,
		-0.1483609527349472,
		0.9827311635017395
	],
	"3. left_ankle": [
		0.4055660367012024,
		0.8726453185081482,
		-0.15780822932720184,
		0.9923137426376343
	],
	"6. right_hip": [
		0.4815196394920349,
		0.5973600745201111,
		0.08324874192476273,
		0.9993172287940979
	],
	"7. right_knee": [
		0.4691412150859833,
		0.7372814416885376,
		0.08957080543041229,
		0.8171452879905701
	],
	"8. right_ankle": [
		0.49933570623397827,
		0.862384021282196,
		0.1519840657711029,
		0.9399104714393616
	],
	"14. left_shoulder": [
		0.5502688884735107,
		0.4134202301502228,
		-0.10287033021450043,
		0.9998502135276794
	],
	"15. left_elbow": [
		0.5796182751655579,
		0.49348562955856323,
		-0.15487046539783478,
		0.9734556674957275
	],
	"16. left_wrist": [
		0.5679653882980347,
		0.5675638914108276,
		-0.22804845869541168,
		0.9525492191314697
	],
	"19. right_shoulder": [
		0.4997803270816803,
		0.40208205580711365,
		0.12027369439601898,
		0.9984763860702515
	],
	"20. right_elbow": [
		0.4903298616409302,
		0.4840235710144043,
		0.13306079804897308,
		0.15522070229053497
	],
	"21. right_wrist": [
		0.4825255572795868,
		0.543319821357727,
		-0.014686818234622478,
		0.2048720419406891
	],
	"24. nose": [
		0.5047177672386169,
		0.3397786319255829,
		-0.11556434631347656,
		0.9999029040336609
	],
	"25. left_eye": [
		0.5114715099334717,
		0.32651281356811523,
		-0.11819837242364883,
		0.9998665452003479
	],
	"26. right_eye": [
		0.503692090511322,
		0.328559547662735,
		-0.09650527685880661,
		0.9997075796127319
	],
	"27. left_ear": [
		0.5246208906173706,
		0.33015862107276917,
		-0.08457788825035095,
		0.9998496770858765
	],
	"28. right_ear": [
		0.5087506175041199,
		0.3335859775543213,
		0.011665038764476776,
		0.9992179870605469
	],
	"time stamp": 23
}