{
	"1. left_hip": [
		0.5041915774345398,
		0.6065899729728699,
		-0.08359713852405548,
		0.9997714757919312
	],
	"2. left_knee": [
		0.4464356601238251,
		0.7261267900466919,
		-0.17911943793296814,
		0.9836458563804626
	],
	"3. left_ankle": [
		0.417357474565506,
		0.8708674311637878,
		-0.19532212615013123,
		0.9928705096244812
	],
	"6. right_hip": [
		0.48147305846214294,
		0.5964715480804443,
		0.0837867483496666,
		0.9991419315338135
	],
	"7. right_knee": [
		0.46891769766807556,
		0.7342891097068787,
		0.1243731901049614,
		0.8139878511428833
	],
	"8. right_ankle": [
		0.49940088391304016,
		0.8609047532081604,
		0.2203751504421234,
		0.9409700632095337
	],
	"14. left_shoulder": [
		0.5432479977607727,
		0.4091246426105499,
		-0.1101723164319992,
		0.9998636841773987
	],
	"15. left_elbow": [
		0.5710058808326721,
		0.4891450107097626,
		-0.1562603861093521,
		0.9757616519927979
	],
	"16. left_wrist": [
		0.5670933127403259,
		0.558463454246521,
		-0.2272716462612152,
		0.9496713876724243
	],
	"19. right_shoulder": [
		0.49299973249435425,
		0.40088123083114624,
		0.09106839448213577,
		0.9983965158462524
	],
	"20. right_elbow": [
		0.49051958322525024,
		0.4920822083950043,
		0.12054920941591263,
		0.14381910860538483
	],
	"21. right_wrist": [
		0.4870128035545349,
		0.5494882464408875,
		-0.004811566788703203,
		0.1912902295589447
	],
	"24. nose": [
		0.49807873368263245,
		0.33528485894203186,
		-0.1634903848171234,
		0.9999040961265564
	],
	"25. left_eye": [
		0.505804181098938,
		0.3223798871040344,
		-0.16240030527114868,
		0.9998700618743896
	],
	"26. right_eye": [
		0.4968363046646118,
		0.3239724338054657,
		-0.14218072593212128,
		0.9997119903564453
	],
	"27. left_ear": [
		0.5181218385696411,
		0.3273533582687378,
		-0.11514114588499069,
		0.9998583793640137
	],
	"28. right_ear": [
		0.501507043838501,
		0.32972827553749084,
		-0.021108131855726242,
		0.9992064237594604
	],
	"time stamp": 23
}