{
	"1. left_hip": [
		0.506409764289856,
		0.6043665409088135,
		-0.08503712713718414,
		0.9997643232345581
	],
	"2. left_knee": [
		0.4503406882286072,
		0.7168664932250977,
		-0.18631163239479065,
		0.9847596287727356
	],
	"3. left_ankle": [
		0.43028709292411804,
		0.8696179986000061,
		-0.1958869844675064,
		0.9933883547782898
	],
	"6. right_hip": [
		0.4835096299648285,
		0.5946745872497559,
		0.08524172008037567,
		0.9989845156669617
	],
	"7. right_knee": [
		0.4698558449745178,
		0.7340238690376282,
		0.10362017154693604,
		0.812026858329773
	],
	"8. right_ankle": [
		0.4995669424533844,
		0.8603131771087646,
		0.1869640350341797,
		0.9426674842834473
	],
	"14. left_shoulder": [
		0.5371671319007874,
		0.40893304347991943,
		-0.12065928429365158,
		0.9998757243156433
	],
	"15. left_elbow": [
		0.5665296912193298,
		0.4873664081096649,
		-0.15864989161491394,
		0.9778306484222412
	],
	"16. left_wrist": [
		0.5616859793663025,
		0.5550452470779419,
		-0.2132067233324051,
		0.9464660286903381
	],
	"19. right_shoulder": [
		0.4879584014415741,
		0.39976799488067627,
		0.08130663633346558,
		0.9983577132225037
	],
	"20. right_elbow": [
		0.4894813597202301,
		0.49360373616218567,
		0.11857949197292328,
		0.13320687413215637
	],
	"21. right_wrist": [
		0.4886351227760315,
		0.5523661971092224,
		0.0010141081875190139,
		0.17868083715438843
	],
	"24. nose": [
		0.4926513135433197,
		0.3331325948238373,
		-0.18200212717056274,
		0.9999035000801086
	],
	"25. left_eye": [
		0.5006331205368042,
		0.3201412558555603,
		-0.17928311228752136,
		0.999870777130127
	],
	"26. right_eye": [
		0.4911850392818451,
		0.3217757046222687,
		-0.1604410707950592,
		0.999714195728302
	],
	"27. left_ear": [
		0.512087345123291,
		0.3255326449871063,
		-0.1259123682975769,
		0.9998650550842285
	],
	"28. right_ear": [
		0.4942338168621063,
		0.3273821473121643,
		-0.03754652664065361,
		0.9991896152496338
	],
	"time stamp": 23
}