{
	"1. left_hip": [
		0.5073941946029663,
		0.5990975499153137,
		-0.08491308987140656,
		0.9997526407241821
	],
	"2. left_knee": [
		0.453764945268631,
		0.713314414024353,
		-0.16964268684387207,
		0.9861072897911072
	],
	"3. left_ankle": [
		0.44014251232147217,
		0.8657429814338684,
		-0.16279757022857666,
		0.9938589334487915
	],
	"6. right_hip": [
		0.485745370388031,
		0.5920535326004028,
		0.08509468287229538,
		0.9989179372787476
	],
	"7. right_knee": [
		0.4712042212486267,
		0.7265908718109131,
		0.09850918501615524,
		0.8156946897506714
	],
	"8. right_ankle": [
		0.4995754361152649,
		0.860063910484314,
		0.1526164710521698,
		0.9459391236305237
	],
	"14. left_shoulder": [
		0.5310606956481934,
		0.40189167857170105,
		-0.14168865978717804,
		0.9998849630355835
	],
	"15. left_elbow": [
		0.5618360638618469,
		0.4800122082233429,
		-0.16405169665813446,
		0.9797525405883789
	],
	"16. left_wrist": [
		0.5552863478660583,
		0.5545055866241455,
		-0.19774211943149567,
		0.9449230432510376
	],
	"19. right_shoulder": [
		0.4852485954761505,
		0.3990834951400757,
		0.06165114417672157,
		0.998252809047699
	],
	"20. right_elbow": [
		0.49060091376304626,
		0.49334919452667236,
		0.09937426447868347,
		0.12176782637834549
	],
	"21. right_wrist": [
		0.5024755001068115,
		0.5487459897994995,
		-0.01473186258226633,
		0.1649736762046814
	],
	"24. nose": [
		0.48739466071128845,
		0.33189108967781067,
		-0.1910625845193863,
		0.9998886585235596
	],
	"25. left_eye": [
		0.49564889073371887,
		0.3191942572593689,
		-0.18925711512565613,
		0.9998564124107361
	],
	"26. right_eye": [
		0.48515141010284424,
		0.3206930458545685,
		-0.17137181758880615,
		0.9996852874755859
	],
	"27. left_ear": [
		0.5061600804328918,
		0.32459256052970886,
		-0.13961972296237946,
		0.9998645782470703
	],
	"28. right_ear": [
		0.4873007535934448,
		0.3264106810092926,
		-0.05594274401664734,
		0.9991047382354736
	],
	"time stamp": 23
}