{
	"1. left_hip": [
		0.5070250034332275,
		0.5918996334075928,
		-0.08461254835128784,
		0.9997188448905945
	],
	"2. left_knee": [
		0.4586593806743622,
		0.7132391333580017,
		-0.13649094104766846,
		0.9872976541519165
	],
	"3. left_ankle": [
		0.4800819158554077,
		0.8622192144393921,
		-0.11369725316762924,
		0.9938799142837524
	],
	"6. right_hip": [
		0.48713013529777527,
		0.5873600840568542,
		0.08478353917598724,
		0.9988328218460083
	],
	"7. right_knee": [
		0.4721508324146271,
		0.7194328904151917,
		0.06990828365087509,
		0.8129714727401733
	],
	"8. right_ankle": [
		0.4974784553050995,
		0.8530591130256653,
		0.10850678384304047,
		0.946813702583313
	],
	"14. left_shoulder": [
		0.5216889381408691,
		0.390145868062973,
		-0.13646909594535828,
		0.9998941421508789
	],
	"15. left_elbow": [
		0.5588542819023132,
		0.46507924795150757,
		-0.16390323638916016,
		0.9816635847091675
	],
	"16. left_wrist": [
		0.5544098615646362,
		0.5434837341308594,
		-0.20071569085121155,
		0.9485592842102051
	],
	"19. right_shoulder": [
		0.48270919919013977,
		0.3981402814388275,
		0.07011037319898605,
		0.9982687830924988
	],
	"20. right_elbow": [
		0.5001711249351501,
		0.49155694246292114,
		0.10790494084358215,
		0.11155819147825241
	],
	"21. right_wrist": [
		0.513881266117096,
		0.5500390529632568,
		-0.0036132638342678547,
		0.15242481231689453
	],
	"24. nose": [
		0.4801860451698303,
		0.33167406916618347,
		-0.17622070014476776,
		0.9998912215232849
	],
	"25. left_eye": [
		0.48852089047431946,
		0.31884050369262695,
		-0.17455990612506866,
		0.9998620748519897
	],
	"26. right_eye": [
		0.47876298427581787,
		0.3205298185348511,
		-0.15681584179401398,
		0.9997026920318604
	],
	"27. left_ear": [
		0.49941858649253845,
		0.32425910234451294,
		-0.12770581245422363,
		0.9998736381530762
	],
	"28. right_ear": [
		0.48200350999832153,
		0.3253262937068939,
		-0.045349180698394775,
		0.9991629719734192
	],
	"time stamp": 23
}