{
	"1. left_hip": [
		0.5125777721405029,
		0.5840768814086914,
		-0.08535033464431763,
		0.9997168779373169
	],
	"2. left_knee": [
		0.49407604336738586,
		0.7140109539031982,
		-0.13212557137012482,
		0.9882832169532776
	],
	"3. left_ankle": [
		0.529725968837738,
		0.8567326664924622,
		-0.06469563394784927,
		0.9943304657936096
	],
	"6. right_hip": [
		0.4875791668891907,
		0.5860027074813843,
		0.08542102575302124,
		0.9988583922386169
	],
	"7. right_knee": [
		0.47205549478530884,
		0.7191704511642456,
		0.037111055105924606,
		0.8265711069107056
	],
	"8. right_ankle": [
		0.4976913630962372,
		0.8535678386688232,
		0.10850770771503448,
		0.950623095035553
	],
	"14. left_shoulder": [
		0.5125736594200134,
		0.38139763474464417,
		-0.1342519074678421,
		0.999904215335846
	],
	"15. left_elbow": [
		0.5528005361557007,
		0.4456629753112793,
		-0.16749602556228638,
		0.9833118915557861
	],
	"16. left_wrist": [
		0.5544386506080627,
		0.5195533037185669,
		-0.2073204219341278,
		0.9518223404884338
	],
	"19. right_shoulder": [
		0.4808351993560791,
		0.39767760038375854,
		0.09589833766222,
		0.9982792735099792
	],
	"20. right_elbow": [
		0.506534218788147,
		0.4893757402896881,
		0.13875961303710938,
		0.1019846573472023
	],
	"21. right_wrist": [
		0.5139177441596985,
		0.5483494400978088,
		0.05229146406054497,
		0.14124351739883423
	],
	"24. nose": [
		0.46839872002601624,
		0.3314819037914276,
		-0.17063432931900024,
		0.9998998641967773
	],
	"25. left_eye": [
		0.4759375751018524,
		0.317084401845932,
		-0.16993576288223267,
		0.9998735189437866
	],
	"26. right_eye": [
		0.4671224355697632,
		0.3197377026081085,
		-0.14881791174411774,
		0.9997275471687317
	],
	"27. left_ear": [
		0.489003986120224,
		0.32150572538375854,
		-0.1255316585302353,
		0.9998853802680969
	],
	"28. right_ear": [
		0.47124505043029785,
		0.32364827394485474,
		-0.029220743104815483,
		0.9992331862449646
	],
	"time stamp": 23
}