{
	"1. left_hip": [
		0.518930971622467,
		0.5828466415405273,
		-0.08045794814825058,
		0.9997285604476929
	],
	"2. left_knee": [
		0.5074836015701294,
		0.7195332646369934,
		-0.10923368483781815,
		0.989266574382782
	],
	"3. left_ankle": [
		0.5588511824607849,
		0.8427298665046692,
		0.010998331010341644,
		0.9946717619895935
	],
	"6. right_hip": [
		0.4898037314414978,
		0.5861331224441528,
		0.08046477288007736,
		0.9989505410194397
	],
	"7. right_knee": [
		0.47222524881362915,
		0.719042181968689,
		0.009674645029008389,
		0.8420197367668152
	],
	"8. right_ankle": [
		0.4985258877277374,
		0.8543608784675598,
		0.09332261234521866,
		0.9549269676208496
	],
	"14. left_shoulder": [
		0.5064460635185242,
		0.3755688965320587,
		-0.13732518255710602,
		0.9999133944511414
	],
	"15. left_elbow": [
		0.548496425151825,
		0.4375653564929962,
		-0.1694832146167755,
		0.9848704934120178
	],
	"16. left_wrist": [
		0.5548518300056458,
		0.51302570104599,
		-0.20542192459106445,
		0.9557667374610901
	],
	"19. right_shoulder": [
		0.4761669635772705,
		0.397453635931015,
		0.09288983792066574,
		0.9983406066894531
	],
	"20. right_elbow": [
		0.5052132606506348,
		0.4880571961402893,
		0.13520881533622742,
		0.09326305985450745
	],
	"21. right_wrist": [
		0.5121520161628723,
		0.5473165512084961,
		0.03965780884027481,
		0.1320647895336151
	],
	"24. nose": [
		0.4624827206134796,
		0.3299795687198639,
		-0.16760435700416565,
		0.999907374382019
	],
	"25. left_eye": [
		0.4704713523387909,
		0.315798282623291,
		-0.1666838675737381,
		0.9998812079429626
	],
	"26. right_eye": [
		0.46104609966278076,
		0.3183678090572357,
		-0.14687198400497437,
		0.9997434020042419
	],
	"27. left_ear": [
		0.4826996624469757,
		0.3194727301597595,
		-0.12276539951562881,
		0.9998951554298401
	],
	"28. right_ear": [
		0.4645674526691437,
		0.32214123010635376,
		-0.032354217022657394,
		0.9992685914039612
	],
	"time stamp": 23
}