{
	"1. left_hip": [
		0.5244836211204529,
		0.584348738193512,
		-0.0805324986577034,
		0.9997395277023315
	],
	"2. left_knee": [
		0.531487226486206,
		0.7332366108894348,
		-0.10574382543563843,
		0.990247368812561
	],
	"3. left_ankle": [
		0.5857110023498535,
		0.8404950499534607,
		-0.00290903658606112,
		0.9951337575912476
	],
	"6. right_hip": [
		0.4959176480770111,
		0.5913331508636475,
		0.08055053651332855,
		0.999032735824585
	],
	"7. right_knee": [
		0.47262659668922424,
		0.7188166975975037,
		-0.0005477055674418807,
		0.8570504784584045
	],
	"8. right_ankle": [
		0.4986400008201599,
		0.8554401993751526,
		0.08387526869773865,
		0.9591534733772278
	],
	"14. left_shoulder": [
		0.5002198815345764,
		0.37500402331352234,
		-0.1579633504152298,
		0.9999215602874756
	],
	"15. left_elbow": [
		0.5451720356941223,
		0.4367211163043976,
		-0.17678239941596985,
		0.9862522482872009
	],
	"16. left_wrist": [
		0.5549128651618958,
		0.5119698643684387,
		-0.19136428833007812,
		0.9590519070625305
	],
	"19. right_shoulder": [
		0.47655874490737915,
		0.3975233733654022,
		0.07838932424783707,
		0.998354434967041
	],
	"20. right_elbow": [
		0.5114977359771729,
		0.4872158169746399,
		0.13439223170280457,
		0.08557098358869553
	],
	"21. right_wrist": [
		0.5252665281295776,
		0.547075629234314,
		0.044737398624420166,
		0.12399344146251678
	],
	"24. nose": [
		0.4568028450012207,
		0.3306886553764343,
		-0.18225549161434174,
		0.9999100565910339
	],
	"25. left_eye": [
		0.46484577655792236,
		0.31618160009384155,
		-0.18265719711780548,
		0.9998801350593567
	],
	"26. right_eye": [
		0.4550296664237976,
		0.31825515627861023,
		-0.16304108500480652,
		0.9997425675392151
	],
	"27. left_ear": [
		0.47679170966148376,
		0.31980884075164795,
		-0.14390215277671814,
		0.9999008178710938
	],
	"28. right_ear": [
		0.459035187959671,
		0.32249167561531067,
		-0.05102483928203583,
		0.9992505311965942
	],
	"time stamp": 23
}