{
	"1. left_hip": [
		0.5288957357406616,
		0.5852363109588623,
		-0.08058659732341766,
		0.9997393488883972
	],
	"2. left_knee": [
		0.5526240468025208,
		0.7392838597297668,
		-0.09379693120718002,
		0.9911559820175171
	],
	"3. left_ankle": [
		0.6058108806610107,
		0.8407703042030334,
		-0.011749307624995708,
		0.99558424949646
	],
	"6. right_hip": [
		0.501072347164154,
		0.5968103408813477,
		0.08061476796865463,
		0.9990972280502319
	],
	"7. right_knee": [
		0.47278791666030884,
		0.7173900008201599,
		-0.01968245580792427,
		0.8707717657089233
	],
	"8. right_ankle": [
		0.4988962709903717,
		0.8554283380508423,
		0.06156926229596138,
		0.9630250334739685
	],
	"14. left_shoulder": [
		0.4939446747303009,
		0.37651315331459045,
		-0.16246232390403748,
		0.9999284744262695
	],
	"15. left_elbow": [
		0.5392570495605469,
		0.43408024311065674,
		-0.17546993494033813,
		0.9873827695846558
	],
	"16. left_wrist": [
		0.5553230047225952,
		0.505280077457428,
		-0.15873214602470398,
		0.9612294435501099
	],
	"19. right_shoulder": [
		0.4738087058067322,
		0.40009838342666626,
		0.07586967945098877,
		0.9982967972755432
	],
	"20. right_elbow": [
		0.5166686177253723,
		0.4868054687976837,
		0.1405070275068283,
		0.0784154087305069
	],
	"21. right_wrist": [
		0.5345606803894043,
		0.5368154644966125,
		0.07407284528017044,
		0.11571473628282547
	],
	"24. nose": [
		0.452015221118927,
		0.33277493715286255,
		-0.19192877411842346,
		0.9999099969863892
	],
	"25. left_eye": [
		0.4599302411079407,
		0.3185717761516571,
		-0.19175057113170624,
		0.9998742341995239
	],
	"26. right_eye": [
		0.45049044489860535,
		0.3202440142631531,
		-0.17265617847442627,
		0.9997374415397644
	],
	"27. left_ear": [
		0.47263720631599426,
		0.3226419687271118,
		-0.15039244294166565,
		0.9999024271965027
	],
	"28. right_ear": [
		0.4551836848258972,
		0.32469987869262695,
		-0.059536099433898926,
		0.9992115497589111
	],
	"time stamp": 23
}