{
	"1. left_hip": [
		0.5368964076042175,
		0.6020311713218689,
		-0.07965553551912308,
		0.9997231364250183
	],
	"2. left_knee": [
		0.581331729888916,
		0.7406322956085205,
		-0.0958545133471489,
		0.9919843077659607
	],
	"3. left_ankle": [
		0.6312257051467896,
		0.848887026309967,
		-0.030423713847994804,
		0.9960001111030579
	],
	"6. right_hip": [
		0.5080558061599731,
		0.6134494543075562,
		0.07968295365571976,
		0.9991066455841064
	],
	"7. right_knee": [
		0.47331684827804565,
		0.720003604888916,
		-0.005256346892565489,
		0.8832756876945496
	],
	"8. right_ankle": [
		0.49894478917121887,
		0.8575061559677124,
		0.10525941103696823,
		0.9664919972419739
	],
	"14. left_shoulder": [
		0.4890502691268921,
		0.3927067518234253,
		-0.16268499195575714,
		0.9999319314956665
	],
	"15. left_elbow": [
		0.5342401266098022,
		0.4394524395465851,
		-0.17798906564712524,
		0.9866332411766052
	],
	"16. left_wrist": [
		0.5554453730583191,
		0.5063092708587646,
		-0.17755600810050964,
		0.9494540095329285
	],
	"19. right_shoulder": [
		0.47126659750938416,
		0.41413912177085876,
		0.06890092045068741,
		0.9979733228683472
	],
	"20. right_elbow": [
		0.5199977159500122,
		0.4948503375053406,
		0.13821783661842346,
		0.07165490090847015
	],
	"21. right_wrist": [
		0.5420485734939575,
		0.5404720306396484,
		0.0816170796751976,
		0.10591783374547958
	],
	"24. nose": [
		0.4455735683441162,
		0.35713645815849304,
		-0.2093300223350525,
		0.9999067187309265
	],
	"25. left_eye": [
		0.4530094563961029,
		0.3416568636894226,
		-0.20768380165100098,
		0.9998640418052673
	],
	"26. right_eye": [
		0.44457730650901794,
		0.3435520827770233,
		-0.1883053034543991,
		0.9997312426567078
	],
	"27. left_ear": [
		0.4656229019165039,
		0.34360069036483765,
		-0.15973351895809174,
		0.9998979568481445
	],
	"28. right_ear": [
		0.45015424489974976,
		0.34730643033981323,
		-0.06673851609230042,
		0.9991815090179443
	],
	"time stamp": 23
}