{
	"1. left_hip": [
		0.5410935282707214,
		0.6088680028915405,
		-0.07505401968955994,
		0.9996128082275391
	],
	"2. left_knee": [
		0.5889409780502319,
		0.7404171228408813,
		-0.1050504669547081,
		0.9926130771636963
	],
	"3. left_ankle": [
		0.637992262840271,
		0.861415445804596,
		-0.042495980858802795,
		0.9962888360023499
	],
	"6. right_hip": [
		0.5106176137924194,
		0.622965395450592,
		0.07508250325918198,
		0.9989689588546753
	],
	"7. right_knee": [
		0.47344619035720825,
		0.7221251726150513,
		-0.03941464424133301,
		0.8942406177520752
	],
	"8. right_ankle": [
		0.4990100860595703,
		0.8572247624397278,
		0.08341878652572632,
		0.9692753553390503
	],
	"14. left_shoulder": [
		0.48515641689300537,
		0.40651142597198486,
		-0.14872732758522034,
		0.9999251961708069
	],
	"15. left_elbow": [
		0.5317319631576538,
		0.4423791170120239,
		-0.15040141344070435,
		0.9843571782112122
	],
	"16. left_wrist": [
		0.5560674071311951,
		0.5086030960083008,
		-0.1593385487794876,
		0.9322568774223328
	],
	"19. right_shoulder": [
		0.46772217750549316,
		0.43288058042526245,
		0.07226043939590454,
		0.9968463778495789
	],
	"20. right_elbow": [
		0.5195244550704956,
		0.5109503269195557,
		0.14756488800048828,
		0.06528665125370026
	],
	"21. right_wrist": [
		0.5429286360740662,
		0.5565919876098633,
		0.10385135561227798,
		0.0966988056898117
	],
	"24. nose": [
		0.44565990567207336,
		0.36995887756347656,
		-0.21205036342144012,
		0.9998931884765625
	],
	"25. left_eye": [
		0.4533715844154358,
		0.355648010969162,
		-0.20717385411262512,
		0.9998257756233215
	],
	"26. right_eye": [
		0.44341591000556946,
		0.3592008948326111,
		-0.19009289145469666,
		0.9997021555900574
	],
	"27. left_ear": [
		0.4660007655620575,
		0.3587879240512848,
		-0.14838433265686035,
		0.9998644590377808
	],
	"28. right_ear": [
		0.446515291929245,
		0.3645193874835968,
		-0.06386558711528778,
		0.9990702271461487
	],
	"time stamp": 23
}