{
	"1. left_hip": [
		0.5443592071533203,
		0.6155150532722473,
		-0.07563792169094086,
		0.9995889067649841
	],
	"2. left_knee": [
		0.5914918184280396,
		0.742179274559021,
		-0.10962625592947006,
		0.9932103753089905
	],
	"3. left_ankle": [
		0.6399792432785034,
		0.8637843728065491,
		-0.04907739534974098,
		0.9965794682502747
	],
	"6. right_hip": [
		0.5139980316162109,
		0.6284381747245789,
		0.0757286548614502,
		0.9989763498306274
	],
	"7. right_knee": [
		0.47370854020118713,
		0.7241345047950745,
		-0.03793105483055115,
		0.9040635824203491
	],
	"8. right_ankle": [
		0.4989790618419647,
		0.8570263981819153,
		0.07938389480113983,
		0.9717457294464111
	],
	"14. left_shoulder": [
		0.48325425386428833,
		0.42120805382728577,
		-0.14192534983158112,
		0.9999197721481323
	],
	"15. left_elbow": [
		0.5284648537635803,
		0.4482371509075165,
		-0.18314631283283234,
		0.9804636836051941
	],
	"16. left_wrist": [
		0.5554920434951782,
		0.5018049478530884,
		-0.2530553638935089,
		0.9118161797523499
	],
	"19. right_shoulder": [
		0.46428292989730835,
		0.446674644947052,
		0.08198545128107071,
		0.9965905547142029
	],
	"20. right_elbow": [
		0.5151429176330566,
		0.5303667783737183,
		0.152529776096344,
		0.059671640396118164
	],
	"21. right_wrist": [
		0.5351384282112122,
		0.578018307685852,
		0.0941917821764946,
		0.0890791043639183
	],
	"24. nose": [
		0.44398584961891174,
		0.3812447786331177,
		-0.20429673790931702,
		0.9998876452445984
	],
	"25. left_eye": [
		0.452060341835022,
		0.3663305938243866,
		-0.1988060027360916,
		0.9998049139976501
	],
	"26. right_eye": [
		0.4421522915363312,
		0.37208786606788635,
		-0.18112504482269287,
		0.999692440032959
	],
	"27. left_ear": [
		0.4645165503025055,
		0.3699365258216858,
		-0.14389744400978088,
		0.9998350739479065
	],
	"28. right_ear": [
		0.4448015093803406,
		0.37875011563301086,
		-0.0605318620800972,
		0.9990256428718567
	],
	"time stamp": 23
}