{
	"1. left_hip": [
		0.5464614033699036,
		0.6196561455726624,
		-0.07629160583019257,
		0.9995957016944885
	],
	"2. left_knee": [
		0.5923787951469421,
		0.7452904582023621,
		-0.10231134295463562,
		0.9936659336090088
	],
	"3. left_ankle": [
		0.6430474519729614,
		0.8687906265258789,
		-0.03884490206837654,
		0.9968184232711792
	],
	"6. right_hip": [
		0.5146014094352722,
		0.6326152086257935,
		0.07638489454984665,
		0.9990286827087402
	],
	"7. right_knee": [
		0.4743596315383911,
		0.7242562174797058,
		-0.08782974630594254,
		0.9123316407203674
	],
	"8. right_ankle": [
		0.49922284483909607,
		0.8561905026435852,
		0.0026103691197931767,
		0.9738190174102783
	],
	"14. left_shoulder": [
		0.48383253812789917,
		0.4299156665802002,
		-0.15503793954849243,
		0.9999245405197144
	],
	"15. left_elbow": [
		0.5295230150222778,
		0.4554159939289093,
		-0.18241897225379944,
		0.9808685183525085
	],
	"16. left_wrist": [
		0.5564028024673462,
		0.5067214369773865,
		-0.22835446894168854,
		0.9084911942481995
	],
	"19. right_shoulder": [
		0.45949098467826843,
		0.4606468081474304,
		0.0669143870472908,
		0.9967510104179382
	],
	"20. right_elbow": [
		0.5040079355239868,
		0.5411785244941711,
		0.15184786915779114,
		0.05490785092115402
	],
	"21. right_wrist": [
		0.5248304605484009,
		0.5983197689056396,
		0.07762165367603302,
		0.08349434286355972
	],
	"24. nose": [
		0.4419662654399872,
		0.3888104259967804,
		-0.22342175245285034,
		0.9998917579650879
	],
	"25. left_eye": [
		0.45003896951675415,
		0.3746933043003082,
		-0.21707023680210114,
		0.9998064041137695
	],
	"26. right_eye": [
		0.43997886776924133,
		0.37965822219848633,
		-0.20063315331935883,
		0.9997055530548096
	],
	"27. left_ear": [
		0.4631120264530182,
		0.3789522051811218,
		-0.15351027250289917,
		0.9998323321342468
	],
	"28. right_ear": [
		0.4424959123134613,
		0.3871211111545563,
		-0.0758269652724266,
		0.9990594387054443
	],
	"time stamp": 23
}