{
	"1. left_hip": [
		0.5462073683738708,
		0.6176226139068604,
		-0.073062464594841,
		0.9996036291122437
	],
	"2. left_knee": [
		0.5913243293762207,
		0.7443325519561768,
		-0.10618709027767181,
		0.994064211845398
	],
	"3. left_ankle": [
		0.6407496333122253,
		0.8680654168128967,
		-0.04947067052125931,
		0.9969862699508667
	],
	"6. right_hip": [
		0.5150362253189087,
		0.6299397945404053,
		0.07325896620750427,
		0.9990139007568359
	],
	"7. right_knee": [
		0.47591668367385864,
		0.726641058921814,
		-0.05993717163801193,
		0.917980968952179
	],
	"8. right_ankle": [
		0.49924924969673157,
		0.8567054867744446,
		0.10583450645208359,
		0.9747903347015381
	],
	"14. left_shoulder": [
		0.483262300491333,
		0.4381029009819031,
		-0.19064223766326904,
		0.9999266862869263
	],
	"15. left_elbow": [
		0.5307140350341797,
		0.46240949630737305,
		-0.19690027832984924,
		0.9806685447692871
	],
	"16. left_wrist": [
		0.5566465854644775,
		0.5087263584136963,
		-0.2202235758304596,
		0.8966348171234131
	],
	"19. right_shoulder": [
		0.4526548981666565,
		0.45926105976104736,
		0.01228091586381197,
		0.996461808681488
	],
	"20. right_elbow": [
		0.5016857385635376,
		0.5278953313827515,
		0.1287497580051422,
		0.049902718514204025
	],
	"21. right_wrist": [
		0.5253612399101257,
		0.5685879588127136,
		0.10395990312099457,
		0.07622080296278
	],
	"24. nose": [
		0.4391935467720032,
		0.39360037446022034,
		-0.28201448917388916,
		0.9998922348022461
	],
	"25. left_eye": [
		0.44628262519836426,
		0.3788466155529022,
		-0.2765370309352875,
		0.9998090267181396
	],
	"26. right_eye": [
		0.4368239641189575,
		0.3820387125015259,
		-0.2609923779964447,
		0.9997134208679199
	],
	"27. left_ear": [
		0.460269570350647,
		0.38348743319511414,
		-0.2076326310634613,
		0.9998352527618408
	],
	"28. right_ear": [
		0.43957480788230896,
		0.39051133394241333,
		-0.13454245030879974,
		0.9990789294242859
	],
	"time stamp": 23
}