{
	"1. left_hip": [
		0.5450494885444641,
		0.6156683564186096,
		-0.07248108834028244,
		0.9996191263198853
	],
	"2. left_knee": [
		0.5913792252540588,
		0.743215024471283,
		-0.09767038375139236,
		0.9943346977233887
	],
	"3. left_ankle": [
		0.6394512057304382,
		0.8676665425300598,
		-0.036390338093042374,
		0.9970782399177551
	],
	"6. right_hip": [
		0.5136433839797974,
		0.6270741820335388,
		0.07268945127725601,
		0.9990456700325012
	],
	"7. right_knee": [
		0.47665277123451233,
		0.7268887162208557,
		-0.07837977260351181,
		0.9227122664451599
	],
	"8. right_ankle": [
		0.4992538094520569,
		0.8564629554748535,
		0.014335071668028831,
		0.9754837155342102
	],
	"14. left_shoulder": [
		0.4835811257362366,
		0.4388207793235779,
		-0.18414945900440216,
		0.9999331831932068
	],
	"15. left_elbow": [
		0.5307181477546692,
		0.4631161093711853,
		-0.19813279807567596,
		0.9821677207946777
	],
	"16. left_wrist": [
		0.5579736828804016,
		0.5094180107116699,
		-0.24225890636444092,
		0.9032344222068787
	],
	"19. right_shoulder": [
		0.44658535718917847,
		0.4656027853488922,
		0.02546696364879608,
		0.9966710209846497
	],
	"20. right_elbow": [
		0.49128925800323486,
		0.5325828194618225,
		0.12762251496315002,
		0.04566791281104088
	],
	"21. right_wrist": [
		0.507393479347229,
		0.5841395258903503,
		0.09033511579036713,
		0.07099980115890503
	],
	"24. nose": [
		0.43679267168045044,
		0.38930511474609375,
		-0.27225977182388306,
		0.9998995065689087
	],
	"25. left_eye": [
		0.44405868649482727,
		0.37583720684051514,
		-0.2642403244972229,
		0.9998219013214111
	],
	"26. right_eye": [
		0.43442779779434204,
		0.3788955807685852,
		-0.24982775747776031,
		0.9997333884239197
	],
	"27. left_ear": [
		0.4579319357872009,
		0.38181406259536743,
		-0.19104036688804626,
		0.9998468160629272
	],
	"28. right_ear": [
		0.43603840470314026,
		0.3870798349380493,
		-0.12417440861463547,
		0.9991406798362732
	],
	"time stamp": 23
}