{
	"1. left_hip": [
		0.5441825985908508,
		0.61225825548172,
		-0.0679822564125061,
		0.9996271133422852
	],
	"2. left_knee": [
		0.5897670984268188,
		0.7419300675392151,
		-0.09278873354196548,
		0.9943451881408691
	],
	"3. left_ankle": [
		0.6373800039291382,
		0.8668811321258545,
		-0.02306094579398632,
		0.9968743324279785
	],
	"6. right_hip": [
		0.512428879737854,
		0.6247051954269409,
		0.06817803531885147,
		0.9990999698638916
	],
	"7. right_knee": [
		0.4765850007534027,
		0.726831316947937,
		-0.1349690854549408,
		0.9263848662376404
	],
	"8. right_ankle": [
		0.4990849494934082,
		0.8564553260803223,
		-0.06500867009162903,
		0.9758792519569397
	],
	"14. left_shoulder": [
		0.48457494378089905,
		0.4392314553260803,
		-0.172624871134758,
		0.9999387860298157
	],
	"15. left_elbow": [
		0.5321800708770752,
		0.46283814311027527,
		-0.14371545612812042,
		0.9836986064910889
	],
	"16. left_wrist": [
		0.5579763650894165,
		0.5137303471565247,
		-0.1472555249929428,
		0.9096633791923523
	],
	"19. right_shoulder": [
		0.43995586037635803,
		0.4607360363006592,
		0.016564957797527313,
		0.9969437122344971
	],
	"20. right_elbow": [
		0.4761298894882202,
		0.5380773544311523,
		0.11100702732801437,
		0.04323161765933037
	],
	"21. right_wrist": [
		0.48821792006492615,
		0.5989726781845093,
		0.04677054286003113,
		0.06813552975654602
	],
	"24. nose": [
		0.435581773519516,
		0.3879207968711853,
		-0.2713741362094879,
		0.9999075531959534
	],
	"25. left_eye": [
		0.44334349036216736,
		0.3744715452194214,
		-0.2613087594509125,
		0.9998347759246826
	],
	"26. right_eye": [
		0.43323373794555664,
		0.37767380475997925,
		-0.24965262413024902,
		0.9997555613517761
	],
	"27. left_ear": [
		0.45620498061180115,
		0.3811255097389221,
		-0.18271225690841675,
		0.999857485294342
	],
	"28. right_ear": [
		0.4340778589248657,
		0.38581183552742004,
		-0.12950365245342255,
		0.9992132782936096
	],
	"time stamp": 23
}