{
	"1. left_hip": [
		0.543604850769043,
		0.6077302098274231,
		-0.06395597010850906,
		0.9996252655982971
	],
	"2. left_knee": [
		0.5861606001853943,
		0.7406513690948486,
		-0.09797459095716476,
		0.994672954082489
	],
	"3. left_ankle": [
		0.6327494382858276,
		0.8640334010124207,
		-0.0333637073636055,
		0.9969429969787598
	],
	"6. right_hip": [
		0.5077425837516785,
		0.6233423352241516,
		0.06413577497005463,
		0.9991450309753418
	],
	"7. right_knee": [
		0.47629594802856445,
		0.7279333472251892,
		-0.1376788169145584,
		0.9312167167663574
	],
	"8. right_ankle": [
		0.49907606840133667,
		0.857164740562439,
		-0.059493064880371094,
		0.9769529700279236
	],
	"14. left_shoulder": [
		0.4852581322193146,
		0.4382980465888977,
		-0.13629834353923798,
		0.999942421913147
	],
	"15. left_elbow": [
		0.5332756042480469,
		0.4636222720146179,
		-0.11004123091697693,
		0.9845249056816101
	],
	"16. left_wrist": [
		0.5560306906700134,
		0.5076012015342712,
		-0.1372479796409607,
		0.9116051197052002
	],
	"19. right_shoulder": [
		0.434550940990448,
		0.4596664309501648,
		0.026256684213876724,
		0.9972214102745056
	],
	"20. right_elbow": [
		0.46172451972961426,
		0.5384564995765686,
		0.10703098773956299,
		0.044558797031641006
	],
	"21. right_wrist": [
		0.48193955421447754,
		0.6056832075119019,
		0.02701474353671074,
		0.07195624709129333
	],
	"24. nose": [
		0.4356198012828827,
		0.3865138292312622,
		-0.25078821182250977,
		0.9999145269393921
	],
	"25. left_eye": [
		0.443634957075119,
		0.37447527050971985,
		-0.24177822470664978,
		0.9998447895050049
	],
	"26. right_eye": [
		0.43249085545539856,
		0.3754640221595764,
		-0.23031501471996307,
		0.9997754096984863
	],
	"27. left_ear": [
		0.45596933364868164,
		0.38121506571769714,
		-0.16041512787342072,
		0.9998629689216614
	],
	"28. right_ear": [
		0.4329497516155243,
		0.3829314410686493,
		-0.11491041630506516,
		0.9992809295654297
	],
	"time stamp": 23
}