{
	"1. left_hip": [
		0.5383586287498474,
		0.6031824946403503,
		-0.05598847195506096,
		0.9996219873428345
	],
	"2. left_knee": [
		0.5748664140701294,
		0.7368964552879333,
		-0.08855373412370682,
		0.9949156641960144
	],
	"3. left_ankle": [
		0.6285849809646606,
		0.8536427617073059,
		-0.004572371020913124,
		0.9970048069953918
	],
	"6. right_hip": [
		0.49932074546813965,
		0.6225117444992065,
		0.05605731159448624,
		0.999150812625885
	],
	"7. right_knee": [
		0.47488003969192505,
		0.7344552874565125,
		-0.02154943160712719,
		0.9352341890335083
	],
	"8. right_ankle": [
		0.49907186627388,
		0.8582978248596191,
		0.12547889351844788,
		0.9778157472610474
	],
	"14. left_shoulder": [
		0.48681482672691345,
		0.43645334243774414,
		-0.14139199256896973,
		0.9999445080757141
	],
	"15. left_elbow": [
		0.5339836478233337,
		0.4648554027080536,
		-0.07941169291734695,
		0.9855995178222656
	],
	"16. left_wrist": [
		0.5510209202766418,
		0.5074131488800049,
		-0.08593754470348358,
		0.9171836376190186
	],
	"19. right_shoulder": [
		0.4293172061443329,
		0.46260350942611694,
		-0.02322351187467575,
		0.9973982572555542
	],
	"20. right_elbow": [
		0.4608166813850403,
		0.5463649034500122,
		0.046325355768203735,
		0.05080557242035866
	],
	"21. right_wrist": [
		0.48020830750465393,
		0.6079979538917542,
		-0.029475891962647438,
		0.08088897913694382
	],
	"24. nose": [
		0.43855586647987366,
		0.3838065266609192,
		-0.2652861177921295,
		0.9999188184738159
	],
	"25. left_eye": [
		0.4462568163871765,
		0.3715098202228546,
		-0.25450682640075684,
		0.9998465776443481
	],
	"26. right_eye": [
		0.43431925773620605,
		0.37274742126464844,
		-0.24929456412792206,
		0.9997864365577698
	],
	"27. left_ear": [
		0.4576122760772705,
		0.3776816129684448,
		-0.17060762643814087,
		0.9998590350151062
	],
	"28. right_ear": [
		0.4310463070869446,
		0.3812536895275116,
		-0.14970818161964417,
		0.9993184804916382
	],
	"time stamp": 23
}