{
	"1. left_hip": [
		0.5340853333473206,
		0.6016149520874023,
		-0.05077285319566727,
		0.9995909929275513
	],
	"2. left_knee": [
		0.5636702179908752,
		0.73796147108078,
		-0.0758325383067131,
		0.9948939681053162
	],
	"3. left_ankle": [
		0.6112910509109497,
		0.8494075536727905,
		0.050389133393764496,
		0.9968611598014832
	],
	"6. right_hip": [
		0.4942742586135864,
		0.6221389174461365,
		0.05079728737473488,
		0.9991620779037476
	],
	"7. right_knee": [
		0.47316497564315796,
		0.7360796332359314,
		-0.04510457068681717,
		0.9390375018119812
	],
	"8. right_ankle": [
		0.49874719977378845,
		0.8585506677627563,
		0.09265192598104477,
		0.9786409139633179
	],
	"14. left_shoulder": [
		0.48751911520957947,
		0.4351837635040283,
		-0.14432671666145325,
		0.9999416470527649
	],
	"15. left_elbow": [
		0.5338606834411621,
		0.466413676738739,
		-0.07761427015066147,
		0.9859187602996826
	],
	"16. left_wrist": [
		0.5444303750991821,
		0.5079572796821594,
		-0.08102434128522873,
		0.91819828748703
	],
	"19. right_shoulder": [
		0.4267984926700592,
		0.46246010065078735,
		-0.0460425429046154,
		0.9975847601890564
	],
	"20. right_elbow": [
		0.45439574122428894,
		0.5456031560897827,
		0.017999829724431038,
		0.05870804563164711
	],
	"21. right_wrist": [
		0.47655510902404785,
		0.6119697093963623,
		-0.06463790684938431,
		0.08905882388353348
	],
	"24. nose": [
		0.439914733171463,
		0.3819453716278076,
		-0.28536850214004517,
		0.9999195337295532
	],
	"25. left_eye": [
		0.447672575712204,
		0.36950334906578064,
		-0.27302196621894836,
		0.999834418296814
	],
	"26. right_eye": [
		0.43519750237464905,
		0.37092962861061096,
		-0.2693899869918823,
		0.9997883439064026
	],
	"27. left_ear": [
		0.45837166905403137,
		0.37541788816452026,
		-0.18350984156131744,
		0.9998334050178528
	],
	"28. right_ear": [
		0.43119317293167114,
		0.37928131222724915,
		-0.16838686168193817,
		0.9993325471878052
	],
	"time stamp": 23
}