{
	"1. left_hip": [
		0.5298347473144531,
		0.6002053618431091,
		-0.04497772827744484,
		0.9995098114013672
	],
	"2. left_knee": [
		0.5550525188446045,
		0.7400609254837036,
		-0.060899220407009125,
		0.99416184425354
	],
	"3. left_ankle": [
		0.5918833613395691,
		0.8473751544952393,
		0.09930455684661865,
		0.996103048324585
	],
	"6. right_hip": [
		0.4893851578235626,
		0.6218509078025818,
		0.04505901038646698,
		0.9991745352745056
	],
	"7. right_knee": [
		0.4717676043510437,
		0.7371793985366821,
		-0.08504600822925568,
		0.9427497982978821
	],
	"8. right_ankle": [
		0.4985971450805664,
		0.8586796522140503,
		0.07569120824337006,
		0.9792490601539612
	],
	"14. left_shoulder": [
		0.4880947768688202,
		0.43402358889579773,
		-0.14593367278575897,
		0.9999307990074158
	],
	"15. left_elbow": [
		0.5339853167533875,
		0.4731302559375763,
		-0.09614447504281998,
		0.9854951500892639
	],
	"16. left_wrist": [
		0.5384984612464905,
		0.5101310014724731,
		-0.20362134277820587,
		0.9155396819114685
	],
	"19. right_shoulder": [
		0.4254763722419739,
		0.4620489478111267,
		-0.05640288442373276,
		0.9977875351905823
	],
	"20. right_elbow": [
		0.448870450258255,
		0.549468457698822,
		0.001329178223386407,
		0.08064190298318863
	],
	"21. right_wrist": [
		0.4725162386894226,
		0.6262587904930115,
		-0.09018176794052124,
		0.10311288386583328
	],
	"24. nose": [
		0.4408433437347412,
		0.3806512653827667,
		-0.2946135997772217,
		0.999919056892395
	],
	"25. left_eye": [
		0.4483664631843567,
		0.3679683804512024,
		-0.28062403202056885,
		0.9998190402984619
	],
	"26. right_eye": [
		0.4354669749736786,
		0.37061169743537903,
		-0.27727770805358887,
		0.9997871518135071
	],
	"27. left_ear": [
		0.4587027132511139,
		0.37441715598106384,
		-0.18635499477386475,
		0.9997856616973877
	],
	"28. right_ear": [
		0.4308721721172333,
		0.37854063510894775,
		-0.17244784533977509,
		0.9993470311164856
	],
	"time stamp": 23
}