{
	"1. left_hip": [
		0.5223544239997864,
		0.5989879965782166,
		-0.036528658121824265,
		0.999352753162384
	],
	"2. left_knee": [
		0.5436941385269165,
		0.7464333176612854,
		-0.02522401325404644,
		0.9930046796798706
	],
	"3. left_ankle": [
		0.5690608620643616,
		0.8358455300331116,
		0.13336367905139923,
		0.9950957298278809
	],
	"6. right_hip": [
		0.482012540102005,
		0.6216098070144653,
		0.03663523867726326,
		0.9991323947906494
	],
	"7. right_knee": [
		0.4708147346973419,
		0.7392332553863525,
		-0.04529358446598053,
		0.9464264512062073
	],
	"8. right_ankle": [
		0.49849796295166016,
		0.8580984473228455,
		0.0985492393374443,
		0.9800527691841125
	],
	"14. left_shoulder": [
		0.488274484872818,
		0.43310344219207764,
		-0.12285128235816956,
		0.9998968839645386
	],
	"15. left_elbow": [
		0.5330974459648132,
		0.47518882155418396,
		-0.11503390222787857,
		0.9841991066932678
	],
	"16. left_wrist": [
		0.5347062945365906,
		0.5119611024856567,
		-0.21710725128650665,
		0.9080238938331604
	],
	"19. right_shoulder": [
		0.4242665469646454,
		0.46015632152557373,
		-0.04707077145576477,
		0.9979109764099121
	],
	"20. right_elbow": [
		0.4433329403400421,
		0.5465355515480042,
		-0.018624208867549896,
		0.10270252823829651
	],
	"21. right_wrist": [
		0.46225273609161377,
		0.6172773241996765,
		-0.12663951516151428,
		0.11683611571788788
	],
	"24. nose": [
		0.4409780502319336,
		0.372194766998291,
		-0.2832663059234619,
		0.9999157190322876
	],
	"25. left_eye": [
		0.44865724444389343,
		0.36101290583610535,
		-0.25751858949661255,
		0.9998067617416382
	],
	"26. right_eye": [
		0.43647900223731995,
		0.3629922568798065,
		-0.2672883868217468,
		0.9997820854187012
	],
	"27. left_ear": [
		0.45937687158584595,
		0.3686332702636719,
		-0.15799273550510406,
		0.9997518658638
	],
	"28. right_ear": [
		0.431670218706131,
		0.37144771218299866,
		-0.14933565258979797,
		0.9993398189544678
	],
	"time stamp": 23
}