{
	"1. left_hip": [
		0.5129034519195557,
		0.5963984727859497,
		-0.03892621770501137,
		0.9990375638008118
	],
	"2. left_knee": [
		0.5169491767883301,
		0.7462224364280701,
		-0.020560551434755325,
		0.9847976565361023
	],
	"3. left_ankle": [
		0.5101642608642578,
		0.8385101556777954,
		0.11076093465089798,
		0.9878357648849487
	],
	"6. right_hip": [
		0.47302380204200745,
		0.615931510925293,
		0.03900737687945366,
		0.9990108609199524
	],
	"7. right_knee": [
		0.46961912512779236,
		0.7410435080528259,
		-0.0007651050691492856,
		0.930016279220581
	],
	"8. right_ankle": [
		0.4995696246623993,
		0.8580390214920044,
		0.12547622621059418,
		0.971711277961731
	],
	"14. left_shoulder": [
		0.48801490664482117,
		0.4293442964553833,
		-0.12542080879211426,
		0.9997828602790833
	],
	"15. left_elbow": [
		0.5284783840179443,
		0.4785439372062683,
		-0.03258761391043663,
		0.9819040298461914
	],
	"16. left_wrist": [
		0.5256723761558533,
		0.528228223323822,
		0.011184736154973507,
		0.8863548040390015
	],
	"19. right_shoulder": [
		0.4223524332046509,
		0.4520840644836426,
		-0.06563185155391693,
		0.9980210661888123
	],
	"20. right_elbow": [
		0.4355027377605438,
		0.5318423509597778,
		-0.00025025903596542776,
		0.12880802154541016
	],
	"21. right_wrist": [
		0.45305344462394714,
		0.6169326901435852,
		-0.05871168151497841,
		0.12962143123149872
	],
	"24. nose": [
		0.4430946409702301,
		0.3547130823135376,
		-0.2739068865776062,
		0.9999149441719055
	],
	"25. left_eye": [
		0.45003455877304077,
		0.3454567790031433,
		-0.2586751878261566,
		0.9998061656951904
	],
	"26. right_eye": [
		0.4370522201061249,
		0.34626305103302,
		-0.25988340377807617,
		0.999791145324707
	],
	"27. left_ear": [
		0.459861695766449,
		0.35595017671585083,
		-0.16731436550617218,
		0.9997538924217224
	],
	"28. right_ear": [
		0.43276065587997437,
		0.3557969033718109,
		-0.17062848806381226,
		0.9993805289268494
	],
	"time stamp": 23
}