{
	"1. left_hip": [
		0.5043896436691284,
		0.5939261317253113,
		-0.039325859397649765,
		0.9990976452827454
	],
	"2. left_knee": [
		0.5031866431236267,
		0.7474914789199829,
		-0.029802631586790085,
		0.9785344004631042
	],
	"3. left_ankle": [
		0.48076340556144714,
		0.7666284441947937,
		0.23451673984527588,
		0.9472804069519043
	],
	"6. right_hip": [
		0.467563271522522,
		0.6112850904464722,
		0.03936163708567619,
		0.999092161655426
	],
	"7. right_knee": [
		0.46980395913124084,
		0.7410544753074646,
		0.046837739646434784,
		0.9225364923477173
	],
	"8. right_ankle": [
		0.49942564964294434,
		0.857085645198822,
		0.18796905875205994,
		0.9682909846305847
	],
	"14. left_shoulder": [
		0.4864773452281952,
		0.4214681386947632,
		-0.12840743362903595,
		0.9997802972793579
	],
	"15. left_elbow": [
		0.5234308242797852,
		0.4770981967449188,
		-0.04014785960316658,
		0.9802033305168152
	],
	"16. left_wrist": [
		0.5200846195220947,
		0.5324767827987671,
		-0.005497153382748365,
		0.8655756115913391
	],
	"19. right_shoulder": [
		0.4210677146911621,
		0.4385277330875397,
		-0.053198762238025665,
		0.9982002973556519
	],
	"20. right_elbow": [
		0.43092817068099976,
		0.522394597530365,
		0.015731163322925568,
		0.15066280961036682
	],
	"21. right_wrist": [
		0.44693174958229065,
		0.6021571159362793,
		-0.04421702399849892,
		0.13835623860359192
	],
	"24. nose": [
		0.44385668635368347,
		0.3443108797073364,
		-0.2701541781425476,
		0.9999173283576965
	],
	"25. left_eye": [
		0.4506566822528839,
		0.3358475863933563,
		-0.25733959674835205,
		0.9998117089271545
	],
	"26. right_eye": [
		0.4374583959579468,
		0.3354303240776062,
		-0.2558530271053314,
		0.9998024702072144
	],
	"27. left_ear": [
		0.4598442018032074,
		0.3465222120285034,
		-0.1685415655374527,
		0.9997659921646118
	],
	"28. right_ear": [
		0.4331539273262024,
		0.3450677990913391,
		-0.16485945880413055,
		0.9994208812713623
	],
	"time stamp": 23
}