{
	"1. left_hip": [
		0.4997638761997223,
		0.5935119390487671,
		-0.022443480789661407,
		0.9990699291229248
	],
	"2. left_knee": [
		0.4963105320930481,
		0.7468398809432983,
		-0.010232826694846153,
		0.9759708046913147
	],
	"3. left_ankle": [
		0.4682846963405609,
		0.8009803891181946,
		0.23618744313716888,
		0.9459932446479797
	],
	"6. right_hip": [
		0.4622456431388855,
		0.6060551404953003,
		0.02241414599120617,
		0.9991499781608582
	],
	"7. right_knee": [
		0.47000423073768616,
		0.7406999468803406,
		-0.011974805034697056,
		0.9260886311531067
	],
	"8. right_ankle": [
		0.49844682216644287,
		0.8545761704444885,
		0.13439200818538666,
		0.9700019359588623
	],
	"14. left_shoulder": [
		0.4862922728061676,
		0.4153476357460022,
		-0.12345629185438156,
		0.9995695948600769
	],
	"15. left_elbow": [
		0.5206655263900757,
		0.47736793756484985,
		-0.031184569001197815,
		0.9727259874343872
	],
	"16. left_wrist": [
		0.5121310949325562,
		0.5403346419334412,
		0.00988662801682949,
		0.8252599835395813
	],
	"19. right_shoulder": [
		0.42103222012519836,
		0.42941755056381226,
		-0.08739587664604187,
		0.9983079433441162
	],
	"20. right_elbow": [
		0.42889177799224854,
		0.5168516635894775,
		-0.006317341700196266,
		0.16845953464508057
	],
	"21. right_wrist": [
		0.44388672709465027,
		0.5903030633926392,
		-0.023020602762699127,
		0.13425181806087494
	],
	"24. nose": [
		0.444031298160553,
		0.3355695903301239,
		-0.2857920825481415,
		0.9999186396598816
	],
	"25. left_eye": [
		0.450992614030838,
		0.3274264633655548,
		-0.27140888571739197,
		0.9998120665550232
	],
	"26. right_eye": [
		0.4377320408821106,
		0.3262781798839569,
		-0.272335946559906,
		0.9998126029968262
	],
	"27. left_ear": [
		0.459987610578537,
		0.33910197019577026,
		-0.1777046173810959,
		0.9997605085372925
	],
	"28. right_ear": [
		0.4333798289299011,
		0.33578214049339294,
		-0.18568730354309082,
		0.9994580745697021
	],
	"time stamp": 23
}