{
	"1. left_hip": [
		0.4952923655509949,
		0.5903333425521851,
		-0.019627651199698448,
		0.9990599155426025
	],
	"2. left_knee": [
		0.48642370104789734,
		0.7424460649490356,
		0.01238678116351366,
		0.97101891040802
	],
	"3. left_ankle": [
		0.4614761769771576,
		0.8101511001586914,
		0.2715240716934204,
		0.943187952041626
	],
	"6. right_hip": [
		0.45765480399131775,
		0.5988616347312927,
		0.019589444622397423,
		0.9992144703865051
	],
	"7. right_knee": [
		0.46881023049354553,
		0.7405704855918884,
		-0.05615006014704704,
		0.9290437698364258
	],
	"8. right_ankle": [
		0.4976632595062256,
		0.8504334092140198,
		0.12737786769866943,
		0.9717340469360352
	],
	"14. left_shoulder": [
		0.48615217208862305,
		0.410569965839386,
		-0.12390442937612534,
		0.9992371797561646
	],
	"15. left_elbow": [
		0.5176053643226624,
		0.4786670207977295,
		-0.020779898390173912,
		0.9595248699188232
	],
	"16. left_wrist": [
		0.5102815628051758,
		0.5383439660072327,
		0.024305688217282295,
		0.777705192565918
	],
	"19. right_shoulder": [
		0.419542133808136,
		0.4217503070831299,
		-0.10264945775270462,
		0.9983955025672913
	],
	"20. right_elbow": [
		0.42152443528175354,
		0.5074713230133057,
		-0.013404129073023796,
		0.18344953656196594
	],
	"21. right_wrist": [
		0.43623822927474976,
		0.5688087344169617,
		-0.011141248047351837,
		0.1310117244720459
	],
	"24. nose": [
		0.44424429535865784,
		0.32952678203582764,
		-0.2986237108707428,
		0.9999197721481323
	],
	"25. left_eye": [
		0.45123329758644104,
		0.3202298879623413,
		-0.28348982334136963,
		0.999811589717865
	],
	"26. right_eye": [
		0.4378884732723236,
		0.32008254528045654,
		-0.2866484820842743,
		0.9998207688331604
	],
	"27. left_ear": [
		0.4601055979728699,
		0.332447350025177,
		-0.1850910186767578,
		0.9997497797012329
	],
	"28. right_ear": [
		0.4333083927631378,
		0.3296225368976593,
		-0.2039121687412262,
		0.9994893670082092
	],
	"time stamp": 23
}