{
	"1. left_hip": [
		0.4851545989513397,
		0.5882529616355896,
		-0.015874605625867844,
		0.999019205570221
	],
	"2. left_knee": [
		0.4703686237335205,
		0.7335618138313293,
		-0.005355380475521088,
		0.9653007388114929
	],
	"3. left_ankle": [
		0.4498538672924042,
		0.8145079016685486,
		0.23647767305374146,
		0.9444418549537659
	],
	"6. right_hip": [
		0.44592252373695374,
		0.5947777032852173,
		0.015852689743041992,
		0.999261736869812
	],
	"7. right_knee": [
		0.4547882676124573,
		0.7286189794540405,
		-0.08884361386299133,
		0.9325121641159058
	],
	"8. right_ankle": [
		0.4780987501144409,
		0.8320702314376831,
		0.10881976038217545,
		0.9730053544044495
	],
	"14. left_shoulder": [
		0.4853949248790741,
		0.40420180559158325,
		-0.14017470180988312,
		0.9991759061813354
	],
	"15. left_elbow": [
		0.5115833878517151,
		0.4789062440395355,
		-0.04298001900315285,
		0.9573943614959717
	],
	"16. left_wrist": [
		0.5003342628479004,
		0.542486846446991,
		-0.021389085799455643,
		0.7720099687576294
	],
	"19. right_shoulder": [
		0.4153066575527191,
		0.41273829340934753,
		-0.1196320578455925,
		0.9984692335128784
	],
	"20. right_elbow": [
		0.4003908038139343,
		0.4937552511692047,
		-0.022356774657964706,
		0.2354276329278946
	],
	"21. right_wrist": [
		0.4135434627532959,
		0.5471681952476501,
		-0.007284040562808514,
		0.14867059886455536
	],
	"24. nose": [
		0.4443194270133972,
		0.32288122177124023,
		-0.31948772072792053,
		0.9999207854270935
	],
	"25. left_eye": [
		0.4513205885887146,
		0.31252866983413696,
		-0.3041479289531708,
		0.9998130202293396
	],
	"26. right_eye": [
		0.43757811188697815,
		0.31252872943878174,
		-0.3073292076587677,
		0.9998239874839783
	],
	"27. left_ear": [
		0.45971938967704773,
		0.32407230138778687,
		-0.20520566403865814,
		0.9997407793998718
	],
	"28. right_ear": [
		0.4329519271850586,
		0.32160866260528564,
		-0.22431422770023346,
		0.999517023563385
	],
	"time stamp": 23
}