{
	"1. left_hip": [
		0.48067787289619446,
		0.5890418291091919,
		-0.012122082524001598,
		0.9988706707954407
	],
	"2. left_knee": [
		0.4722766876220703,
		0.7309731245040894,
		-0.011784691363573074,
		0.9642260074615479
	],
	"3. left_ankle": [
		0.44657206535339355,
		0.8179628849029541,
		0.22305448353290558,
		0.9459152221679688
	],
	"6. right_hip": [
		0.4422115087509155,
		0.5925544500350952,
		0.011994115076959133,
		0.9992886781692505
	],
	"7. right_knee": [
		0.44406330585479736,
		0.7245199680328369,
		-0.07632087916135788,
		0.9376931190490723
	],
	"8. right_ankle": [
		0.46410509943962097,
		0.8316301107406616,
		0.12736833095550537,
		0.9740973114967346
	],
	"14. left_shoulder": [
		0.4855755865573883,
		0.4023261070251465,
		-0.11441940814256668,
		0.9989739060401917
	],
	"15. left_elbow": [
		0.5088165402412415,
		0.4790162444114685,
		-0.051827654242515564,
		0.9549108743667603
	],
	"16. left_wrist": [
		0.49664101004600525,
		0.5403512120246887,
		-0.03626084327697754,
		0.7691469192504883
	],
	"19. right_shoulder": [
		0.4139968156814575,
		0.40391358733177185,
		-0.08728031814098358,
		0.9985888600349426
	],
	"20. right_elbow": [
		0.38845333456993103,
		0.46723809838294983,
		-0.013572294265031815,
		0.3056606650352478
	],
	"21. right_wrist": [
		0.38854435086250305,
		0.5255038738250732,
		-0.043857261538505554,
		0.21554085612297058
	],
	"24. nose": [
		0.44434744119644165,
		0.3192536532878876,
		-0.3159942030906677,
		0.9999163746833801
	],
	"25. left_eye": [
		0.4513378143310547,
		0.3082931637763977,
		-0.2870001494884491,
		0.9997873902320862
	],
	"26. right_eye": [
		0.43732404708862305,
		0.30822786688804626,
		-0.2982059121131897,
		0.9998143315315247
	],
	"27. left_ear": [
		0.4594166576862335,
		0.3189137279987335,
		-0.18029993772506714,
		0.9996712803840637
	],
	"28. right_ear": [
		0.43227770924568176,
		0.31651946902275085,
		-0.21053405106067657,
		0.9995301961898804
	],
	"time stamp": 23
}