{
	"1. left_hip": [
		0.4743698537349701,
		0.587417721748352,
		-0.0007379479939118028,
		0.9986326098442078
	],
	"2. left_knee": [
		0.4698546230792999,
		0.7273121476173401,
		0.017214009538292885,
		0.9657490849494934
	],
	"3. left_ankle": [
		0.4507431387901306,
		0.8085474371910095,
		0.25697264075279236,
		0.9463287591934204
	],
	"6. right_hip": [
		0.43618538975715637,
		0.5872282981872559,
		0.0006926576606929302,
		0.9992772340774536
	],
	"7. right_knee": [
		0.440135657787323,
		0.722091019153595,
		-0.031695492565631866,
		0.9431641697883606
	],
	"8. right_ankle": [
		0.44589683413505554,
		0.8338643312454224,
		0.1337500512599945,
		0.9756712913513184
	],
	"14. left_shoulder": [
		0.48261967301368713,
		0.3944859802722931,
		-0.0828896090388298,
		0.998731791973114
	],
	"15. left_elbow": [
		0.5027297735214233,
		0.47279518842697144,
		-0.03202873840928078,
		0.942526638507843
	],
	"16. left_wrist": [
		0.49701008200645447,
		0.5019212961196899,
		-0.043945904821157455,
		0.7590675354003906
	],
	"19. right_shoulder": [
		0.41321051120758057,
		0.3919866681098938,
		-0.0760892927646637,
		0.9987078309059143
	],
	"20. right_elbow": [
		0.37720194458961487,
		0.4471193850040436,
		-0.018636474385857582,
		0.3727057874202728
	],
	"21. right_wrist": [
		0.3749634921550751,
		0.5075263381004333,
		-0.05744753032922745,
		0.2820938229560852
	],
	"24. nose": [
		0.44316551089286804,
		0.3141031861305237,
		-0.24820224940776825,
		0.9998887181282043
	],
	"25. left_eye": [
		0.4500271677970886,
		0.30361610651016235,
		-0.2339964509010315,
		0.9996688365936279
	],
	"26. right_eye": [
		0.43586209416389465,
		0.3031269609928131,
		-0.23461756110191345,
		0.9997531771659851
	],
	"27. left_ear": [
		0.45823198556900024,
		0.31373438239097595,
		-0.14532020688056946,
		0.9993689656257629
	],
	"28. right_ear": [
		0.43035006523132324,
		0.31239187717437744,
		-0.15006521344184875,
		0.9994485378265381
	],
	"time stamp": 23
}