{
	"1. left_hip": [
		0.4702478051185608,
		0.5832376480102539,
		0.014313324354588985,
		0.9986916780471802
	],
	"2. left_knee": [
		0.46513238549232483,
		0.7154861688613892,
		0.011768505908548832,
		0.9670200347900391
	],
	"3. left_ankle": [
		0.44692283868789673,
		0.8125051856040955,
		0.21554912626743317,
		0.9482328295707703
	],
	"6. right_hip": [
		0.43255966901779175,
		0.5789934396743774,
		-0.014296256005764008,
		0.9993014335632324
	],
	"7. right_knee": [
		0.4355338215827942,
		0.7079648971557617,
		-0.03346662595868111,
		0.9480939507484436
	],
	"8. right_ankle": [
		0.4234221875667572,
		0.8130249977111816,
		0.19659967720508575,
		0.9748594760894775
	],
	"14. left_shoulder": [
		0.47971391677856445,
		0.38799306750297546,
		-0.07627896219491959,
		0.9987730979919434
	],
	"15. left_elbow": [
		0.49745845794677734,
		0.46670639514923096,
		-0.013143138960003853,
		0.9336816668510437
	],
	"16. left_wrist": [
		0.49208077788352966,
		0.508362352848053,
		-0.059755098074674606,
		0.7578730583190918
	],
	"19. right_shoulder": [
		0.41179192066192627,
		0.384682834148407,
		-0.09666323661804199,
		0.9988216161727905
	],
	"20. right_elbow": [
		0.37011638283729553,
		0.4286666810512543,
		-0.04170893505215645,
		0.4343920350074768
	],
	"21. right_wrist": [
		0.3655253052711487,
		0.48782598972320557,
		-0.06662041693925858,
		0.34431949257850647
	],
	"24. nose": [
		0.44158580899238586,
		0.31072884798049927,
		-0.24944911897182465,
		0.9998745918273926
	],
	"25. left_eye": [
		0.44838210940361023,
		0.2995533347129822,
		-0.23776783049106598,
		0.9996179342269897
	],
	"26. right_eye": [
		0.43429213762283325,
		0.2991541624069214,
		-0.23843860626220703,
		0.9997153878211975
	],
	"27. left_ear": [
		0.4565884470939636,
		0.3091520667076111,
		-0.15096870064735413,
		0.9992011785507202
	],
	"28. right_ear": [
		0.42853450775146484,
		0.3079453706741333,
		-0.1551773101091385,
		0.9994267225265503
	],
	"time stamp": 23
}