{
	"1. left_hip": [
		0.464836061000824,
		0.5735598802566528,
		0.02096681483089924,
		0.9987805485725403
	],
	"2. left_knee": [
		0.45842477679252625,
		0.7155637145042419,
		0.01659068837761879,
		0.9683265686035156
	],
	"3. left_ankle": [
		0.44599613547325134,
		0.8136405944824219,
		0.2019558995962143,
		0.9515812397003174
	],
	"6. right_hip": [
		0.42767733335494995,
		0.5683876276016235,
		-0.0210260059684515,
		0.9993380904197693
	],
	"7. right_knee": [
		0.428605318069458,
		0.7017199993133545,
		-0.09670231491327286,
		0.9528657793998718
	],
	"8. right_ankle": [
		0.39804965257644653,
		0.796596884727478,
		0.09692077338695526,
		0.9760156273841858
	],
	"14. left_shoulder": [
		0.47698724269866943,
		0.3750000298023224,
		-0.02129066362977028,
		0.998810887336731
	],
	"15. left_elbow": [
		0.49019983410835266,
		0.4568503201007843,
		-0.01263362355530262,
		0.9114558100700378
	],
	"16. left_wrist": [
		0.48414313793182373,
		0.5053259134292603,
		-0.10440704971551895,
		0.7469534873962402
	],
	"19. right_shoulder": [
		0.40714916586875916,
		0.37338027358055115,
		-0.06928892433643341,
		0.9989150166511536
	],
	"20. right_elbow": [
		0.3822416067123413,
		0.42244088649749756,
		-0.1539202332496643,
		0.4887608289718628
	],
	"21. right_wrist": [
		0.36274510622024536,
		0.4163176715373993,
		-0.37049737572669983,
		0.40629294514656067
	],
	"24. nose": [
		0.4386327564716339,
		0.2979753911495209,
		-0.21000422537326813,
		0.9998734593391418
	],
	"25. left_eye": [
		0.444731742143631,
		0.28572720289230347,
		-0.195638969540596,
		0.999623715877533
	],
	"26. right_eye": [
		0.43119850754737854,
		0.2865886390209198,
		-0.19668669998645782,
		0.9997217655181885
	],
	"27. left_ear": [
		0.45174649357795715,
		0.29321855306625366,
		-0.09720228612422943,
		0.9992076754570007
	],
	"28. right_ear": [
		0.42410868406295776,
		0.29525861144065857,
		-0.10483931005001068,
		0.999448835849762
	],
	"time stamp": 23
}