{
	"1. left_hip": [
		0.46054327487945557,
		0.5706179141998291,
		0.032615937292575836,
		0.9988645315170288
	],
	"2. left_knee": [
		0.4599587321281433,
		0.7125330567359924,
		0.02424367144703865,
		0.968433678150177
	],
	"3. left_ankle": [
		0.4458867609500885,
		0.8171601891517639,
		0.20173750817775726,
		0.9547984600067139
	],
	"6. right_hip": [
		0.4247060716152191,
		0.5650647282600403,
		-0.03272024914622307,
		0.9993702173233032
	],
	"7. right_knee": [
		0.42412135004997253,
		0.70276939868927,
		-0.09625038504600525,
		0.9571923613548279
	],
	"8. right_ankle": [
		0.3889605402946472,
		0.804414689540863,
		0.05489438772201538,
		0.9778891205787659
	],
	"14. left_shoulder": [
		0.4727632999420166,
		0.36884766817092896,
		0.007543423678725958,
		0.9988626837730408
	],
	"15. left_elbow": [
		0.48623475432395935,
		0.4469965696334839,
		0.012778817676007748,
		0.8928948640823364
	],
	"16. left_wrist": [
		0.478776752948761,
		0.5057353377342224,
		-0.08617885410785675,
		0.7421212196350098
	],
	"19. right_shoulder": [
		0.4049471616744995,
		0.36330556869506836,
		-0.05322691425681114,
		0.9989959001541138
	],
	"20. right_elbow": [
		0.38035762310028076,
		0.4145398437976837,
		-0.1641211211681366,
		0.5371580719947815
	],
	"21. right_wrist": [
		0.3681299090385437,
		0.40777045488357544,
		-0.375970721244812,
		0.4609861671924591
	],
	"24. nose": [
		0.4344669580459595,
		0.29106539487838745,
		-0.18836729228496552,
		0.9998772144317627
	],
	"25. left_eye": [
		0.4409928321838379,
		0.27833399176597595,
		-0.17221109569072723,
		0.9996415972709656
	],
	"26. right_eye": [
		0.4268563687801361,
		0.2801150977611542,
		-0.17385974526405334,
		0.9997357726097107
	],
	"27. left_ear": [
		0.4479842782020569,
		0.28529202938079834,
		-0.06913591176271439,
		0.9992402195930481
	],
	"28. right_ear": [
		0.42035752534866333,
		0.2893332242965698,
		-0.0794219896197319,
		0.9994786381721497
	],
	"time stamp": 23
}