{
	"1. left_hip": [
		0.457052081823349,
		0.5658403038978577,
		0.03454095870256424,
		0.9989235997200012
	],
	"2. left_knee": [
		0.4623202979564667,
		0.7078754305839539,
		-0.0008017539512366056,
		0.9680563807487488
	],
	"3. left_ankle": [
		0.44336724281311035,
		0.8173670172691345,
		0.1906420886516571,
		0.957023024559021
	],
	"6. right_hip": [
		0.4200977385044098,
		0.563287615776062,
		-0.034715596586465836,
		0.999367356300354
	],
	"7. right_knee": [
		0.41996121406555176,
		0.7061465978622437,
		-0.08040708303451538,
		0.9607440233230591
	],
	"8. right_ankle": [
		0.38390758633613586,
		0.8077318072319031,
		0.08169426769018173,
		0.9794797301292419
	],
	"14. left_shoulder": [
		0.4686785042285919,
		0.36713552474975586,
		-0.02185785584151745,
		0.9988959431648254
	],
	"15. left_elbow": [
		0.4818131923675537,
		0.44840192794799805,
		0.02509748749434948,
		0.8805178999900818
	],
	"16. left_wrist": [
		0.472859650850296,
		0.506942868232727,
		-0.03007323481142521,
		0.7295453548431396
	],
	"19. right_shoulder": [
		0.40185779333114624,
		0.36080822348594666,
		-0.0898364707827568,
		0.9990506172180176
	],
	"20. right_elbow": [
		0.36696964502334595,
		0.4225381314754486,
		-0.20243346691131592,
		0.5823858976364136
	],
	"21. right_wrist": [
		0.36948177218437195,
		0.36342719197273254,
		-0.3976620137691498,
		0.5129035115242004
	],
	"24. nose": [
		0.43247032165527344,
		0.28904610872268677,
		-0.19168613851070404,
		0.9998791217803955
	],
	"25. left_eye": [
		0.43911248445510864,
		0.2768564522266388,
		-0.19800901412963867,
		0.999646008014679
	],
	"26. right_eye": [
		0.4244111180305481,
		0.27786266803741455,
		-0.1853584349155426,
		0.9997450709342957
	],
	"27. left_ear": [
		0.44552117586135864,
		0.28403785824775696,
		-0.11031059920787811,
		0.9992418885231018
	],
	"28. right_ear": [
		0.4180179238319397,
		0.28573670983314514,
		-0.09997684508562088,
		0.9994959235191345
	],
	"time stamp": 23
}