{
	"1. left_hip": [
		0.45423391461372375,
		0.567615807056427,
		0.03230590373277664,
		0.9989861249923706
	],
	"2. left_knee": [
		0.46659716963768005,
		0.7048174738883972,
		-0.0315408892929554,
		0.9689804315567017
	],
	"3. left_ankle": [
		0.44166210293769836,
		0.8099830746650696,
		0.19289256632328033,
		0.9575941562652588
	],
	"6. right_hip": [
		0.41648322343826294,
		0.565057635307312,
		-0.03240953013300896,
		0.9993733167648315
	],
	"7. right_knee": [
		0.41508883237838745,
		0.7077299356460571,
		-0.07708043605089188,
		0.9639022350311279
	],
	"8. right_ankle": [
		0.37990108132362366,
		0.814527153968811,
		0.10345083475112915,
		0.9805777668952942
	],
	"14. left_shoulder": [
		0.4632614850997925,
		0.37007519602775574,
		-0.02500038407742977,
		0.9988628625869751
	],
	"15. left_elbow": [
		0.47455689311027527,
		0.45147642493247986,
		-0.04537869989871979,
		0.859826385974884
	],
	"16. left_wrist": [
		0.47132787108421326,
		0.4796297252178192,
		-0.1788875013589859,
		0.7204226851463318
	],
	"19. right_shoulder": [
		0.39902204275131226,
		0.3631739020347595,
		-0.08806562423706055,
		0.9990696310997009
	],
	"20. right_elbow": [
		0.36643773317337036,
		0.42098724842071533,
		-0.21782974898815155,
		0.6228249073028564
	],
	"21. right_wrist": [
		0.3756405711174011,
		0.36842527985572815,
		-0.40935760736465454,
		0.5592986345291138
	],
	"24. nose": [
		0.4310205280780792,
		0.29399728775024414,
		-0.21829566359519958,
		0.9998565316200256
	],
	"25. left_eye": [
		0.43737855553627014,
		0.281445175409317,
		-0.20624621212482452,
		0.9996037483215332
	],
	"26. right_eye": [
		0.42232292890548706,
		0.2816433906555176,
		-0.20670247077941895,
		0.9997133612632751
	],
	"27. left_ear": [
		0.44298040866851807,
		0.28894874453544617,
		-0.10306479781866074,
		0.9991706013679504
	],
	"28. right_ear": [
		0.41556352376937866,
		0.290065735578537,
		-0.11587207764387131,
		0.9994407892227173
	],
	"time stamp": 23
}