{
	"1. left_hip": [
		0.4445720613002777,
		0.5701191425323486,
		0.028322774916887283,
		0.9990354180335999
	],
	"2. left_knee": [
		0.46837788820266724,
		0.6946520209312439,
		-0.06395468860864639,
		0.9711580872535706
	],
	"3. left_ankle": [
		0.4482070207595825,
		0.7656457424163818,
		0.20075257122516632,
		0.9570792317390442
	],
	"6. right_hip": [
		0.4048035442829132,
		0.5686044692993164,
		-0.028407322242856026,
		0.9993846416473389
	],
	"7. right_knee": [
		0.40427207946777344,
		0.7231212258338928,
		-0.04966219887137413,
		0.9670617580413818
	],
	"8. right_ankle": [
		0.37906578183174133,
		0.8315439820289612,
		0.11776284873485565,
		0.9818317294120789
	],
	"14. left_shoulder": [
		0.45575621724128723,
		0.3743678331375122,
		0.0009339784737676382,
		0.9986114501953125
	],
	"15. left_elbow": [
		0.46011021733283997,
		0.4682695269584656,
		-0.08895737677812576,
		0.8450575470924377
	],
	"16. left_wrist": [
		0.44321969151496887,
		0.4274938702583313,
		-0.23150555789470673,
		0.7219325304031372
	],
	"19. right_shoulder": [
		0.39036810398101807,
		0.3683798611164093,
		-0.058595310896635056,
		0.998968780040741
	],
	"20. right_elbow": [
		0.37674641609191895,
		0.4091407060623169,
		-0.21139660477638245,
		0.6563690304756165
	],
	"21. right_wrist": [
		0.3828125,
		0.3488921821117401,
		-0.3790534734725952,
		0.5970873832702637
	],
	"24. nose": [
		0.4264715313911438,
		0.298175573348999,
		-0.15602567791938782,
		0.9998348355293274
	],
	"25. left_eye": [
		0.4332543611526489,
		0.2863873243331909,
		-0.13911810517311096,
		0.9995808005332947
	],
	"26. right_eye": [
		0.41803890466690063,
		0.28579196333885193,
		-0.14183315634727478,
		0.9996640682220459
	],
	"27. left_ear": [
		0.4388635456562042,
		0.2946028709411621,
		-0.04189794510602951,
		0.9991866946220398
	],
	"28. right_ear": [
		0.4104671776294708,
		0.29447802901268005,
		-0.055031001567840576,
		0.9993060827255249
	],
	"time stamp": 23
}