{
	"1. left_hip": [
		0.44203752279281616,
		0.5727154612541199,
		0.027790457010269165,
		0.999118447303772
	],
	"2. left_knee": [
		0.4729035496711731,
		0.6882506608963013,
		0.016184208914637566,
		0.9731040596961975
	],
	"3. left_ankle": [
		0.45303967595100403,
		0.7536656856536865,
		0.33483773469924927,
		0.9531237483024597
	],
	"6. right_hip": [
		0.4026342034339905,
		0.5692622661590576,
		-0.027856161817908287,
		0.9994411468505859
	],
	"7. right_knee": [
		0.4023367464542389,
		0.7283326983451843,
		-0.05107441172003746,
		0.9700568914413452
	],
	"8. right_ankle": [
		0.37782302498817444,
		0.8365859389305115,
		0.0770285353064537,
		0.9831422567367554
	],
	"14. left_shoulder": [
		0.45446455478668213,
		0.3746437430381775,
		-0.008053605444729328,
		0.998673141002655
	],
	"15. left_elbow": [
		0.45391568541526794,
		0.4795851707458496,
		-0.12730301916599274,
		0.8417659997940063
	],
	"16. left_wrist": [
		0.43671315908432007,
		0.4120761752128601,
		-0.27236416935920715,
		0.732599675655365
	],
	"19. right_shoulder": [
		0.3900100290775299,
		0.3707548677921295,
		-0.05916912853717804,
		0.9990290999412537
	],
	"20. right_elbow": [
		0.3830726146697998,
		0.4086938202381134,
		-0.22915253043174744,
		0.6708316802978516
	],
	"21. right_wrist": [
		0.39124932885169983,
		0.3421831429004669,
		-0.37953197956085205,
		0.6128150224685669
	],
	"24. nose": [
		0.42442700266838074,
		0.3006003797054291,
		-0.16981182992458344,
		0.9998431205749512
	],
	"25. left_eye": [
		0.4312518537044525,
		0.2889338731765747,
		-0.15238162875175476,
		0.999610185623169
	],
	"26. right_eye": [
		0.41602134704589844,
		0.28750506043434143,
		-0.15563912689685822,
		0.9996797442436218
	],
	"27. left_ear": [
		0.43650174140930176,
		0.29733946919441223,
		-0.051336150616407394,
		0.9992543458938599
	],
	"28. right_ear": [
		0.4081198275089264,
		0.29592806100845337,
		-0.06771035492420197,
		0.9993380308151245
	],
	"time stamp": 23
}