{
	"1. left_hip": [
		0.44064322113990784,
		0.5733042359352112,
		0.03314537554979324,
		0.9991647601127625
	],
	"2. left_knee": [
		0.4803910255432129,
		0.6776717901229858,
		-0.004983631893992424,
		0.9746636748313904
	],
	"3. left_ankle": [
		0.45353981852531433,
		0.7544949650764465,
		0.2616536021232605,
		0.9524477124214172
	],
	"6. right_hip": [
		0.40282848477363586,
		0.5714230537414551,
		-0.03320310637354851,
		0.9994603395462036
	],
	"7. right_knee": [
		0.4024335443973541,
		0.7291961908340454,
		-0.04061978682875633,
		0.9723691940307617
	],
	"8. right_ankle": [
		0.3787672221660614,
		0.8377251625061035,
		0.12264296412467957,
		0.9836060404777527
	],
	"14. left_shoulder": [
		0.450789213180542,
		0.37724632024765015,
		0.003487951820716262,
		0.9985865950584412
	],
	"15. left_elbow": [
		0.4497840106487274,
		0.47931477427482605,
		-0.09389235079288483,
		0.8250595927238464
	],
	"16. left_wrist": [
		0.4364038109779358,
		0.4180019795894623,
		-0.22243916988372803,
		0.730222761631012
	],
	"19. right_shoulder": [
		0.39083215594291687,
		0.37138670682907104,
		-0.06094492971897125,
		0.9989398121833801
	],
	"20. right_elbow": [
		0.39154794812202454,
		0.40506088733673096,
		-0.21787738800048828,
		0.6863407492637634
	],
	"21. right_wrist": [
		0.39242973923683167,
		0.3145880699157715,
		-0.3573186695575714,
		0.6368898153305054
	],
	"24. nose": [
		0.42461487650871277,
		0.3020685613155365,
		-0.16033244132995605,
		0.9998167753219604
	],
	"25. left_eye": [
		0.4309627115726471,
		0.2904546558856964,
		-0.14353816211223602,
		0.9995766878128052
	],
	"26. right_eye": [
		0.4167441725730896,
		0.2882841229438782,
		-0.14875726401805878,
		0.999588668346405
	],
	"27. left_ear": [
		0.43502184748649597,
		0.2987269163131714,
		-0.04462062940001488,
		0.9992591142654419
	],
	"28. right_ear": [
		0.40787574648857117,
		0.29401907324790955,
		-0.06831225752830505,
		0.9991482496261597
	],
	"time stamp": 23
}