{
	"1. left_hip": [
		0.4393748641014099,
		0.5686157941818237,
		0.04396899789571762,
		0.9991945028305054
	],
	"2. left_knee": [
		0.4806516766548157,
		0.6738449931144714,
		-0.047781139612197876,
		0.9756584167480469
	],
	"3. left_ankle": [
		0.455718457698822,
		0.7686783075332642,
		0.1593744158744812,
		0.9549790024757385
	],
	"6. right_hip": [
		0.40180185437202454,
		0.5701492428779602,
		-0.04403211548924446,
		0.9994621872901917
	],
	"7. right_knee": [
		0.4009869396686554,
		0.726963460445404,
		-0.07218771427869797,
		0.9742367267608643
	],
	"8. right_ankle": [
		0.3788588047027588,
		0.83771151304245,
		0.08421419560909271,
		0.9845139980316162
	],
	"14. left_shoulder": [
		0.44902777671813965,
		0.3784416615962982,
		0.008566953241825104,
		0.9977824091911316
	],
	"15. left_elbow": [
		0.4482191503047943,
		0.4758659899234772,
		-0.009931683540344238,
		0.7653874754905701
	],
	"16. left_wrist": [
		0.43987250328063965,
		0.5219537615776062,
		-0.09302347153425217,
		0.6712163686752319
	],
	"19. right_shoulder": [
		0.38908088207244873,
		0.3709537386894226,
		-0.10732192546129227,
		0.9985290765762329
	],
	"20. right_elbow": [
		0.39483368396759033,
		0.378078430891037,
		-0.28791067004203796,
		0.7056127786636353
	],
	"21. right_wrist": [
		0.39721474051475525,
		0.3141900300979614,
		-0.4692549407482147,
		0.6576651930809021
	],
	"24. nose": [
		0.4245603084564209,
		0.2950415015220642,
		-0.18173249065876007,
		0.9997326135635376
	],
	"25. left_eye": [
		0.4304969012737274,
		0.2861359119415283,
		-0.16265122592449188,
		0.9994239211082458
	],
	"26. right_eye": [
		0.41723325848579407,
		0.28291308879852295,
		-0.1692163646221161,
		0.9994094967842102
	],
	"27. left_ear": [
		0.4336243271827698,
		0.2948657274246216,
		-0.05646207928657532,
		0.9990649223327637
	],
	"28. right_ear": [
		0.40836870670318604,
		0.2894539535045624,
		-0.08619493991136551,
		0.9986844658851624
	],
	"time stamp": 23
}