{
	"1. left_hip": [
		0.4384967088699341,
		0.565438985824585,
		0.05949189513921738,
		0.9992634057998657
	],
	"2. left_knee": [
		0.48046135902404785,
		0.6786618232727051,
		0.0026108177844434977,
		0.9773810505867004
	],
	"3. left_ankle": [
		0.4752786457538605,
		0.7969009280204773,
		0.15605616569519043,
		0.9589427709579468
	],
	"6. right_hip": [
		0.40160924196243286,
		0.5703819990158081,
		-0.059556007385253906,
		0.9995058178901672
	],
	"7. right_knee": [
		0.39791420102119446,
		0.7237660884857178,
		-0.0674353837966919,
		0.9766802191734314
	],
	"8. right_ankle": [
		0.37863367795944214,
		0.8374971151351929,
		0.08437877893447876,
		0.98590487241745
	],
	"14. left_shoulder": [
		0.4407585561275482,
		0.36976882815361023,
		0.02331506833434105,
		0.9978359937667847
	],
	"15. left_elbow": [
		0.44055771827697754,
		0.4635554552078247,
		0.010432830080389977,
		0.7213380932807922
	],
	"16. left_wrist": [
		0.4382437467575073,
		0.5255284905433655,
		-0.07989108562469482,
		0.6337080001831055
	],
	"19. right_shoulder": [
		0.3857598602771759,
		0.3690817952156067,
		-0.17165634036064148,
		0.9986280798912048
	],
	"20. right_elbow": [
		0.41198399662971497,
		0.37299829721450806,
		-0.35515493154525757,
		0.7345187067985535
	],
	"21. right_wrist": [
		0.4359688460826874,
		0.3048413395881653,
		-0.4792741537094116,
		0.6909610629081726
	],
	"24. nose": [
		0.4220789670944214,
		0.29542019963264465,
		-0.1992211937904358,
		0.9997490644454956
	],
	"25. left_eye": [
		0.42777299880981445,
		0.28568345308303833,
		-0.1667858064174652,
		0.9994605779647827
	],
	"26. right_eye": [
		0.4158462882041931,
		0.2822975516319275,
		-0.1943899244070053,
		0.9994539022445679
	],
	"27. left_ear": [
		0.4304748773574829,
		0.2934302091598511,
		-0.06508086621761322,
		0.9991132616996765
	],
	"28. right_ear": [
		0.4065253436565399,
		0.28582775592803955,
		-0.1315697729587555,
		0.9987945556640625
	],
	"time stamp": 23
}