{
	"1. left_hip": [
		0.4375774562358856,
		0.5625773668289185,
		0.06378607451915741,
		0.9993292689323425
	],
	"2. left_knee": [
		0.47649988532066345,
		0.6818548440933228,
		0.008702076971530914,
		0.9780727624893188
	],
	"3. left_ankle": [
		0.48434188961982727,
		0.8215910792350769,
		0.08730163425207138,
		0.962244987487793
	],
	"6. right_hip": [
		0.40271806716918945,
		0.5682559013366699,
		-0.063862644135952,
		0.9995476603507996
	],
	"7. right_knee": [
		0.3971719741821289,
		0.7171311378479004,
		-0.043653082102537155,
		0.9787686467170715
	],
	"8. right_ankle": [
		0.3784416615962982,
		0.8367747068405151,
		0.08878611028194427,
		0.9870291948318481
	],
	"14. left_shoulder": [
		0.43521061539649963,
		0.3672073483467102,
		0.06809363514184952,
		0.9979609847068787
	],
	"15. left_elbow": [
		0.43941962718963623,
		0.4494316577911377,
		0.04693518206477165,
		0.6838208436965942
	],
	"16. left_wrist": [
		0.43795424699783325,
		0.5151258111000061,
		-0.05781208351254463,
		0.610276460647583
	],
	"19. right_shoulder": [
		0.3861921727657318,
		0.36029043793678284,
		-0.1409619301557541,
		0.9987466931343079
	],
	"20. right_elbow": [
		0.41534894704818726,
		0.3644293546676636,
		-0.2860344648361206,
		0.7609351873397827
	],
	"21. right_wrist": [
		0.4573957324028015,
		0.3075926899909973,
		-0.3679315745830536,
		0.7212696671485901
	],
	"24. nose": [
		0.42207902669906616,
		0.2958270311355591,
		-0.16541452705860138,
		0.9997706413269043
	],
	"25. left_eye": [
		0.4264942407608032,
		0.2854333519935608,
		-0.14077802002429962,
		0.9995060563087463
	],
	"26. right_eye": [
		0.4153333008289337,
		0.2823323905467987,
		-0.15858371555805206,
		0.9995034337043762
	],
	"27. left_ear": [
		0.4276527166366577,
		0.2926483452320099,
		-0.022139543667435646,
		0.9991742968559265
	],
	"28. right_ear": [
		0.40374070405960083,
		0.28559520840644836,
		-0.09828632324934006,
		0.9989091157913208
	],
	"time stamp": 23
}