{
	"1. left_hip": [
		0.438557505607605,
		0.5643648505210876,
		0.06400371342897415,
		0.9993850588798523
	],
	"2. left_knee": [
		0.4705587923526764,
		0.6916395425796509,
		0.030840978026390076,
		0.9791163206100464
	],
	"3. left_ankle": [
		0.4873887896537781,
		0.8332529067993164,
		0.11404039710760117,
		0.965452253818512
	],
	"6. right_hip": [
		0.4034597873687744,
		0.5691349506378174,
		-0.06407129019498825,
		0.9995813369750977
	],
	"7. right_knee": [
		0.39688244462013245,
		0.7161927223205566,
		-0.028106477111577988,
		0.9806270003318787
	],
	"8. right_ankle": [
		0.37729620933532715,
		0.8366765379905701,
		0.10517741739749908,
		0.988099217414856
	],
	"14. left_shoulder": [
		0.4321610927581787,
		0.3690595030784607,
		0.05748338997364044,
		0.9980529546737671
	],
	"15. left_elbow": [
		0.434695839881897,
		0.4527890980243683,
		0.0814482569694519,
		0.6396430730819702
	],
	"16. left_wrist": [
		0.43699344992637634,
		0.5246108770370483,
		0.02949235402047634,
		0.574827253818512
	],
	"19. right_shoulder": [
		0.38513079285621643,
		0.3600189983844757,
		-0.1713155061006546,
		0.9988426566123962
	],
	"20. right_elbow": [
		0.4179733693599701,
		0.34520620107650757,
		-0.3135148882865906,
		0.7846699357032776
	],
	"21. right_wrist": [
		0.4611832797527313,
		0.322102427482605,
		-0.3590489625930786,
		0.7476162314414978
	],
	"24. nose": [
		0.42245593667030334,
		0.29843056201934814,
		-0.16811740398406982,
		0.9997871518135071
	],
	"25. left_eye": [
		0.42539191246032715,
		0.28630316257476807,
		-0.14647437632083893,
		0.9995381832122803
	],
	"26. right_eye": [
		0.415434867143631,
		0.28261497616767883,
		-0.1653180569410324,
		0.999543309211731
	],
	"27. left_ear": [
		0.4243062734603882,
		0.29339471459388733,
		-0.0337643139064312,
		0.9992046356201172
	],
	"28. right_ear": [
		0.4020165205001831,
		0.28763335943222046,
		-0.11986414343118668,
		0.9990072250366211
	],
	"time stamp": 23
}