{
	"1. left_hip": [
		0.4391009211540222,
		0.5650720596313477,
		0.0632808580994606,
		0.9994360208511353
	],
	"2. left_knee": [
		0.4684142470359802,
		0.7006222009658813,
		0.029214555397629738,
		0.9802804589271545
	],
	"3. left_ankle": [
		0.48992276191711426,
		0.8380715250968933,
		0.09945199638605118,
		0.9683874249458313
	],
	"6. right_hip": [
		0.40480920672416687,
		0.5711609125137329,
		-0.06332386285066605,
		0.9996139407157898
	],
	"7. right_knee": [
		0.3984854817390442,
		0.7159777283668518,
		-0.01664423942565918,
		0.9822594523429871
	],
	"8. right_ankle": [
		0.37696290016174316,
		0.8349892497062683,
		0.1268322616815567,
		0.989011287689209
	],
	"14. left_shoulder": [
		0.42950889468193054,
		0.3703157305717468,
		0.06830055266618729,
		0.9980562925338745
	],
	"15. left_elbow": [
		0.43159282207489014,
		0.4611641466617584,
		0.10142306983470917,
		0.5878295302391052
	],
	"16. left_wrist": [
		0.43743598461151123,
		0.5390136241912842,
		0.058363474905490875,
		0.5329201817512512
	],
	"19. right_shoulder": [
		0.3852466344833374,
		0.36187446117401123,
		-0.17121946811676025,
		0.9989404082298279
	],
	"20. right_elbow": [
		0.42245906591415405,
		0.35845518112182617,
		-0.3243965208530426,
		0.8060564398765564
	],
	"21. right_wrist": [
		0.47080472111701965,
		0.33496612310409546,
		-0.3846602439880371,
		0.771643877029419
	],
	"24. nose": [
		0.42285722494125366,
		0.30257532000541687,
		-0.16898231208324432,
		0.999805748462677
	],
	"25. left_eye": [
		0.42624279856681824,
		0.29166361689567566,
		-0.14690808951854706,
		0.9995765089988708
	],
	"26. right_eye": [
		0.41584423184394836,
		0.2852529287338257,
		-0.1662963479757309,
		0.9995856285095215
	],
	"27. left_ear": [
		0.42491716146469116,
		0.2988069951534271,
		-0.03130357712507248,
		0.9992545247077942
	],
	"28. right_ear": [
		0.4013065695762634,
		0.2886616587638855,
		-0.12082831561565399,
		0.999102771282196
	],
	"time stamp": 23
}