{
	"1. left_hip": [
		0.4409898519515991,
		0.5709107518196106,
		0.060311634093523026,
		0.9994786977767944
	],
	"2. left_knee": [
		0.4701041877269745,
		0.7074725031852722,
		0.03777872398495674,
		0.9815144538879395
	],
	"3. left_ankle": [
		0.4924778938293457,
		0.8401122093200684,
		0.12854686379432678,
		0.9711267352104187
	],
	"6. right_hip": [
		0.4059889316558838,
		0.5759984254837036,
		-0.0603906512260437,
		0.9996411204338074
	],
	"7. right_knee": [
		0.3992776572704315,
		0.7160224318504333,
		-0.012406970374286175,
		0.9837952256202698
	],
	"8. right_ankle": [
		0.37756362557411194,
		0.8342118263244629,
		0.15264733135700226,
		0.9898568391799927
	],
	"14. left_shoulder": [
		0.4319748878479004,
		0.3784782886505127,
		0.04800943285226822,
		0.9979040622711182
	],
	"15. left_elbow": [
		0.4323781728744507,
		0.47419220209121704,
		0.08499932289123535,
		0.5375875234603882
	],
	"16. left_wrist": [
		0.44108039140701294,
		0.5512425899505615,
		0.046823907643556595,
		0.4893742799758911
	],
	"19. right_shoulder": [
		0.385844349861145,
		0.36630508303642273,
		-0.18777558207511902,
		0.9990203380584717
	],
	"20. right_elbow": [
		0.4365590810775757,
		0.3669849932193756,
		-0.31714555621147156,
		0.8253090977668762
	],
	"21. right_wrist": [
		0.4856828451156616,
		0.34031081199645996,
		-0.3721223473548889,
		0.7931391596794128
	],
	"24. nose": [
		0.42397549748420715,
		0.30722153186798096,
		-0.19381815195083618,
		0.9998232126235962
	],
	"25. left_eye": [
		0.4266599118709564,
		0.29534557461738586,
		-0.16979700326919556,
		0.9996134042739868
	],
	"26. right_eye": [
		0.4166732430458069,
		0.2901782691478729,
		-0.1913262903690338,
		0.9996247887611389
	],
	"27. left_ear": [
		0.4267352521419525,
		0.30127766728401184,
		-0.04306242987513542,
		0.9993035197257996
	],
	"28. right_ear": [
		0.4029588997364044,
		0.2940157651901245,
		-0.14349579811096191,
		0.9991897940635681
	],
	"time stamp": 23
}