{
	"1. left_hip": [
		0.4419381022453308,
		0.5722399950027466,
		0.0597308911383152,
		0.9995212554931641
	],
	"2. left_knee": [
		0.4726148545742035,
		0.7077586650848389,
		0.029176831245422363,
		0.9828162789344788
	],
	"3. left_ankle": [
		0.49346286058425903,
		0.8414686322212219,
		0.11046655476093292,
		0.9736804962158203
	],
	"6. right_hip": [
		0.4060530662536621,
		0.5772245526313782,
		-0.05980078876018524,
		0.9996680021286011
	],
	"7. right_knee": [
		0.3998834788799286,
		0.7161658406257629,
		-0.006474914960563183,
		0.9852215051651001
	],
	"8. right_ankle": [
		0.37749749422073364,
		0.8337621092796326,
		0.16335353255271912,
		0.9906406998634338
	],
	"14. left_shoulder": [
		0.43395474553108215,
		0.37921223044395447,
		0.05109638348221779,
		0.9978333115577698
	],
	"15. left_elbow": [
		0.4366934895515442,
		0.477676123380661,
		0.09042957425117493,
		0.49384114146232605
	],
	"16. left_wrist": [
		0.442341685295105,
		0.552345335483551,
		0.050632789731025696,
		0.45158445835113525
	],
	"19. right_shoulder": [
		0.38865241408348083,
		0.3668176531791687,
		-0.1856422871351242,
		0.9991000294685364
	],
	"20. right_elbow": [
		0.43758445978164673,
		0.3731939494609833,
		-0.30683577060699463,
		0.8426780104637146
	],
	"21. right_wrist": [
		0.4845312237739563,
		0.3538966178894043,
		-0.35986533761024475,
		0.81284499168396
	],
	"24. nose": [
		0.42704901099205017,
		0.30742841958999634,
		-0.19396232068538666,
		0.9998387098312378
	],
	"25. left_eye": [
		0.42798787355422974,
		0.29538366198539734,
		-0.17044460773468018,
		0.9996459484100342
	],
	"26. right_eye": [
		0.41897982358932495,
		0.29078957438468933,
		-0.19057558476924896,
		0.9996597766876221
	],
	"27. left_ear": [
		0.42767655849456787,
		0.3013245761394501,
		-0.04888007417321205,
		0.9993454813957214
	],
	"28. right_ear": [
		0.4045417010784149,
		0.2954114079475403,
		-0.14024123549461365,
		0.9992681741714478
	],
	"time stamp": 23
}