{
	"1. left_hip": [
		0.44621947407722473,
		0.5738617181777954,
		0.06078891083598137,
		0.9995554685592651
	],
	"2. left_knee": [
		0.4793229103088379,
		0.7108920812606812,
		0.0326671302318573,
		0.9838277697563171
	],
	"3. left_ankle": [
		0.49385643005371094,
		0.8426381349563599,
		0.12425440549850464,
		0.9758977890014648
	],
	"6. right_hip": [
		0.40982750058174133,
		0.5789065957069397,
		-0.060841675847768784,
		0.9996870756149292
	],
	"7. right_knee": [
		0.4005892872810364,
		0.7167445421218872,
		-0.0105784572660923,
		0.9864290952682495
	],
	"8. right_ankle": [
		0.3773650527000427,
		0.8337115049362183,
		0.1530592292547226,
		0.9913111329078674
	],
	"14. left_shoulder": [
		0.43611711263656616,
		0.3808075785636902,
		0.05937759205698967,
		0.9977263808250427
	],
	"15. left_elbow": [
		0.4395976662635803,
		0.47849833965301514,
		0.09543026983737946,
		0.45228222012519836
	],
	"16. left_wrist": [
		0.44748255610466003,
		0.551409125328064,
		0.05266929045319557,
		0.4153648614883423
	],
	"19. right_shoulder": [
		0.39249375462532043,
		0.3700917959213257,
		-0.17814503610134125,
		0.9991635084152222
	],
	"20. right_elbow": [
		0.44134190678596497,
		0.39596468210220337,
		-0.3028167486190796,
		0.858268141746521
	],
	"21. right_wrist": [
		0.4876498878002167,
		0.369049996137619,
		-0.27939701080322266,
		0.8300155401229858
	],
	"24. nose": [
		0.42916348576545715,
		0.30710139870643616,
		-0.18364843726158142,
		0.9998509287834167
	],
	"25. left_eye": [
		0.4298108220100403,
		0.29519274830818176,
		-0.16035489737987518,
		0.9996712803840637
	],
	"26. right_eye": [
		0.42084237933158875,
		0.29082605242729187,
		-0.18044684827327728,
		0.9996892213821411
	],
	"27. left_ear": [
		0.4278416037559509,
		0.3013322651386261,
		-0.045531924813985825,
		0.9993619918823242
	],
	"28. right_ear": [
		0.4075981080532074,
		0.2970380485057831,
		-0.13289391994476318,
		0.9993369579315186
	],
	"time stamp": 23
}