{
	"1. left_hip": [
		0.45185190439224243,
		0.5773783922195435,
		0.06527243554592133,
		0.9995822310447693
	],
	"2. left_knee": [
		0.48547545075416565,
		0.7126212120056152,
		0.03412715718150139,
		0.9845423102378845
	],
	"3. left_ankle": [
		0.4918730556964874,
		0.8430632948875427,
		0.12377449870109558,
		0.9778499007225037
	],
	"6. right_hip": [
		0.41527941823005676,
		0.5813081860542297,
		-0.06530117988586426,
		0.9996944665908813
	],
	"7. right_knee": [
		0.4009174108505249,
		0.7181379795074463,
		-0.013130011036992073,
		0.9875558018684387
	],
	"8. right_ankle": [
		0.3773631453514099,
		0.8336766362190247,
		0.13454167544841766,
		0.9919315576553345
	],
	"14. left_shoulder": [
		0.43931105732917786,
		0.3814399242401123,
		0.0772358849644661,
		0.9974561333656311
	],
	"15. left_elbow": [
		0.44606637954711914,
		0.47648417949676514,
		0.09660369902849197,
		0.4137345552444458
	],
	"16. left_wrist": [
		0.4558289647102356,
		0.5455974340438843,
		0.03001880645751953,
		0.3820328414440155
	],
	"19. right_shoulder": [
		0.39978721737861633,
		0.37519946694374084,
		-0.1704244166612625,
		0.999202311038971
	],
	"20. right_elbow": [
		0.439854234457016,
		0.41574525833129883,
		-0.25584304332733154,
		0.8721848130226135
	],
	"21. right_wrist": [
		0.4897902011871338,
		0.39052462577819824,
		-0.22757360339164734,
		0.8439307808876038
	],
	"24. nose": [
		0.43200549483299255,
		0.3069296181201935,
		-0.1648397445678711,
		0.9998605847358704
	],
	"25. left_eye": [
		0.4325000047683716,
		0.2950228154659271,
		-0.14123772084712982,
		0.9996921420097351
	],
	"26. right_eye": [
		0.42319631576538086,
		0.29124924540519714,
		-0.16041168570518494,
		0.9997146725654602
	],
	"27. left_ear": [
		0.4311470091342926,
		0.30140382051467896,
		-0.028672002255916595,
		0.9993641972541809
	],
	"28. right_ear": [
		0.41174888610839844,
		0.30027487874031067,
		-0.11526826024055481,
		0.9993983507156372
	],
	"time stamp": 23
}