{
	"1. left_hip": [
		0.4611406624317169,
		0.5787659287452698,
		0.06782910972833633,
		0.9996028542518616
	],
	"2. left_knee": [
		0.4941939413547516,
		0.7135957479476929,
		0.04287511110305786,
		0.9850084185600281
	],
	"3. left_ankle": [
		0.4902708828449249,
		0.8406735062599182,
		0.1398051232099533,
		0.9792750477790833
	],
	"6. right_hip": [
		0.428111732006073,
		0.5825955867767334,
		-0.06785273551940918,
		0.999703586101532
	],
	"7. right_knee": [
		0.4080246686935425,
		0.7200399041175842,
		-0.05749144032597542,
		0.9886479377746582
	],
	"8. right_ankle": [
		0.37814244627952576,
		0.8336418867111206,
		0.07175657153129578,
		0.9925301671028137
	],
	"14. left_shoulder": [
		0.44604799151420593,
		0.3814167082309723,
		0.10077022016048431,
		0.9975070357322693
	],
	"15. left_elbow": [
		0.45483076572418213,
		0.4756309986114502,
		0.1378033310174942,
		0.3826545476913452
	],
	"16. left_wrist": [
		0.46698179841041565,
		0.5451716184616089,
		0.08985359966754913,
		0.35990196466445923
	],
	"19. right_shoulder": [
		0.41070401668548584,
		0.3750286102294922,
		-0.14755381643772125,
		0.9992718696594238
	],
	"20. right_elbow": [
		0.436749666929245,
		0.4270026385784149,
		-0.23365823924541473,
		0.8844273686408997
	],
	"21. right_wrist": [
		0.47968152165412903,
		0.44876357913017273,
		-0.26498356461524963,
		0.8572806715965271
	],
	"24. nose": [
		0.4390127658843994,
		0.3045644462108612,
		-0.13407641649246216,
		0.9998723268508911
	],
	"25. left_eye": [
		0.43902939558029175,
		0.293258398771286,
		-0.11289472877979279,
		0.9997165203094482
	],
	"26. right_eye": [
		0.4291743040084839,
		0.29124152660369873,
		-0.1300564706325531,
		0.9997402429580688
	],
	"27. left_ear": [
		0.4382705092430115,
		0.30012860894203186,
		-0.006859736051410437,
		0.999398410320282
	],
	"28. right_ear": [
		0.41826707124710083,
		0.3018113970756531,
		-0.08459678292274475,
		0.9994559288024902
	],
	"time stamp": 23
}