{
	"1. left_hip": [
		0.46860283613204956,
		0.5786550045013428,
		0.07023133337497711,
		0.9996284246444702
	],
	"2. left_knee": [
		0.4954826831817627,
		0.716431200504303,
		0.05604569986462593,
		0.9844203591346741
	],
	"3. left_ankle": [
		0.48938459157943726,
		0.8440637588500977,
		0.1521429866552353,
		0.9802978038787842
	],
	"6. right_hip": [
		0.4365546405315399,
		0.584341287612915,
		-0.070221446454525,
		0.9997172951698303
	],
	"7. right_knee": [
		0.41859862208366394,
		0.7222908139228821,
		-0.05536985024809837,
		0.9895737767219543
	],
	"8. right_ankle": [
		0.3786081373691559,
		0.833613932132721,
		0.07821754366159439,
		0.9929870963096619
	],
	"14. left_shoulder": [
		0.45117563009262085,
		0.38043707609176636,
		0.09827159345149994,
		0.9976646900177002
	],
	"15. left_elbow": [
		0.462127685546875,
		0.47249963879585266,
		0.13460297882556915,
		0.3566488027572632
	],
	"16. left_wrist": [
		0.470082551240921,
		0.5441906452178955,
		0.07244851440191269,
		0.34955012798309326
	],
	"19. right_shoulder": [
		0.41619178652763367,
		0.37669017910957336,
		-0.13639013469219208,
		0.9993372559547424
	],
	"20. right_elbow": [
		0.43388092517852783,
		0.44859063625335693,
		-0.19315451383590698,
		0.895101010799408
	],
	"21. right_wrist": [
		0.47474387288093567,
		0.4856886565685272,
		-0.21944423019886017,
		0.8686909079551697
	],
	"24. nose": [
		0.4428938031196594,
		0.30132830142974854,
		-0.14087332785129547,
		0.9998825788497925
	],
	"25. left_eye": [
		0.44278573989868164,
		0.29098743200302124,
		-0.11979089677333832,
		0.9997378587722778
	],
	"26. right_eye": [
		0.43263348937034607,
		0.2907998859882355,
		-0.1363818496465683,
		0.9997623562812805
	],
	"27. left_ear": [
		0.4416256248950958,
		0.2986670732498169,
		-0.012640734203159809,
		0.9994240403175354
	],
	"28. right_ear": [
		0.42187145352363586,
		0.3023515045642853,
		-0.08769006282091141,
		0.9995073676109314
	],
	"time stamp": 23
}