{
	"1. left_hip": [
		0.47508350014686584,
		0.5765408277511597,
		0.07295869290828705,
		0.9996557235717773
	],
	"2. left_knee": [
		0.49653807282447815,
		0.7174497842788696,
		0.06609879434108734,
		0.9775436520576477
	],
	"3. left_ankle": [
		0.48905494809150696,
		0.8446668982505798,
		0.1771341860294342,
		0.9794803261756897
	],
	"6. right_hip": [
		0.44481751322746277,
		0.5824294090270996,
		-0.0729907751083374,
		0.999733567237854
	],
	"7. right_knee": [
		0.4339158236980438,
		0.7226390242576599,
		-0.0682569220662117,
		0.9901705384254456
	],
	"8. right_ankle": [
		0.38468611240386963,
		0.8318700194358826,
		0.07482548803091049,
		0.9930963516235352
	],
	"14. left_shoulder": [
		0.4564650356769562,
		0.37950071692466736,
		0.08360371738672256,
		0.9978708028793335
	],
	"15. left_elbow": [
		0.4695149064064026,
		0.47056612372398376,
		0.1374329924583435,
		0.33679693937301636
	],
	"16. left_wrist": [
		0.4806976318359375,
		0.537312924861908,
		0.0650559812784195,
		0.35390153527259827
	],
	"19. right_shoulder": [
		0.4207013249397278,
		0.3765370547771454,
		-0.13936826586723328,
		0.9994015693664551
	],
	"20. right_elbow": [
		0.4314247965812683,
		0.46686989068984985,
		-0.17842665314674377,
		0.9051463007926941
	],
	"21. right_wrist": [
		0.46647337079048157,
		0.5209949612617493,
		-0.22234544157981873,
		0.8800393342971802
	],
	"24. nose": [
		0.44625335931777954,
		0.2989356815814972,
		-0.18220007419586182,
		0.9998939037322998
	],
	"25. left_eye": [
		0.4463866651058197,
		0.28935977816581726,
		-0.15971192717552185,
		0.9997624754905701
	],
	"26. right_eye": [
		0.4356839060783386,
		0.29037928581237793,
		-0.17535848915576935,
		0.9997854232788086
	],
	"27. left_ear": [
		0.4454644024372101,
		0.297128826379776,
		-0.04104887321591377,
		0.9994722008705139
	],
	"28. right_ear": [
		0.42541566491127014,
		0.30230972170829773,
		-0.1120050922036171,
		0.9995561242103577
	],
	"time stamp": 23
}