{
	"1. left_hip": [
		0.4828566014766693,
		0.5777069330215454,
		0.07647106051445007,
		0.9996750354766846
	],
	"2. left_knee": [
		0.500411868095398,
		0.7164660692214966,
		0.05557844042778015,
		0.9726385474205017
	],
	"3. left_ankle": [
		0.489387571811676,
		0.8433646559715271,
		0.17361655831336975,
		0.9785009622573853
	],
	"6. right_hip": [
		0.45882266759872437,
		0.5835296511650085,
		-0.07649321854114532,
		0.9997446537017822
	],
	"7. right_knee": [
		0.45523589849472046,
		0.7260643839836121,
		-0.08877362310886383,
		0.9908016920089722
	],
	"8. right_ankle": [
		0.3993684649467468,
		0.822300910949707,
		0.08025306463241577,
		0.9929503798484802
	],
	"14. left_shoulder": [
		0.4589369595050812,
		0.379738986492157,
		0.08660905808210373,
		0.9980213642120361
	],
	"15. left_elbow": [
		0.4671264886856079,
		0.47296249866485596,
		0.1439020335674286,
		0.30806198716163635
	],
	"16. left_wrist": [
		0.4794595539569855,
		0.5399066209793091,
		0.06832455843687057,
		0.33159324526786804
	],
	"19. right_shoulder": [
		0.4246923625469208,
		0.37861114740371704,
		-0.14150172472000122,
		0.9994599223136902
	],
	"20. right_elbow": [
		0.4250435531139374,
		0.4782020151615143,
		-0.16628381609916687,
		0.9143469333648682
	],
	"21. right_wrist": [
		0.4503880739212036,
		0.5489826798439026,
		-0.20140308141708374,
		0.8901612758636475
	],
	"24. nose": [
		0.4494895339012146,
		0.2983608841896057,
		-0.18806561827659607,
		0.9999039173126221
	],
	"25. left_eye": [
		0.4495373070240021,
		0.2888849377632141,
		-0.16503003239631653,
		0.9997839331626892
	],
	"26. right_eye": [
		0.4391384422779083,
		0.2903614640235901,
		-0.18183289468288422,
		0.9998062252998352
	],
	"27. left_ear": [
		0.44845297932624817,
		0.29711031913757324,
		-0.04438496753573418,
		0.9995104670524597
	],
	"28. right_ear": [
		0.4294375479221344,
		0.302688330411911,
		-0.1200917661190033,
		0.9996001124382019
	],
	"time stamp": 23
}