{
	"1. left_hip": [
		0.48987263441085815,
		0.5741287469863892,
		0.07843687385320663,
		0.9996187686920166
	],
	"2. left_knee": [
		0.5035865306854248,
		0.71345454454422,
		0.03675401583313942,
		0.9581564664840698
	],
	"3. left_ankle": [
		0.48909974098205566,
		0.8427459597587585,
		0.1636582612991333,
		0.9753842949867249
	],
	"6. right_hip": [
		0.4639541208744049,
		0.5808835029602051,
		-0.07846802473068237,
		0.9997092485427856
	],
	"7. right_knee": [
		0.4927718937397003,
		0.7144749164581299,
		-0.1340208351612091,
		0.9907088279724121
	],
	"8. right_ankle": [
		0.44756174087524414,
		0.8218490481376648,
		0.010519673116505146,
		0.9922828078269958
	],
	"14. left_shoulder": [
		0.4659518301486969,
		0.380971223115921,
		0.06093902140855789,
		0.9978520274162292
	],
	"15. left_elbow": [
		0.4697254002094269,
		0.47903987765312195,
		0.12208973616361618,
		0.27915334701538086
	],
	"16. left_wrist": [
		0.4743140935897827,
		0.562771201133728,
		0.056043725460767746,
		0.3028358221054077
	],
	"19. right_shoulder": [
		0.42796263098716736,
		0.3883785605430603,
		-0.16355696320533752,
		0.9995065331459045
	],
	"20. right_elbow": [
		0.41801688075065613,
		0.4916134178638458,
		-0.17777125537395477,
		0.9223376512527466
	],
	"21. right_wrist": [
		0.418989360332489,
		0.5847705602645874,
		-0.21830813586711884,
		0.8974185585975647
	],
	"24. nose": [
		0.45499175786972046,
		0.29965221881866455,
		-0.22792883217334747,
		0.9999086856842041
	],
	"25. left_eye": [
		0.4552235007286072,
		0.2899518609046936,
		-0.2028934508562088,
		0.9997897744178772
	],
	"26. right_eye": [
		0.44452595710754395,
		0.2916698157787323,
		-0.22173595428466797,
		0.9998212456703186
	],
	"27. left_ear": [
		0.4544706642627716,
		0.29882144927978516,
		-0.0756494402885437,
		0.9994733929634094
	],
	"28. right_ear": [
		0.4344014525413513,
		0.304127037525177,
		-0.1603136658668518,
		0.9996370077133179
	],
	"time stamp": 23
}