{
	"1. left_hip": [
		0.49349668622016907,
		0.5700056552886963,
		0.0795997679233551,
		0.9993570446968079
	],
	"2. left_knee": [
		0.5035766959190369,
		0.7094867825508118,
		0.06830143183469772,
		0.9080040454864502
	],
	"3. left_ankle": [
		0.4882858693599701,
		0.8423379063606262,
		0.15312138199806213,
		0.9528506398200989
	],
	"6. right_hip": [
		0.470741331577301,
		0.5769292712211609,
		-0.07962355762720108,
		0.9996477365493774
	],
	"7. right_knee": [
		0.5045271515846252,
		0.7057743072509766,
		-0.14974382519721985,
		0.9874721169471741
	],
	"8. right_ankle": [
		0.48002851009368896,
		0.8406874537467957,
		-0.08829161524772644,
		0.9884076118469238
	],
	"14. left_shoulder": [
		0.4670403301715851,
		0.3809804320335388,
		0.07805635780096054,
		0.9976838231086731
	],
	"15. left_elbow": [
		0.47444823384284973,
		0.47864121198654175,
		0.13197006285190582,
		0.25326383113861084
	],
	"16. left_wrist": [
		0.4798193871974945,
		0.5598931908607483,
		0.061437834054231644,
		0.27732816338539124
	],
	"19. right_shoulder": [
		0.42906275391578674,
		0.3883568346500397,
		-0.1416679471731186,
		0.9995532631874084
	],
	"20. right_elbow": [
		0.414341539144516,
		0.48492422699928284,
		-0.16765111684799194,
		0.9295578598976135
	],
	"21. right_wrist": [
		0.4078114330768585,
		0.5782669186592102,
		-0.229403555393219,
		0.9050160050392151
	],
	"24. nose": [
		0.4572051465511322,
		0.3025464713573456,
		-0.20479150116443634,
		0.9999109506607056
	],
	"25. left_eye": [
		0.45818430185317993,
		0.2928086817264557,
		-0.17729701101779938,
		0.9997910857200623
	],
	"26. right_eye": [
		0.44752180576324463,
		0.29366323351860046,
		-0.20156726241111755,
		0.9998346567153931
	],
	"27. left_ear": [
		0.45756885409355164,
		0.3025164008140564,
		-0.05346444994211197,
		0.9994422793388367
	],
	"28. right_ear": [
		0.43738240003585815,
		0.3047816753387451,
		-0.15325045585632324,
		0.9996703267097473
	],
	"time stamp": 23
}