{
	"1. left_hip": [
		0.49888673424720764,
		0.5698962807655334,
		0.0807844027876854,
		0.9992263317108154
	],
	"2. left_knee": [
		0.5078414082527161,
		0.7106488943099976,
		0.09002114087343216,
		0.8802456855773926
	],
	"3. left_ankle": [
		0.49597984552383423,
		0.8425214290618896,
		0.18296588957309723,
		0.9457805752754211
	],
	"6. right_hip": [
		0.47502511739730835,
		0.577096700668335,
		-0.08082082122564316,
		0.9996200203895569
	],
	"7. right_knee": [
		0.5142605900764465,
		0.7052252888679504,
		-0.12098335474729538,
		0.9859428405761719
	],
	"8. right_ankle": [
		0.497191458940506,
		0.8395787477493286,
		-0.02580706961452961,
		0.9878548979759216
	],
	"14. left_shoulder": [
		0.4687267243862152,
		0.3815609812736511,
		0.07791610807180405,
		0.9976471662521362
	],
	"15. left_elbow": [
		0.4783162474632263,
		0.4784957766532898,
		0.12975789606571198,
		0.23032785952091217
	],
	"16. left_wrist": [
		0.4835371971130371,
		0.558565080165863,
		0.054003067314624786,
		0.255134254693985
	],
	"19. right_shoulder": [
		0.42982396483421326,
		0.3908419609069824,
		-0.1311647593975067,
		0.9995948672294617
	],
	"20. right_elbow": [
		0.4087023437023163,
		0.4896198809146881,
		-0.16063722968101501,
		0.9359767436981201
	],
	"21. right_wrist": [
		0.40431323647499084,
		0.577418863773346,
		-0.22839806973934174,
		0.9112709164619446
	],
	"24. nose": [
		0.45966440439224243,
		0.30593836307525635,
		-0.20098720490932465,
		0.9999079704284668
	],
	"25. left_eye": [
		0.4609283208847046,
		0.29624468088150024,
		-0.17500093579292297,
		0.9997761845588684
	],
	"26. right_eye": [
		0.4503033757209778,
		0.29651087522506714,
		-0.19373399019241333,
		0.9998427033424377
	],
	"27. left_ear": [
		0.45996108651161194,
		0.30602970719337463,
		-0.04916810989379883,
		0.9993554353713989
	],
	"28. right_ear": [
		0.4398300349712372,
		0.3066074252128601,
		-0.13858076930046082,
		0.99969881772995
	],
	"time stamp": 23
}