{
	"1. left_hip": [
		0.5028201341629028,
		0.5690574645996094,
		0.07807917892932892,
		0.9990063905715942
	],
	"2. left_knee": [
		0.5107002258300781,
		0.7085989713668823,
		0.08458726853132248,
		0.8703181147575378
	],
	"3. left_ankle": [
		0.4951273500919342,
		0.842032790184021,
		0.204823836684227,
		0.9460819959640503
	],
	"6. right_hip": [
		0.47922492027282715,
		0.5772067904472351,
		-0.07811075448989868,
		0.9995958209037781
	],
	"7. right_knee": [
		0.5215148329734802,
		0.7003216743469238,
		-0.11777671426534653,
		0.9849482178688049
	],
	"8. right_ankle": [
		0.5349847078323364,
		0.8392203450202942,
		-0.029905997216701508,
		0.9882467985153198
	],
	"14. left_shoulder": [
		0.4699537754058838,
		0.3844989836215973,
		0.08001724630594254,
		0.9975444078445435
	],
	"15. left_elbow": [
		0.4813273549079895,
		0.4777566194534302,
		0.12666933238506317,
		0.20958732068538666
	],
	"16. left_wrist": [
		0.48940345644950867,
		0.5559508800506592,
		0.03779818117618561,
		0.2342270314693451
	],
	"19. right_shoulder": [
		0.429969847202301,
		0.3957553505897522,
		-0.11687255650758743,
		0.999630331993103
	],
	"20. right_elbow": [
		0.4052320718765259,
		0.49374422430992126,
		-0.12649814784526825,
		0.9414079785346985
	],
	"21. right_wrist": [
		0.40414348244667053,
		0.575575053691864,
		-0.16851840913295746,
		0.914127767086029
	],
	"24. nose": [
		0.46235719323158264,
		0.3109413683414459,
		-0.17824777960777283,
		0.9999050498008728
	],
	"25. left_eye": [
		0.4633975327014923,
		0.3009856343269348,
		-0.15579259395599365,
		0.999763011932373
	],
	"26. right_eye": [
		0.45323386788368225,
		0.29999175667762756,
		-0.17608141899108887,
		0.999846875667572
	],
	"27. left_ear": [
		0.4611930251121521,
		0.3101387321949005,
		-0.036611538380384445,
		0.9992759227752686
	],
	"28. right_ear": [
		0.4418198764324188,
		0.3088766634464264,
		-0.13371281325817108,
		0.999721348285675
	],
	"time stamp": 23
}