{
	"1. left_hip": [
		0.5071853399276733,
		0.5702357292175293,
		0.06881271302700043,
		0.9987727403640747
	],
	"2. left_knee": [
		0.5149803757667542,
		0.7121946811676025,
		0.07188460230827332,
		0.8592377305030823
	],
	"3. left_ankle": [
		0.4941076636314392,
		0.842972993850708,
		0.18564863502979279,
		0.9461744427680969
	],
	"6. right_hip": [
		0.4796682298183441,
		0.5842151641845703,
		-0.06870061904191971,
		0.9995859265327454
	],
	"7. right_knee": [
		0.5284410119056702,
		0.7031376957893372,
		-0.13027013838291168,
		0.9810455441474915
	],
	"8. right_ankle": [
		0.5680431127548218,
		0.8426582217216492,
		-0.08144380152225494,
		0.987962543964386
	],
	"14. left_shoulder": [
		0.47488945722579956,
		0.39633840322494507,
		0.09206336736679077,
		0.997681200504303
	],
	"15. left_elbow": [
		0.48807257413864136,
		0.4796333312988281,
		0.14397603273391724,
		0.19794754683971405
	],
	"16. left_wrist": [
		0.5021408796310425,
		0.5551801919937134,
		0.052411530166864395,
		0.2238428145647049
	],
	"19. right_shoulder": [
		0.4303506910800934,
		0.4079205393791199,
		-0.08724056929349899,
		0.9996638894081116
	],
	"20. right_elbow": [
		0.40394434332847595,
		0.49810752272605896,
		-0.07553131878376007,
		0.9461307525634766
	],
	"21. right_wrist": [
		0.40780332684516907,
		0.5650212168693542,
		-0.09709252417087555,
		0.9160408973693848
	],
	"24. nose": [
		0.465702086687088,
		0.3286967873573303,
		-0.13267111778259277,
		0.9999085664749146
	],
	"25. left_eye": [
		0.4677077531814575,
		0.3185231387615204,
		-0.1136501207947731,
		0.9997724890708923
	],
	"26. right_eye": [
		0.4573007822036743,
		0.31667688488960266,
		-0.13438302278518677,
		0.999854564666748
	],
	"27. left_ear": [
		0.4658505916595459,
		0.3253615200519562,
		-0.008238494396209717,
		0.999301016330719
	],
	"28. right_ear": [
		0.44550615549087524,
		0.3226660490036011,
		-0.10507789999246597,
		0.9997439980506897
	],
	"time stamp": 23
}