{
	"1. left_hip": [
		0.5113974213600159,
		0.5743512511253357,
		0.06684689968824387,
		0.9981550574302673
	],
	"2. left_knee": [
		0.5191710591316223,
		0.7163630723953247,
		0.08404379338026047,
		0.846701979637146
	],
	"3. left_ankle": [
		0.4938410222530365,
		0.8428741693496704,
		0.2007005512714386,
		0.9464559555053711
	],
	"6. right_hip": [
		0.4841548502445221,
		0.5915953516960144,
		-0.06673494726419449,
		0.9995524287223816
	],
	"7. right_knee": [
		0.5290548205375671,
		0.708732008934021,
		-0.12423153966665268,
		0.9776808619499207
	],
	"8. right_ankle": [
		0.571847140789032,
		0.8449064493179321,
		-0.07249397039413452,
		0.9876924753189087
	],
	"14. left_shoulder": [
		0.477946400642395,
		0.4029759168624878,
		0.0858888179063797,
		0.9975816011428833
	],
	"15. left_elbow": [
		0.4906279742717743,
		0.4841582775115967,
		0.13478130102157593,
		0.1825319230556488
	],
	"16. left_wrist": [
		0.4987942576408386,
		0.5540493130683899,
		0.045623548328876495,
		0.2059800773859024
	],
	"19. right_shoulder": [
		0.43126001954078674,
		0.4148291349411011,
		-0.09877483546733856,
		0.9996948838233948
	],
	"20. right_elbow": [
		0.4021157920360565,
		0.5052982568740845,
		-0.09010306745767593,
		0.9506444931030273
	],
	"21. right_wrist": [
		0.4158272445201874,
		0.5667527318000793,
		-0.1006753072142601,
		0.9166140556335449
	],
	"24. nose": [
		0.46789997816085815,
		0.3356572389602661,
		-0.14211620390415192,
		0.999903678894043
	],
	"25. left_eye": [
		0.4700233042240143,
		0.32454946637153625,
		-0.12314078211784363,
		0.9997583031654358
	],
	"26. right_eye": [
		0.4602082073688507,
		0.32276424765586853,
		-0.1440868079662323,
		0.999856173992157
	],
	"27. left_ear": [
		0.4685717523097992,
		0.3322623074054718,
		-0.017297940328717232,
		0.9992240071296692
	],
	"28. right_ear": [
		0.4480842351913452,
		0.32855674624443054,
		-0.10926441103219986,
		0.9997627139091492
	],
	"time stamp": 23
}