{
	"1. left_hip": [
		0.5139830708503723,
		0.5764731764793396,
		0.06629456579685211,
		0.9976650476455688
	],
	"2. left_knee": [
		0.5241466760635376,
		0.7182010412216187,
		0.07538212835788727,
		0.8289501070976257
	],
	"3. left_ankle": [
		0.4958746135234833,
		0.8427896499633789,
		0.19108498096466064,
		0.9441000819206238
	],
	"6. right_hip": [
		0.4848320782184601,
		0.5936756730079651,
		-0.06620801985263824,
		0.9995174407958984
	],
	"7. right_knee": [
		0.5270910263061523,
		0.7144511938095093,
		-0.13489671051502228,
		0.9753031134605408
	],
	"8. right_ankle": [
		0.5694676637649536,
		0.8487984538078308,
		-0.07901646196842194,
		0.9874656796455383
	],
	"14. left_shoulder": [
		0.4812484383583069,
		0.4086124002933502,
		0.08332429081201553,
		0.9972335696220398
	],
	"15. left_elbow": [
		0.4944642186164856,
		0.4940849840641022,
		0.13034702837467194,
		0.16726736724376678
	],
	"16. left_wrist": [
		0.4987811744213104,
		0.5586457848548889,
		0.035685691982507706,
		0.18899978697299957
	],
	"19. right_shoulder": [
		0.4327303469181061,
		0.4165889620780945,
		-0.09445302933454514,
		0.999722421169281
	],
	"20. right_elbow": [
		0.403266042470932,
		0.5092540383338928,
		-0.09826818108558655,
		0.9548517465591431
	],
	"21. right_wrist": [
		0.41737422347068787,
		0.566807210445404,
		-0.12898854911327362,
		0.9180187582969666
	],
	"24. nose": [
		0.4693222641944885,
		0.3360532820224762,
		-0.14484715461730957,
		0.9998910427093506
	],
	"25. left_eye": [
		0.471940815448761,
		0.32615184783935547,
		-0.12523436546325684,
		0.9997180104255676
	],
	"26. right_eye": [
		0.4617404639720917,
		0.32357731461524963,
		-0.14458517730236053,
		0.9998495578765869
	],
	"27. left_ear": [
		0.47105997800827026,
		0.33481365442276,
		-0.018294891342520714,
		0.999006986618042
	],
	"28. right_ear": [
		0.44990941882133484,
		0.3301076591014862,
		-0.10725124180316925,
		0.9997745156288147
	],
	"time stamp": 23
}