{
	"1. left_hip": [
		0.5149810314178467,
		0.578321635723114,
		0.06628700345754623,
		0.997357189655304
	],
	"2. left_knee": [
		0.5251168012619019,
		0.7230182886123657,
		0.08187412470579147,
		0.8192760348320007
	],
	"3. left_ankle": [
		0.49590983986854553,
		0.8439900875091553,
		0.19912299513816833,
		0.9437392354011536
	],
	"6. right_hip": [
		0.48660874366760254,
		0.5948117971420288,
		-0.06621389836072922,
		0.9995065331459045
	],
	"7. right_knee": [
		0.5287764668464661,
		0.7206521034240723,
		-0.12436109781265259,
		0.9735550880432129
	],
	"8. right_ankle": [
		0.5696877837181091,
		0.8532237410545349,
		-0.06796520948410034,
		0.987503170967102
	],
	"14. left_shoulder": [
		0.48300352692604065,
		0.40967389941215515,
		0.0819932073354721,
		0.9971892237663269
	],
	"15. left_elbow": [
		0.4930640161037445,
		0.4982796907424927,
		0.12467252463102341,
		0.1546575427055359
	],
	"16. left_wrist": [
		0.4945424497127533,
		0.5642548203468323,
		0.024769803509116173,
		0.17462557554244995
	],
	"19. right_shoulder": [
		0.43399685621261597,
		0.415205180644989,
		-0.09980741143226624,
		0.9997481107711792
	],
	"20. right_elbow": [
		0.407220721244812,
		0.5118123888969421,
		-0.09741796553134918,
		0.9583451151847839
	],
	"21. right_wrist": [
		0.43118584156036377,
		0.566506564617157,
		-0.11522580683231354,
		0.9171962141990662
	],
	"24. nose": [
		0.47160765528678894,
		0.3354339301586151,
		-0.145279198884964,
		0.9998920559883118
	],
	"25. left_eye": [
		0.47458240389823914,
		0.32561901211738586,
		-0.12557539343833923,
		0.9997205138206482
	],
	"26. right_eye": [
		0.46445396542549133,
		0.32235655188560486,
		-0.145277738571167,
		0.9998549222946167
	],
	"27. left_ear": [
		0.4734461009502411,
		0.3339990973472595,
		-0.019323760643601418,
		0.9990012049674988
	],
	"28. right_ear": [
		0.45248591899871826,
		0.32903236150741577,
		-0.10929296910762787,
		0.9997913241386414
	],
	"time stamp": 23
}