{
	"1. left_hip": [
		0.5124635100364685,
		0.5795507431030273,
		0.06740587204694748,
		0.9971288442611694
	],
	"2. left_knee": [
		0.5224993228912354,
		0.7271543145179749,
		0.08524429053068161,
		0.8135722875595093
	],
	"3. left_ankle": [
		0.4946101903915405,
		0.8455952405929565,
		0.21041952073574066,
		0.9437254667282104
	],
	"6. right_hip": [
		0.48598629236221313,
		0.5943127274513245,
		-0.06733641028404236,
		0.9994605779647827
	],
	"7. right_knee": [
		0.5289945006370544,
		0.7249009013175964,
		-0.11131058633327484,
		0.972853422164917
	],
	"8. right_ankle": [
		0.5653402805328369,
		0.8581997156143188,
		-0.04398612305521965,
		0.9878222942352295
	],
	"14. left_shoulder": [
		0.48747700452804565,
		0.40661683678627014,
		0.07613026350736618,
		0.9971179366111755
	],
	"15. left_elbow": [
		0.49607881903648376,
		0.49735531210899353,
		0.10260912775993347,
		0.1444115787744522
	],
	"16. left_wrist": [
		0.4967600107192993,
		0.55543053150177,
		-0.0073870825581252575,
		0.1639786660671234
	],
	"19. right_shoulder": [
		0.437648206949234,
		0.41191375255584717,
		-0.10640622675418854,
		0.9997684955596924
	],
	"20. right_elbow": [
		0.4213956296443939,
		0.5097408294677734,
		-0.11773502826690674,
		0.9598946571350098
	],
	"21. right_wrist": [
		0.4492686986923218,
		0.5602523684501648,
		-0.14748096466064453,
		0.9115912318229675
	],
	"24. nose": [
		0.4770110845565796,
		0.3319300711154938,
		-0.15127477049827576,
		0.9998899102210999
	],
	"25. left_eye": [
		0.48021620512008667,
		0.32190829515457153,
		-0.1309576779603958,
		0.9997180700302124
	],
	"26. right_eye": [
		0.469583660364151,
		0.3194350302219391,
		-0.15013180673122406,
		0.9998555183410645
	],
	"27. left_ear": [
		0.4794158339500427,
		0.3302825391292572,
		-0.022124944254755974,
		0.9989888072013855
	],
	"28. right_ear": [
		0.45649254322052,
		0.3274575173854828,
		-0.11108221113681793,
		0.9997999668121338
	],
	"time stamp": 23
}