{
	"1. left_hip": [
		0.510341465473175,
		0.5793496966362,
		0.06991806626319885,
		0.9968301653862
	],
	"2. left_knee": [
		0.520000696182251,
		0.7255606651306152,
		0.10138312727212906,
		0.8095899820327759
	],
	"3. left_ankle": [
		0.49272817373275757,
		0.8469282984733582,
		0.2257588654756546,
		0.9450286030769348
	],
	"6. right_hip": [
		0.4830639362335205,
		0.5934418439865112,
		-0.06990009546279907,
		0.9994284510612488
	],
	"7. right_knee": [
		0.5243204236030579,
		0.7238235473632812,
		-0.10712562501430511,
		0.9728289246559143
	],
	"8. right_ankle": [
		0.5551084876060486,
		0.8558385372161865,
		-0.040727924555540085,
		0.9881076216697693
	],
	"14. left_shoulder": [
		0.49285244941711426,
		0.4049137830734253,
		0.05183097720146179,
		0.9970254302024841
	],
	"15. left_elbow": [
		0.4946971535682678,
		0.4984012544155121,
		0.09005212783813477,
		0.1355857104063034
	],
	"16. left_wrist": [
		0.4960010051727295,
		0.5556360483169556,
		-0.010298126377165318,
		0.15398387610912323
	],
	"19. right_shoulder": [
		0.4396911859512329,
		0.4113094210624695,
		-0.12956978380680084,
		0.9997884035110474
	],
	"20. right_elbow": [
		0.42382460832595825,
		0.507684588432312,
		-0.1242595762014389,
		0.9625179767608643
	],
	"21. right_wrist": [
		0.4528692960739136,
		0.5674677491188049,
		-0.155469611287117,
		0.9084514379501343
	],
	"24. nose": [
		0.48145726323127747,
		0.330114483833313,
		-0.18919774889945984,
		0.999890148639679
	],
	"25. left_eye": [
		0.4857257008552551,
		0.3199373483657837,
		-0.16833136975765228,
		0.9997191429138184
	],
	"26. right_eye": [
		0.4739004075527191,
		0.31856340169906616,
		-0.18690422177314758,
		0.9998589754104614
	],
	"27. left_ear": [
		0.48518073558807373,
		0.32864949107170105,
		-0.056143682450056076,
		0.9989639520645142
	],
	"28. right_ear": [
		0.4611498713493347,
		0.3254666328430176,
		-0.14219337701797485,
		0.9998120069503784
	],
	"time stamp": 23
}