{
	"1. left_hip": [
		0.5085386037826538,
		0.5792053937911987,
		0.07185426354408264,
		0.996756374835968
	],
	"2. left_knee": [
		0.5193427801132202,
		0.724393904209137,
		0.11259083449840546,
		0.8030033707618713
	],
	"3. left_ankle": [
		0.49401625990867615,
		0.8468876481056213,
		0.24379734694957733,
		0.9451399445533752
	],
	"6. right_hip": [
		0.4812543988227844,
		0.5920366048812866,
		-0.07187087833881378,
		0.9994106888771057
	],
	"7. right_knee": [
		0.5194998383522034,
		0.7205400466918945,
		-0.10364552587270737,
		0.9726546406745911
	],
	"8. right_ankle": [
		0.5415305495262146,
		0.855122447013855,
		-0.039736513048410416,
		0.9881949424743652
	],
	"14. left_shoulder": [
		0.49451982975006104,
		0.4042549431324005,
		0.033738698810338974,
		0.9969245791435242
	],
	"15. left_elbow": [
		0.4933341145515442,
		0.49660181999206543,
		0.07235442847013474,
		0.12766118347644806
	],
	"16. left_wrist": [
		0.49704837799072266,
		0.5582558512687683,
		-0.021173974499106407,
		0.14399291574954987
	],
	"19. right_shoulder": [
		0.4435408115386963,
		0.4004720449447632,
		-0.15490123629570007,
		0.9998044967651367
	],
	"20. right_elbow": [
		0.42410629987716675,
		0.507123589515686,
		-0.1533646434545517,
		0.9647295475006104
	],
	"21. right_wrist": [
		0.44972410798072815,
		0.5691858530044556,
		-0.1746181845664978,
		0.9027859568595886
	],
	"24. nose": [
		0.4866405427455902,
		0.325900137424469,
		-0.21544045209884644,
		0.9998807311058044
	],
	"25. left_eye": [
		0.49062082171440125,
		0.3161797523498535,
		-0.19421198964118958,
		0.9996991753578186
	],
	"26. right_eye": [
		0.47886478900909424,
		0.31176993250846863,
		-0.21353140473365784,
		0.9998536705970764
	],
	"27. left_ear": [
		0.48957517743110657,
		0.3237013518810272,
		-0.07879547774791718,
		0.9988223910331726
	],
	"28. right_ear": [
		0.4660450220108032,
		0.3165270686149597,
		-0.16845165193080902,
		0.9998161792755127
	],
	"time stamp": 23
}