{
	"1. left_hip": [
		0.49988681077957153,
		0.5763053894042969,
		0.06659441441297531,
		0.9970080852508545
	],
	"2. left_knee": [
		0.5031436085700989,
		0.7206434607505798,
		0.05386948585510254,
		0.8180505037307739
	],
	"3. left_ankle": [
		0.4926474094390869,
		0.8467252850532532,
		0.15400978922843933,
		0.9490536451339722
	],
	"6. right_hip": [
		0.46823129057884216,
		0.5775163173675537,
		-0.06653618067502975,
		0.9993966817855835
	],
	"7. right_knee": [
		0.4750923216342926,
		0.7116843461990356,
		-0.06475751847028732,
		0.9745780229568481
	],
	"8. right_ankle": [
		0.4452354311943054,
		0.8272734880447388,
		0.08590216934680939,
		0.9881651997566223
	],
	"14. left_shoulder": [
		0.5022310018539429,
		0.39381736516952515,
		0.04752622917294502,
		0.9970824718475342
	],
	"15. left_elbow": [
		0.4835534393787384,
		0.47420474886894226,
		0.08468959480524063,
		0.12594613432884216
	],
	"16. left_wrist": [
		0.48100170493125916,
		0.5379593968391418,
		0.005228140391409397,
		0.1495283842086792
	],
	"19. right_shoulder": [
		0.45831355452537537,
		0.3779289126396179,
		-0.11544689536094666,
		0.9998047351837158
	],
	"20. right_elbow": [
		0.4227500259876251,
		0.4447116553783417,
		-0.0669805109500885,
		0.9654257893562317
	],
	"21. right_wrist": [
		0.42873018980026245,
		0.5092000365257263,
		-0.02720494568347931,
		0.8864066004753113
	],
	"24. nose": [
		0.5033789873123169,
		0.3160398602485657,
		-0.2111656814813614,
		0.9998779296875
	],
	"25. left_eye": [
		0.5072837471961975,
		0.30468636751174927,
		-0.19148610532283783,
		0.999707043170929
	],
	"26. right_eye": [
		0.49411842226982117,
		0.30052393674850464,
		-0.2089604288339615,
		0.9998515248298645
	],
	"27. left_ear": [
		0.5085409879684448,
		0.3113396465778351,
		-0.0563674122095108,
		0.9988597631454468
	],
	"28. right_ear": [
		0.48343461751937866,
		0.3045784533023834,
		-0.16479815542697906,
		0.9998270273208618
	],
	"time stamp": 23
}