{
	"1. left_hip": [
		0.4925747811794281,
		0.5768479704856873,
		0.06500308215618134,
		0.9972798824310303
	],
	"2. left_knee": [
		0.4990231990814209,
		0.7198940515518188,
		0.05120209604501724,
		0.8328145146369934
	],
	"3. left_ankle": [
		0.49187901616096497,
		0.8470633625984192,
		0.1532498300075531,
		0.9531872272491455
	],
	"6. right_hip": [
		0.4580778181552887,
		0.5739075541496277,
		-0.06494183093309402,
		0.999411940574646
	],
	"7. right_knee": [
		0.4525069296360016,
		0.7076063752174377,
		-0.054813727736473083,
		0.9765722751617432
	],
	"8. right_ankle": [
		0.41583818197250366,
		0.8199189305305481,
		0.1030503362417221,
		0.9885929822921753
	],
	"14. left_shoulder": [
		0.5036457180976868,
		0.3921264111995697,
		0.044355377554893494,
		0.9973329305648804
	],
	"15. left_elbow": [
		0.48043546080589294,
		0.47103020548820496,
		0.09157806634902954,
		0.13271696865558624
	],
	"16. left_wrist": [
		0.47638049721717834,
		0.5364254713058472,
		0.014382252469658852,
		0.16264307498931885
	],
	"19. right_shoulder": [
		0.46298864483833313,
		0.3720114529132843,
		-0.11555158346891403,
		0.9998122453689575
	],
	"20. right_elbow": [
		0.4227641820907593,
		0.43530985713005066,
		-0.07220634818077087,
		0.9658425450325012
	],
	"21. right_wrist": [
		0.426036536693573,
		0.4990577697753906,
		-0.020589184015989304,
		0.8700726628303528
	],
	"24. nose": [
		0.5100558400154114,
		0.31365951895713806,
		-0.19446954131126404,
		0.9998828768730164
	],
	"25. left_eye": [
		0.513239860534668,
		0.30191418528556824,
		-0.17391429841518402,
		0.9997274279594421
	],
	"26. right_eye": [
		0.5007230043411255,
		0.298647940158844,
		-0.19262391328811646,
		0.9998583793640137
	],
	"27. left_ear": [
		0.5124087333679199,
		0.3091329038143158,
		-0.05274176597595215,
		0.9989410042762756
	],
	"28. right_ear": [
		0.48904597759246826,
		0.30360108613967896,
		-0.15189138054847717,
		0.9998410940170288
	],
	"time stamp": 23
}