{
	"1. left_hip": [
		0.4813738167285919,
		0.578700065612793,
		0.06481276452541351,
		0.9975225329399109
	],
	"2. left_knee": [
		0.49610230326652527,
		0.7094285488128662,
		0.05360515043139458,
		0.8482940793037415
	],
	"3. left_ankle": [
		0.49025633931159973,
		0.8465080857276917,
		0.1487889587879181,
		0.9575701951980591
	],
	"6. right_hip": [
		0.4442232847213745,
		0.5718302726745605,
		-0.06478755176067352,
		0.9994352459907532
	],
	"7. right_knee": [
		0.42370039224624634,
		0.7075406908988953,
		-0.08696435391902924,
		0.9788045287132263
	],
	"8. right_ankle": [
		0.37318339943885803,
		0.8179020285606384,
		-0.0067163752391934395,
		0.9896512031555176
	],
	"14. left_shoulder": [
		0.5039674043655396,
		0.392974853515625,
		0.061532482504844666,
		0.9975027441978455
	],
	"15. left_elbow": [
		0.48310530185699463,
		0.4734329283237457,
		0.09579813480377197,
		0.13329486548900604
	],
	"16. left_wrist": [
		0.4765681028366089,
		0.5381208062171936,
		0.02081311121582985,
		0.17394472658634186
	],
	"19. right_shoulder": [
		0.46983909606933594,
		0.3757874667644501,
		-0.10637254267930984,
		0.9998135566711426
	],
	"20. right_elbow": [
		0.4238172471523285,
		0.42717641592025757,
		-0.1803773045539856,
		0.9659438133239746
	],
	"21. right_wrist": [
		0.4262494146823883,
		0.46825259923934937,
		-0.31612539291381836,
		0.8743627667427063
	],
	"24. nose": [
		0.5155397057533264,
		0.31760939955711365,
		-0.17770984768867493,
		0.9998915791511536
	],
	"25. left_eye": [
		0.5180805921554565,
		0.30490928888320923,
		-0.15384142100811005,
		0.9997507333755493
	],
	"26. right_eye": [
		0.5060362219810486,
		0.3029470443725586,
		-0.17193585634231567,
		0.9998699426651001
	],
	"27. left_ear": [
		0.5176505446434021,
		0.31067055463790894,
		-0.03107832744717598,
		0.9990339279174805
	],
	"28. right_ear": [
		0.4943351447582245,
		0.3102816939353943,
		-0.12010917067527771,
		0.9998552203178406
	],
	"time stamp": 23
}