{
	"1. left_hip": [
		0.4775308072566986,
		0.5792425274848938,
		0.06646766513586044,
		0.9977080821990967
	],
	"2. left_knee": [
		0.493693083524704,
		0.7050871253013611,
		0.05199647694826126,
		0.8597816824913025
	],
	"3. left_ankle": [
		0.4894335865974426,
		0.8446516990661621,
		0.11956004053354263,
		0.9612908959388733
	],
	"6. right_hip": [
		0.441206157207489,
		0.5701776742935181,
		-0.06646734476089478,
		0.9994184970855713
	],
	"7. right_knee": [
		0.4234335422515869,
		0.7069553136825562,
		-0.08707407861948013,
		0.9807673692703247
	],
	"8. right_ankle": [
		0.37144774198532104,
		0.817076563835144,
		-0.011118992231786251,
		0.9905673265457153
	],
	"14. left_shoulder": [
		0.5082132816314697,
		0.3965650796890259,
		0.05838421732187271,
		0.997582197189331
	],
	"15. left_elbow": [
		0.4843558073043823,
		0.47395387291908264,
		0.11502280086278915,
		0.12897014617919922
	],
	"16. left_wrist": [
		0.4732464849948883,
		0.5378138422966003,
		0.07236301153898239,
		0.16829316318035126
	],
	"19. right_shoulder": [
		0.47419044375419617,
		0.37791240215301514,
		-0.13707417249679565,
		0.9998114705085754
	],
	"20. right_elbow": [
		0.4245244264602661,
		0.41797780990600586,
		-0.15626251697540283,
		0.9677974581718445
	],
	"21. right_wrist": [
		0.4282112419605255,
		0.4596136808395386,
		-0.20244300365447998,
		0.874864399433136
	],
	"24. nose": [
		0.5169426798820496,
		0.3223380744457245,
		-0.20157985389232635,
		0.9998993277549744
	],
	"25. left_eye": [
		0.5195439457893372,
		0.3081957995891571,
		-0.17822957038879395,
		0.9997708797454834
	],
	"26. right_eye": [
		0.5074220299720764,
		0.30737408995628357,
		-0.19661317765712738,
		0.9998795986175537
	],
	"27. left_ear": [
		0.5193511843681335,
		0.3136564791202545,
		-0.05583137646317482,
		0.9991095066070557
	],
	"28. right_ear": [
		0.4949677288532257,
		0.31616389751434326,
		-0.14124469459056854,
		0.9998677372932434
	],
	"time stamp": 23
}