{
	"1. left_hip": [
		0.4720040559768677,
		0.5900216102600098,
		0.07170174270868301,
		0.9979113936424255
	],
	"2. left_knee": [
		0.4916177988052368,
		0.709595263004303,
		0.10169320553541183,
		0.8723336458206177
	],
	"3. left_ankle": [
		0.48898088932037354,
		0.8462928533554077,
		0.21439707279205322,
		0.9649261832237244
	],
	"6. right_hip": [
		0.4371176064014435,
		0.5715887546539307,
		-0.07174253463745117,
		0.9994676113128662
	],
	"7. right_knee": [
		0.41096875071525574,
		0.7077704668045044,
		-0.1125292256474495,
		0.9826563000679016
	],
	"8. right_ankle": [
		0.355812132358551,
		0.8189243078231812,
		-0.050097379833459854,
		0.9914761185646057
	],
	"14. left_shoulder": [
		0.5087980031967163,
		0.4094173312187195,
		0.054291605949401855,
		0.9977587461471558
	],
	"15. left_elbow": [
		0.4847273528575897,
		0.4881226420402527,
		0.11278006434440613,
		0.12333311885595322
	],
	"16. left_wrist": [
		0.4703604280948639,
		0.551172137260437,
		0.048778750002384186,
		0.17013144493103027
	],
	"19. right_shoulder": [
		0.4762655794620514,
		0.37814679741859436,
		-0.16828306019306183,
		0.999829113483429
	],
	"20. right_elbow": [
		0.42439979314804077,
		0.4199381470680237,
		-0.18082216382026672,
		0.9708709716796875
	],
	"21. right_wrist": [
		0.4222848415374756,
		0.4838874340057373,
		-0.20534849166870117,
		0.8858246207237244
	],
	"24. nose": [
		0.5184447765350342,
		0.3321162164211273,
		-0.2245650440454483,
		0.9999089241027832
	],
	"25. left_eye": [
		0.5203198194503784,
		0.3186013996601105,
		-0.20090623199939728,
		0.9997929334640503
	],
	"26. right_eye": [
		0.5092813968658447,
		0.3194367587566376,
		-0.2204197347164154,
		0.9998912215232849
	],
	"27. left_ear": [
		0.5194280743598938,
		0.3244888484477997,
		-0.07682011276483536,
		0.9991933107376099
	],
	"28. right_ear": [
		0.4975188970565796,
		0.32888543605804443,
		-0.16602839529514313,
		0.9998807907104492
	],
	"time stamp": 23
}