{
	"1. left_hip": [
		0.46642136573791504,
		0.6005378365516663,
		0.0716300904750824,
		0.9980640411376953
	],
	"2. left_knee": [
		0.4903530478477478,
		0.7098081111907959,
		0.06947510689496994,
		0.8839151859283447
	],
	"3. left_ankle": [
		0.48874154686927795,
		0.8462331295013428,
		0.1966371387243271,
		0.9681353569030762
	],
	"6. right_hip": [
		0.42992448806762695,
		0.5768840312957764,
		-0.07166947424411774,
		0.9994949698448181
	],
	"7. right_knee": [
		0.4010131061077118,
		0.7151258587837219,
		-0.11185207217931747,
		0.9842993021011353
	],
	"8. right_ankle": [
		0.34092608094215393,
		0.8211234211921692,
		-0.028392506763339043,
		0.9922557473182678
	],
	"14. left_shoulder": [
		0.5112148523330688,
		0.42660561203956604,
		0.042457032948732376,
		0.9978644251823425
	],
	"15. left_elbow": [
		0.4832611680030823,
		0.5005118250846863,
		0.10500893741846085,
		0.1154155433177948
	],
	"16. left_wrist": [
		0.4671383798122406,
		0.5670793056488037,
		0.04079735651612282,
		0.16383548080921173
	],
	"19. right_shoulder": [
		0.4754321575164795,
		0.39296841621398926,
		-0.1698811948299408,
		0.9998389482498169
	],
	"20. right_elbow": [
		0.4243573844432831,
		0.42801377177238464,
		-0.15933001041412354,
		0.9731765985488892
	],
	"21. right_wrist": [
		0.41396960616111755,
		0.4926778972148895,
		-0.1338248997926712,
		0.8874585032463074
	],
	"24. nose": [
		0.5195647478103638,
		0.351075142621994,
		-0.24000202119350433,
		0.9999166131019592
	],
	"25. left_eye": [
		0.5217882394790649,
		0.3390873074531555,
		-0.2179543524980545,
		0.9998118281364441
	],
	"26. right_eye": [
		0.5105895400047302,
		0.3383082151412964,
		-0.23677828907966614,
		0.9999006986618042
	],
	"27. left_ear": [
		0.5205197334289551,
		0.34624412655830383,
		-0.0928749218583107,
		0.9992653131484985
	],
	"28. right_ear": [
		0.49844667315483093,
		0.3463720381259918,
		-0.1782781183719635,
		0.9998919367790222
	],
	"time stamp": 23
}