{
	"1. left_hip": [
		0.45955726504325867,
		0.6077373027801514,
		0.07194983214139938,
		0.9982045292854309
	],
	"2. left_knee": [
		0.49127793312072754,
		0.7091903686523438,
		0.02466070093214512,
		0.8945639133453369
	],
	"3. left_ankle": [
		0.488627165555954,
		0.8454228043556213,
		0.11095050722360611,
		0.9710508584976196
	],
	"6. right_hip": [
		0.42479878664016724,
		0.5874226689338684,
		-0.07197648286819458,
		0.9995222091674805
	],
	"7. right_knee": [
		0.39216187596321106,
		0.7267672419548035,
		-0.11137211322784424,
		0.9857845306396484
	],
	"8. right_ankle": [
		0.3319992423057556,
		0.8326689600944519,
		-0.05363014340400696,
		0.9929807186126709
	],
	"14. left_shoulder": [
		0.5106345415115356,
		0.43747788667678833,
		0.05070141702890396,
		0.9979976415634155
	],
	"15. left_elbow": [
		0.48399919271469116,
		0.4973718523979187,
		0.19245699048042297,
		0.11148375272750854
	],
	"16. left_wrist": [
		0.4722781777381897,
		0.5447447299957275,
		0.23704199492931366,
		0.15690860152244568
	],
	"19. right_shoulder": [
		0.4765581786632538,
		0.4145374298095703,
		-0.17157596349716187,
		0.9998519420623779
	],
	"20. right_elbow": [
		0.42459264397621155,
		0.43430328369140625,
		-0.15596619248390198,
		0.9752616882324219
	],
	"21. right_wrist": [
		0.41331395506858826,
		0.4960440695285797,
		-0.08962531387805939,
		0.8914453983306885
	],
	"24. nose": [
		0.5203618407249451,
		0.3735504150390625,
		-0.23039795458316803,
		0.9999248385429382
	],
	"25. left_eye": [
		0.5220343470573425,
		0.3617548644542694,
		-0.20832191407680511,
		0.999830424785614
	],
	"26. right_eye": [
		0.5124427080154419,
		0.36157751083374023,
		-0.2267216593027115,
		0.9999105334281921
	],
	"27. left_ear": [
		0.520055890083313,
		0.36603111028671265,
		-0.08782181888818741,
		0.9993381500244141
	],
	"28. right_ear": [
		0.49976760149002075,
		0.3667275011539459,
		-0.17005681991577148,
		0.9999026656150818
	],
	"time stamp": 23
}