{
	"1. left_hip": [
		0.45287835597991943,
		0.6114584803581238,
		0.07275521755218506,
		0.9983007311820984
	],
	"2. left_knee": [
		0.4910309612751007,
		0.7049983143806458,
		-0.006334661040455103,
		0.9042630791664124
	],
	"3. left_ankle": [
		0.48861774802207947,
		0.8438196182250977,
		0.05936232581734657,
		0.973558247089386
	],
	"6. right_hip": [
		0.4207839369773865,
		0.5958856344223022,
		-0.07278108596801758,
		0.9995402097702026
	],
	"7. right_knee": [
		0.38842934370040894,
		0.7353770732879639,
		-0.10883574932813644,
		0.9871309995651245
	],
	"8. right_ankle": [
		0.32888394594192505,
		0.8379374742507935,
		-0.04856253042817116,
		0.9936302304267883
	],
	"14. left_shoulder": [
		0.5086709260940552,
		0.4536722004413605,
		0.06293103843927383,
		0.9980117082595825
	],
	"15. left_elbow": [
		0.4723391830921173,
		0.4992838203907013,
		0.16109605133533478,
		0.1099061369895935
	],
	"16. left_wrist": [
		0.4588313698768616,
		0.5444864630699158,
		0.1709509938955307,
		0.15011952817440033
	],
	"19. right_shoulder": [
		0.47688913345336914,
		0.4339524507522583,
		-0.16187100112438202,
		0.9998641610145569
	],
	"20. right_elbow": [
		0.42826637625694275,
		0.4374636709690094,
		-0.15473230183124542,
		0.9773915410041809
	],
	"21. right_wrist": [
		0.4134812355041504,
		0.4970565736293793,
		-0.12195044010877609,
		0.8994841575622559
	],
	"24. nose": [
		0.5201536417007446,
		0.3916447162628174,
		-0.22809597849845886,
		0.9999321103096008
	],
	"25. left_eye": [
		0.5213714838027954,
		0.3798942267894745,
		-0.20454852283000946,
		0.9998469352722168
	],
	"26. right_eye": [
		0.5115876793861389,
		0.3794460594654083,
		-0.21452747285366058,
		0.9999191761016846
	],
	"27. left_ear": [
		0.5191425085067749,
		0.3837190270423889,
		-0.07879968732595444,
		0.999403178691864
	],
	"28. right_ear": [
		0.49877628684043884,
		0.3852463662624359,
		-0.14715492725372314,
		0.9999122023582458
	],
	"time stamp": 23
}