{
	"1. left_hip": [
		0.4465871751308441,
		0.6188151240348816,
		0.07249873131513596,
		0.9984007477760315
	],
	"2. left_knee": [
		0.49157965183258057,
		0.7036933898925781,
		0.00663585914298892,
		0.9127793908119202
	],
	"3. left_ankle": [
		0.4886556565761566,
		0.8437216281890869,
		0.08523586392402649,
		0.975734531879425
	],
	"6. right_hip": [
		0.4177744686603546,
		0.6071024537086487,
		-0.0725197046995163,
		0.9995668530464172
	],
	"7. right_knee": [
		0.38831138610839844,
		0.7468729615211487,
		-0.10327024012804031,
		0.9883259534835815
	],
	"8. right_ankle": [
		0.3306473195552826,
		0.8425007462501526,
		-0.03465026989579201,
		0.9941878914833069
	],
	"14. left_shoulder": [
		0.5082252621650696,
		0.47069740295410156,
		0.04624870419502258,
		0.9980869889259338
	],
	"15. left_elbow": [
		0.4529716968536377,
		0.5044963955879211,
		0.09646445512771606,
		0.11111178249120712
	],
	"16. left_wrist": [
		0.43309175968170166,
		0.5522240400314331,
		0.057286348193883896,
		0.14942289888858795
	],
	"19. right_shoulder": [
		0.4763982594013214,
		0.4500754773616791,
		-0.16564825177192688,
		0.9998748302459717
	],
	"20. right_elbow": [
		0.4276446998119354,
		0.46183496713638306,
		-0.1539718508720398,
		0.9790902733802795
	],
	"21. right_wrist": [
		0.41009506583213806,
		0.5092658996582031,
		-0.10153789818286896,
		0.9038661122322083
	],
	"24. nose": [
		0.5197734236717224,
		0.40814951062202454,
		-0.2181454598903656,
		0.999938428401947
	],
	"25. left_eye": [
		0.5209838151931763,
		0.3966676890850067,
		-0.19592390954494476,
		0.9998615384101868
	],
	"26. right_eye": [
		0.5118510127067566,
		0.3947017788887024,
		-0.21155881881713867,
		0.9999265074729919
	],
	"27. left_ear": [
		0.5177490711212158,
		0.40039926767349243,
		-0.08093400299549103,
		0.9994608759880066
	],
	"28. right_ear": [
		0.49848654866218567,
		0.39865031838417053,
		-0.15646855533123016,
		0.9999204874038696
	],
	"time stamp": 23
}