{
	"1. left_hip": [
		0.4456600844860077,
		0.6232476830482483,
		0.06838735938072205,
		0.998494565486908
	],
	"2. left_knee": [
		0.49229100346565247,
		0.7042050361633301,
		-0.010192562825977802,
		0.920657753944397
	],
	"3. left_ankle": [
		0.48879510164260864,
		0.8423538208007812,
		0.052612945437431335,
		0.9777677655220032
	],
	"6. right_hip": [
		0.4159504175186157,
		0.6118399500846863,
		-0.0684012621641159,
		0.9995942115783691
	],
	"7. right_knee": [
		0.3871517777442932,
		0.7532781958580017,
		-0.09387008845806122,
		0.9894152879714966
	],
	"8. right_ankle": [
		0.3291807174682617,
		0.8480501770973206,
		-0.024226585403084755,
		0.9946867227554321
	],
	"14. left_shoulder": [
		0.5075867176055908,
		0.48427391052246094,
		0.022079627960920334,
		0.9981598258018494
	],
	"15. left_elbow": [
		0.46267393231391907,
		0.5387020707130432,
		0.07019403576850891,
		0.1074376329779625
	],
	"16. left_wrist": [
		0.4471427798271179,
		0.5906442403793335,
		0.02072216011583805,
		0.14344865083694458
	],
	"19. right_shoulder": [
		0.47420352697372437,
		0.4595887064933777,
		-0.16012410819530487,
		0.9998854398727417
	],
	"20. right_elbow": [
		0.4239760935306549,
		0.47449636459350586,
		-0.14235791563987732,
		0.9805067181587219
	],
	"21. right_wrist": [
		0.406421959400177,
		0.5326293706893921,
		-0.11352108418941498,
		0.9050621390342712
	],
	"24. nose": [
		0.5187528729438782,
		0.4152977764606476,
		-0.2254631519317627,
		0.9999440312385559
	],
	"25. left_eye": [
		0.5209583640098572,
		0.4050776958465576,
		-0.2054426074028015,
		0.9998745918273926
	],
	"26. right_eye": [
		0.5108570456504822,
		0.4019254148006439,
		-0.21855953335762024,
		0.999933123588562
	],
	"27. left_ear": [
		0.5183511972427368,
		0.4113232493400574,
		-0.09869462996721268,
		0.9995127320289612
	],
	"28. right_ear": [
		0.49744823575019836,
		0.4056278169155121,
		-0.1574440896511078,
		0.9999279379844666
	],
	"time stamp": 23
}