{
	"1. left_hip": [
		0.4463866949081421,
		0.6225783228874207,
		0.06383160501718521,
		0.9985964298248291
	],
	"2. left_knee": [
		0.4928196966648102,
		0.7035173773765564,
		-0.05905646085739136,
		0.9277985692024231
	],
	"3. left_ankle": [
		0.4888095557689667,
		0.839937686920166,
		-0.02068997547030449,
		0.9795772433280945
	],
	"6. right_hip": [
		0.41756486892700195,
		0.6143511533737183,
		-0.0638217031955719,
		0.9996203780174255
	],
	"7. right_knee": [
		0.3862472474575043,
		0.7564510703086853,
		-0.0792180523276329,
		0.9903411865234375
	],
	"8. right_ankle": [
		0.33093923330307007,
		0.8499822616577148,
		-0.010995290242135525,
		0.9950748085975647
	],
	"14. left_shoulder": [
		0.5086764097213745,
		0.4856225848197937,
		0.028913700953125954,
		0.9982513785362244
	],
	"15. left_elbow": [
		0.46651947498321533,
		0.5495088696479797,
		0.07731536775827408,
		0.10206842422485352
	],
	"16. left_wrist": [
		0.45194190740585327,
		0.6059777736663818,
		0.02147001214325428,
		0.1356995403766632
	],
	"19. right_shoulder": [
		0.47386759519577026,
		0.46452370285987854,
		-0.14654241502285004,
		0.9998953342437744
	],
	"20. right_elbow": [
		0.421416312456131,
		0.4789440631866455,
		-0.1369626224040985,
		0.9817641973495483
	],
	"21. right_wrist": [
		0.40642356872558594,
		0.5410820245742798,
		-0.1189255639910698,
		0.9060850739479065
	],
	"24. nose": [
		0.5188968777656555,
		0.4194035828113556,
		-0.20867739617824554,
		0.9999483823776245
	],
	"25. left_eye": [
		0.5206654071807861,
		0.40703827142715454,
		-0.19336919486522675,
		0.9998854398727417
	],
	"26. right_eye": [
		0.5111145973205566,
		0.40610069036483765,
		-0.2023249864578247,
		0.9999380111694336
	],
	"27. left_ear": [
		0.5176963210105896,
		0.4130873680114746,
		-0.08827456831932068,
		0.9995579123497009
	],
	"28. right_ear": [
		0.49752774834632874,
		0.4106372892856598,
		-0.14349502325057983,
		0.9999340772628784
	],
	"time stamp": 23
}