{
	"1. left_hip": [
		0.4505850374698639,
		0.6225860714912415,
		0.05946308746933937,
		0.9987045526504517
	],
	"2. left_knee": [
		0.492916464805603,
		0.7039445638656616,
		-0.08899350464344025,
		0.9343441128730774
	],
	"3. left_ankle": [
		0.48884710669517517,
		0.8396121263504028,
		-0.03878048434853554,
		0.9811763167381287
	],
	"6. right_hip": [
		0.41938790678977966,
		0.6139724850654602,
		-0.059451036155223846,
		0.9996479749679565
	],
	"7. right_knee": [
		0.3864022195339203,
		0.759757399559021,
		-0.08233717828989029,
		0.9911699891090393
	],
	"8. right_ankle": [
		0.33045873045921326,
		0.8515269160270691,
		-0.012688236311078072,
		0.9954242706298828
	],
	"14. left_shoulder": [
		0.5118921995162964,
		0.49111443758010864,
		0.01461225189268589,
		0.9983623623847961
	],
	"15. left_elbow": [
		0.4718320369720459,
		0.5501967668533325,
		0.07613376528024673,
		0.09757857024669647
	],
	"16. left_wrist": [
		0.45503297448158264,
		0.618122935295105,
		0.03466108441352844,
		0.12819890677928925
	],
	"19. right_shoulder": [
		0.47299832105636597,
		0.46811503171920776,
		-0.1478552222251892,
		0.9999046921730042
	],
	"20. right_elbow": [
		0.41916027665138245,
		0.478981614112854,
		-0.1366962492465973,
		0.9830037355422974
	],
	"21. right_wrist": [
		0.4066604971885681,
		0.5465731024742126,
		-0.11725543439388275,
		0.9067635536193848
	],
	"24. nose": [
		0.518037736415863,
		0.41735199093818665,
		-0.22982053458690643,
		0.9999532699584961
	],
	"25. left_eye": [
		0.5205512046813965,
		0.4052046537399292,
		-0.21098127961158752,
		0.9998964667320251
	],
	"26. right_eye": [
		0.509726881980896,
		0.4040887653827667,
		-0.2210303246974945,
		0.9999438524246216
	],
	"27. left_ear": [
		0.5189652442932129,
		0.41277241706848145,
		-0.10592997074127197,
		0.9996011257171631
	],
	"28. right_ear": [
		0.49637311697006226,
		0.41005995869636536,
		-0.15088583528995514,
		0.9999404549598694
	],
	"time stamp": 23
}