{
	"1. left_hip": [
		0.4534275233745575,
		0.622123122215271,
		0.059488289058208466,
		0.9987932443618774
	],
	"2. left_knee": [
		0.49559396505355835,
		0.7038169503211975,
		-0.09297720342874527,
		0.9399052858352661
	],
	"3. left_ankle": [
		0.4889344871044159,
		0.8394060134887695,
		-0.047273050993680954,
		0.9825319051742554
	],
	"6. right_hip": [
		0.421857625246048,
		0.6142609119415283,
		-0.059479307383298874,
		0.9996693730354309
	],
	"7. right_knee": [
		0.3875347673892975,
		0.7587894201278687,
		-0.08918337523937225,
		0.9919180274009705
	],
	"8. right_ankle": [
		0.3305128216743469,
		0.8511009812355042,
		-0.043197762221097946,
		0.9957488179206848
	],
	"14. left_shoulder": [
		0.5146384239196777,
		0.4889499247074127,
		0.021575523540377617,
		0.9984559416770935
	],
	"15. left_elbow": [
		0.48120516538619995,
		0.5489180088043213,
		0.0849907323718071,
		0.09253115952014923
	],
	"16. left_wrist": [
		0.4625638425350189,
		0.6090461015701294,
		0.04343562573194504,
		0.12008773535490036
	],
	"19. right_shoulder": [
		0.47301986813545227,
		0.46758532524108887,
		-0.13988547027111053,
		0.999913215637207
	],
	"20. right_elbow": [
		0.4192926585674286,
		0.4846051037311554,
		-0.13422466814517975,
		0.9840243458747864
	],
	"21. right_wrist": [
		0.4082043170928955,
		0.5464548468589783,
		-0.11980076879262924,
		0.9071314930915833
	],
	"24. nose": [
		0.5174059271812439,
		0.41543832421302795,
		-0.22933833301067352,
		0.9999576210975647
	],
	"25. left_eye": [
		0.5200209617614746,
		0.40315625071525574,
		-0.20948556065559387,
		0.9999063611030579
	],
	"26. right_eye": [
		0.5088478922843933,
		0.404249906539917,
		-0.2188263237476349,
		0.9999490976333618
	],
	"27. left_ear": [
		0.5193656086921692,
		0.41124072670936584,
		-0.10188959538936615,
		0.9996397495269775
	],
	"28. right_ear": [
		0.4959527850151062,
		0.4112197458744049,
		-0.14204831421375275,
		0.9999461770057678
	],
	"time stamp": 23
}