{
	"1. left_hip": [
		0.46074897050857544,
		0.619681179523468,
		0.05290877819061279,
		0.9988737106323242
	],
	"2. left_knee": [
		0.4998425543308258,
		0.698586642742157,
		-0.13326945900917053,
		0.9451472759246826
	],
	"3. left_ankle": [
		0.488949179649353,
		0.8377809524536133,
		-0.08987210690975189,
		0.9837824702262878
	],
	"6. right_hip": [
		0.426669716835022,
		0.6127243638038635,
		-0.052886512130498886,
		0.9996862411499023
	],
	"7. right_knee": [
		0.39179056882858276,
		0.756862223148346,
		-0.09259051829576492,
		0.9925618171691895
	],
	"8. right_ankle": [
		0.3329201936721802,
		0.8498004674911499,
		-0.061902035027742386,
		0.9960042834281921
	],
	"14. left_shoulder": [
		0.5227052569389343,
		0.48355987668037415,
		0.009504224173724651,
		0.9985120296478271
	],
	"15. left_elbow": [
		0.4919515550136566,
		0.5540536046028137,
		0.08941055089235306,
		0.08985669165849686
	],
	"16. left_wrist": [
		0.47662976384162903,
		0.6044736504554749,
		0.06722661107778549,
		0.11277468502521515
	],
	"19. right_shoulder": [
		0.474932461977005,
		0.45959556102752686,
		-0.13890336453914642,
		0.9999201893806458
	],
	"20. right_elbow": [
		0.42265617847442627,
		0.48133009672164917,
		-0.12626786530017853,
		0.984758734703064
	],
	"21. right_wrist": [
		0.4140525758266449,
		0.5409529209136963,
		-0.11033056676387787,
		0.9045811295509338
	],
	"24. nose": [
		0.5177724361419678,
		0.4065414071083069,
		-0.24251067638397217,
		0.9999616146087646
	],
	"25. left_eye": [
		0.5211635231971741,
		0.39481955766677856,
		-0.22321094572544098,
		0.9999153017997742
	],
	"26. right_eye": [
		0.5087222456932068,
		0.3957821726799011,
		-0.23066188395023346,
		0.9999539256095886
	],
	"27. left_ear": [
		0.5227603316307068,
		0.4027584195137024,
		-0.11621011048555374,
		0.9996746778488159
	],
	"28. right_ear": [
		0.4972478449344635,
		0.4044862389564514,
		-0.14501194655895233,
		0.9999513030052185
	],
	"time stamp": 23
}