{
	"1. left_hip": [
		0.4690125584602356,
		0.6185459494590759,
		0.046772442758083344,
		0.9989588260650635
	],
	"2. left_knee": [
		0.5019047260284424,
		0.6987776160240173,
		-0.17295415699481964,
		0.9501708149909973
	],
	"3. left_ankle": [
		0.48896074295043945,
		0.8377257585525513,
		-0.12616536021232605,
		0.9850271344184875
	],
	"6. right_hip": [
		0.43367159366607666,
		0.6120098829269409,
		-0.046761296689510345,
		0.9997048377990723
	],
	"7. right_knee": [
		0.3946243226528168,
		0.7468633055686951,
		-0.09266601502895355,
		0.9931089878082275
	],
	"8. right_ankle": [
		0.33528512716293335,
		0.849223256111145,
		-0.053855326026678085,
		0.9962342977523804
	],
	"14. left_shoulder": [
		0.5293123722076416,
		0.47833526134490967,
		-0.0051231542602181435,
		0.9985729455947876
	],
	"15. left_elbow": [
		0.5020668506622314,
		0.5530217289924622,
		0.09191367030143738,
		0.09093914926052094
	],
	"16. left_wrist": [
		0.48139843344688416,
		0.5986031293869019,
		0.10669006407260895,
		0.10800988227128983
	],
	"19. right_shoulder": [
		0.4760219156742096,
		0.4550674557685852,
		-0.13914629817008972,
		0.9999266862869263
	],
	"20. right_elbow": [
		0.4241543114185333,
		0.48000186681747437,
		-0.12854260206222534,
		0.9852511882781982
	],
	"21. right_wrist": [
		0.42007318139076233,
		0.5362879037857056,
		-0.13534234464168549,
		0.903607964515686
	],
	"24. nose": [
		0.5198851823806763,
		0.40433913469314575,
		-0.24620336294174194,
		0.9999653100967407
	],
	"25. left_eye": [
		0.5234879851341248,
		0.393264502286911,
		-0.2277127355337143,
		0.9999234676361084
	],
	"26. right_eye": [
		0.5103053450584412,
		0.3927140533924103,
		-0.23498931527137756,
		0.9999583959579468
	],
	"27. left_ear": [
		0.5256525874137878,
		0.40020552277565,
		-0.12413734942674637,
		0.999706506729126
	],
	"28. right_ear": [
		0.4994477927684784,
		0.39875760674476624,
		-0.15305504202842712,
		0.9999560117721558
	],
	"time stamp": 23
}