{
	"1. left_hip": [
		0.47613751888275146,
		0.6178369522094727,
		0.043192554265260696,
		0.9990221261978149
	],
	"2. left_knee": [
		0.5050973892211914,
		0.698969841003418,
		-0.17538121342658997,
		0.9547346830368042
	],
	"3. left_ankle": [
		0.48915573954582214,
		0.8377103209495544,
		-0.1429000049829483,
		0.9860919117927551
	],
	"6. right_hip": [
		0.4390597939491272,
		0.6087550520896912,
		-0.043150510638952255,
		0.9997115135192871
	],
	"7. right_knee": [
		0.39475661516189575,
		0.7350810766220093,
		-0.08966514468193054,
		0.9935802817344666
	],
	"8. right_ankle": [
		0.3395174443721771,
		0.8431845903396606,
		-0.051007822155952454,
		0.9963518381118774
	],
	"14. left_shoulder": [
		0.5338782668113708,
		0.47532495856285095,
		0.00637761689722538,
		0.9986791014671326
	],
	"15. left_elbow": [
		0.5070403218269348,
		0.5471440553665161,
		0.018831994384527206,
		0.11300834268331528
	],
	"16. left_wrist": [
		0.47926273941993713,
		0.5648235082626343,
		-0.09366175532341003,
		0.11813467741012573
	],
	"19. right_shoulder": [
		0.47845473885536194,
		0.4478706419467926,
		-0.087407186627388,
		0.9999313354492188
	],
	"20. right_elbow": [
		0.4364677369594574,
		0.4804989993572235,
		-0.12027405947446823,
		0.9825187921524048
	],
	"21. right_wrist": [
		0.4303326904773712,
		0.5331441760063171,
		-0.17252205312252045,
		0.8903166651725769
	],
	"24. nose": [
		0.5217667818069458,
		0.3918493986129761,
		-0.1736760437488556,
		0.9999678730964661
	],
	"25. left_eye": [
		0.5256639122962952,
		0.3822842538356781,
		-0.15785492956638336,
		0.9999297857284546
	],
	"26. right_eye": [
		0.5125436782836914,
		0.3830682039260864,
		-0.16338825225830078,
		0.9999610185623169
	],
	"27. left_ear": [
		0.5284150838851929,
		0.38992029428482056,
		-0.06789246201515198,
		0.9997338652610779
	],
	"28. right_ear": [
		0.5017008781433105,
		0.3928169310092926,
		-0.09013032913208008,
		0.9999584555625916
	],
	"time stamp": 23
}