{
	"1. left_hip": [
		0.4832698404788971,
		0.617591917514801,
		0.03400546684861183,
		0.9990787506103516
	],
	"2. left_knee": [
		0.5089525580406189,
		0.7027758359909058,
		-0.16357381641864777,
		0.9587916135787964
	],
	"3. left_ankle": [
		0.49067452549934387,
		0.8377577066421509,
		-0.07993029057979584,
		0.9871043562889099
	],
	"6. right_hip": [
		0.4454735815525055,
		0.6032363176345825,
		-0.03401101380586624,
		0.9997138977050781
	],
	"7. right_knee": [
		0.4077751636505127,
		0.729154646396637,
		-0.07469054311513901,
		0.9940013885498047
	],
	"8. right_ankle": [
		0.3572549521923065,
		0.8308398723602295,
		0.013948339968919754,
		0.9964540600776672
	],
	"14. left_shoulder": [
		0.538190484046936,
		0.4752129912376404,
		-0.0348733551800251,
		0.998773992061615
	],
	"15. left_elbow": [
		0.5138789415359497,
		0.5471369624137878,
		-0.07140788435935974,
		0.15478813648223877
	],
	"16. left_wrist": [
		0.5050278306007385,
		0.5307422876358032,
		-0.22197368741035461,
		0.14169417321681976
	],
	"19. right_shoulder": [
		0.47915947437286377,
		0.4413043260574341,
		-0.10172464698553085,
		0.9999350905418396
	],
	"20. right_elbow": [
		0.437370240688324,
		0.47872060537338257,
		-0.12818215787410736,
		0.9819247722625732
	],
	"21. right_wrist": [
		0.43627849221229553,
		0.5334264636039734,
		-0.21670760214328766,
		0.8804001212120056
	],
	"24. nose": [
		0.5231075882911682,
		0.3809022605419159,
		-0.21617208421230316,
		0.9999686479568481
	],
	"25. left_eye": [
		0.5271040201187134,
		0.3705296516418457,
		-0.20441551506519318,
		0.9999325275421143
	],
	"26. right_eye": [
		0.5136913657188416,
		0.37333640456199646,
		-0.20274774730205536,
		0.9999597668647766
	],
	"27. left_ear": [
		0.5303115248680115,
		0.3783637285232544,
		-0.11669567972421646,
		0.9997538924217224
	],
	"28. right_ear": [
		0.5026642084121704,
		0.3845311105251312,
		-0.11287382990121841,
		0.9999564290046692
	],
	"time stamp": 23
}