{
	"1. left_hip": [
		0.49433499574661255,
		0.6091095209121704,
		0.018443703651428223,
		0.999102771282196
	],
	"2. left_knee": [
		0.5118616223335266,
		0.7151898145675659,
		-0.1264059692621231,
		0.96222323179245
	],
	"3. left_ankle": [
		0.4910125136375427,
		0.8377900719642639,
		0.0024168817326426506,
		0.987582266330719
	],
	"6. right_hip": [
		0.4547082781791687,
		0.5915191173553467,
		-0.018428415060043335,
		0.9996576905250549
	],
	"7. right_knee": [
		0.43043282628059387,
		0.7271391749382019,
		-0.014791266992688179,
		0.9934477210044861
	],
	"8. right_ankle": [
		0.4011627733707428,
		0.8240078687667847,
		0.15635496377944946,
		0.9954701662063599
	],
	"14. left_shoulder": [
		0.5438892245292664,
		0.464595764875412,
		-0.06494805216789246,
		0.9987793564796448
	],
	"15. left_elbow": [
		0.5270178318023682,
		0.5451946258544922,
		-0.039366740733385086,
		0.18213911354541779
	],
	"16. left_wrist": [
		0.5083068013191223,
		0.5812884569168091,
		-0.11177141219377518,
		0.14050431549549103
	],
	"19. right_shoulder": [
		0.4839741587638855,
		0.42175471782684326,
		-0.10461132228374481,
		0.9998577237129211
	],
	"20. right_elbow": [
		0.4516299366950989,
		0.4776882529258728,
		-0.11725117266178131,
		0.9532185792922974
	],
	"21. right_wrist": [
		0.45431432127952576,
		0.5332552790641785,
		-0.18640649318695068,
		0.8225492238998413
	],
	"24. nose": [
		0.5235670208930969,
		0.3644806444644928,
		-0.2297941893339157,
		0.9999127984046936
	],
	"25. left_eye": [
		0.5272405743598938,
		0.35405367612838745,
		-0.2189948558807373,
		0.9998043179512024
	],
	"26. right_eye": [
		0.5142785310745239,
		0.35648584365844727,
		-0.21651746332645416,
		0.9997548460960388
	],
	"27. left_ear": [
		0.5314037203788757,
		0.3620794117450714,
		-0.13918323814868927,
		0.9995624423027039
	],
	"28. right_ear": [
		0.5042976140975952,
		0.3675684630870819,
		-0.119853675365448,
		0.99940425157547
	],
	"time stamp": 23
}