{
	"1. left_hip": [
		0.5011617541313171,
		0.6036962270736694,
		0.018674619495868683,
		0.999161422252655
	],
	"2. left_knee": [
		0.5134647488594055,
		0.7241954207420349,
		-0.12369885295629501,
		0.9649653434753418
	],
	"3. left_ankle": [
		0.4917290508747101,
		0.8378466367721558,
		-0.0023543578572571278,
		0.9876510500907898
	],
	"6. right_hip": [
		0.4624861776828766,
		0.5870525240898132,
		-0.018648866564035416,
		0.9996352195739746
	],
	"7. right_knee": [
		0.44527727365493774,
		0.7235997319221497,
		-0.02890690229833126,
		0.9930198192596436
	],
	"8. right_ankle": [
		0.43008556962013245,
		0.8152332901954651,
		0.1498064547777176,
		0.9930492639541626
	],
	"14. left_shoulder": [
		0.5468384623527527,
		0.4540168344974518,
		-0.05487598478794098,
		0.9988721013069153
	],
	"15. left_elbow": [
		0.5318841338157654,
		0.5418355464935303,
		0.001019467948935926,
		0.21673056483268738
	],
	"16. left_wrist": [
		0.516292154788971,
		0.587272047996521,
		-0.08436556905508041,
		0.13961252570152283
	],
	"19. right_shoulder": [
		0.4857802987098694,
		0.4144923686981201,
		-0.09395496547222137,
		0.9998500943183899
	],
	"20. right_elbow": [
		0.4574257731437683,
		0.47833481431007385,
		-0.027396561577916145,
		0.9258292317390442
	],
	"21. right_wrist": [
		0.4613019824028015,
		0.5426779985427856,
		0.003928348887711763,
		0.7606342434883118
	],
	"24. nose": [
		0.5233545899391174,
		0.3590335547924042,
		-0.22659121453762054,
		0.999911367893219
	],
	"25. left_eye": [
		0.5273903608322144,
		0.34748807549476624,
		-0.21447424590587616,
		0.9998044371604919
	],
	"26. right_eye": [
		0.5143156051635742,
		0.35053184628486633,
		-0.21497434377670288,
		0.9997470378875732
	],
	"27. left_ear": [
		0.5322754979133606,
		0.3548441529273987,
		-0.136258065700531,
		0.9995709657669067
	],
	"28. right_ear": [
		0.5051224231719971,
		0.3609168231487274,
		-0.12590572237968445,
		0.9994083046913147
	],
	"time stamp": 23
}