{
	"1. left_hip": [
		0.5081665515899658,
		0.6001561284065247,
		0.010265618562698364,
		0.9992212653160095
	],
	"2. left_knee": [
		0.5151277184486389,
		0.7283421158790588,
		-0.11784600466489792,
		0.9675481915473938
	],
	"3. left_ankle": [
		0.4935908317565918,
		0.8386361598968506,
		0.017898865044116974,
		0.9876633882522583
	],
	"6. right_hip": [
		0.4688401222229004,
		0.5851855874061584,
		-0.010287586599588394,
		0.9996201395988464
	],
	"7. right_knee": [
		0.4573162794113159,
		0.7227974534034729,
		-0.003328555030748248,
		0.9922010898590088
	],
	"8. right_ankle": [
		0.46338969469070435,
		0.811076283454895,
		0.2184087187051773,
		0.9879965782165527
	],
	"14. left_shoulder": [
		0.5500820279121399,
		0.44724392890930176,
		-0.08915438503026962,
		0.9989136457443237
	],
	"15. left_elbow": [
		0.5412483215332031,
		0.5338562726974487,
		-0.01767927035689354,
		0.24362780153751373
	],
	"16. left_wrist": [
		0.5249043107032776,
		0.5857519507408142,
		-0.058219440281391144,
		0.13305199146270752
	],
	"19. right_shoulder": [
		0.4856451153755188,
		0.4098445475101471,
		-0.09937825053930283,
		0.9998156428337097
	],
	"20. right_elbow": [
		0.4566318392753601,
		0.4781866669654846,
		-0.02430085651576519,
		0.9115203022956848
	],
	"21. right_wrist": [
		0.46742746233940125,
		0.5460065007209778,
		0.011689276434481144,
		0.7074809074401855
	],
	"24. nose": [
		0.5233661532402039,
		0.35055530071258545,
		-0.23973166942596436,
		0.999886691570282
	],
	"25. left_eye": [
		0.5276281237602234,
		0.3392742872238159,
		-0.23283308744430542,
		0.9997671842575073
	],
	"26. right_eye": [
		0.5147649645805359,
		0.34162408113479614,
		-0.22835461795330048,
		0.999691367149353
	],
	"27. left_ear": [
		0.5331249237060547,
		0.34715554118156433,
		-0.16830529272556305,
		0.9995050430297852
	],
	"28. right_ear": [
		0.5064198970794678,
		0.3524906039237976,
		-0.14353697001934052,
		0.9993581175804138
	],
	"time stamp": 23
}