{
	"1. left_hip": [
		0.5136563777923584,
		0.5990520119667053,
		0.013627534732222557,
		0.9992626905441284
	],
	"2. left_knee": [
		0.5160303711891174,
		0.7389765381813049,
		-0.03255533054471016,
		0.965075671672821
	],
	"3. left_ankle": [
		0.4921112060546875,
		0.8473709225654602,
		0.09728456288576126,
		0.983820378780365
	],
	"6. right_hip": [
		0.47424089908599854,
		0.5861435532569885,
		-0.013617712073028088,
		0.9995700716972351
	],
	"7. right_knee": [
		0.46570706367492676,
		0.7230158448219299,
		-0.01599741540849209,
		0.9881270527839661
	],
	"8. right_ankle": [
		0.493421733379364,
		0.7954503297805786,
		0.25193503499031067,
		0.9430221319198608
	],
	"14. left_shoulder": [
		0.5524930357933044,
		0.43784281611442566,
		-0.10088580846786499,
		0.9989316463470459
	],
	"15. left_elbow": [
		0.546761155128479,
		0.528634786605835,
		-0.05569278076291084,
		0.2712642252445221
	],
	"16. left_wrist": [
		0.5319237112998962,
		0.586071252822876,
		-0.1151052787899971,
		0.13523544371128082
	],
	"19. right_shoulder": [
		0.4863322973251343,
		0.40910911560058594,
		-0.1348937600851059,
		0.9997188448905945
	],
	"20. right_elbow": [
		0.46514853835105896,
		0.480244904756546,
		-0.07074570655822754,
		0.8950978517532349
	],
	"21. right_wrist": [
		0.4743262231349945,
		0.5485411882400513,
		-0.10115855932235718,
		0.6604437232017517
	],
	"24. nose": [
		0.523413360118866,
		0.34291931986808777,
		-0.2739834189414978,
		0.9998359680175781
	],
	"25. left_eye": [
		0.5278449654579163,
		0.3324024975299835,
		-0.2641923129558563,
		0.9996803998947144
	],
	"26. right_eye": [
		0.5150676369667053,
		0.33427491784095764,
		-0.26348501443862915,
		0.9995629787445068
	],
	"27. left_ear": [
		0.5334855914115906,
		0.34008118510246277,
		-0.18363481760025024,
		0.9992830157279968
	],
	"28. right_ear": [
		0.5071747303009033,
		0.34433069825172424,
		-0.17860814929008484,
		0.9991919994354248
	],
	"time stamp": 23
}