{
	"1. left_hip": [
		0.5231224894523621,
		0.5987665057182312,
		0.012719952501356602,
		0.999254584312439
	],
	"2. left_knee": [
		0.5219688415527344,
		0.7358836531639099,
		-0.0597841739654541,
		0.9569573402404785
	],
	"3. left_ankle": [
		0.4955367147922516,
		0.846602737903595,
		0.056307606399059296,
		0.9752497673034668
	],
	"6. right_hip": [
		0.48400408029556274,
		0.5871676802635193,
		-0.012660098262131214,
		0.999376654624939
	],
	"7. right_knee": [
		0.49686673283576965,
		0.7242347002029419,
		0.022862037643790245,
		0.9747207760810852
	],
	"8. right_ankle": [
		0.5108065605163574,
		0.8003243207931519,
		0.2711121439933777,
		0.903933584690094
	],
	"14. left_shoulder": [
		0.5553527474403381,
		0.4278722405433655,
		-0.100371815264225,
		0.9986518621444702
	],
	"15. left_elbow": [
		0.5577483773231506,
		0.5149256587028503,
		-0.061153143644332886,
		0.29781270027160645
	],
	"16. left_wrist": [
		0.5403892397880554,
		0.5630727410316467,
		-0.11547988653182983,
		0.1354983001947403
	],
	"19. right_shoulder": [
		0.485836386680603,
		0.4090166687965393,
		-0.13403114676475525,
		0.999222993850708
	],
	"20. right_elbow": [
		0.4697157144546509,
		0.483395516872406,
		-0.11850792169570923,
		0.887257993221283
	],
	"21. right_wrist": [
		0.4867275059223175,
		0.5209000706672668,
		-0.1799384355545044,
		0.6393408179283142
	],
	"24. nose": [
		0.5231654047966003,
		0.3381953835487366,
		-0.2795015871524811,
		0.9995964765548706
	],
	"25. left_eye": [
		0.5281105637550354,
		0.32728493213653564,
		-0.26770541071891785,
		0.9992215037345886
	],
	"26. right_eye": [
		0.5149914026260376,
		0.32680076360702515,
		-0.2665956914424896,
		0.9989549517631531
	],
	"27. left_ear": [
		0.5347316265106201,
		0.3356877267360687,
		-0.18179385364055634,
		0.9981797337532043
	],
	"28. right_ear": [
		0.5073506236076355,
		0.3354727327823639,
		-0.17456842958927155,
		0.9978707432746887
	],
	"time stamp": 23
}