{
	"1. left_hip": [
		0.5299941301345825,
		0.5976523756980896,
		-0.0043562715873122215,
		0.999264121055603
	],
	"2. left_knee": [
		0.5252111554145813,
		0.7342723608016968,
		-0.0724729597568512,
		0.9552833437919617
	],
	"3. left_ankle": [
		0.4971469044685364,
		0.8450441956520081,
		0.037137698382139206,
		0.9735662341117859
	],
	"6. right_hip": [
		0.49072086811065674,
		0.587496280670166,
		0.0044196974486112595,
		0.9992122054100037
	],
	"7. right_knee": [
		0.5065514445304871,
		0.7249274253845215,
		0.033209897577762604,
		0.9675748348236084
	],
	"8. right_ankle": [
		0.5304453372955322,
		0.8056381940841675,
		0.26633185148239136,
		0.8830309510231018
	],
	"14. left_shoulder": [
		0.5567626357078552,
		0.4238058626651764,
		-0.10733221471309662,
		0.9987068176269531
	],
	"15. left_elbow": [
		0.5621107816696167,
		0.5138047337532043,
		-0.1554342359304428,
		0.33515986800193787
	],
	"16. left_wrist": [
		0.5466631054878235,
		0.5474443435668945,
		-0.29277440905570984,
		0.15071801841259003
	],
	"19. right_shoulder": [
		0.4861155152320862,
		0.4082823395729065,
		-0.09028525650501251,
		0.9990030527114868
	],
	"20. right_elbow": [
		0.4733404815196991,
		0.4854103624820709,
		-0.12775400280952454,
		0.8704591989517212
	],
	"21. right_wrist": [
		0.4829867482185364,
		0.5052937269210815,
		-0.2703964114189148,
		0.6205347180366516
	],
	"24. nose": [
		0.5222640633583069,
		0.33687493205070496,
		-0.2634080946445465,
		0.9995973706245422
	],
	"25. left_eye": [
		0.5278001427650452,
		0.3253028988838196,
		-0.2515803277492523,
		0.9992538094520569
	],
	"26. right_eye": [
		0.5148203372955322,
		0.3253050446510315,
		-0.24883341789245605,
		0.9989550113677979
	],
	"27. left_ear": [
		0.5348012447357178,
		0.33355414867401123,
		-0.16684120893478394,
		0.9982720017433167
	],
	"28. right_ear": [
		0.5073217153549194,
		0.3337254524230957,
		-0.14514657855033875,
		0.9978076815605164
	],
	"time stamp": 23
}