{
	"1. left_hip": [
		0.5362764000892639,
		0.5958876609802246,
		0.006454913876950741,
		0.9992697238922119
	],
	"2. left_knee": [
		0.5363883972167969,
		0.7323273420333862,
		-0.0760311558842659,
		0.9550390839576721
	],
	"3. left_ankle": [
		0.5035749077796936,
		0.837799608707428,
		0.03292614221572876,
		0.9714667797088623
	],
	"6. right_hip": [
		0.49720990657806396,
		0.5887279510498047,
		-0.006356626749038696,
		0.9991089701652527
	],
	"7. right_knee": [
		0.5172752141952515,
		0.7250949144363403,
		0.0044072773307561874,
		0.964577853679657
	],
	"8. right_ankle": [
		0.5334361791610718,
		0.8088243007659912,
		0.2048218697309494,
		0.8775119781494141
	],
	"14. left_shoulder": [
		0.5555791258811951,
		0.4169982075691223,
		-0.08076997101306915,
		0.9987592697143555
	],
	"15. left_elbow": [
		0.5722848176956177,
		0.4908510744571686,
		-0.09369462728500366,
		0.38080865144729614
	],
	"16. left_wrist": [
		0.5706641674041748,
		0.5313663482666016,
		-0.22211185097694397,
		0.18010354042053223
	],
	"19. right_shoulder": [
		0.4858410060405731,
		0.40776315331459045,
		-0.0833066999912262,
		0.9987426400184631
	],
	"20. right_elbow": [
		0.47639819979667664,
		0.4818291962146759,
		-0.10580974817276001,
		0.8630797266960144
	],
	"21. right_wrist": [
		0.4917638897895813,
		0.5122095346450806,
		-0.19743220508098602,
		0.5993506908416748
	],
	"24. nose": [
		0.5221940875053406,
		0.33835843205451965,
		-0.2479741871356964,
		0.9995094537734985
	],
	"25. left_eye": [
		0.5279889106750488,
		0.3262902498245239,
		-0.2354079633951187,
		0.9990987181663513
	],
	"26. right_eye": [
		0.5149408578872681,
		0.326259970664978,
		-0.23164552450180054,
		0.9986501932144165
	],
	"27. left_ear": [
		0.5346946716308594,
		0.33280500769615173,
		-0.14520049095153809,
		0.998108446598053
	],
	"28. right_ear": [
		0.5076330900192261,
		0.33282753825187683,
		-0.12991538643836975,
		0.9972540736198425
	],
	"time stamp": 23
}