{
	"1. left_hip": [
		0.5418378114700317,
		0.5934991836547852,
		0.0031054585706442595,
		0.9993262887001038
	],
	"2. left_knee": [
		0.5465148091316223,
		0.7321556210517883,
		-0.14528365433216095,
		0.9584978222846985
	],
	"3. left_ankle": [
		0.5164700746536255,
		0.8291530013084412,
		-0.0010693586664274335,
		0.9720879197120667
	],
	"6. right_hip": [
		0.5034432411193848,
		0.5899577736854553,
		-0.0029362300410866737,
		0.999123215675354
	],
	"7. right_knee": [
		0.5237542986869812,
		0.7252852320671082,
		0.017147989943623543,
		0.9645530581474304
	],
	"8. right_ankle": [
		0.5400208234786987,
		0.8130675554275513,
		0.2606425881385803,
		0.8788334131240845
	],
	"14. left_shoulder": [
		0.5560281276702881,
		0.4131799340248108,
		-0.09242060035467148,
		0.9988793134689331
	],
	"15. left_elbow": [
		0.5741643309593201,
		0.481373131275177,
		-0.06933276355266571,
		0.43834441900253296
	],
	"16. left_wrist": [
		0.5792154669761658,
		0.5256391167640686,
		-0.15764571726322174,
		0.2480972409248352
	],
	"19. right_shoulder": [
		0.48560404777526855,
		0.40864208340644836,
		-0.09219226986169815,
		0.9987459778785706
	],
	"20. right_elbow": [
		0.4779279828071594,
		0.48367762565612793,
		-0.03427546098828316,
		0.8538394570350647
	],
	"21. right_wrist": [
		0.4937939941883087,
		0.5412015318870544,
		-0.044497620314359665,
		0.5816603302955627
	],
	"24. nose": [
		0.522135853767395,
		0.33918696641921997,
		-0.2745746672153473,
		0.999553918838501
	],
	"25. left_eye": [
		0.5284668803215027,
		0.32684725522994995,
		-0.2605089247226715,
		0.9991805553436279
	],
	"26. right_eye": [
		0.5151340365409851,
		0.3259667158126831,
		-0.2597596049308777,
		0.9987668991088867
	],
	"27. left_ear": [
		0.535423994064331,
		0.3339097201824188,
		-0.16484780609607697,
		0.9982878565788269
	],
	"28. right_ear": [
		0.5079039931297302,
		0.33138757944107056,
		-0.15990754961967468,
		0.9975016117095947
	],
	"time stamp": 23
}