{
	"1. left_hip": [
		0.5467702746391296,
		0.5887086391448975,
		-0.00784101989120245,
		0.9993513822555542
	],
	"2. left_knee": [
		0.559819757938385,
		0.7170060276985168,
		-0.06453590840101242,
		0.9614356756210327
	],
	"3. left_ankle": [
		0.5463719367980957,
		0.8147928714752197,
		0.13141316175460815,
		0.9719688892364502
	],
	"6. right_hip": [
		0.5083245635032654,
		0.5900896787643433,
		0.007877967320382595,
		0.999118447303772
	],
	"7. right_knee": [
		0.5213800072669983,
		0.7217869162559509,
		0.015542536042630672,
		0.9660406112670898
	],
	"8. right_ankle": [
		0.5405309796333313,
		0.8152845501899719,
		0.2304897904396057,
		0.8886163830757141
	],
	"14. left_shoulder": [
		0.5565257668495178,
		0.40128690004348755,
		-0.07459565997123718,
		0.9989805221557617
	],
	"15. left_elbow": [
		0.5846949219703674,
		0.45091044902801514,
		0.054311543703079224,
		0.4872443675994873
	],
	"16. left_wrist": [
		0.6025396585464478,
		0.47065988183021545,
		0.10494613647460938,
		0.2970704436302185
	],
	"19. right_shoulder": [
		0.4881111979484558,
		0.4010351002216339,
		-0.06457560509443283,
		0.998745858669281
	],
	"20. right_elbow": [
		0.49055275321006775,
		0.48396313190460205,
		-0.0026615166570991278,
		0.806155800819397
	],
	"21. right_wrist": [
		0.5009127259254456,
		0.5518280267715454,
		-0.015091495588421822,
		0.5465769171714783
	],
	"24. nose": [
		0.5219892859458923,
		0.3348270058631897,
		-0.23519468307495117,
		0.9995959401130676
	],
	"25. left_eye": [
		0.5288342833518982,
		0.323854923248291,
		-0.2222452461719513,
		0.9992504119873047
	],
	"26. right_eye": [
		0.5156551003456116,
		0.3201201856136322,
		-0.2229558527469635,
		0.9988755583763123
	],
	"27. left_ear": [
		0.5362316370010376,
		0.3311123549938202,
		-0.13559073209762573,
		0.9984472990036011
	],
	"28. right_ear": [
		0.510195255279541,
		0.3244774639606476,
		-0.13708236813545227,
		0.9977221488952637
	],
	"time stamp": 23
}