{
	"1. left_hip": [
		0.549728274345398,
		0.5832371115684509,
		-0.010020219720900059,
		0.9994045495986938
	],
	"2. left_knee": [
		0.5661273002624512,
		0.7105453610420227,
		-0.04193797707557678,
		0.9650180339813232
	],
	"3. left_ankle": [
		0.5648211240768433,
		0.81622713804245,
		0.14424648880958557,
		0.9740872979164124
	],
	"6. right_hip": [
		0.511782169342041,
		0.5876435041427612,
		0.009932093322277069,
		0.9991875886917114
	],
	"7. right_knee": [
		0.5232868194580078,
		0.7165263891220093,
		0.030891841277480125,
		0.9687630534172058
	],
	"8. right_ankle": [
		0.5422953963279724,
		0.8155885338783264,
		0.24531318247318268,
		0.8991619348526001
	],
	"14. left_shoulder": [
		0.557135820388794,
		0.3900357484817505,
		-0.06444884836673737,
		0.9990759491920471
	],
	"15. left_elbow": [
		0.5815777778625488,
		0.4281005561351776,
		0.09701601415872574,
		0.5326430797576904
	],
	"16. left_wrist": [
		0.6067835688591003,
		0.4264228940010071,
		0.2203550934791565,
		0.34994056820869446
	],
	"19. right_shoulder": [
		0.4912186563014984,
		0.3936605751514435,
		-0.04883735999464989,
		0.9987982511520386
	],
	"20. right_elbow": [
		0.4980909824371338,
		0.4784025549888611,
		0.04285730794072151,
		0.7687832117080688
	],
	"21. right_wrist": [
		0.503789484500885,
		0.548038899898529,
		0.08446011692285538,
		0.525080680847168
	],
	"24. nose": [
		0.5223721265792847,
		0.32416394352912903,
		-0.22821183502674103,
		0.999636173248291
	],
	"25. left_eye": [
		0.5310842990875244,
		0.3147813081741333,
		-0.21409866213798523,
		0.99932461977005
	],
	"26. right_eye": [
		0.5167361497879028,
		0.3103456199169159,
		-0.21275876462459564,
		0.998987078666687
	],
	"27. left_ear": [
		0.5382297039031982,
		0.3229980766773224,
		-0.12888330221176147,
		0.9986016154289246
	],
	"28. right_ear": [
		0.5121549367904663,
		0.3165186643600464,
		-0.12104617059230804,
		0.9979482293128967
	],
	"time stamp": 23
}