{
	"1. left_hip": [
		0.5545510649681091,
		0.5766191482543945,
		-0.02195306494832039,
		0.9994502067565918
	],
	"2. left_knee": [
		0.5679740905761719,
		0.709511399269104,
		-0.04658614099025726,
		0.968313992023468
	],
	"3. left_ankle": [
		0.5847038626670837,
		0.8198416233062744,
		0.09263525158166885,
		0.9764037728309631
	],
	"6. right_hip": [
		0.517112672328949,
		0.5809193253517151,
		0.021865492686629295,
		0.9992468953132629
	],
	"7. right_knee": [
		0.5267214775085449,
		0.7120039463043213,
		0.0760076567530632,
		0.9712302684783936
	],
	"8. right_ankle": [
		0.5431361198425293,
		0.8172487020492554,
		0.2676111161708832,
		0.908702552318573
	],
	"14. left_shoulder": [
		0.5597150921821594,
		0.37769371271133423,
		-0.07630564272403717,
		0.9991548657417297
	],
	"15. left_elbow": [
		0.5850401520729065,
		0.4193509817123413,
		0.04735087603330612,
		0.5655495524406433
	],
	"16. left_wrist": [
		0.6011428833007812,
		0.4033750295639038,
		0.14434108138084412,
		0.3697707951068878
	],
	"19. right_shoulder": [
		0.49698740243911743,
		0.38318395614624023,
		-0.041668158024549484,
		0.9988929629325867
	],
	"20. right_elbow": [
		0.4990972876548767,
		0.4671618640422821,
		0.034864239394664764,
		0.7501747608184814
	],
	"21. right_wrist": [
		0.506878137588501,
		0.5374589562416077,
		0.050018537789583206,
		0.5213630199432373
	],
	"24. nose": [
		0.5237846970558167,
		0.31207549571990967,
		-0.23263199627399445,
		0.9996722936630249
	],
	"25. left_eye": [
		0.5332710146903992,
		0.30114448070526123,
		-0.2191786915063858,
		0.9993907809257507
	],
	"26. right_eye": [
		0.5187118053436279,
		0.29908478260040283,
		-0.21718710660934448,
		0.9990870356559753
	],
	"27. left_ear": [
		0.5409971475601196,
		0.3096162676811218,
		-0.1312676966190338,
		0.9987396001815796
	],
	"28. right_ear": [
		0.5147467255592346,
		0.30578336119651794,
		-0.11952586472034454,
		0.9981513023376465
	],
	"time stamp": 23
}