{
	"1. left_hip": [
		0.5601369738578796,
		0.569581925868988,
		-0.03270140662789345,
		0.9994987845420837
	],
	"2. left_knee": [
		0.5733477473258972,
		0.7084869742393494,
		-0.027162710204720497,
		0.9713045358657837
	],
	"3. left_ankle": [
		0.5963525176048279,
		0.8158473372459412,
		0.12852583825588226,
		0.978550374507904
	],
	"6. right_hip": [
		0.5223047137260437,
		0.5737664699554443,
		0.03272372856736183,
		0.9993039965629578
	],
	"7. right_knee": [
		0.5269100069999695,
		0.7089359760284424,
		0.07058236002922058,
		0.973722517490387
	],
	"8. right_ankle": [
		0.5441949367523193,
		0.8173308372497559,
		0.24949823319911957,
		0.9175055027008057
	],
	"14. left_shoulder": [
		0.5626407265663147,
		0.36873042583465576,
		-0.07415110617876053,
		0.9992384314537048
	],
	"15. left_elbow": [
		0.5952994227409363,
		0.42303696274757385,
		-0.20284494757652283,
		0.6084295511245728
	],
	"16. left_wrist": [
		0.5982848405838013,
		0.36193135380744934,
		-0.38497161865234375,
		0.43143439292907715
	],
	"19. right_shoulder": [
		0.5019311904907227,
		0.3763349652290344,
		0.008617356419563293,
		0.998980700969696
	],
	"20. right_elbow": [
		0.5043290257453918,
		0.4572158753871918,
		0.056097500026226044,
		0.7169417142868042
	],
	"21. right_wrist": [
		0.5071946978569031,
		0.5259698629379272,
		0.01714732125401497,
		0.5150194764137268
	],
	"24. nose": [
		0.5260044932365417,
		0.3002397418022156,
		-0.19055210053920746,
		0.9997038841247559
	],
	"25. left_eye": [
		0.5355947017669678,
		0.288847953081131,
		-0.1779772788286209,
		0.9994497299194336
	],
	"26. right_eye": [
		0.5213255286216736,
		0.2878992557525635,
		-0.17402952909469604,
		0.999172568321228
	],
	"27. left_ear": [
		0.5438520908355713,
		0.29803580045700073,
		-0.09555087983608246,
		0.9988635778427124
	],
	"28. right_ear": [
		0.517809271812439,
		0.295456200838089,
		-0.07590701431035995,
		0.9983296990394592
	],
	"time stamp": 23
}