{
	"1. left_hip": [
		0.5707026124000549,
		0.5608730912208557,
		-0.045641250908374786,
		0.9995455145835876
	],
	"2. left_knee": [
		0.5804219841957092,
		0.7058938145637512,
		-0.04761671647429466,
		0.9741168022155762
	],
	"3. left_ankle": [
		0.6097900867462158,
		0.8221297264099121,
		0.027007145807147026,
		0.9806438088417053
	],
	"6. right_hip": [
		0.533827006816864,
		0.5645209550857544,
		0.04564666002988815,
		0.9993537664413452
	],
	"7. right_knee": [
		0.5217921733856201,
		0.6997796893119812,
		0.10376227647066116,
		0.9759607315063477
	],
	"8. right_ankle": [
		0.5451679229736328,
		0.8034428358078003,
		0.2791299521923065,
		0.9253194332122803
	],
	"14. left_shoulder": [
		0.5709741711616516,
		0.3555287718772888,
		-0.10872302204370499,
		0.9993101358413696
	],
	"15. left_elbow": [
		0.5838891267776489,
		0.38839367032051086,
		-0.32199978828430176,
		0.6457366347312927
	],
	"16. left_wrist": [
		0.5868026614189148,
		0.32673779129981995,
		-0.5074892044067383,
		0.4857670068740845
	],
	"19. right_shoulder": [
		0.5134648084640503,
		0.3650701344013214,
		0.007651817053556442,
		0.9987700581550598
	],
	"20. right_elbow": [
		0.5114833116531372,
		0.418857604265213,
		-0.05389723554253578,
		0.6751062870025635
	],
	"21. right_wrist": [
		0.516466498374939,
		0.38842710852622986,
		-0.1796923130750656,
		0.5122560858726501
	],
	"24. nose": [
		0.5362960696220398,
		0.29287707805633545,
		-0.17029458284378052,
		0.9997259378433228
	],
	"25. left_eye": [
		0.5440547466278076,
		0.2803792953491211,
		-0.16034221649169922,
		0.9995005130767822
	],
	"26. right_eye": [
		0.5305778980255127,
		0.2812785804271698,
		-0.15168146789073944,
		0.999239444732666
	],
	"27. left_ear": [
		0.5505716800689697,
		0.286701500415802,
		-0.0928422063589096,
		0.9989738464355469
	],
	"28. right_ear": [
		0.5255606174468994,
		0.2881193459033966,
		-0.05109383910894394,
		0.998477578163147
	],
	"time stamp": 23
}