{
	"1. left_hip": [
		0.5757452249526978,
		0.5652238130569458,
		-0.05750377103686333,
		0.9995874762535095
	],
	"2. left_knee": [
		0.586074948310852,
		0.7071528434753418,
		-0.04359100013971329,
		0.9765406847000122
	],
	"3. left_ankle": [
		0.612415075302124,
		0.8269889950752258,
		0.01961762271821499,
		0.9825209379196167
	],
	"6. right_hip": [
		0.5410807132720947,
		0.566965639591217,
		0.057487308979034424,
		0.9993914365768433
	],
	"7. right_knee": [
		0.5181993246078491,
		0.6905514001846313,
		0.14629510045051575,
		0.9778009653091431
	],
	"8. right_ankle": [
		0.5440509915351868,
		0.7749380469322205,
		0.3464607000350952,
		0.9322707653045654
	],
	"14. left_shoulder": [
		0.5755993127822876,
		0.35552704334259033,
		-0.1443915069103241,
		0.9993768334388733
	],
	"15. left_elbow": [
		0.5748093128204346,
		0.37585651874542236,
		-0.3502582311630249,
		0.6799945831298828
	],
	"16. left_wrist": [
		0.5810191631317139,
		0.30733898282051086,
		-0.556244432926178,
		0.5357848405838013
	],
	"19. right_shoulder": [
		0.5266228318214417,
		0.3636658191680908,
		0.03240291401743889,
		0.9985085725784302
	],
	"20. right_elbow": [
		0.5264250040054321,
		0.4251672625541687,
		0.18011583387851715,
		0.6132025122642517
	],
	"21. right_wrist": [
		0.5324922204017639,
		0.44572335481643677,
		0.29725930094718933,
		0.4753168523311615
	],
	"24. nose": [
		0.5397313833236694,
		0.29744064807891846,
		-0.18255771696567535,
		0.9997466802597046
	],
	"25. left_eye": [
		0.5469142198562622,
		0.28230684995651245,
		-0.17737430334091187,
		0.9995461702346802
	],
	"26. right_eye": [
		0.5345832109451294,
		0.28570646047592163,
		-0.1656983345746994,
		0.9992972016334534
	],
	"27. left_ear": [
		0.5564473271369934,
		0.28647178411483765,
		-0.09814413636922836,
		0.999067485332489
	],
	"28. right_ear": [
		0.5317050218582153,
		0.29234886169433594,
		-0.06419840455055237,
		0.9986133575439453
	],
	"time stamp": 23
}