{
	"1. left_hip": [
		0.5776207447052002,
		0.5678249597549438,
		-0.044074565172195435,
		0.9996227622032166
	],
	"2. left_knee": [
		0.5916220545768738,
		0.707501232624054,
		-0.036205489188432693,
		0.9784526228904724
	],
	"3. left_ankle": [
		0.6125848889350891,
		0.8326849341392517,
		0.05316958576440811,
		0.983735978603363
	],
	"6. right_hip": [
		0.5422989726066589,
		0.5687676668167114,
		0.04404887929558754,
		0.999433696269989
	],
	"7. right_knee": [
		0.5143275260925293,
		0.6886544227600098,
		0.07357630878686905,
		0.9794295430183411
	],
	"8. right_ankle": [
		0.550240159034729,
		0.7399986386299133,
		0.31221944093704224,
		0.9297395348548889
	],
	"14. left_shoulder": [
		0.5825356841087341,
		0.36443573236465454,
		-0.11203499883413315,
		0.9994134306907654
	],
	"15. left_elbow": [
		0.555293083190918,
		0.38896340131759644,
		-0.21492831408977509,
		0.7061365842819214
	],
	"16. left_wrist": [
		0.5548157691955566,
		0.3178982734680176,
		-0.30330976843833923,
		0.5777928829193115
	],
	"19. right_shoulder": [
		0.5296594500541687,
		0.3685443103313446,
		0.030455972999334335,
		0.9984839558601379
	],
	"20. right_elbow": [
		0.5272292494773865,
		0.43685221672058105,
		0.09091781079769135,
		0.5668350458145142
	],
	"21. right_wrist": [
		0.539944589138031,
		0.4684971570968628,
		-0.08009312301874161,
		0.4465034306049347
	],
	"24. nose": [
		0.5410853028297424,
		0.2986600399017334,
		-0.16230590641498566,
		0.9997680187225342
	],
	"25. left_eye": [
		0.5476367473602295,
		0.2834796607494354,
		-0.15436261892318726,
		0.9995867609977722
	],
	"26. right_eye": [
		0.5362920165061951,
		0.2868712544441223,
		-0.14309437572956085,
		0.999357283115387
	],
	"27. left_ear": [
		0.5578794479370117,
		0.2875249981880188,
		-0.08899670839309692,
		0.9991531372070312
	],
	"28. right_ear": [
		0.535399854183197,
		0.29276177287101746,
		-0.039933934807777405,
		0.9987409710884094
	],
	"time stamp": 23
}