{
	"1. left_hip": [
		0.5797231197357178,
		0.568831741809845,
		-0.04652651771903038,
		0.9996583461761475
	],
	"2. left_knee": [
		0.58893221616745,
		0.7143539190292358,
		-0.04177581146359444,
		0.9803873896598816
	],
	"3. left_ankle": [
		0.6125833988189697,
		0.8346183896064758,
		0.085451140999794,
		0.9851722121238708
	],
	"6. right_hip": [
		0.5443874001502991,
		0.566718339920044,
		0.046458207070827484,
		0.999474048614502
	],
	"7. right_knee": [
		0.5126001238822937,
		0.6786140203475952,
		0.06769966334104538,
		0.981113851070404
	],
	"8. right_ankle": [
		0.5511891841888428,
		0.7103917002677917,
		0.3300257921218872,
		0.9318981170654297
	],
	"14. left_shoulder": [
		0.5860188603401184,
		0.36839285492897034,
		-0.10873161256313324,
		0.9994646906852722
	],
	"15. left_elbow": [
		0.5542964339256287,
		0.38983914256095886,
		-0.2414531409740448,
		0.7307209372520447
	],
	"16. left_wrist": [
		0.5508609414100647,
		0.2934934198856354,
		-0.37035372853279114,
		0.6163552403450012
	],
	"19. right_shoulder": [
		0.5363121628761292,
		0.3725585639476776,
		0.03090856969356537,
		0.9984504580497742
	],
	"20. right_elbow": [
		0.5420637726783752,
		0.45422425866127014,
		0.09889301657676697,
		0.5161528587341309
	],
	"21. right_wrist": [
		0.5442745089530945,
		0.5251705646514893,
		0.09143657982349396,
		0.4085633456707001
	],
	"24. nose": [
		0.5487453937530518,
		0.3031710684299469,
		-0.17631827294826508,
		0.9997884035110474
	],
	"25. left_eye": [
		0.5536440014839172,
		0.28796717524528503,
		-0.1667221188545227,
		0.9996246099472046
	],
	"26. right_eye": [
		0.5422495007514954,
		0.2905426025390625,
		-0.15714852511882782,
		0.9994122982025146
	],
	"27. left_ear": [
		0.5600975751876831,
		0.29373806715011597,
		-0.09745627641677856,
		0.9992294311523438
	],
	"28. right_ear": [
		0.5411993861198425,
		0.2972162365913391,
		-0.05277371406555176,
		0.9988577961921692
	],
	"time stamp": 23
}