{
	"1. left_hip": [
		0.5802074074745178,
		0.5694371461868286,
		-0.04862615466117859,
		0.9996822476387024
	],
	"2. left_knee": [
		0.5911857485771179,
		0.7178872227668762,
		-0.023299621418118477,
		0.9818229675292969
	],
	"3. left_ankle": [
		0.6141998767852783,
		0.8365973830223083,
		0.10098966211080551,
		0.986297607421875
	],
	"6. right_hip": [
		0.547940731048584,
		0.5672129988670349,
		0.04852128028869629,
		0.9995036125183105
	],
	"7. right_knee": [
		0.5116825103759766,
		0.6543325781822205,
		-0.025367794558405876,
		0.9823626279830933
	],
	"8. right_ankle": [
		0.5498340129852295,
		0.715575635433197,
		0.16673490405082703,
		0.93463534116745
	],
	"14. left_shoulder": [
		0.585736095905304,
		0.3687008321285248,
		-0.12457682192325592,
		0.999485969543457
	],
	"15. left_elbow": [
		0.550491213798523,
		0.3652023673057556,
		-0.26366525888442993,
		0.7543184757232666
	],
	"16. left_wrist": [
		0.5268759727478027,
		0.2963210344314575,
		-0.3696768283843994,
		0.6508238911628723
	],
	"19. right_shoulder": [
		0.5413826704025269,
		0.37518492341041565,
		0.02979917638003826,
		0.998451292514801
	],
	"20. right_elbow": [
		0.546103835105896,
		0.45448827743530273,
		0.07739371061325073,
		0.4761645793914795
	],
	"21. right_wrist": [
		0.5416175127029419,
		0.5354286432266235,
		0.0527486689388752,
		0.3817185163497925
	],
	"24. nose": [
		0.5512729287147522,
		0.30342817306518555,
		-0.17591813206672668,
		0.9997990131378174
	],
	"25. left_eye": [
		0.5584641695022583,
		0.28997695446014404,
		-0.16536487638950348,
		0.9996414184570312
	],
	"26. right_eye": [
		0.5472082495689392,
		0.2916671335697174,
		-0.15527808666229248,
		0.9994433522224426
	],
	"27. left_ear": [
		0.5678072571754456,
		0.2966039478778839,
		-0.09832384437322617,
		0.999257504940033
	],
	"28. right_ear": [
		0.5455402135848999,
		0.2984049320220947,
		-0.05019158869981766,
		0.9989405274391174
	],
	"time stamp": 23
}