{
	"1. left_hip": [
		0.581853985786438,
		0.5698809623718262,
		-0.0543876513838768,
		0.9997082948684692
	],
	"2. left_knee": [
		0.5923848748207092,
		0.7177750468254089,
		-0.03431350365281105,
		0.9826529026031494
	],
	"3. left_ankle": [
		0.6147665977478027,
		0.8372210264205933,
		0.10526753216981888,
		0.9861080050468445
	],
	"6. right_hip": [
		0.550251305103302,
		0.566709578037262,
		0.05426226183772087,
		0.9995198249816895
	],
	"7. right_knee": [
		0.5114462375640869,
		0.6549674272537231,
		0.009858991950750351,
		0.9791356921195984
	],
	"8. right_ankle": [
		0.5500057339668274,
		0.7101215124130249,
		0.24246114492416382,
		0.8955864906311035
	],
	"14. left_shoulder": [
		0.5866774320602417,
		0.36260533332824707,
		-0.13530133664608002,
		0.9995178580284119
	],
	"15. left_elbow": [
		0.5418360233306885,
		0.35589349269866943,
		-0.2775171995162964,
		0.7776493430137634
	],
	"16. left_wrist": [
		0.5000759959220886,
		0.31138086318969727,
		-0.34755632281303406,
		0.6807621717453003
	],
	"19. right_shoulder": [
		0.5436311364173889,
		0.376009464263916,
		0.04643465206027031,
		0.9983530640602112
	],
	"20. right_elbow": [
		0.5452709794044495,
		0.4542865753173828,
		0.07753708213567734,
		0.43804118037223816
	],
	"21. right_wrist": [
		0.5366144776344299,
		0.5263365507125854,
		0.029216427356004715,
		0.354329913854599
	],
	"24. nose": [
		0.5517695546150208,
		0.29947659373283386,
		-0.16678696870803833,
		0.9998067617416382
	],
	"25. left_eye": [
		0.5598694682121277,
		0.28796273469924927,
		-0.15672579407691956,
		0.9996630549430847
	],
	"26. right_eye": [
		0.5484241247177124,
		0.2889493405818939,
		-0.14467370510101318,
		0.9994745254516602
	],
	"27. left_ear": [
		0.5700950622558594,
		0.2961885929107666,
		-0.09538643062114716,
		0.9993153810501099
	],
	"28. right_ear": [
		0.5490372180938721,
		0.296427458524704,
		-0.038456257432699203,
		0.9990227222442627
	],
	"time stamp": 23
}