{
	"1. left_hip": [
		0.5826675295829773,
		0.5706406235694885,
		-0.06264945864677429,
		0.9997259974479675
	],
	"2. left_knee": [
		0.5933866500854492,
		0.7176306843757629,
		-0.06280654668807983,
		0.9835161566734314
	],
	"3. left_ankle": [
		0.6150789260864258,
		0.8375099897384644,
		0.09303878992795944,
		0.9869862198829651
	],
	"6. right_hip": [
		0.550054132938385,
		0.5669013261795044,
		0.06254430115222931,
		0.9995579719543457
	],
	"7. right_knee": [
		0.5058444738388062,
		0.6529616713523865,
		-0.10730348527431488,
		0.9806891083717346
	],
	"8. right_ankle": [
		0.5335150957107544,
		0.7453779578208923,
		0.030576789751648903,
		0.9049813747406006
	],
	"14. left_shoulder": [
		0.5880515575408936,
		0.35850170254707336,
		-0.13471317291259766,
		0.999541699886322
	],
	"15. left_elbow": [
		0.5422545075416565,
		0.3512527346611023,
		-0.27798041701316833,
		0.7994922399520874
	],
	"16. left_wrist": [
		0.49297621846199036,
		0.32709917426109314,
		-0.34011948108673096,
		0.7104787230491638
	],
	"19. right_shoulder": [
		0.543813943862915,
		0.3684450685977936,
		0.06430914252996445,
		0.998367190361023
	],
	"20. right_elbow": [
		0.5379262566566467,
		0.4444334805011749,
		0.10525070130825043,
		0.41087257862091064
	],
	"21. right_wrist": [
		0.5316372513771057,
		0.5252189040184021,
		0.05185297131538391,
		0.3330310583114624
	],
	"24. nose": [
		0.5530846118927002,
		0.29707497358322144,
		-0.17359904944896698,
		0.9998229742050171
	],
	"25. left_eye": [
		0.5621086955070496,
		0.2859044075012207,
		-0.16204875707626343,
		0.9996895790100098
	],
	"26. right_eye": [
		0.5496308207511902,
		0.2867739498615265,
		-0.1496545523405075,
		0.9995200037956238
	],
	"27. left_ear": [
		0.5721441507339478,
		0.2930012047290802,
		-0.09399526566267014,
		0.9993695616722107
	],
	"28. right_ear": [
		0.5502979755401611,
		0.2933327257633209,
		-0.03280886635184288,
		0.9991090297698975
	],
	"time stamp": 23
}