{
	"1. left_hip": [
		0.5819234848022461,
		0.5694215297698975,
		-0.07027454674243927,
		0.9997013807296753
	],
	"2. left_knee": [
		0.5941386818885803,
		0.7095437049865723,
		-0.08262916654348373,
		0.9845470786094666
	],
	"3. left_ankle": [
		0.6157680153846741,
		0.8369652032852173,
		0.005365047603845596,
		0.9880785942077637
	],
	"6. right_hip": [
		0.5492455363273621,
		0.5657472610473633,
		0.07017336040735245,
		0.9995452761650085
	],
	"7. right_knee": [
		0.5058938264846802,
		0.6596207022666931,
		-0.03217662498354912,
		0.9817350506782532
	],
	"8. right_ankle": [
		0.5152698755264282,
		0.7927643656730652,
		0.07859204709529877,
		0.9138819575309753
	],
	"14. left_shoulder": [
		0.5879209637641907,
		0.3564111590385437,
		-0.14795275032520294,
		0.9994983077049255
	],
	"15. left_elbow": [
		0.5438095331192017,
		0.3541812300682068,
		-0.2850135564804077,
		0.8189730644226074
	],
	"16. left_wrist": [
		0.4881061911582947,
		0.33775803446769714,
		-0.36611029505729675,
		0.7375223636627197
	],
	"19. right_shoulder": [
		0.5452893376350403,
		0.3633843660354614,
		0.07101647555828094,
		0.9980844855308533
	],
	"20. right_elbow": [
		0.5112161636352539,
		0.3716081976890564,
		0.1510811448097229,
		0.40953442454338074
	],
	"21. right_wrist": [
		0.479451060295105,
		0.38369348645210266,
		0.13727615773677826,
		0.3457730710506439
	],
	"24. nose": [
		0.5534765720367432,
		0.29750996828079224,
		-0.17076708376407623,
		0.9998360872268677
	],
	"25. left_eye": [
		0.5627762079238892,
		0.2860126495361328,
		-0.16221879422664642,
		0.9997143745422363
	],
	"26. right_eye": [
		0.5500755310058594,
		0.28665468096733093,
		-0.14736956357955933,
		0.9995595812797546
	],
	"27. left_ear": [
		0.5729840993881226,
		0.29287686944007874,
		-0.09415344893932343,
		0.9994190335273743
	],
	"28. right_ear": [
		0.5507034063339233,
		0.29268506169319153,
		-0.033945925533771515,
		0.9991796016693115
	],
	"time stamp": 23
}