{
	"1. left_hip": [
		0.5800485610961914,
		0.5699752569198608,
		-0.06480754911899567,
		0.9996767640113831
	],
	"2. left_knee": [
		0.5953959226608276,
		0.7099415063858032,
		-0.05860326439142227,
		0.9854924082756042
	],
	"3. left_ankle": [
		0.6161255240440369,
		0.8394562602043152,
		0.035847388207912445,
		0.9887751936912537
	],
	"6. right_hip": [
		0.5461284518241882,
		0.5677070021629333,
		0.06466756016016006,
		0.999531090259552
	],
	"7. right_knee": [
		0.5135155320167542,
		0.6836687922477722,
		0.051794033497571945,
		0.982666015625
	],
	"8. right_ankle": [
		0.4992803931236267,
		0.8258830308914185,
		0.13102450966835022,
		0.9219249486923218
	],
	"14. left_shoulder": [
		0.5870316028594971,
		0.35813000798225403,
		-0.14947949349880219,
		0.9994968175888062
	],
	"15. left_elbow": [
		0.5368398427963257,
		0.36454063653945923,
		-0.28408315777778625,
		0.8366773724555969
	],
	"16. left_wrist": [
		0.4827410578727722,
		0.3521060049533844,
		-0.3585927486419678,
		0.7623027563095093
	],
	"19. right_shoulder": [
		0.5429553389549255,
		0.3656100928783417,
		0.0689166784286499,
		0.9978524446487427
	],
	"20. right_elbow": [
		0.5050508975982666,
		0.38373151421546936,
		0.05620160326361656,
		0.4114229083061218
	],
	"21. right_wrist": [
		0.47076407074928284,
		0.37048211693763733,
		-0.09854838252067566,
		0.3631798326969147
	],
	"24. nose": [
		0.5540327429771423,
		0.3025053143501282,
		-0.17210030555725098,
		0.9998404383659363
	],
	"25. left_eye": [
		0.5624513030052185,
		0.2884693145751953,
		-0.16466455161571503,
		0.9997284412384033
	],
	"26. right_eye": [
		0.5500773191452026,
		0.2904433608055115,
		-0.15033607184886932,
		0.9995818734169006
	],
	"27. left_ear": [
		0.5725474953651428,
		0.29381272196769714,
		-0.09430816024541855,
		0.9994597434997559
	],
	"28. right_ear": [
		0.550336480140686,
		0.2943485677242279,
		-0.0377320721745491,
		0.999180018901825
	],
	"time stamp": 23
}