{
	"1. left_hip": [
		0.5786072611808777,
		0.5723880529403687,
		-0.06844042241573334,
		0.9996654987335205
	],
	"2. left_knee": [
		0.5957512259483337,
		0.7100343704223633,
		-0.04207252711057663,
		0.9866222739219666
	],
	"3. left_ankle": [
		0.6171035170555115,
		0.8405031561851501,
		0.043203022330999374,
		0.9896983504295349
	],
	"6. right_hip": [
		0.5443997383117676,
		0.573110818862915,
		0.06822092086076736,
		0.9995283484458923
	],
	"7. right_knee": [
		0.5158554911613464,
		0.6990705132484436,
		0.11069410294294357,
		0.983349621295929
	],
	"8. right_ankle": [
		0.4949663281440735,
		0.8347083926200867,
		0.2037457376718521,
		0.9293072819709778
	],
	"14. left_shoulder": [
		0.5865728259086609,
		0.3608461618423462,
		-0.16758596897125244,
		0.9994955062866211
	],
	"15. left_elbow": [
		0.53749680519104,
		0.36903440952301025,
		-0.29019635915756226,
		0.852701723575592
	],
	"16. left_wrist": [
		0.47978368401527405,
		0.36130014061927795,
		-0.3649132251739502,
		0.7851594090461731
	],
	"19. right_shoulder": [
		0.5402795076370239,
		0.37300845980644226,
		0.059733353555202484,
		0.997682511806488
	],
	"20. right_elbow": [
		0.49837714433670044,
		0.3887973725795746,
		0.02844397909939289,
		0.42118120193481445
	],
	"21. right_wrist": [
		0.4655604958534241,
		0.36711469292640686,
		-0.13296014070510864,
		0.383938729763031
	],
	"24. nose": [
		0.5532589554786682,
		0.30502721667289734,
		-0.17444369196891785,
		0.9998522996902466
	],
	"25. left_eye": [
		0.5615639090538025,
		0.29101285338401794,
		-0.16750700771808624,
		0.9997502565383911
	],
	"26. right_eye": [
		0.5492300987243652,
		0.2934536337852478,
		-0.15409696102142334,
		0.9996159672737122
	],
	"27. left_ear": [
		0.5716372132301331,
		0.29597827792167664,
		-0.11444048583507538,
		0.999505877494812
	],
	"28. right_ear": [
		0.5492772459983826,
		0.29828500747680664,
		-0.04461823031306267,
		0.9992208480834961
	],
	"time stamp": 23
}