{
	"1. left_hip": [
		0.5775787234306335,
		0.5755653977394104,
		-0.0681876391172409,
		0.999646008014679
	],
	"2. left_knee": [
		0.5937422513961792,
		0.710344135761261,
		-0.019681012257933617,
		0.9876340627670288
	],
	"3. left_ankle": [
		0.6169983744621277,
		0.8402113914489746,
		0.08164520561695099,
		0.9905412197113037
	],
	"6. right_hip": [
		0.5433138608932495,
		0.5781537294387817,
		0.06795814633369446,
		0.9995400905609131
	],
	"7. right_knee": [
		0.5148250460624695,
		0.6997021436691284,
		0.09206260740756989,
		0.9841750860214233
	],
	"8. right_ankle": [
		0.4951852858066559,
		0.8339550495147705,
		0.19662855565547943,
		0.9360055327415466
	],
	"14. left_shoulder": [
		0.5855087041854858,
		0.36829885840415955,
		-0.16331566870212555,
		0.9994617700576782
	],
	"15. left_elbow": [
		0.5364021062850952,
		0.38311365246772766,
		-0.27518177032470703,
		0.8670690059661865
	],
	"16. left_wrist": [
		0.4844752848148346,
		0.3676373362541199,
		-0.34542810916900635,
		0.8057010173797607
	],
	"19. right_shoulder": [
		0.5384219884872437,
		0.38108009099960327,
		0.06293544173240662,
		0.9976387023925781
	],
	"20. right_elbow": [
		0.49476882815361023,
		0.39370253682136536,
		0.02734014205634594,
		0.4371320605278015
	],
	"21. right_wrist": [
		0.46224841475486755,
		0.361178457736969,
		-0.14538177847862244,
		0.41389361023902893
	],
	"24. nose": [
		0.5527383685112,
		0.3075576424598694,
		-0.16657990217208862,
		0.9998595118522644
	],
	"25. left_eye": [
		0.5606616735458374,
		0.29420900344848633,
		-0.1616598218679428,
		0.9997648596763611
	],
	"26. right_eye": [
		0.54783034324646,
		0.29622209072113037,
		-0.14536063373088837,
		0.9996400475502014
	],
	"27. left_ear": [
		0.5700164437294006,
		0.3000396192073822,
		-0.11417534202337265,
		0.9995381236076355
	],
	"28. right_ear": [
		0.5480985045433044,
		0.30183145403862,
		-0.03903261944651604,
		0.9992175102233887
	],
	"time stamp": 23
}