{
	"1. left_hip": [
		0.5774616599082947,
		0.5768882036209106,
		-0.06957194954156876,
		0.9996498227119446
	],
	"2. left_knee": [
		0.5928206443786621,
		0.7121367454528809,
		-0.030496180057525635,
		0.9886855483055115
	],
	"3. left_ankle": [
		0.6162548661231995,
		0.8404828310012817,
		0.08109847456216812,
		0.991357147693634
	],
	"6. right_hip": [
		0.5426810383796692,
		0.5800855159759521,
		0.0694190040230751,
		0.9995712041854858
	],
	"7. right_knee": [
		0.5098422765731812,
		0.6987148523330688,
		0.07642938196659088,
		0.9854994416236877
	],
	"8. right_ankle": [
		0.49607613682746887,
		0.8356364965438843,
		0.12840354442596436,
		0.9422507286071777
	],
	"14. left_shoulder": [
		0.5821118950843811,
		0.36907368898391724,
		-0.1571698635816574,
		0.9994983077049255
	],
	"15. left_elbow": [
		0.5462023615837097,
		0.40451985597610474,
		-0.28102800250053406,
		0.88021320104599
	],
	"16. left_wrist": [
		0.494402140378952,
		0.3850933909416199,
		-0.3719048798084259,
		0.8248330950737
	],
	"19. right_shoulder": [
		0.5380979180335999,
		0.38660889863967896,
		0.07586251199245453,
		0.9977262020111084
	],
	"20. right_elbow": [
		0.499175488948822,
		0.4011474549770355,
		0.14638075232505798,
		0.4616306722164154
	],
	"21. right_wrist": [
		0.4684000611305237,
		0.364760160446167,
		0.11806655675172806,
		0.4597952663898468
	],
	"24. nose": [
		0.5461242198944092,
		0.3075708746910095,
		-0.15816612541675568,
		0.9998703002929688
	],
	"25. left_eye": [
		0.5531604886054993,
		0.2942286729812622,
		-0.15601485967636108,
		0.9997848868370056
	],
	"26. right_eye": [
		0.5448274612426758,
		0.29631850123405457,
		-0.13832403719425201,
		0.9996705055236816
	],
	"27. left_ear": [
		0.5664474964141846,
		0.3001282811164856,
		-0.11536122858524323,
		0.9995786547660828
	],
	"28. right_ear": [
		0.5470406413078308,
		0.30202239751815796,
		-0.03570157662034035,
		0.9992790818214417
	],
	"time stamp": 23
}