{
	"1. left_hip": [
		0.5704149007797241,
		0.5778504014015198,
		-0.07005385309457779,
		0.9996784329414368
	],
	"2. left_knee": [
		0.589594304561615,
		0.7134740352630615,
		-0.0634097307920456,
		0.9896899461746216
	],
	"3. left_ankle": [
		0.6157112717628479,
		0.8404083251953125,
		0.06266511231660843,
		0.9921104907989502
	],
	"6. right_hip": [
		0.5367648601531982,
		0.5809164047241211,
		0.06993250548839569,
		0.9996109008789062
	],
	"7. right_knee": [
		0.5013238191604614,
		0.6968812942504883,
		-0.006389105226844549,
		0.9867066740989685
	],
	"8. right_ankle": [
		0.4991808831691742,
		0.8355337977409363,
		0.0856202021241188,
		0.9479125142097473
	],
	"14. left_shoulder": [
		0.5685678720474243,
		0.36914199590682983,
		-0.1525292694568634,
		0.9995409846305847
	],
	"15. left_elbow": [
		0.5293896794319153,
		0.427266001701355,
		-0.22077563405036926,
		0.8917815089225769
	],
	"16. left_wrist": [
		0.4849504232406616,
		0.3863835334777832,
		-0.23894701898097992,
		0.841321587562561
	],
	"19. right_shoulder": [
		0.5371202230453491,
		0.38642755150794983,
		0.08207932114601135,
		0.9979236125946045
	],
	"20. right_elbow": [
		0.529705286026001,
		0.47010040283203125,
		0.13325732946395874,
		0.4229452908039093
	],
	"21. right_wrist": [
		0.524763822555542,
		0.5389365553855896,
		0.07589863240718842,
		0.4269680380821228
	],
	"24. nose": [
		0.5387077331542969,
		0.3075372874736786,
		-0.1648004949092865,
		0.9998824000358582
	],
	"25. left_eye": [
		0.5474552512168884,
		0.29430872201919556,
		-0.15992633998394012,
		0.9998043775558472
	],
	"26. right_eye": [
		0.538101315498352,
		0.2962751090526581,
		-0.1445843130350113,
		0.9997010231018066
	],
	"27. left_ear": [
		0.5601605176925659,
		0.3003348112106323,
		-0.11483898013830185,
		0.999618649482727
	],
	"28. right_ear": [
		0.5409389138221741,
		0.30194586515426636,
		-0.035970378667116165,
		0.9993442893028259
	],
	"time stamp": 23
}