{
	"1. left_hip": [
		0.5626413822174072,
		0.5815458297729492,
		-0.06868617981672287,
		0.9997054934501648
	],
	"2. left_knee": [
		0.5840891003608704,
		0.7179533243179321,
		-0.061199069023132324,
		0.9906355738639832
	],
	"3. left_ankle": [
		0.6152169704437256,
		0.8399638533592224,
		0.07687055319547653,
		0.9927891492843628
	],
	"6. right_hip": [
		0.5297605991363525,
		0.5841770768165588,
		0.06857530027627945,
		0.9996475577354431
	],
	"7. right_knee": [
		0.49723687767982483,
		0.6979545950889587,
		0.01383892260491848,
		0.987799882888794
	],
	"8. right_ankle": [
		0.5003952383995056,
		0.8363898992538452,
		0.12081858515739441,
		0.9530232548713684
	],
	"14. left_shoulder": [
		0.5626022815704346,
		0.3691558837890625,
		-0.13350379467010498,
		0.9995840191841125
	],
	"15. left_elbow": [
		0.5338919758796692,
		0.4416801929473877,
		-0.13559004664421082,
		0.9023222327232361
	],
	"16. left_wrist": [
		0.49153488874435425,
		0.41003739833831787,
		-0.07179764658212662,
		0.85618656873703
	],
	"19. right_shoulder": [
		0.5292878150939941,
		0.3861542046070099,
		0.09169936180114746,
		0.998115599155426
	],
	"20. right_elbow": [
		0.5243950486183167,
		0.4722468852996826,
		0.12144438922405243,
		0.39215290546417236
	],
	"21. right_wrist": [
		0.5176036357879639,
		0.5270896553993225,
		-0.041356246918439865,
		0.4077570140361786
	],
	"24. nose": [
		0.5350052714347839,
		0.3072023093700409,
		-0.1490391045808792,
		0.9998939633369446
	],
	"25. left_eye": [
		0.5443112850189209,
		0.2944134771823883,
		-0.14456874132156372,
		0.9998235106468201
	],
	"26. right_eye": [
		0.5345730781555176,
		0.29613563418388367,
		-0.12999628484249115,
		0.9997304081916809
	],
	"27. left_ear": [
		0.5558934211730957,
		0.30126628279685974,
		-0.09514165669679642,
		0.9996564984321594
	],
	"28. right_ear": [
		0.5366080403327942,
		0.3017481565475464,
		-0.027329085394740105,
		0.9994083046913147
	],
	"time stamp": 23
}