{
	"1. left_hip": [
		0.5556188821792603,
		0.5814128518104553,
		-0.07055418193340302,
		0.9997273683547974
	],
	"2. left_knee": [
		0.5743763446807861,
		0.7198877930641174,
		-0.058600325137376785,
		0.9915010929107666
	],
	"3. left_ankle": [
		0.6144313812255859,
		0.8387838006019592,
		0.07600567489862442,
		0.9934462904930115
	],
	"6. right_hip": [
		0.5240308046340942,
		0.5833801031112671,
		0.07046641409397125,
		0.9996776580810547
	],
	"7. right_knee": [
		0.4934205412864685,
		0.7008667588233948,
		0.04795277118682861,
		0.9887803196907043
	],
	"8. right_ankle": [
		0.5006557703018188,
		0.8371126651763916,
		0.1311674416065216,
		0.9576380848884583
	],
	"14. left_shoulder": [
		0.5571714043617249,
		0.3695559501647949,
		-0.13431979715824127,
		0.9996241331100464
	],
	"15. left_elbow": [
		0.5359060168266296,
		0.46478140354156494,
		-0.11069333553314209,
		0.9118372201919556
	],
	"16. left_wrist": [
		0.494098961353302,
		0.42602771520614624,
		-0.02396930567920208,
		0.8695665001869202
	],
	"19. right_shoulder": [
		0.5253432393074036,
		0.38566863536834717,
		0.09322471171617508,
		0.9982896447181702
	],
	"20. right_elbow": [
		0.5231642127037048,
		0.47985219955444336,
		0.11183921247720718,
		0.36139988899230957
	],
	"21. right_wrist": [
		0.515573263168335,
		0.5327070355415344,
		-0.019977057352662086,
		0.38582244515419006
	],
	"24. nose": [
		0.5299642086029053,
		0.3067464530467987,
		-0.15361405909061432,
		0.999904453754425
	],
	"25. left_eye": [
		0.5393510460853577,
		0.2944665849208832,
		-0.150359645485878,
		0.9998409748077393
	],
	"26. right_eye": [
		0.5301897525787354,
		0.29535114765167236,
		-0.1349867880344391,
		0.9997570514678955
	],
	"27. left_ear": [
		0.5512445569038391,
		0.3017573356628418,
		-0.09577810764312744,
		0.9996907114982605
	],
	"28. right_ear": [
		0.5327595472335815,
		0.30142027139663696,
		-0.03206196427345276,
		0.9994663596153259
	],
	"time stamp": 23
}