{
	"1. left_hip": [
		0.5478209257125854,
		0.5812174677848816,
		-0.07000590860843658,
		0.999739944934845
	],
	"2. left_knee": [
		0.5605244636535645,
		0.72217857837677,
		-0.03347373381257057,
		0.992274284362793
	],
	"3. left_ankle": [
		0.6112205982208252,
		0.8357803225517273,
		0.11075513064861298,
		0.9940245151519775
	],
	"6. right_hip": [
		0.5168259739875793,
		0.5828697085380554,
		0.06993872672319412,
		0.9997036457061768
	],
	"7. right_knee": [
		0.4896618723869324,
		0.7023882269859314,
		0.07526938617229462,
		0.9895988702774048
	],
	"8. right_ankle": [
		0.499362587928772,
		0.8376681804656982,
		0.1631258875131607,
		0.9617781639099121
	],
	"14. left_shoulder": [
		0.5544964075088501,
		0.3735279142856598,
		-0.1501362919807434,
		0.9996529817581177
	],
	"15. left_elbow": [
		0.5430846214294434,
		0.47643378376960754,
		-0.11977434158325195,
		0.9192889332771301
	],
	"16. left_wrist": [
		0.5018946528434753,
		0.45878517627716064,
		-0.029843369498848915,
		0.8722171783447266
	],
	"19. right_shoulder": [
		0.5208026170730591,
		0.384133517742157,
		0.08555016666650772,
		0.9984384179115295
	],
	"20. right_elbow": [
		0.5217456221580505,
		0.47297561168670654,
		0.10856176167726517,
		0.3314571678638458
	],
	"21. right_wrist": [
		0.5174148082733154,
		0.539605438709259,
		-0.02195257507264614,
		0.35537880659103394
	],
	"24. nose": [
		0.5248000621795654,
		0.30622583627700806,
		-0.15658743679523468,
		0.9999128580093384
	],
	"25. left_eye": [
		0.5338315367698669,
		0.2945097088813782,
		-0.16407829523086548,
		0.9998542070388794
	],
	"26. right_eye": [
		0.5256168842315674,
		0.29484936594963074,
		-0.14493107795715332,
		0.9997780919075012
	],
	"27. left_ear": [
		0.5466711521148682,
		0.30237627029418945,
		-0.13056312501430511,
		0.9997201561927795
	],
	"28. right_ear": [
		0.5295214653015137,
		0.3013320863246918,
		-0.04883471503853798,
		0.9995101094245911
	],
	"time stamp": 23
}