{
	"1. left_hip": [
		0.5334755778312683,
		0.5838319063186646,
		-0.07106103748083115,
		0.9997588396072388
	],
	"2. left_knee": [
		0.5303018093109131,
		0.7218573689460754,
		-0.03694472461938858,
		0.9927868843078613
	],
	"3. left_ankle": [
		0.5838951468467712,
		0.8240287899971008,
		0.11502116173505783,
		0.9943145513534546
	],
	"6. right_hip": [
		0.5057429671287537,
		0.5845375061035156,
		0.07107236981391907,
		0.9997270107269287
	],
	"7. right_knee": [
		0.48523780703544617,
		0.7034884095191956,
		0.058595482259988785,
		0.9896188974380493
	],
	"8. right_ankle": [
		0.49856850504875183,
		0.8387120366096497,
		0.1540539413690567,
		0.9653050899505615
	],
	"14. left_shoulder": [
		0.5492920279502869,
		0.3771563172340393,
		-0.18900613486766815,
		0.9996869564056396
	],
	"15. left_elbow": [
		0.5621748566627502,
		0.483004629611969,
		-0.2089010328054428,
		0.9272990226745605
	],
	"16. left_wrist": [
		0.524878740310669,
		0.5314685702323914,
		-0.17543567717075348,
		0.8844517469406128
	],
	"19. right_shoulder": [
		0.5170220136642456,
		0.3856011629104614,
		0.05636897683143616,
		0.9984906911849976
	],
	"20. right_elbow": [
		0.5190494656562805,
		0.470653235912323,
		0.11240854859352112,
		0.30044692754745483
	],
	"21. right_wrist": [
		0.5163567066192627,
		0.5195305943489075,
		0.03359624743461609,
		0.3295561969280243
	],
	"24. nose": [
		0.5202729105949402,
		0.3070833384990692,
		-0.18414361774921417,
		0.9999125599861145
	],
	"25. left_eye": [
		0.5297020077705383,
		0.2961170971393585,
		-0.1895688772201538,
		0.9998558163642883
	],
	"26. right_eye": [
		0.5206326842308044,
		0.2953726053237915,
		-0.17044900357723236,
		0.9997591376304626
	],
	"27. left_ear": [
		0.5428021550178528,
		0.3048601448535919,
		-0.1623499095439911,
		0.9997431635856628
	],
	"28. right_ear": [
		0.5251284241676331,
		0.30233874917030334,
		-0.07800512760877609,
		0.9994173645973206
	],
	"time stamp": 23
}