{
	"1. left_hip": [
		0.524222731590271,
		0.5828680992126465,
		-0.07320516556501389,
		0.9997735619544983
	],
	"2. left_knee": [
		0.5018699765205383,
		0.7119138240814209,
		-0.1109272837638855,
		0.9930008053779602
	],
	"3. left_ankle": [
		0.5587965250015259,
		0.8113750219345093,
		0.016301527619361877,
		0.9943132400512695
	],
	"6. right_hip": [
		0.5039758086204529,
		0.582294225692749,
		0.07327330857515335,
		0.9997438788414001
	],
	"7. right_knee": [
		0.48619961738586426,
		0.7032225131988525,
		0.02812492661178112,
		0.9853770136833191
	],
	"8. right_ankle": [
		0.49679991602897644,
		0.8395550847053528,
		0.08637039363384247,
		0.967909038066864
	],
	"14. left_shoulder": [
		0.5492353439331055,
		0.3779996335506439,
		-0.1723298281431198,
		0.9997168183326721
	],
	"15. left_elbow": [
		0.5658970475196838,
		0.48372629284858704,
		-0.2098078429698944,
		0.9344823956489563
	],
	"16. left_wrist": [
		0.5441212058067322,
		0.5552030205726624,
		-0.22350570559501648,
		0.8952493071556091
	],
	"19. right_shoulder": [
		0.5144802331924438,
		0.38628941774368286,
		0.05941074341535568,
		0.9985334873199463
	],
	"20. right_elbow": [
		0.5106759071350098,
		0.46845003962516785,
		0.12877464294433594,
		0.275063693523407
	],
	"21. right_wrist": [
		0.4976535141468048,
		0.5158618688583374,
		0.05447866767644882,
		0.3164553642272949
	],
	"24. nose": [
		0.5189810991287231,
		0.3078711926937103,
		-0.17711924016475677,
		0.9999091625213623
	],
	"25. left_eye": [
		0.5280850529670715,
		0.2973746657371521,
		-0.18477863073349,
		0.9998542070388794
	],
	"26. right_eye": [
		0.51915442943573,
		0.29671451449394226,
		-0.16368655860424042,
		0.9997299909591675
	],
	"27. left_ear": [
		0.5406649112701416,
		0.30580517649650574,
		-0.14437805116176605,
		0.999760627746582
	],
	"28. right_ear": [
		0.5231851935386658,
		0.30393555760383606,
		-0.066106878221035,
		0.9992655515670776
	],
	"time stamp": 23
}