{
	"1. left_hip": [
		0.5189653038978577,
		0.5812438726425171,
		-0.07498851418495178,
		0.9997575283050537
	],
	"2. left_knee": [
		0.48568427562713623,
		0.7027676105499268,
		-0.12658824026584625,
		0.9919145703315735
	],
	"3. left_ankle": [
		0.5291406512260437,
		0.8160839676856995,
		-0.07843514531850815,
		0.9940804839134216
	],
	"6. right_hip": [
		0.49975714087486267,
		0.5789626836776733,
		0.07504664361476898,
		0.9996849298477173
	],
	"7. right_knee": [
		0.4858488142490387,
		0.7025080323219299,
		0.03154943138360977,
		0.9589052200317383
	],
	"8. right_ankle": [
		0.49802762269973755,
		0.8374484777450562,
		0.08980244398117065,
		0.9647846221923828
	],
	"14. left_shoulder": [
		0.5497226119041443,
		0.3813939690589905,
		-0.1339024007320404,
		0.9997366070747375
	],
	"15. left_elbow": [
		0.5660318732261658,
		0.477091521024704,
		-0.17661845684051514,
		0.940310001373291
	],
	"16. left_wrist": [
		0.5572890043258667,
		0.556413471698761,
		-0.2171279639005661,
		0.8926891684532166
	],
	"19. right_shoulder": [
		0.5110318064689636,
		0.38614803552627563,
		0.0716983899474144,
		0.9985054135322571
	],
	"20. right_elbow": [
		0.5093890428543091,
		0.4719320833683014,
		0.11874942481517792,
		0.25020718574523926
	],
	"21. right_wrist": [
		0.5047227740287781,
		0.5373698472976685,
		0.03560986369848251,
		0.2907238304615021
	],
	"24. nose": [
		0.5178250074386597,
		0.31033843755722046,
		-0.14472946524620056,
		0.9998613595962524
	],
	"25. left_eye": [
		0.5264526605606079,
		0.2994362413883209,
		-0.14528925716876984,
		0.9997943639755249
	],
	"26. right_eye": [
		0.5180190801620483,
		0.29896309971809387,
		-0.12786898016929626,
		0.9996088743209839
	],
	"27. left_ear": [
		0.5391022562980652,
		0.30788296461105347,
		-0.11290042847394943,
		0.9997346997261047
	],
	"28. right_ear": [
		0.5221129059791565,
		0.30685317516326904,
		-0.034682635217905045,
		0.9989137649536133
	],
	"time stamp": 23
}