{
	"1. left_hip": [
		0.5200965404510498,
		0.5763860940933228,
		-0.07839718461036682,
		0.9997532367706299
	],
	"2. left_knee": [
		0.47482404112815857,
		0.693435549736023,
		-0.1446201354265213,
		0.9909920692443848
	],
	"3. left_ankle": [
		0.49861395359039307,
		0.8287566304206848,
		-0.10980767756700516,
		0.9923875331878662
	],
	"6. right_hip": [
		0.49782076478004456,
		0.573300302028656,
		0.07848155498504639,
		0.9996070265769958
	],
	"7. right_knee": [
		0.48312243819236755,
		0.6959900856018066,
		0.032351795583963394,
		0.9110304117202759
	],
	"8. right_ankle": [
		0.49850863218307495,
		0.8323708176612854,
		0.07919574528932571,
		0.9462235569953918
	],
	"14. left_shoulder": [
		0.5508236885070801,
		0.3833785653114319,
		-0.13081136345863342,
		0.9997609257698059
	],
	"15. left_elbow": [
		0.5686973929405212,
		0.4794508218765259,
		-0.1749121993780136,
		0.9461721777915955
	],
	"16. left_wrist": [
		0.568764865398407,
		0.5712420344352722,
		-0.2183845341205597,
		0.9015753269195557
	],
	"19. right_shoulder": [
		0.5100401043891907,
		0.38572365045547485,
		0.07987785339355469,
		0.9984500408172607
	],
	"20. right_elbow": [
		0.5099621415138245,
		0.4756847321987152,
		0.11301074177026749,
		0.2274003028869629
	],
	"21. right_wrist": [
		0.5081669688224792,
		0.540922999382019,
		0.011846933513879776,
		0.26677730679512024
	],
	"24. nose": [
		0.5170071721076965,
		0.31121233105659485,
		-0.1389986276626587,
		0.9998583197593689
	],
	"25. left_eye": [
		0.5254901647567749,
		0.3004973232746124,
		-0.13809961080551147,
		0.9997997879981995
	],
	"26. right_eye": [
		0.5170968174934387,
		0.30014950037002563,
		-0.12087596207857132,
		0.9996088147163391
	],
	"27. left_ear": [
		0.5378963351249695,
		0.3090185523033142,
		-0.1041470617055893,
		0.9997541308403015
	],
	"28. right_ear": [
		0.5206682085990906,
		0.3082686960697174,
		-0.026444047689437866,
		0.9989423751831055
	],
	"time stamp": 23
}