{
	"1. left_hip": [
		0.5149220824241638,
		0.5805239081382751,
		-0.08560528606176376,
		0.9997620582580566
	],
	"2. left_knee": [
		0.45697274804115295,
		0.6853300333023071,
		-0.17160958051681519,
		0.9878328442573547
	],
	"3. left_ankle": [
		0.4457176625728607,
		0.8319644331932068,
		-0.1690613180398941,
		0.992523729801178
	],
	"6. right_hip": [
		0.49190324544906616,
		0.5737452507019043,
		0.08573880046606064,
		0.9995128512382507
	],
	"7. right_knee": [
		0.47676730155944824,
		0.7019744515419006,
		0.08781925588846207,
		0.8768469095230103
	],
	"8. right_ankle": [
		0.49767932295799255,
		0.8400008082389832,
		0.1440107524394989,
		0.9407244324684143
	],
	"14. left_shoulder": [
		0.5511639714241028,
		0.3959459960460663,
		-0.13238097727298737,
		0.9997841715812683
	],
	"15. left_elbow": [
		0.5759416818618774,
		0.4939049184322357,
		-0.17853525280952454,
		0.9514805674552917
	],
	"16. left_wrist": [
		0.5759685039520264,
		0.587269127368927,
		-0.20862717926502228,
		0.9098868370056152
	],
	"19. right_shoulder": [
		0.5092979073524475,
		0.3877643048763275,
		0.08710955083370209,
		0.998414933681488
	],
	"20. right_elbow": [
		0.4959947466850281,
		0.4724678099155426,
		0.12367993593215942,
		0.21247132122516632
	],
	"21. right_wrist": [
		0.48416468501091003,
		0.531424880027771,
		0.016519896686077118,
		0.2514938414096832
	],
	"24. nose": [
		0.5136184096336365,
		0.321809858083725,
		-0.14738109707832336,
		0.9998618364334106
	],
	"25. left_eye": [
		0.5214654207229614,
		0.3093424141407013,
		-0.14686718583106995,
		0.999808669090271
	],
	"26. right_eye": [
		0.5143106579780579,
		0.3101483881473541,
		-0.12834982573986053,
		0.9996112585067749
	],
	"27. left_ear": [
		0.5347129106521606,
		0.3158632218837738,
		-0.11415690183639526,
		0.9997723698616028
	],
	"28. right_ear": [
		0.5188405513763428,
		0.3165205717086792,
		-0.027396684512495995,
		0.9989109635353088
	],
	"time stamp": 23
}