{
	"1. left_hip": [
		0.5099695920944214,
		0.5924283266067505,
		-0.0879824236035347,
		0.9997614026069641
	],
	"2. left_knee": [
		0.45138055086135864,
		0.6913971304893494,
		-0.14997921884059906,
		0.9836010336875916
	],
	"3. left_ankle": [
		0.4210239052772522,
		0.836029589176178,
		-0.13943226635456085,
		0.9926046133041382
	],
	"6. right_hip": [
		0.489507794380188,
		0.5811517238616943,
		0.08810237795114517,
		0.9993845820426941
	],
	"7. right_knee": [
		0.46846598386764526,
		0.7115293145179749,
		0.06841181963682175,
		0.8540080189704895
	],
	"8. right_ankle": [
		0.49808940291404724,
		0.8412463665008545,
		0.12007337808609009,
		0.9358614087104797
	],
	"14. left_shoulder": [
		0.5512556433677673,
		0.4045288562774658,
		-0.13428229093551636,
		0.9998054504394531
	],
	"15. left_elbow": [
		0.577269434928894,
		0.49891209602355957,
		-0.1749381124973297,
		0.9562798142433167
	],
	"16. left_wrist": [
		0.5757007002830505,
		0.5889590978622437,
		-0.20670004189014435,
		0.9181916117668152
	],
	"19. right_shoulder": [
		0.5102338194847107,
		0.3937637209892273,
		0.10778350383043289,
		0.9984527230262756
	],
	"20. right_elbow": [
		0.4953359365463257,
		0.4730125069618225,
		0.15073980391025543,
		0.19965164363384247
	],
	"21. right_wrist": [
		0.4799398183822632,
		0.5323715806007385,
		0.053705453872680664,
		0.24006302654743195
	],
	"24. nose": [
		0.5117907524108887,
		0.33369123935699463,
		-0.12951162457466125,
		0.9998717904090881
	],
	"25. left_eye": [
		0.5191687941551208,
		0.32043570280075073,
		-0.13192424178123474,
		0.999823808670044
	],
	"26. right_eye": [
		0.5124975442886353,
		0.32192564010620117,
		-0.10939161479473114,
		0.9996373057365417
	],
	"27. left_ear": [
		0.5327235460281372,
		0.3256074786186218,
		-0.10897175967693329,
		0.999792754650116
	],
	"28. right_ear": [
		0.5177934765815735,
		0.3271341621875763,
		-0.007940420880913734,
		0.9989827275276184
	],
	"time stamp": 23
}