{
	"1. left_hip": [
		0.5070235729217529,
		0.597412645816803,
		-0.08429022878408432,
		0.9997700452804565
	],
	"2. left_knee": [
		0.45074087381362915,
		0.6999381184577942,
		-0.1434558928012848,
		0.9742427468299866
	],
	"3. left_ankle": [
		0.4081770181655884,
		0.8441585302352905,
		-0.1492307186126709,
		0.9920158982276917
	],
	"6. right_hip": [
		0.48632264137268066,
		0.5864675045013428,
		0.08438362926244736,
		0.9993303418159485
	],
	"7. right_knee": [
		0.4682735204696655,
		0.72041255235672,
		0.06599212437868118,
		0.8152405023574829
	],
	"8. right_ankle": [
		0.4975228011608124,
		0.8444739580154419,
		0.12000375241041183,
		0.9256965517997742
	],
	"14. left_shoulder": [
		0.5517544746398926,
		0.4139670133590698,
		-0.13032804429531097,
		0.9998247027397156
	],
	"15. left_elbow": [
		0.579559862613678,
		0.5105780959129333,
		-0.16494961082935333,
		0.9606062173843384
	],
	"16. left_wrist": [
		0.5721065998077393,
		0.5986824631690979,
		-0.2028197944164276,
		0.9256776571273804
	],
	"19. right_shoulder": [
		0.508659839630127,
		0.4005792438983917,
		0.09943795204162598,
		0.998544454574585
	],
	"20. right_elbow": [
		0.4890580475330353,
		0.47474730014801025,
		0.14004771411418915,
		0.19705699384212494
	],
	"21. right_wrist": [
		0.4649074375629425,
		0.5285903811454773,
		0.04228327423334122,
		0.24339206516742706
	],
	"24. nose": [
		0.5110316276550293,
		0.34310129284858704,
		-0.13511882722377777,
		0.9998830556869507
	],
	"25. left_eye": [
		0.5181761384010315,
		0.32964271306991577,
		-0.13684570789337158,
		0.999839723110199
	],
	"26. right_eye": [
		0.5109431147575378,
		0.3316750228404999,
		-0.1151040643453598,
		0.9996688365936279
	],
	"27. left_ear": [
		0.5319021940231323,
		0.33326467871665955,
		-0.11018407344818115,
		0.9998124241828918
	],
	"28. right_ear": [
		0.5162261724472046,
		0.3358120620250702,
		-0.012551918625831604,
		0.9990700483322144
	],
	"time stamp": 23
}