{
	"1. left_hip": [
		0.5031896233558655,
		0.6023752689361572,
		-0.08265567570924759,
		0.9997825026512146
	],
	"2. left_knee": [
		0.4475238621234894,
		0.7132329344749451,
		-0.13580827414989471,
		0.9699692130088806
	],
	"3. left_ankle": [
		0.4060113728046417,
		0.8521799445152283,
		-0.13306406140327454,
		0.9917221665382385
	],
	"6. right_hip": [
		0.48169124126434326,
		0.5911767482757568,
		0.08274704217910767,
		0.9993201494216919
	],
	"7. right_knee": [
		0.4659700095653534,
		0.7240791916847229,
		0.0657540038228035,
		0.7958229780197144
	],
	"8. right_ankle": [
		0.49635353684425354,
		0.8464356064796448,
		0.10266484320163727,
		0.922200083732605
	],
	"14. left_shoulder": [
		0.5517561435699463,
		0.42065367102622986,
		-0.10426273941993713,
		0.99984210729599
	],
	"15. left_elbow": [
		0.5790475606918335,
		0.5148534774780273,
		-0.14080683887004852,
		0.9645007848739624
	],
	"16. left_wrist": [
		0.5699864029884338,
		0.5956396460533142,
		-0.18655666708946228,
		0.9324864149093628
	],
	"19. right_shoulder": [
		0.5071436762809753,
		0.40893325209617615,
		0.12079566717147827,
		0.998640239238739
	],
	"20. right_elbow": [
		0.48690301179885864,
		0.4790388345718384,
		0.15224425494670868,
		0.19124068319797516
	],
	"21. right_wrist": [
		0.4649001359939575,
		0.5266615748405457,
		0.037637706845998764,
		0.246828094124794
	],
	"24. nose": [
		0.5112874507904053,
		0.3519090712070465,
		-0.12377700209617615,
		0.9998940229415894
	],
	"25. left_eye": [
		0.5185969471931458,
		0.3377205729484558,
		-0.12322496622800827,
		0.9998550415039062
	],
	"26. right_eye": [
		0.5103211402893066,
		0.34065455198287964,
		-0.10247502475976944,
		0.9996997714042664
	],
	"27. left_ear": [
		0.5315624475479126,
		0.3408419191837311,
		-0.08624754101037979,
		0.9998307824134827
	],
	"28. right_ear": [
		0.5142949223518372,
		0.34435969591140747,
		0.006476555019617081,
		0.9991570711135864
	],
	"time stamp": 23
}