{
	"1. left_hip": [
		0.5004397034645081,
		0.6067169904708862,
		-0.08250805735588074,
		0.9997997283935547
	],
	"2. left_knee": [
		0.4444141387939453,
		0.721225917339325,
		-0.14639487862586975,
		0.9715896844863892
	],
	"3. left_ankle": [
		0.40383031964302063,
		0.8577032089233398,
		-0.15579916536808014,
		0.9923096895217896
	],
	"6. right_hip": [
		0.4804230332374573,
		0.5953562259674072,
		0.08261159062385559,
		0.999350368976593
	],
	"7. right_knee": [
		0.46495679020881653,
		0.7287226915359497,
		0.08677410334348679,
		0.7963656187057495
	],
	"8. right_ankle": [
		0.4964999258518219,
		0.8499549627304077,
		0.13623057305812836,
		0.9251428842544556
	],
	"14. left_shoulder": [
		0.5506001114845276,
		0.42415499687194824,
		-0.09456059336662292,
		0.9998577833175659
	],
	"15. left_elbow": [
		0.576000988483429,
		0.5130484104156494,
		-0.14266423881053925,
		0.9679816365242004
	],
	"16. left_wrist": [
		0.5663757920265198,
		0.6036811470985413,
		-0.18513162434101105,
		0.9381954669952393
	],
	"19. right_shoulder": [
		0.5054914355278015,
		0.41510623693466187,
		0.13162577152252197,
		0.9987538456916809
	],
	"20. right_elbow": [
		0.48840299248695374,
		0.48211872577667236,
		0.14726965129375458,
		0.1890469491481781
	],
	"21. right_wrist": [
		0.4698711037635803,
		0.5293662548065186,
		0.027179483324289322,
		0.25366801023483276
	],
	"24. nose": [
		0.5087369680404663,
		0.3586580157279968,
		-0.08293349295854568,
		0.9999037981033325
	],
	"25. left_eye": [
		0.5155316591262817,
		0.3443347215652466,
		-0.08768642693758011,
		0.9998687505722046
	],
	"26. right_eye": [
		0.5082429647445679,
		0.34731525182724,
		-0.06456886231899261,
		0.9997275471687317
	],
	"27. left_ear": [
		0.5284233689308167,
		0.34675684571266174,
		-0.07086515426635742,
		0.9998472929000854
	],
	"28. right_ear": [
		0.5134553909301758,
		0.35116130113601685,
		0.03259748965501785,
		0.9992359280586243
	],
	"time stamp": 23
}