{
	"1. left_hip": [
		0.501158595085144,
		0.6063750982284546,
		-0.08450988680124283,
		0.99981689453125
	],
	"2. left_knee": [
		0.44133898615837097,
		0.7201708555221558,
		-0.17233175039291382,
		0.9741261005401611
	],
	"3. left_ankle": [
		0.40562933683395386,
		0.8565739989280701,
		-0.19592422246932983,
		0.9929414987564087
	],
	"6. right_hip": [
		0.48305630683898926,
		0.5973928570747375,
		0.08469943702220917,
		0.9993825554847717
	],
	"7. right_knee": [
		0.4646088778972626,
		0.7292864322662354,
		0.11260949075222015,
		0.7968504428863525
	],
	"8. right_ankle": [
		0.49671855568885803,
		0.8497137427330017,
		0.18033966422080994,
		0.9285499453544617
	],
	"14. left_shoulder": [
		0.5488009452819824,
		0.4224046468734741,
		-0.08346913009881973,
		0.9998719692230225
	],
	"15. left_elbow": [
		0.5737865567207336,
		0.5090640783309937,
		-0.13786643743515015,
		0.971135675907135
	],
	"16. left_wrist": [
		0.5631584525108337,
		0.5909333229064941,
		-0.18434631824493408,
		0.9437838792800903
	],
	"19. right_shoulder": [
		0.5045401453971863,
		0.4160059094429016,
		0.14541345834732056,
		0.9988448023796082
	],
	"20. right_elbow": [
		0.4912680387496948,
		0.4873427152633667,
		0.16294756531715393,
		0.1757010966539383
	],
	"21. right_wrist": [
		0.48650169372558594,
		0.52774977684021,
		0.03806320205330849,
		0.24587863683700562
	],
	"24. nose": [
		0.5068985223770142,
		0.3577570915222168,
		-0.07015524059534073,
		0.9999125003814697
	],
	"25. left_eye": [
		0.5138106346130371,
		0.3440205156803131,
		-0.07526887208223343,
		0.9998810887336731
	],
	"26. right_eye": [
		0.5065959692001343,
		0.3472338020801544,
		-0.052716951817274094,
		0.9997521638870239
	],
	"27. left_ear": [
		0.5261785387992859,
		0.3463438153266907,
		-0.056476738303899765,
		0.9998622536659241
	],
	"28. right_ear": [
		0.5119158029556274,
		0.35153889656066895,
		0.04452325031161308,
		0.9993069171905518
	],
	"time stamp": 23
}