{
	"1. left_hip": [
		0.5000279545783997,
		0.6041978001594543,
		-0.08451297134160995,
		0.9998239278793335
	],
	"2. left_knee": [
		0.4432530403137207,
		0.7188786864280701,
		-0.17059490084648132,
		0.9759897589683533
	],
	"3. left_ankle": [
		0.40952858328819275,
		0.8550810217857361,
		-0.18131865561008453,
		0.9934259653091431
	],
	"6. right_hip": [
		0.47993704676628113,
		0.5958990454673767,
		0.0847058892250061,
		0.999329686164856
	],
	"7. right_knee": [
		0.46349674463272095,
		0.7275569438934326,
		0.1113135889172554,
		0.7926145792007446
	],
	"8. right_ankle": [
		0.4968421161174774,
		0.8481240272521973,
		0.19290776550769806,
		0.9302586317062378
	],
	"14. left_shoulder": [
		0.5476581454277039,
		0.42125824093818665,
		-0.0884927436709404,
		0.9998843669891357
	],
	"15. left_elbow": [
		0.5707566738128662,
		0.5134196877479553,
		-0.14913876354694366,
		0.9739203453063965
	],
	"16. left_wrist": [
		0.5613247156143188,
		0.591314971446991,
		-0.18453043699264526,
		0.9471823573112488
	],
	"19. right_shoulder": [
		0.5009397864341736,
		0.4128826856613159,
		0.11195994913578033,
		0.9988831281661987
	],
	"20. right_elbow": [
		0.4924369156360626,
		0.48993173241615295,
		0.13044895231723785,
		0.16481135785579681
	],
	"21. right_wrist": [
		0.4873862564563751,
		0.5507344007492065,
		0.009586824104189873,
		0.233602836728096
	],
	"24. nose": [
		0.5045334696769714,
		0.3531735837459564,
		-0.09896582365036011,
		0.9999119639396667
	],
	"25. left_eye": [
		0.5114980936050415,
		0.3402132987976074,
		-0.09688612073659897,
		0.999884307384491
	],
	"26. right_eye": [
		0.5043478608131409,
		0.3425484895706177,
		-0.07912686467170715,
		0.9997510313987732
	],
	"27. left_ear": [
		0.5239257216453552,
		0.3437621593475342,
		-0.0863298773765564,
		0.9998712539672852
	],
	"28. right_ear": [
		0.5100992321968079,
		0.3478715717792511,
		0.02674451842904091,
		0.999312698841095
	],
	"time stamp": 23
}