{
	"1. left_hip": [
		0.5016502737998962,
		0.6027133464813232,
		-0.0840839073061943,
		0.9998310208320618
	],
	"2. left_knee": [
		0.4459691643714905,
		0.7167529463768005,
		-0.17685635387897491,
		0.9775009155273438
	],
	"3. left_ankle": [
		0.41624051332473755,
		0.8549314141273499,
		-0.19616247713565826,
		0.9938191175460815
	],
	"6. right_hip": [
		0.4813864827156067,
		0.5957332849502563,
		0.08426184207201004,
		0.999260425567627
	],
	"7. right_knee": [
		0.46375957131385803,
		0.725605845451355,
		0.09430323541164398,
		0.7829605937004089
	],
	"8. right_ankle": [
		0.4965899586677551,
		0.8472651839256287,
		0.16696354746818542,
		0.9305518269538879
	],
	"14. left_shoulder": [
		0.5453449487686157,
		0.4179011881351471,
		-0.0896773710846901,
		0.9998955726623535
	],
	"15. left_elbow": [
		0.5669524073600769,
		0.5086846351623535,
		-0.1355016529560089,
		0.976327121257782
	],
	"16. left_wrist": [
		0.5604389309883118,
		0.5853428840637207,
		-0.18061061203479767,
		0.9491956830024719
	],
	"19. right_shoulder": [
		0.49936017394065857,
		0.4108375012874603,
		0.1119205430150032,
		0.9988301992416382
	],
	"20. right_elbow": [
		0.49320849776268005,
		0.48770371079444885,
		0.11532193422317505,
		0.15168091654777527
	],
	"21. right_wrist": [
		0.49305063486099243,
		0.5431604385375977,
		-0.034633196890354156,
		0.21828171610832214
	],
	"24. nose": [
		0.5037583112716675,
		0.3514198958873749,
		-0.10503949970006943,
		0.9999139308929443
	],
	"25. left_eye": [
		0.5108621716499329,
		0.33818915486335754,
		-0.10755505412817001,
		0.9998897314071655
	],
	"26. right_eye": [
		0.5025967359542847,
		0.340728223323822,
		-0.0859111025929451,
		0.9997546672821045
	],
	"27. left_ear": [
		0.5223075151443481,
		0.34203892946243286,
		-0.0798528864979744,
		0.9998812079429626
	],
	"28. right_ear": [
		0.5067344307899475,
		0.3459241986274719,
		0.01324324682354927,
		0.9993179440498352
	],
	"time stamp": 23
}