{
	"1. left_hip": [
		0.5044532418251038,
		0.6000446081161499,
		-0.08397503942251205,
		0.9998241066932678
	],
	"2. left_knee": [
		0.45285001397132874,
		0.7136350274085999,
		-0.15040071308612823,
		0.9791918396949768
	],
	"3. left_ankle": [
		0.4443763792514801,
		0.853655219078064,
		-0.13400696218013763,
		0.9940363764762878
	],
	"6. right_hip": [
		0.48359617590904236,
		0.5935176610946655,
		0.0841171145439148,
		0.999224066734314
	],
	"7. right_knee": [
		0.4650161564350128,
		0.7204424738883972,
		0.05802660062909126,
		0.791914165019989
	],
	"8. right_ankle": [
		0.49666714668273926,
		0.8459724187850952,
		0.09674079716205597,
		0.9338522553443909
	],
	"14. left_shoulder": [
		0.5425285696983337,
		0.41500887274742126,
		-0.08159062266349792,
		0.9999052286148071
	],
	"15. left_elbow": [
		0.5654593110084534,
		0.4912714660167694,
		-0.14483524858951569,
		0.9782997965812683
	],
	"16. left_wrist": [
		0.5597611665725708,
		0.5547387003898621,
		-0.2402937263250351,
		0.9498384594917297
	],
	"19. right_shoulder": [
		0.49706926941871643,
		0.4096236824989319,
		0.11469534039497375,
		0.9988628625869751
	],
	"20. right_elbow": [
		0.49364587664604187,
		0.49131304025650024,
		0.12011313438415527,
		0.13967807590961456
	],
	"21. right_wrist": [
		0.5016534924507141,
		0.5417953729629517,
		-0.008315976709127426,
		0.20442615449428558
	],
	"24. nose": [
		0.49886414408683777,
		0.3495098352432251,
		-0.10314850509166718,
		0.9999157786369324
	],
	"25. left_eye": [
		0.5064777135848999,
		0.33698198199272156,
		-0.10381121933460236,
		0.9998964667320251
	],
	"26. right_eye": [
		0.4977068603038788,
		0.33933737874031067,
		-0.08516079187393188,
		0.9997677206993103
	],
	"27. left_ear": [
		0.5176114439964294,
		0.34090185165405273,
		-0.06775040179491043,
		0.9998910427093506
	],
	"28. right_ear": [
		0.501710057258606,
		0.34404104948043823,
		0.016768045723438263,
		0.9993676543235779
	],
	"time stamp": 23
}