{
	"1. left_hip": [
		0.5059096813201904,
		0.5936838388442993,
		-0.08348952233791351,
		0.9997942447662354
	],
	"2. left_knee": [
		0.45786920189857483,
		0.7112826108932495,
		-0.14105959236621857,
		0.980505108833313
	],
	"3. left_ankle": [
		0.48124387860298157,
		0.8526484370231628,
		-0.12990480661392212,
		0.9938197135925293
	],
	"6. right_hip": [
		0.483921080827713,
		0.5873503684997559,
		0.08359157294034958,
		0.9991531372070312
	],
	"7. right_knee": [
		0.4671478271484375,
		0.7134873270988464,
		0.033677343279123306,
		0.7984855771064758
	],
	"8. right_ankle": [
		0.49476897716522217,
		0.8444671034812927,
		0.05841110646724701,
		0.934729814529419
	],
	"14. left_shoulder": [
		0.5377349853515625,
		0.4048062264919281,
		-0.078386589884758,
		0.9999123811721802
	],
	"15. left_elbow": [
		0.5636105537414551,
		0.47606316208839417,
		-0.14653894305229187,
		0.9799944758415222
	],
	"16. left_wrist": [
		0.5608882308006287,
		0.5352320075035095,
		-0.23486220836639404,
		0.9489683508872986
	],
	"19. right_shoulder": [
		0.4956434369087219,
		0.4046946167945862,
		0.11321298032999039,
		0.9988754391670227
	],
	"20. right_elbow": [
		0.4942898452281952,
		0.48948758840560913,
		0.12210649251937866,
		0.12967777252197266
	],
	"21. right_wrist": [
		0.5112752318382263,
		0.5419356226921082,
		-0.00025766497128643095,
		0.19206970930099487
	],
	"24. nose": [
		0.49493834376335144,
		0.3477901220321655,
		-0.10525459051132202,
		0.9999021291732788
	],
	"25. left_eye": [
		0.5022852420806885,
		0.3336022198200226,
		-0.10537991672754288,
		0.9998895525932312
	],
	"26. right_eye": [
		0.49391141533851624,
		0.33636221289634705,
		-0.08745677769184113,
		0.9997535347938538
	],
	"27. left_ear": [
		0.5137274861335754,
		0.3365442156791687,
		-0.06678946316242218,
		0.9998934864997864
	],
	"28. right_ear": [
		0.4984826147556305,
		0.3406611680984497,
		0.0155576067045331,
		0.9993668794631958
	],
	"time stamp": 23
}