{
	"1. left_hip": [
		0.5061484575271606,
		0.5889012813568115,
		-0.08336056023836136,
		0.999755859375
	],
	"2. left_knee": [
		0.472665935754776,
		0.7110998630523682,
		-0.12382124364376068,
		0.9812226891517639
	],
	"3. left_ankle": [
		0.5013303756713867,
		0.8502315282821655,
		-0.10336903482675552,
		0.9935606718063354
	],
	"6. right_hip": [
		0.4868614673614502,
		0.581960141658783,
		0.08347927778959274,
		0.999097466468811
	],
	"7. right_knee": [
		0.4707438051700592,
		0.708459198474884,
		0.03485887870192528,
		0.8052595257759094
	],
	"8. right_ankle": [
		0.49472543597221375,
		0.8359909057617188,
		0.06710457801818848,
		0.9340205192565918
	],
	"14. left_shoulder": [
		0.5329407453536987,
		0.39417168498039246,
		-0.08407323062419891,
		0.9999187588691711
	],
	"15. left_elbow": [
		0.562200129032135,
		0.46079763770103455,
		-0.1662789136171341,
		0.9814333915710449
	],
	"16. left_wrist": [
		0.5638058185577393,
		0.518827497959137,
		-0.2633971571922302,
		0.9482278227806091
	],
	"19. right_shoulder": [
		0.49569669365882874,
		0.3970068097114563,
		0.1156584769487381,
		0.9988702535629272
	],
	"20. right_elbow": [
		0.5018213391304016,
		0.4772084057331085,
		0.12280277907848358,
		0.12028495222330093
	],
	"21. right_wrist": [
		0.5185178518295288,
		0.5357681512832642,
		0.002964280778542161,
		0.17989209294319153
	],
	"24. nose": [
		0.49139806628227234,
		0.34298428893089294,
		-0.10464149713516235,
		0.9998975992202759
	],
	"25. left_eye": [
		0.49905645847320557,
		0.32815101742744446,
		-0.10549016296863556,
		0.9998883008956909
	],
	"26. right_eye": [
		0.4904792904853821,
		0.3294660449028015,
		-0.08691001683473587,
		0.999751091003418
	],
	"27. left_ear": [
		0.5104157328605652,
		0.3319632411003113,
		-0.06936846673488617,
		0.9998989105224609
	],
	"28. right_ear": [
		0.4952991306781769,
		0.3331179618835449,
		0.016983525827527046,
		0.9993829727172852
	],
	"time stamp": 23
}