{
	"1. left_hip": [
		0.5111415386199951,
		0.5831594467163086,
		-0.0807471051812172,
		0.9997530579566956
	],
	"2. left_knee": [
		0.4897981584072113,
		0.7122156620025635,
		-0.12879811227321625,
		0.9826295375823975
	],
	"3. left_ankle": [
		0.5238327980041504,
		0.8489712476730347,
		-0.08938083052635193,
		0.9939457774162292
	],
	"6. right_hip": [
		0.48835691809654236,
		0.579765796661377,
		0.08079004287719727,
		0.9991145133972168
	],
	"7. right_knee": [
		0.4718979597091675,
		0.7085936069488525,
		0.022027434781193733,
		0.8186062574386597
	],
	"8. right_ankle": [
		0.49521952867507935,
		0.8364616632461548,
		0.07385268062353134,
		0.9382924437522888
	],
	"14. left_shoulder": [
		0.5278260707855225,
		0.38333380222320557,
		-0.08982361853122711,
		0.999925971031189
	],
	"15. left_elbow": [
		0.5615163445472717,
		0.4477120339870453,
		-0.15424133837223053,
		0.9829011559486389
	],
	"16. left_wrist": [
		0.5646542310714722,
		0.5082389712333679,
		-0.2429117113351822,
		0.9498478174209595
	],
	"19. right_shoulder": [
		0.4944307208061218,
		0.3930708169937134,
		0.11441213637590408,
		0.9988782405853271
	],
	"20. right_elbow": [
		0.5065993070602417,
		0.4781329333782196,
		0.13481511175632477,
		0.110618457198143
	],
	"21. right_wrist": [
		0.5174316167831421,
		0.5363929867744446,
		0.03915201500058174,
		0.16904938220977783
	],
	"24. nose": [
		0.4873409569263458,
		0.33629465103149414,
		-0.12058452516794205,
		0.9999038577079773
	],
	"25. left_eye": [
		0.4955185651779175,
		0.32221999764442444,
		-0.11965588480234146,
		0.9998944401741028
	],
	"26. right_eye": [
		0.48636046051979065,
		0.32188642024993896,
		-0.1011975109577179,
		0.9997655749320984
	],
	"27. left_ear": [
		0.5069541931152344,
		0.32732972502708435,
		-0.07494417577981949,
		0.9999068379402161
	],
	"28. right_ear": [
		0.4901118874549866,
		0.32654744386672974,
		0.012135392986238003,
		0.9994211792945862
	],
	"time stamp": 23
}