{
	"1. left_hip": [
		0.5206243395805359,
		0.5843639969825745,
		-0.07670892030000687,
		0.999754786491394
	],
	"2. left_knee": [
		0.5258708000183105,
		0.7213273048400879,
		-0.08434580266475677,
		0.9841723442077637
	],
	"3. left_ankle": [
		0.5778315663337708,
		0.8400294780731201,
		-0.011670724488794804,
		0.9944038987159729
	],
	"6. right_hip": [
		0.49472957849502563,
		0.5824825167655945,
		0.07674762606620789,
		0.9991826415061951
	],
	"7. right_knee": [
		0.47582441568374634,
		0.7087332606315613,
		0.012312625534832478,
		0.8359205722808838
	],
	"8. right_ankle": [
		0.4955332577228546,
		0.8373739719390869,
		0.07658378779888153,
		0.9440897107124329
	],
	"14. left_shoulder": [
		0.5215338468551636,
		0.37527865171432495,
		-0.10033180564641953,
		0.999931812286377
	],
	"15. left_elbow": [
		0.5576996803283691,
		0.42865580320358276,
		-0.20251253247261047,
		0.9838780164718628
	],
	"16. left_wrist": [
		0.5661973357200623,
		0.48718902468681335,
		-0.30068841576576233,
		0.9494184851646423
	],
	"19. right_shoulder": [
		0.49433577060699463,
		0.3884789049625397,
		0.11423620581626892,
		0.9989247918128967
	],
	"20. right_elbow": [
		0.5070144534111023,
		0.4722386300563812,
		0.1456603705883026,
		0.10105497390031815
	],
	"21. right_wrist": [
		0.5146194100379944,
		0.5295844078063965,
		0.08140879124403,
		0.15586629509925842
	],
	"24. nose": [
		0.4807940721511841,
		0.33190569281578064,
		-0.11772243678569794,
		0.9998999238014221
	],
	"25. left_eye": [
		0.48927849531173706,
		0.3177923560142517,
		-0.11851462721824646,
		0.9998832941055298
	],
	"26. right_eye": [
		0.48056283593177795,
		0.31676676869392395,
		-0.09919549524784088,
		0.9997355937957764
	],
	"27. left_ear": [
		0.5015091896057129,
		0.3231264054775238,
		-0.07955285161733627,
		0.9999056458473206
	],
	"28. right_ear": [
		0.4850134253501892,
		0.3208255171775818,
		0.011034255847334862,
		0.9993593096733093
	],
	"time stamp": 23
}