{
	"1. left_hip": [
		0.5272117853164673,
		0.5847340226173401,
		-0.07658761739730835,
		0.9997684955596924
	],
	"2. left_knee": [
		0.544136106967926,
		0.7258554100990295,
		-0.0885569155216217,
		0.9856125116348267
	],
	"3. left_ankle": [
		0.5973889827728271,
		0.8325737714767456,
		-0.00821884535253048,
		0.9948578476905823
	],
	"6. right_hip": [
		0.5013344287872314,
		0.5852941274642944,
		0.07663823664188385,
		0.999255895614624
	],
	"7. right_knee": [
		0.4790596663951874,
		0.7088887095451355,
		-0.007544397376477718,
		0.8516947627067566
	],
	"8. right_ankle": [
		0.49727943539619446,
		0.8375125527381897,
		0.06115260347723961,
		0.9494085311889648
	],
	"14. left_shoulder": [
		0.518291711807251,
		0.375221848487854,
		-0.11036355793476105,
		0.9999376535415649
	],
	"15. left_elbow": [
		0.5564213991165161,
		0.4267254173755646,
		-0.21582932770252228,
		0.9847270846366882
	],
	"16. left_wrist": [
		0.5672617554664612,
		0.48298072814941406,
		-0.31727367639541626,
		0.9488006830215454
	],
	"19. right_shoulder": [
		0.49351468682289124,
		0.38860273361206055,
		0.11207159608602524,
		0.9989832639694214
	],
	"20. right_elbow": [
		0.5118874311447144,
		0.47094547748565674,
		0.1595228910446167,
		0.09214424341917038
	],
	"21. right_wrist": [
		0.5197592973709106,
		0.522806704044342,
		0.10999111086130142,
		0.14343509078025818
	],
	"24. nose": [
		0.47859230637550354,
		0.3312988877296448,
		-0.12754960358142853,
		0.9999027848243713
	],
	"25. left_eye": [
		0.4871731698513031,
		0.317259281873703,
		-0.12810613214969635,
		0.9998836517333984
	],
	"26. right_eye": [
		0.47740456461906433,
		0.31692764163017273,
		-0.10830320417881012,
		0.9997356534004211
	],
	"27. left_ear": [
		0.4985933005809784,
		0.3222549557685852,
		-0.09096246212720871,
		0.9999098777770996
	],
	"28. right_ear": [
		0.48077040910720825,
		0.32065874338150024,
		0.004181941971182823,
		0.999367892742157
	],
	"time stamp": 23
}