{
	"1. left_hip": [
		0.536349892616272,
		0.5851786732673645,
		-0.07699906080961227,
		0.9997748732566833
	],
	"2. left_knee": [
		0.5650256872177124,
		0.7322583794593811,
		-0.09585966914892197,
		0.9869927167892456
	],
	"3. left_ankle": [
		0.6194266676902771,
		0.8337870836257935,
		-0.03837689757347107,
		0.9953262805938721
	],
	"6. right_hip": [
		0.5091157555580139,
		0.5899399518966675,
		0.0770675465464592,
		0.9993129372596741
	],
	"7. right_knee": [
		0.48035141825675964,
		0.7090833187103271,
		-0.012312846258282661,
		0.8661940097808838
	],
	"8. right_ankle": [
		0.49783897399902344,
		0.8387728333473206,
		0.06435900181531906,
		0.9542359113693237
	],
	"14. left_shoulder": [
		0.5165221691131592,
		0.37752583622932434,
		-0.12369590252637863,
		0.9999433755874634
	],
	"15. left_elbow": [
		0.5560207962989807,
		0.42654097080230713,
		-0.23115935921669006,
		0.9859287738800049
	],
	"16. left_wrist": [
		0.5702133178710938,
		0.48103490471839905,
		-0.3274901509284973,
		0.9517664909362793
	],
	"19. right_shoulder": [
		0.49407944083213806,
		0.38976386189460754,
		0.11234037578105927,
		0.9989980459213257
	],
	"20. right_elbow": [
		0.5143207907676697,
		0.4699423909187317,
		0.18205133080482483,
		0.08418634533882141
	],
	"21. right_wrist": [
		0.5233013033866882,
		0.5212900042533875,
		0.15551817417144775,
		0.1314912736415863
	],
	"24. nose": [
		0.4752193093299866,
		0.33408600091934204,
		-0.13492493331432343,
		0.9999059438705444
	],
	"25. left_eye": [
		0.48292315006256104,
		0.3191317021846771,
		-0.13613969087600708,
		0.9998862147331238
	],
	"26. right_eye": [
		0.4746115207672119,
		0.3181573450565338,
		-0.1154528334736824,
		0.9997391104698181
	],
	"27. left_ear": [
		0.49441778659820557,
		0.32262828946113586,
		-0.10178576409816742,
		0.9999155402183533
	],
	"28. right_ear": [
		0.4786095917224884,
		0.3214912414550781,
		-0.002042420208454132,
		0.9993915557861328
	],
	"time stamp": 23
}