{
	"1. left_hip": [
		0.5432666540145874,
		0.5858867764472961,
		-0.07704976946115494,
		0.9997718334197998
	],
	"2. left_knee": [
		0.5767732262611389,
		0.7294835448265076,
		-0.10314320027828217,
		0.9882498383522034
	],
	"3. left_ankle": [
		0.6332980990409851,
		0.8351831436157227,
		-0.03975944221019745,
		0.9957600235939026
	],
	"6. right_hip": [
		0.5152955651283264,
		0.5950489044189453,
		0.07712838798761368,
		0.9993500113487244
	],
	"7. right_knee": [
		0.4823625683784485,
		0.7092097997665405,
		-0.029749294742941856,
		0.8792141079902649
	],
	"8. right_ankle": [
		0.4979541599750519,
		0.8405856490135193,
		0.0367230623960495,
		0.9586032629013062
	],
	"14. left_shoulder": [
		0.513404905796051,
		0.38019198179244995,
		-0.12297677248716354,
		0.999947726726532
	],
	"15. left_elbow": [
		0.5534430742263794,
		0.4289284646511078,
		-0.2052953988313675,
		0.9868496656417847
	],
	"16. left_wrist": [
		0.5693745017051697,
		0.47912147641181946,
		-0.31545835733413696,
		0.9529844522476196
	],
	"19. right_shoulder": [
		0.49305710196495056,
		0.39573657512664795,
		0.11249549686908722,
		0.9988818764686584
	],
	"20. right_elbow": [
		0.5200108885765076,
		0.4838452637195587,
		0.1742635816335678,
		0.07690586894750595
	],
	"21. right_wrist": [
		0.5339105725288391,
		0.5378379821777344,
		0.11728136986494064,
		0.12066763639450073
	],
	"24. nose": [
		0.4728202223777771,
		0.3413727581501007,
		-0.14176201820373535,
		0.9999009370803833
	],
	"25. left_eye": [
		0.47914791107177734,
		0.32614418864250183,
		-0.14145855605602264,
		0.9998722672462463
	],
	"26. right_eye": [
		0.4721108675003052,
		0.32651981711387634,
		-0.12152671813964844,
		0.999713122844696
	],
	"27. left_ear": [
		0.4903295338153839,
		0.32848164439201355,
		-0.102947898209095,
		0.9999111890792847
	],
	"28. right_ear": [
		0.47677963972091675,
		0.3293662965297699,
		-0.006263686344027519,
		0.9993027448654175
	],
	"time stamp": 23
}