{
	"1. left_hip": [
		0.5552155375480652,
		0.6015138626098633,
		-0.07589317113161087,
		0.9997451901435852
	],
	"2. left_knee": [
		0.5959587097167969,
		0.7315340042114258,
		-0.1113809198141098,
		0.9893369674682617
	],
	"3. left_ankle": [
		0.6466582417488098,
		0.8464300632476807,
		-0.07183185964822769,
		0.9961114525794983
	],
	"6. right_hip": [
		0.5252120494842529,
		0.6131531000137329,
		0.07598883658647537,
		0.9993193745613098
	],
	"7. right_knee": [
		0.4850521981716156,
		0.7093622088432312,
		-0.02685682103037834,
		0.8907650113105774
	],
	"8. right_ankle": [
		0.49805742502212524,
		0.8407748937606812,
		0.05689968168735504,
		0.9621935486793518
	],
	"14. left_shoulder": [
		0.51480633020401,
		0.40445035696029663,
		-0.1218365728855133,
		0.9999497532844543
	],
	"15. left_elbow": [
		0.5545609593391418,
		0.4400310516357422,
		-0.21340329945087433,
		0.9870182871818542
	],
	"16. left_wrist": [
		0.5701318383216858,
		0.49017733335494995,
		-0.3158886730670929,
		0.9519614577293396
	],
	"19. right_shoulder": [
		0.49342525005340576,
		0.42542657256126404,
		0.10658328980207443,
		0.9984793663024902
	],
	"20. right_elbow": [
		0.5270170569419861,
		0.5090796947479248,
		0.17699411511421204,
		0.07008371502161026
	],
	"21. right_wrist": [
		0.5401763319969177,
		0.5549232959747314,
		0.14465826749801636,
		0.11029548943042755
	],
	"24. nose": [
		0.47216570377349854,
		0.3727185130119324,
		-0.16438156366348267,
		0.9998961687088013
	],
	"25. left_eye": [
		0.47838765382766724,
		0.3577643632888794,
		-0.16132839024066925,
		0.999860942363739
	],
	"26. right_eye": [
		0.4696819484233856,
		0.3612174987792969,
		-0.1425958275794983,
		0.9996976852416992
	],
	"27. left_ear": [
		0.489837646484375,
		0.35834813117980957,
		-0.11019840091466904,
		0.9999021887779236
	],
	"28. right_ear": [
		0.4734283685684204,
		0.36330902576446533,
		-0.019527295604348183,
		0.9992478489875793
	],
	"time stamp": 23
}