{
	"1. left_hip": [
		0.5625360608100891,
		0.6172791719436646,
		-0.07555586099624634,
		0.99967360496521
	],
	"2. left_knee": [
		0.6001856327056885,
		0.7390967607498169,
		-0.11626917868852615,
		0.9902505278587341
	],
	"3. left_ankle": [
		0.6491189002990723,
		0.8537694215774536,
		-0.07287313044071198,
		0.9963526725769043
	],
	"6. right_hip": [
		0.5312305688858032,
		0.625999391078949,
		0.07565838098526001,
		0.9992485046386719
	],
	"7. right_knee": [
		0.48634934425354004,
		0.7104764580726624,
		-0.02077549323439598,
		0.9010286331176758
	],
	"8. right_ankle": [
		0.4980308413505554,
		0.8421111106872559,
		0.06608865410089493,
		0.9652705788612366
	],
	"14. left_shoulder": [
		0.5137473344802856,
		0.42314520478248596,
		-0.11945592612028122,
		0.9999439716339111
	],
	"15. left_elbow": [
		0.5552135705947876,
		0.45393604040145874,
		-0.21120983362197876,
		0.9861075282096863
	],
	"16. left_wrist": [
		0.5715874433517456,
		0.4945739805698395,
		-0.3262728452682495,
		0.9436773657798767
	],
	"19. right_shoulder": [
		0.49160775542259216,
		0.4466938376426697,
		0.10005150735378265,
		0.9981768727302551
	],
	"20. right_elbow": [
		0.524107038974762,
		0.5381230115890503,
		0.15831106901168823,
		0.06551726162433624
	],
	"21. right_wrist": [
		0.5370553731918335,
		0.5995079278945923,
		0.10563081502914429,
		0.10313346236944199
	],
	"24. nose": [
		0.472192645072937,
		0.3899855315685272,
		-0.16609403491020203,
		0.9998695254325867
	],
	"25. left_eye": [
		0.4780780076980591,
		0.37443721294403076,
		-0.16231435537338257,
		0.9997849464416504
	],
	"26. right_eye": [
		0.4693334400653839,
		0.3787356913089752,
		-0.14443334937095642,
		0.9996222257614136
	],
	"27. left_ear": [
		0.48913300037384033,
		0.3753606975078583,
		-0.10887305438518524,
		0.9998177289962769
	],
	"28. right_ear": [
		0.4721972942352295,
		0.3815586566925049,
		-0.0220124963670969,
		0.9989731907844543
	],
	"time stamp": 23
}