{
	"1. left_hip": [
		0.5642622709274292,
		0.6198538541793823,
		-0.07588344812393188,
		0.9996905326843262
	],
	"2. left_knee": [
		0.5994120240211487,
		0.7453300356864929,
		-0.11827639490365982,
		0.9911119341850281
	],
	"3. left_ankle": [
		0.6501403450965881,
		0.8563549518585205,
		-0.07980557531118393,
		0.9966137409210205
	],
	"6. right_hip": [
		0.5322374701499939,
		0.6279486417770386,
		0.07599608600139618,
		0.9992759823799133
	],
	"7. right_knee": [
		0.48686909675598145,
		0.7099040746688843,
		-0.014634724706411362,
		0.9094924330711365
	],
	"8. right_ankle": [
		0.49747520685195923,
		0.8395713567733765,
		0.08949397504329681,
		0.9677533507347107
	],
	"14. left_shoulder": [
		0.512174665927887,
		0.4301057457923889,
		-0.11823608726263046,
		0.9999477863311768
	],
	"15. left_elbow": [
		0.5532693266868591,
		0.45743340253829956,
		-0.21692799031734467,
		0.9866125583648682
	],
	"16. left_wrist": [
		0.5734599232673645,
		0.493175208568573,
		-0.345022052526474,
		0.9459611773490906
	],
	"19. right_shoulder": [
		0.4840644896030426,
		0.4560243785381317,
		0.10085999220609665,
		0.9979684948921204
	],
	"20. right_elbow": [
		0.5210200548171997,
		0.5397487878799438,
		0.1597921997308731,
		0.061234232038259506
	],
	"21. right_wrist": [
		0.5316019654273987,
		0.6078409552574158,
		0.09831202775239944,
		0.09844685345888138
	],
	"24. nose": [
		0.47281065583229065,
		0.39339479804039,
		-0.16742080450057983,
		0.9998670816421509
	],
	"25. left_eye": [
		0.47909820079803467,
		0.38021498918533325,
		-0.1612960398197174,
		0.9997694492340088
	],
	"26. right_eye": [
		0.4692009389400482,
		0.38346192240715027,
		-0.14562605321407318,
		0.9996005296707153
	],
	"27. left_ear": [
		0.4894995093345642,
		0.3843081593513489,
		-0.10579630732536316,
		0.9997954964637756
	],
	"28. right_ear": [
		0.4690603017807007,
		0.3896041810512543,
		-0.02460651285946369,
		0.9988329410552979
	],
	"time stamp": 23
}