{
	"1. left_hip": [
		0.5644904375076294,
		0.6192560791969299,
		-0.0729273334145546,
		0.9996908903121948
	],
	"2. left_knee": [
		0.5961823463439941,
		0.7449838519096375,
		-0.12071927636861801,
		0.9918107390403748
	],
	"3. left_ankle": [
		0.6503229737281799,
		0.8569782972335815,
		-0.08740999549627304,
		0.9968276619911194
	],
	"6. right_hip": [
		0.5328485369682312,
		0.6274500489234924,
		0.07306577265262604,
		0.9992517828941345
	],
	"7. right_knee": [
		0.4872010350227356,
		0.7099295258522034,
		-0.013744015246629715,
		0.9163787364959717
	],
	"8. right_ankle": [
		0.49714261293411255,
		0.8403830528259277,
		0.0952751636505127,
		0.9697222113609314
	],
	"14. left_shoulder": [
		0.5123686194419861,
		0.43642187118530273,
		-0.12607845664024353,
		0.9999468326568604
	],
	"15. left_elbow": [
		0.5536999106407166,
		0.4651615023612976,
		-0.20186550915241241,
		0.9859606623649597
	],
	"16. left_wrist": [
		0.5735947489738464,
		0.4998071491718292,
		-0.3340170383453369,
		0.935168981552124
	],
	"19. right_shoulder": [
		0.47609853744506836,
		0.4628373086452484,
		0.057511232793331146,
		0.9979560971260071
	],
	"20. right_elbow": [
		0.5108609199523926,
		0.5342036485671997,
		0.0956076830625534,
		0.05814053490757942
	],
	"21. right_wrist": [
		0.5307519435882568,
		0.5948807001113892,
		-0.007169981952756643,
		0.09579005837440491
	],
	"24. nose": [
		0.46925172209739685,
		0.3989568054676056,
		-0.21198619902133942,
		0.9998676180839539
	],
	"25. left_eye": [
		0.47568148374557495,
		0.3862648010253906,
		-0.20321817696094513,
		0.9997634291648865
	],
	"26. right_eye": [
		0.4658590853214264,
		0.38777127861976624,
		-0.19068783521652222,
		0.9996138215065002
	],
	"27. left_ear": [
		0.4869668781757355,
		0.3896652162075043,
		-0.12884129583835602,
		0.9997835159301758
	],
	"28. right_ear": [
		0.4666398763656616,
		0.39389774203300476,
		-0.0684254989027977,
		0.9988545775413513
	],
	"time stamp": 23
}