{
	"1. left_hip": [
		0.5610030889511108,
		0.6166119575500488,
		-0.07094168663024902,
		0.9996929168701172
	],
	"2. left_knee": [
		0.5945166349411011,
		0.7423457503318787,
		-0.11555173993110657,
		0.9921806454658508
	],
	"3. left_ankle": [
		0.6471156477928162,
		0.8557494878768921,
		-0.06706070899963379,
		0.9968862533569336
	],
	"6. right_hip": [
		0.5287598967552185,
		0.626105010509491,
		0.07112056016921997,
		0.9992492198944092
	],
	"7. right_knee": [
		0.486250638961792,
		0.7101099491119385,
		-0.047982677817344666,
		0.9219157099723816
	],
	"8. right_ankle": [
		0.4968339502811432,
		0.8412471413612366,
		0.06296669691801071,
		0.9707319736480713
	],
	"14. left_shoulder": [
		0.508442759513855,
		0.439409464597702,
		-0.14257553219795227,
		0.9999483823776245
	],
	"15. left_elbow": [
		0.5492638349533081,
		0.46707093715667725,
		-0.21865607798099518,
		0.9856700897216797
	],
	"16. left_wrist": [
		0.5732421875,
		0.5003741979598999,
		-0.33537575602531433,
		0.9335158467292786
	],
	"19. right_shoulder": [
		0.46724024415016174,
		0.4652968645095825,
		0.04339466243982315,
		0.9980175495147705
	],
	"20. right_elbow": [
		0.49785393476486206,
		0.5363136529922485,
		0.09052256494760513,
		0.0571984238922596
	],
	"21. right_wrist": [
		0.5091245174407959,
		0.611494243144989,
		-0.00028681239928118885,
		0.09771116822957993
	],
	"24. nose": [
		0.4639664590358734,
		0.39999350905418396,
		-0.22211593389511108,
		0.9998637437820435
	],
	"25. left_eye": [
		0.47072428464889526,
		0.38633859157562256,
		-0.21360523998737335,
		0.9997411966323853
	],
	"26. right_eye": [
		0.4605942666530609,
		0.38784971833229065,
		-0.201043501496315,
		0.9996019601821899
	],
	"27. left_ear": [
		0.4838768243789673,
		0.3901538848876953,
		-0.1415759176015854,
		0.999745786190033
	],
	"28. right_ear": [
		0.4612727761268616,
		0.3938286304473877,
		-0.08264625072479248,
		0.9988083243370056
	],
	"time stamp": 23
}