{
	"1. left_hip": [
		0.5571951270103455,
		0.614784300327301,
		-0.07024703174829483,
		0.9996962547302246
	],
	"2. left_knee": [
		0.5907537937164307,
		0.7408894896507263,
		-0.1300770342350006,
		0.9926779866218567
	],
	"3. left_ankle": [
		0.6449000239372253,
		0.8555737733840942,
		-0.09469753503799438,
		0.9970073699951172
	],
	"6. right_hip": [
		0.5259401202201843,
		0.6232218146324158,
		0.07047119736671448,
		0.999229907989502
	],
	"7. right_knee": [
		0.48604491353034973,
		0.710106611251831,
		-0.030659768730401993,
		0.9259344339370728
	],
	"8. right_ankle": [
		0.49680620431900024,
		0.8409213423728943,
		0.08458726108074188,
		0.971501350402832
	],
	"14. left_shoulder": [
		0.5068793296813965,
		0.4401804208755493,
		-0.14957895874977112,
		0.9999496936798096
	],
	"15. left_elbow": [
		0.549772322177887,
		0.46828493475914,
		-0.2066335380077362,
		0.985859215259552
	],
	"16. left_wrist": [
		0.57179194688797,
		0.501629114151001,
		-0.2974277138710022,
		0.9302902221679688
	],
	"19. right_shoulder": [
		0.46055981516838074,
		0.46274036169052124,
		0.029418528079986572,
		0.998102605342865
	],
	"20. right_elbow": [
		0.48463815450668335,
		0.5395753979682922,
		0.08118554204702377,
		0.05685769021511078
	],
	"21. right_wrist": [
		0.4981938898563385,
		0.6126133799552917,
		-0.013053088448941708,
		0.09891101717948914
	],
	"24. nose": [
		0.46056658029556274,
		0.3945189118385315,
		-0.23834028840065002,
		0.9998697638511658
	],
	"25. left_eye": [
		0.4680008888244629,
		0.3811694383621216,
		-0.22875988483428955,
		0.9997500777244568
	],
	"26. right_eye": [
		0.4581025242805481,
		0.3839762806892395,
		-0.21693317592144012,
		0.9996262192726135
	],
	"27. left_ear": [
		0.4809006154537201,
		0.38638076186180115,
		-0.1534515917301178,
		0.9997507333755493
	],
	"28. right_ear": [
		0.4591335952281952,
		0.38994258642196655,
		-0.0992441177368164,
		0.9988845586776733
	],
	"time stamp": 23
}