{
	"1. left_hip": [
		0.55499267578125,
		0.611111044883728,
		-0.0685313493013382,
		0.9997079372406006
	],
	"2. left_knee": [
		0.5863745808601379,
		0.7381812334060669,
		-0.12596461176872253,
		0.9932413697242737
	],
	"3. left_ankle": [
		0.6419639587402344,
		0.8504894971847534,
		-0.06966966390609741,
		0.9971767663955688
	],
	"6. right_hip": [
		0.5220103859901428,
		0.6214648485183716,
		0.06877480447292328,
		0.9992590546607971
	],
	"7. right_knee": [
		0.4842238128185272,
		0.7104377150535583,
		-0.058928560465574265,
		0.931114673614502
	],
	"8. right_ankle": [
		0.49681681394577026,
		0.8408913612365723,
		0.05823170766234398,
		0.9730179905891418
	],
	"14. left_shoulder": [
		0.5055949687957764,
		0.4388045370578766,
		-0.1465907096862793,
		0.999951958656311
	],
	"15. left_elbow": [
		0.5490564703941345,
		0.46785393357276917,
		-0.19622117280960083,
		0.9863744378089905
	],
	"16. left_wrist": [
		0.5669068694114685,
		0.5017931461334229,
		-0.2882058322429657,
		0.9300478100776672
	],
	"19. right_shoulder": [
		0.45450708270072937,
		0.4573514759540558,
		0.02461608126759529,
		0.9981774091720581
	],
	"20. right_elbow": [
		0.4888750910758972,
		0.5325155854225159,
		0.07084420323371887,
		0.05432220920920372
	],
	"21. right_wrist": [
		0.5046057105064392,
		0.5993027091026306,
		-0.03751426935195923,
		0.09586178511381149
	],
	"24. nose": [
		0.4590066373348236,
		0.39271432161331177,
		-0.24917279183864594,
		0.9998747706413269
	],
	"25. left_eye": [
		0.4663145840167999,
		0.3795076012611389,
		-0.23834390938282013,
		0.9997580647468567
	],
	"26. right_eye": [
		0.4556804299354553,
		0.38153892755508423,
		-0.22866584360599518,
		0.9996456503868103
	],
	"27. left_ear": [
		0.4777088761329651,
		0.3847687542438507,
		-0.1545790731906891,
		0.9997578859329224
	],
	"28. right_ear": [
		0.45530298352241516,
		0.38741031289100647,
		-0.10993657261133194,
		0.9989472031593323
	],
	"time stamp": 23
}