{
	"1. left_hip": [
		0.5507494807243347,
		0.6074382066726685,
		-0.06396719813346863,
		0.9997079372406006
	],
	"2. left_knee": [
		0.5816963911056519,
		0.7334023118019104,
		-0.11871880292892456,
		0.9938036203384399
	],
	"3. left_ankle": [
		0.6364396810531616,
		0.8446035385131836,
		-0.06656397879123688,
		0.9973717927932739
	],
	"6. right_hip": [
		0.514779269695282,
		0.6206907629966736,
		0.06411919742822647,
		0.9992627501487732
	],
	"7. right_knee": [
		0.4795520305633545,
		0.7113896608352661,
		-0.04192282631993294,
		0.9360235929489136
	],
	"8. right_ankle": [
		0.4965136647224426,
		0.840516209602356,
		0.08196601271629333,
		0.9748995900154114
	],
	"14. left_shoulder": [
		0.5036584138870239,
		0.4360622465610504,
		-0.14740242063999176,
		0.9999479651451111
	],
	"15. left_elbow": [
		0.5488123297691345,
		0.4692656695842743,
		-0.12089906632900238,
		0.9867575168609619
	],
	"16. left_wrist": [
		0.5606117248535156,
		0.5138236284255981,
		-0.13291816413402557,
		0.9229233264923096
	],
	"19. right_shoulder": [
		0.45185530185699463,
		0.45304256677627563,
		0.006952209398150444,
		0.9982377886772156
	],
	"20. right_elbow": [
		0.48041337728500366,
		0.5315778851509094,
		0.06549486517906189,
		0.05298003926873207
	],
	"21. right_wrist": [
		0.4979177415370941,
		0.5919849276542664,
		-0.032353173941373825,
		0.09260707348585129
	],
	"24. nose": [
		0.45706790685653687,
		0.39022204279899597,
		-0.2585316002368927,
		0.9998731017112732
	],
	"25. left_eye": [
		0.46399515867233276,
		0.3770410418510437,
		-0.2494836002588272,
		0.9997443556785583
	],
	"26. right_eye": [
		0.45358285307884216,
		0.37876462936401367,
		-0.24036084115505219,
		0.9996515512466431
	],
	"27. left_ear": [
		0.47557327151298523,
		0.38200339674949646,
		-0.16912108659744263,
		0.9997438192367554
	],
	"28. right_ear": [
		0.45329582691192627,
		0.38420554995536804,
		-0.1274608075618744,
		0.9989610314369202
	],
	"time stamp": 23
}