{
	"1. left_hip": [
		0.5422055721282959,
		0.5986863374710083,
		-0.04844186455011368,
		0.9996721148490906
	],
	"2. left_knee": [
		0.5653384923934937,
		0.7228506207466125,
		-0.07367270439863205,
		0.9938009977340698
	],
	"3. left_ankle": [
		0.6101409792900085,
		0.8225468993186951,
		0.0767555683851242,
		0.9971044063568115
	],
	"6. right_hip": [
		0.5028413534164429,
		0.6204010248184204,
		0.04852606728672981,
		0.9993029832839966
	],
	"7. right_knee": [
		0.47291916608810425,
		0.7147186994552612,
		-0.12875543534755707,
		0.9411027431488037
	],
	"8. right_ankle": [
		0.4961828887462616,
		0.8406289219856262,
		0.009242579340934753,
		0.9767930507659912
	],
	"14. left_shoulder": [
		0.5021055936813354,
		0.4335702657699585,
		-0.15141816437244415,
		0.9999117255210876
	],
	"15. left_elbow": [
		0.5470737218856812,
		0.4732421040534973,
		-0.10603254288434982,
		0.986432671546936
	],
	"16. left_wrist": [
		0.5437667369842529,
		0.5291182398796082,
		-0.10123562067747116,
		0.9092867374420166
	],
	"19. right_shoulder": [
		0.4441934823989868,
		0.45069801807403564,
		-0.039142906665802,
		0.998351514339447
	],
	"20. right_elbow": [
		0.46451568603515625,
		0.5298430919647217,
		0.029214540496468544,
		0.056305646896362305
	],
	"21. right_wrist": [
		0.484626829624176,
		0.5774698257446289,
		-0.034487977623939514,
		0.08903656899929047
	],
	"24. nose": [
		0.4550756812095642,
		0.3812553286552429,
		-0.27806952595710754,
		0.9998523592948914
	],
	"25. left_eye": [
		0.46298256516456604,
		0.37300905585289,
		-0.26679176092147827,
		0.9996575117111206
	],
	"26. right_eye": [
		0.4521409571170807,
		0.37004169821739197,
		-0.260307639837265,
		0.9996118545532227
	],
	"27. left_ear": [
		0.47502991557121277,
		0.38118335604667664,
		-0.18341730535030365,
		0.9995839595794678
	],
	"28. right_ear": [
		0.4507211744785309,
		0.37726834416389465,
		-0.15521878004074097,
		0.9988650679588318
	],
	"time stamp": 23
}