{
	"1. left_hip": [
		0.5336821675300598,
		0.5953291058540344,
		-0.045307908207178116,
		0.9996466040611267
	],
	"2. left_knee": [
		0.5546049475669861,
		0.7236798405647278,
		-0.03106461837887764,
		0.99368816614151
	],
	"3. left_ankle": [
		0.589847207069397,
		0.818202555179596,
		0.1491485834121704,
		0.9968506097793579
	],
	"6. right_hip": [
		0.4943510890007019,
		0.6202935576438904,
		0.04539310932159424,
		0.9993571639060974
	],
	"7. right_knee": [
		0.47046002745628357,
		0.7185603380203247,
		-0.14698286354541779,
		0.9461629986763
	],
	"8. right_ankle": [
		0.4958116114139557,
		0.8408420085906982,
		-0.015432198531925678,
		0.9786455631256104
	],
	"14. left_shoulder": [
		0.500459611415863,
		0.43271297216415405,
		-0.15442952513694763,
		0.9998793601989746
	],
	"15. left_elbow": [
		0.5425134301185608,
		0.4746021628379822,
		-0.09913833439350128,
		0.9857043027877808
	],
	"16. left_wrist": [
		0.5386258363723755,
		0.5266104936599731,
		-0.08694779872894287,
		0.897334635257721
	],
	"19. right_shoulder": [
		0.4412568211555481,
		0.4495435059070587,
		-0.0422552116215229,
		0.9984772801399231
	],
	"20. right_elbow": [
		0.45950764417648315,
		0.5297159552574158,
		0.026704395189881325,
		0.06333751231431961
	],
	"21. right_wrist": [
		0.4765135943889618,
		0.5754505395889282,
		-0.038560692220926285,
		0.0885840356349945
	],
	"24. nose": [
		0.45430564880371094,
		0.3702506124973297,
		-0.28571897745132446,
		0.9998572468757629
	],
	"25. left_eye": [
		0.46291735768318176,
		0.3628562390804291,
		-0.2742867171764374,
		0.9996583461761475
	],
	"26. right_eye": [
		0.4516437351703644,
		0.3597857654094696,
		-0.267132967710495,
		0.9996289610862732
	],
	"27. left_ear": [
		0.4742617905139923,
		0.3726148009300232,
		-0.19055882096290588,
		0.9995653033256531
	],
	"28. right_ear": [
		0.45007291436195374,
		0.36771711707115173,
		-0.15974363684654236,
		0.9989190101623535
	],
	"time stamp": 23
}