{
	"1. left_hip": [
		0.5233690738677979,
		0.5929264426231384,
		-0.041500274091959,
		0.9996387958526611
	],
	"2. left_knee": [
		0.5392693281173706,
		0.7262773513793945,
		-0.029908312484622,
		0.9928798079490662
	],
	"3. left_ankle": [
		0.5658388733863831,
		0.8082253336906433,
		0.17528469860553741,
		0.9959447383880615
	],
	"6. right_hip": [
		0.48510318994522095,
		0.6158884167671204,
		0.041672948747873306,
		0.9994032382965088
	],
	"7. right_knee": [
		0.468976765871048,
		0.7228580713272095,
		-0.1177641823887825,
		0.9507328867912292
	],
	"8. right_ankle": [
		0.49523335695266724,
		0.8412551879882812,
		0.016407517716288567,
		0.9802077412605286
	],
	"14. left_shoulder": [
		0.4979264736175537,
		0.4275524914264679,
		-0.1522398144006729,
		0.9998789429664612
	],
	"15. left_elbow": [
		0.5353015065193176,
		0.4735618531703949,
		-0.19055892527103424,
		0.9854004979133606
	],
	"16. left_wrist": [
		0.5392401218414307,
		0.5095750093460083,
		-0.3143520653247833,
		0.900610625743866
	],
	"19. right_shoulder": [
		0.43795862793922424,
		0.4449961483478546,
		-0.024611756205558777,
		0.9985752105712891
	],
	"20. right_elbow": [
		0.4504721760749817,
		0.5194242000579834,
		0.030577601864933968,
		0.07485456764698029
	],
	"21. right_wrist": [
		0.4640241861343384,
		0.5758556127548218,
		-0.06836754828691483,
		0.09893223643302917
	],
	"24. nose": [
		0.4546632468700409,
		0.3656900227069855,
		-0.264950692653656,
		0.9998282790184021
	],
	"25. left_eye": [
		0.463527649641037,
		0.35740911960601807,
		-0.2541166841983795,
		0.9995971918106079
	],
	"26. right_eye": [
		0.4513794183731079,
		0.3550671935081482,
		-0.24714317917823792,
		0.9995385408401489
	],
	"27. left_ear": [
		0.474103182554245,
		0.36652672290802,
		-0.17262709140777588,
		0.9994813799858093
	],
	"28. right_ear": [
		0.4488946795463562,
		0.36211860179901123,
		-0.14260393381118774,
		0.9986793994903564
	],
	"time stamp": 23
}