{
	"1. left_hip": [
		0.5175905227661133,
		0.5886808037757874,
		-0.036421410739421844,
		0.9993990063667297
	],
	"2. left_knee": [
		0.5257015228271484,
		0.7126454710960388,
		-0.023310743272304535,
		0.9915313720703125
	],
	"3. left_ankle": [
		0.5341286063194275,
		0.8030363917350769,
		0.1601402461528778,
		0.994128406047821
	],
	"6. right_hip": [
		0.4779509902000427,
		0.6093705892562866,
		0.036439891904592514,
		0.9993908405303955
	],
	"7. right_knee": [
		0.46655917167663574,
		0.7221564650535583,
		-0.11245863139629364,
		0.9539283514022827
	],
	"8. right_ankle": [
		0.49477049708366394,
		0.841296911239624,
		0.0560784675180912,
		0.9814717769622803
	],
	"14. left_shoulder": [
		0.49653545022010803,
		0.42360806465148926,
		-0.15403829514980316,
		0.9998360276222229
	],
	"15. left_elbow": [
		0.5356597304344177,
		0.47306087613105774,
		-0.10202928632497787,
		0.985991895198822
	],
	"16. left_wrist": [
		0.533303439617157,
		0.5160858631134033,
		-0.10966139286756516,
		0.8997934460639954
	],
	"19. right_shoulder": [
		0.4359514117240906,
		0.44012731313705444,
		-0.06907583773136139,
		0.9986170530319214
	],
	"20. right_elbow": [
		0.44441697001457214,
		0.5073537826538086,
		0.01596014015376568,
		0.0934959426522255
	],
	"21. right_wrist": [
		0.45749127864837646,
		0.5750203132629395,
		-0.037717778235673904,
		0.1138652041554451
	],
	"24. nose": [
		0.45437073707580566,
		0.3611142933368683,
		-0.2935308516025543,
		0.9997885823249817
	],
	"25. left_eye": [
		0.4631422460079193,
		0.35260504484176636,
		-0.28179165720939636,
		0.9994725584983826
	],
	"26. right_eye": [
		0.4508667588233948,
		0.35045814514160156,
		-0.27814289927482605,
		0.9994521737098694
	],
	"27. left_ear": [
		0.4737253189086914,
		0.3609367311000824,
		-0.19550636410713196,
		0.9992942810058594
	],
	"28. right_ear": [
		0.44828593730926514,
		0.3574320375919342,
		-0.18162402510643005,
		0.9984714388847351
	],
	"time stamp": 23
}