{
	"1. left_hip": [
		0.5029022693634033,
		0.5898827314376831,
		-0.04170622304081917,
		0.9994086027145386
	],
	"2. left_knee": [
		0.49334922432899475,
		0.7234289646148682,
		-0.050466105341911316,
		0.9883986115455627
	],
	"3. left_ankle": [
		0.4933462142944336,
		0.8234530091285706,
		0.15730753540992737,
		0.991610586643219
	],
	"6. right_hip": [
		0.46863123774528503,
		0.6042199730873108,
		0.04185223951935768,
		0.9993566870689392
	],
	"7. right_knee": [
		0.46485602855682373,
		0.7234131097793579,
		0.02872619777917862,
		0.9309864044189453
	],
	"8. right_ankle": [
		0.49246159195899963,
		0.8342071771621704,
		0.1802305430173874,
		0.9658733606338501
	],
	"14. left_shoulder": [
		0.4928749203681946,
		0.420732319355011,
		-0.1652067005634308,
		0.99984210729599
	],
	"15. left_elbow": [
		0.5283784866333008,
		0.474515438079834,
		-0.056975629180669785,
		0.9865074753761292
	],
	"16. left_wrist": [
		0.5221192240715027,
		0.5265049934387207,
		0.023923173546791077,
		0.8979784846305847
	],
	"19. right_shoulder": [
		0.43244028091430664,
		0.42975082993507385,
		-0.06757345795631409,
		0.998717725276947
	],
	"20. right_elbow": [
		0.4375497102737427,
		0.505559504032135,
		-0.016468089073896408,
		0.12177227437496185
	],
	"21. right_wrist": [
		0.449334055185318,
		0.5755286812782288,
		-0.0925150215625763,
		0.13934747874736786
	],
	"24. nose": [
		0.45324620604515076,
		0.34885498881340027,
		-0.29229384660720825,
		0.999805212020874
	],
	"25. left_eye": [
		0.46199002861976624,
		0.33981063961982727,
		-0.2827773988246918,
		0.9995163083076477
	],
	"26. right_eye": [
		0.44979652762413025,
		0.33770713210105896,
		-0.2764342725276947,
		0.9994992613792419
	],
	"27. left_ear": [
		0.4721308648586273,
		0.3502417802810669,
		-0.20602534711360931,
		0.9993577003479004
	],
	"28. right_ear": [
		0.447849839925766,
		0.34437862038612366,
		-0.17974452674388885,
		0.9986099600791931
	],
	"time stamp": 23
}