{
	"1. left_hip": [
		0.49862590432167053,
		0.5904829502105713,
		-0.037453196942806244,
		0.9993059635162354
	],
	"2. left_knee": [
		0.4921365976333618,
		0.7305336594581604,
		-0.01438138633966446,
		0.9821396470069885
	],
	"3. left_ankle": [
		0.472699373960495,
		0.8175620436668396,
		0.17446520924568176,
		0.9861725568771362
	],
	"6. right_hip": [
		0.4626620411872864,
		0.6016002297401428,
		0.03748821094632149,
		0.9993701577186584
	],
	"7. right_knee": [
		0.4626375734806061,
		0.7228274941444397,
		-0.016238154843449593,
		0.9299243688583374
	],
	"8. right_ankle": [
		0.49052301049232483,
		0.8347584009170532,
		0.12116937339305878,
		0.9668236374855042
	],
	"14. left_shoulder": [
		0.4919687807559967,
		0.41906192898750305,
		-0.1420193314552307,
		0.9997662901878357
	],
	"15. left_elbow": [
		0.5216677188873291,
		0.48019179701805115,
		-0.06673968583345413,
		0.9859604239463806
	],
	"16. left_wrist": [
		0.5157772302627563,
		0.5455175638198853,
		-0.03317733481526375,
		0.8897302746772766
	],
	"19. right_shoulder": [
		0.4324535131454468,
		0.4206487834453583,
		-0.04552210122346878,
		0.9987643361091614
	],
	"20. right_elbow": [
		0.43547892570495605,
		0.5024504661560059,
		0.017900653183460236,
		0.13496364653110504
	],
	"21. right_wrist": [
		0.4442701041698456,
		0.5745223760604858,
		-0.05089595541357994,
		0.14443717896938324
	],
	"24. nose": [
		0.4539211392402649,
		0.3440925180912018,
		-0.25518277287483215,
		0.9998067617416382
	],
	"25. left_eye": [
		0.46220022439956665,
		0.334860622882843,
		-0.24604910612106323,
		0.9995182156562805
	],
	"26. right_eye": [
		0.45005178451538086,
		0.3329405188560486,
		-0.24648632109165192,
		0.9995149970054626
	],
	"27. left_ear": [
		0.47140631079673767,
		0.34601128101348877,
		-0.17674081027507782,
		0.9993793964385986
	],
	"28. right_ear": [
		0.4472462832927704,
		0.33940058946609497,
		-0.15258273482322693,
		0.9986649751663208
	],
	"time stamp": 23
}