{
	"1. left_hip": [
		0.49316689372062683,
		0.5897693037986755,
		-0.02210388332605362,
		0.9993432760238647
	],
	"2. left_knee": [
		0.48722192645072937,
		0.7284591794013977,
		-0.016968052834272385,
		0.979655385017395
	],
	"3. left_ankle": [
		0.45795032382011414,
		0.8187203407287598,
		0.19150802493095398,
		0.9847078919410706
	],
	"6. right_hip": [
		0.45762303471565247,
		0.5950379967689514,
		0.021983934566378593,
		0.9994269609451294
	],
	"7. right_knee": [
		0.4602634310722351,
		0.723177433013916,
		-0.0502597838640213,
		0.9346963763237
	],
	"8. right_ankle": [
		0.4907907545566559,
		0.8338965773582458,
		0.1048693060874939,
		0.9693110585212708
	],
	"14. left_shoulder": [
		0.4919224977493286,
		0.4172746539115906,
		-0.1273202896118164,
		0.9996891617774963
	],
	"15. left_elbow": [
		0.5175781846046448,
		0.48169630765914917,
		0.004309622570872307,
		0.9816851615905762
	],
	"16. left_wrist": [
		0.5105831027030945,
		0.5384117364883423,
		0.08779525011777878,
		0.8639248609542847
	],
	"19. right_shoulder": [
		0.4307114779949188,
		0.41311517357826233,
		-0.08654667437076569,
		0.9988422989845276
	],
	"20. right_elbow": [
		0.4294537603855133,
		0.49285244941711426,
		0.021027933806180954,
		0.15574729442596436
	],
	"21. right_wrist": [
		0.43717461824417114,
		0.5611563920974731,
		0.034168221056461334,
		0.1531122922897339
	],
	"24. nose": [
		0.4544071555137634,
		0.33975979685783386,
		-0.29526036977767944,
		0.9998247623443604
	],
	"25. left_eye": [
		0.4625248908996582,
		0.33045127987861633,
		-0.28070321679115295,
		0.9995625615119934
	],
	"26. right_eye": [
		0.4501093626022339,
		0.3283192217350006,
		-0.28110936284065247,
		0.9995608329772949
	],
	"27. left_ear": [
		0.47137853503227234,
		0.34187051653862,
		-0.18781808018684387,
		0.9994362592697144
	],
	"28. right_ear": [
		0.44664353132247925,
		0.33510956168174744,
		-0.1901341825723648,
		0.998794436454773
	],
	"time stamp": 23
}