{
	"1. left_hip": [
		0.48812952637672424,
		0.5906965732574463,
		-0.025704212486743927,
		0.9993618130683899
	],
	"2. left_knee": [
		0.47336313128471375,
		0.7274909019470215,
		0.004237192217260599,
		0.9774390459060669
	],
	"3. left_ankle": [
		0.4492814540863037,
		0.8179911971092224,
		0.24460440874099731,
		0.9824305176734924
	],
	"6. right_hip": [
		0.4525836110115051,
		0.5934110283851624,
		0.02560877427458763,
		0.9994797110557556
	],
	"7. right_knee": [
		0.4529536962509155,
		0.721251368522644,
		-0.09038331359624863,
		0.9397811889648438
	],
	"8. right_ankle": [
		0.4840816259384155,
		0.8268060684204102,
		0.05965951457619667,
		0.9718796014785767
	],
	"14. left_shoulder": [
		0.4920893609523773,
		0.41657134890556335,
		-0.14294534921646118,
		0.9996530413627625
	],
	"15. left_elbow": [
		0.5152603983879089,
		0.48582208156585693,
		-0.039208319038152695,
		0.9806140661239624
	],
	"16. left_wrist": [
		0.5022255778312683,
		0.5479317903518677,
		0.033427029848098755,
		0.8539461493492126
	],
	"19. right_shoulder": [
		0.42988476157188416,
		0.41108834743499756,
		-0.08529023081064224,
		0.9989142417907715
	],
	"20. right_elbow": [
		0.42536288499832153,
		0.4872264564037323,
		0.04941742122173309,
		0.1698513627052307
	],
	"21. right_wrist": [
		0.42702868580818176,
		0.5399564504623413,
		0.1077023297548294,
		0.16727130115032196
	],
	"24. nose": [
		0.4539320766925812,
		0.34056252241134644,
		-0.3145779073238373,
		0.9998409748077393
	],
	"25. left_eye": [
		0.46207186579704285,
		0.32917627692222595,
		-0.300558865070343,
		0.999603271484375
	],
	"26. right_eye": [
		0.44880399107933044,
		0.3277861773967743,
		-0.2989404797554016,
		0.9996023774147034
	],
	"27. left_ear": [
		0.47146371006965637,
		0.3398088216781616,
		-0.20622241497039795,
		0.9994875192642212
	],
	"28. right_ear": [
		0.4447125494480133,
		0.33461084961891174,
		-0.20339171588420868,
		0.9989114999771118
	],
	"time stamp": 23
}