{
	"1. left_hip": [
		0.4796368181705475,
		0.5907604098320007,
		-0.011151126585900784,
		0.9992393851280212
	],
	"2. left_knee": [
		0.4688046872615814,
		0.7265164852142334,
		0.013807306066155434,
		0.9759053587913513
	],
	"3. left_ankle": [
		0.44899091124534607,
		0.811802327632904,
		0.24372592568397522,
		0.9783689975738525
	],
	"6. right_hip": [
		0.44407230615615845,
		0.5937159061431885,
		0.011101825162768364,
		0.9994668960571289
	],
	"7. right_knee": [
		0.4437711238861084,
		0.7211253046989441,
		0.004553970880806446,
		0.9439249634742737
	],
	"8. right_ankle": [
		0.45743441581726074,
		0.8257783651351929,
		0.18375816941261292,
		0.9731454253196716
	],
	"14. left_shoulder": [
		0.4917833209037781,
		0.41455528140068054,
		-0.12038809061050415,
		0.9994159936904907
	],
	"15. left_elbow": [
		0.5063945055007935,
		0.4842589497566223,
		-0.04441223293542862,
		0.9740070700645447
	],
	"16. left_wrist": [
		0.4979414641857147,
		0.5421671271324158,
		-0.041409362107515335,
		0.8429642915725708
	],
	"19. right_shoulder": [
		0.4274398982524872,
		0.4080052375793457,
		-0.08236819505691528,
		0.9988752007484436
	],
	"20. right_elbow": [
		0.40818607807159424,
		0.4758378267288208,
		0.011310668662190437,
		0.230547234416008
	],
	"21. right_wrist": [
		0.40311992168426514,
		0.4929609000682831,
		0.039700694382190704,
		0.2215338498353958
	],
	"24. nose": [
		0.4532453417778015,
		0.3404116928577423,
		-0.30040907859802246,
		0.9998084306716919
	],
	"25. left_eye": [
		0.46105098724365234,
		0.3277309834957123,
		-0.2850753366947174,
		0.9995286464691162
	],
	"26. right_eye": [
		0.44766634702682495,
		0.32686227560043335,
		-0.28398850560188293,
		0.9995363354682922
	],
	"27. left_ear": [
		0.47012028098106384,
		0.33736875653266907,
		-0.1922539323568344,
		0.9993365406990051
	],
	"28. right_ear": [
		0.4428539276123047,
		0.3331206142902374,
		-0.17824342846870422,
		0.9988495707511902
	],
	"time stamp": 23
}