{
	"1. left_hip": [
		0.47476014494895935,
		0.5912526249885559,
		0.00564591446891427,
		0.9991322159767151
	],
	"2. left_knee": [
		0.464954674243927,
		0.7234385013580322,
		0.02690599299967289,
		0.9717620611190796
	],
	"3. left_ankle": [
		0.4382309913635254,
		0.8121227025985718,
		0.19904522597789764,
		0.9748735427856445
	],
	"6. right_hip": [
		0.4394136965274811,
		0.5890735387802124,
		-0.005654728505760431,
		0.999415934085846
	],
	"7. right_knee": [
		0.4395240545272827,
		0.7149796485900879,
		-0.008974602445960045,
		0.9474190473556519
	],
	"8. right_ankle": [
		0.44112512469291687,
		0.815019965171814,
		0.17370429635047913,
		0.9716131091117859
	],
	"14. left_shoulder": [
		0.49105003476142883,
		0.41237306594848633,
		-0.09151067584753036,
		0.999281644821167
	],
	"15. left_elbow": [
		0.5035027265548706,
		0.4848323464393616,
		-0.042390815913677216,
		0.9628063440322876
	],
	"16. left_wrist": [
		0.4899367392063141,
		0.5481000542640686,
		-0.07283981889486313,
		0.8240162134170532
	],
	"19. right_shoulder": [
		0.42666107416152954,
		0.40237534046173096,
		-0.08005163073539734,
		0.9988985061645508
	],
	"20. right_elbow": [
		0.4041188657283783,
		0.4619944989681244,
		-0.014350347220897675,
		0.2910402715206146
	],
	"21. right_wrist": [
		0.40243393182754517,
		0.507685661315918,
		-0.0363471657037735,
		0.2480376958847046
	],
	"24. nose": [
		0.4521472454071045,
		0.33690375089645386,
		-0.24515502154827118,
		0.9997296929359436
	],
	"25. left_eye": [
		0.4598443806171417,
		0.3241632580757141,
		-0.23460692167282104,
		0.9993295669555664
	],
	"26. right_eye": [
		0.4468323886394501,
		0.32303813099861145,
		-0.23405593633651733,
		0.9993013143539429
	],
	"27. left_ear": [
		0.46880945563316345,
		0.3336723744869232,
		-0.1540619283914566,
		0.9988017082214355
	],
	"28. right_ear": [
		0.4426608681678772,
		0.32925155758857727,
		-0.15417495369911194,
		0.9984102249145508
	],
	"time stamp": 23
}