{
	"1. left_hip": [
		0.4691106379032135,
		0.5888693928718567,
		0.01995745301246643,
		0.9991993308067322
	],
	"2. left_knee": [
		0.46256446838378906,
		0.7178992629051208,
		0.027536112815141678,
		0.9702972769737244
	],
	"3. left_ankle": [
		0.4466197192668915,
		0.8135260939598083,
		0.19388017058372498,
		0.9739417433738708
	],
	"6. right_hip": [
		0.4338063597679138,
		0.5816851854324341,
		-0.01994393765926361,
		0.9994500875473022
	],
	"7. right_knee": [
		0.4358079135417938,
		0.7067033648490906,
		-0.019077636301517487,
		0.9516466856002808
	],
	"8. right_ankle": [
		0.4172639548778534,
		0.7960363626480103,
		0.19298380613327026,
		0.9706750512123108
	],
	"14. left_shoulder": [
		0.4885890781879425,
		0.40416473150253296,
		-0.0663624256849289,
		0.9993367195129395
	],
	"15. left_elbow": [
		0.5002850890159607,
		0.48079562187194824,
		-0.026353295892477036,
		0.9589021801948547
	],
	"16. left_wrist": [
		0.48633137345314026,
		0.5482681393623352,
		-0.08392463624477386,
		0.8246316909790039
	],
	"19. right_shoulder": [
		0.4238841235637665,
		0.392983615398407,
		-0.07393836230039597,
		0.9989912509918213
	],
	"20. right_elbow": [
		0.3863620162010193,
		0.43417519330978394,
		-0.018857980147004128,
		0.3573538064956665
	],
	"21. right_wrist": [
		0.38643959164619446,
		0.5037022829055786,
		-0.04669540375471115,
		0.29023757576942444
	],
	"24. nose": [
		0.44991859793663025,
		0.32929477095603943,
		-0.22633162140846252,
		0.9997283220291138
	],
	"25. left_eye": [
		0.4574713110923767,
		0.31747210025787354,
		-0.21577568352222443,
		0.9993319511413574
	],
	"26. right_eye": [
		0.444478303194046,
		0.3173508048057556,
		-0.21471205353736877,
		0.9992836713790894
	],
	"27. left_ear": [
		0.4663606584072113,
		0.32444554567337036,
		-0.13342314958572388,
		0.9987836480140686
	],
	"28. right_ear": [
		0.4408002197742462,
		0.32404908537864685,
		-0.13201582431793213,
		0.9984630942344666
	],
	"time stamp": 23
}