{
	"1. left_hip": [
		0.4654446840286255,
		0.5854026079177856,
		0.02744557335972786,
		0.9992551803588867
	],
	"2. left_knee": [
		0.4601324200630188,
		0.715149462223053,
		0.034169528633356094,
		0.9702628254890442
	],
	"3. left_ankle": [
		0.44578495621681213,
		0.8160836100578308,
		0.18395476043224335,
		0.9749688506126404
	],
	"6. right_hip": [
		0.4315076768398285,
		0.5772384405136108,
		-0.02744373306632042,
		0.9994799494743347
	],
	"7. right_knee": [
		0.4325949251651764,
		0.7028321027755737,
		-0.02623894438147545,
		0.95611172914505
	],
	"8. right_ankle": [
		0.4018627107143402,
		0.7932161092758179,
		0.15970970690250397,
		0.9720478653907776
	],
	"14. left_shoulder": [
		0.4867374300956726,
		0.3967847526073456,
		-0.03247997909784317,
		0.9993875622749329
	],
	"15. left_elbow": [
		0.496357262134552,
		0.47673800587654114,
		0.022690828889608383,
		0.9506211280822754
	],
	"16. left_wrist": [
		0.4853234589099884,
		0.5422418117523193,
		-0.036975614726543427,
		0.8247320055961609
	],
	"19. right_shoulder": [
		0.4209761619567871,
		0.3847551643848419,
		-0.06855499744415283,
		0.9990881681442261
	],
	"20. right_elbow": [
		0.3755878508090973,
		0.41401228308677673,
		-0.01842118240892887,
		0.4209355413913727
	],
	"21. right_wrist": [
		0.36875051259994507,
		0.4788825511932373,
		-0.033521998673677444,
		0.35144200921058655
	],
	"24. nose": [
		0.44854360818862915,
		0.3215503394603729,
		-0.19875507056713104,
		0.9997485876083374
	],
	"25. left_eye": [
		0.4559113681316376,
		0.30977413058280945,
		-0.18871821463108063,
		0.9993773102760315
	],
	"26. right_eye": [
		0.4426274299621582,
		0.31041309237480164,
		-0.1889692097902298,
		0.999334454536438
	],
	"27. left_ear": [
		0.46395811438560486,
		0.3168092668056488,
		-0.10796292871236801,
		0.9988477826118469
	],
	"28. right_ear": [
		0.4381101131439209,
		0.31787943840026855,
		-0.11249334365129471,
		0.9985986351966858
	],
	"time stamp": 23
}