{
	"1. left_hip": [
		0.4611525237560272,
		0.5795233845710754,
		0.03875128924846649,
		0.9992835521697998
	],
	"2. left_knee": [
		0.4628070890903473,
		0.7115108966827393,
		0.02786385267972946,
		0.9679219722747803
	],
	"3. left_ankle": [
		0.4435691237449646,
		0.8163062334060669,
		0.20488019287586212,
		0.9751558303833008
	],
	"6. right_hip": [
		0.42686083912849426,
		0.5731144547462463,
		-0.03889342024922371,
		0.9994950890541077
	],
	"7. right_knee": [
		0.4323693513870239,
		0.7040582299232483,
		-0.08410762995481491,
		0.9598832130432129
	],
	"8. right_ankle": [
		0.39147526025772095,
		0.8012254238128662,
		0.057845354080200195,
		0.9743742346763611
	],
	"14. left_shoulder": [
		0.4793296754360199,
		0.387174516916275,
		-0.01869083195924759,
		0.9994014501571655
	],
	"15. left_elbow": [
		0.4886627793312073,
		0.4724268317222595,
		-0.0047774482518434525,
		0.9281244874000549
	],
	"16. left_wrist": [
		0.47632071375846863,
		0.5349198579788208,
		-0.10026219487190247,
		0.805387556552887
	],
	"19. right_shoulder": [
		0.4123578369617462,
		0.37678608298301697,
		-0.07769595086574554,
		0.9991655945777893
	],
	"20. right_elbow": [
		0.3759731650352478,
		0.43140605092048645,
		-0.1722773313522339,
		0.4758378565311432
	],
	"21. right_wrist": [
		0.37095561623573303,
		0.4163874685764313,
		-0.37545573711395264,
		0.4097706079483032
	],
	"24. nose": [
		0.4457418620586395,
		0.3128969967365265,
		-0.21909049153327942,
		0.9997686147689819
	],
	"25. left_eye": [
		0.4531197249889374,
		0.30155524611473083,
		-0.2050660103559494,
		0.9994261264801025
	],
	"26. right_eye": [
		0.439003050327301,
		0.2996761202812195,
		-0.2071027010679245,
		0.9993922114372253
	],
	"27. left_ear": [
		0.4584721028804779,
		0.3084679841995239,
		-0.10439105331897736,
		0.998930811882019
	],
	"28. right_ear": [
		0.43310853838920593,
		0.30633020401000977,
		-0.1190374344587326,
		0.9987236261367798
	],
	"time stamp": 23
}