{
	"1. left_hip": [
		0.45886459946632385,
		0.5750402808189392,
		0.041957203298807144,
		0.999306857585907
	],
	"2. left_knee": [
		0.4672242999076843,
		0.7080913186073303,
		0.022876877337694168,
		0.9689164757728577
	],
	"3. left_ankle": [
		0.43885576725006104,
		0.7989533543586731,
		0.2697068452835083,
		0.974388599395752
	],
	"6. right_hip": [
		0.4239940047264099,
		0.5715290307998657,
		-0.042085692286491394,
		0.9995242953300476
	],
	"7. right_knee": [
		0.4242202341556549,
		0.7051815986633301,
		-0.09303109347820282,
		0.9635892510414124
	],
	"8. right_ankle": [
		0.38823360204696655,
		0.812329888343811,
		0.043588947504758835,
		0.9766882061958313
	],
	"14. left_shoulder": [
		0.4733487367630005,
		0.38170814514160156,
		-0.014221785590052605,
		0.9993521571159363
	],
	"15. left_elbow": [
		0.48439669609069824,
		0.4653022289276123,
		-0.005866920575499535,
		0.8980598449707031
	],
	"16. left_wrist": [
		0.4737497568130493,
		0.5166133046150208,
		-0.12232829630374908,
		0.7810099124908447
	],
	"19. right_shoulder": [
		0.4066082537174225,
		0.37160149216651917,
		-0.09433451294898987,
		0.9992398023605347
	],
	"20. right_elbow": [
		0.3697320818901062,
		0.4255099892616272,
		-0.20618601143360138,
		0.5278427004814148
	],
	"21. right_wrist": [
		0.37997809052467346,
		0.386787086725235,
		-0.3998469412326813,
		0.4679965078830719
	],
	"24. nose": [
		0.4429455101490021,
		0.3104649484157562,
		-0.22811052203178406,
		0.9997848272323608
	],
	"25. left_eye": [
		0.44997939467430115,
		0.2993374168872833,
		-0.21741336584091187,
		0.9994615316390991
	],
	"26. right_eye": [
		0.4357437491416931,
		0.2963445484638214,
		-0.21497642993927002,
		0.9994449019432068
	],
	"27. left_ear": [
		0.4548848867416382,
		0.30635833740234375,
		-0.10831040143966675,
		0.998975932598114
	],
	"28. right_ear": [
		0.4295055568218231,
		0.30171671509742737,
		-0.12778493762016296,
		0.9988384246826172
	],
	"time stamp": 23
}