{
	"1. left_hip": [
		0.4559909999370575,
		0.5749891400337219,
		0.0396706685423851,
		0.9993433356285095
	],
	"2. left_knee": [
		0.47001200914382935,
		0.7037810683250427,
		0.06469106674194336,
		0.9708618521690369
	],
	"3. left_ankle": [
		0.4436441957950592,
		0.7728548645973206,
		0.3603747487068176,
		0.9736318588256836
	],
	"6. right_hip": [
		0.41986730694770813,
		0.5735263824462891,
		-0.039789412170648575,
		0.9995653629302979
	],
	"7. right_knee": [
		0.4173392057418823,
		0.7105045914649963,
		-0.08242300152778625,
		0.9670759439468384
	],
	"8. right_ankle": [
		0.3868248760700226,
		0.8247678875923157,
		0.03084506094455719,
		0.9788229465484619
	],
	"14. left_shoulder": [
		0.46831148862838745,
		0.3812829256057739,
		-0.032239001244306564,
		0.9993175268173218
	],
	"15. left_elbow": [
		0.4798465967178345,
		0.46503928303718567,
		0.010879360139369965,
		0.8767793774604797
	],
	"16. left_wrist": [
		0.46953439712524414,
		0.5186672806739807,
		-0.06039416044950485,
		0.7612961530685425
	],
	"19. right_shoulder": [
		0.4052327871322632,
		0.37538304924964905,
		-0.12012962996959686,
		0.9993059635162354
	],
	"20. right_elbow": [
		0.36619821190834045,
		0.4307853579521179,
		-0.24869410693645477,
		0.5747292637825012
	],
	"21. right_wrist": [
		0.3836335837841034,
		0.36192744970321655,
		-0.44532832503318787,
		0.520412027835846
	],
	"24. nose": [
		0.43976521492004395,
		0.313854843378067,
		-0.2629450559616089,
		0.9998010396957397
	],
	"25. left_eye": [
		0.44630494713783264,
		0.30272433161735535,
		-0.24464869499206543,
		0.9994983077049255
	],
	"26. right_eye": [
		0.4324001669883728,
		0.300357848405838,
		-0.24964936077594757,
		0.9994947910308838
	],
	"27. left_ear": [
		0.45172175765037537,
		0.30930039286613464,
		-0.12401556968688965,
		0.9990312457084656
	],
	"28. right_ear": [
		0.4256780743598938,
		0.30539828538894653,
		-0.1535787433385849,
		0.9989433288574219
	],
	"time stamp": 23
}