{
	"1. left_hip": [
		0.4524455666542053,
		0.5768629908561707,
		0.03068533167243004,
		0.999319314956665
	],
	"2. left_knee": [
		0.4718925356864929,
		0.6985800266265869,
		-0.07597404718399048,
		0.9713720083236694
	],
	"3. left_ankle": [
		0.43004539608955383,
		0.7301254272460938,
		0.19806063175201416,
		0.9583016037940979
	],
	"6. right_hip": [
		0.415283739566803,
		0.5757970809936523,
		-0.030782267451286316,
		0.9995545148849487
	],
	"7. right_knee": [
		0.4126688539981842,
		0.7214977741241455,
		-0.07258860021829605,
		0.9685704708099365
	],
	"8. right_ankle": [
		0.3846767842769623,
		0.8308243751525879,
		0.06513022631406784,
		0.9794331192970276
	],
	"14. left_shoulder": [
		0.46565333008766174,
		0.386004775762558,
		-0.005622053984552622,
		0.9990274310112
	],
	"15. left_elbow": [
		0.47475549578666687,
		0.47041118144989014,
		0.039284322410821915,
		0.8529731035232544
	],
	"16. left_wrist": [
		0.4615228474140167,
		0.538801908493042,
		-0.0015737138455733657,
		0.7303460240364075
	],
	"19. right_shoulder": [
		0.4028293788433075,
		0.38100913166999817,
		-0.09248229116201401,
		0.9992828965187073
	],
	"20. right_elbow": [
		0.37528762221336365,
		0.4319959282875061,
		-0.20240886509418488,
		0.6160138845443726
	],
	"21. right_wrist": [
		0.39029452204704285,
		0.34631359577178955,
		-0.388810932636261,
		0.5665048956871033
	],
	"24. nose": [
		0.43655622005462646,
		0.31634679436683655,
		-0.20256616175174713,
		0.9997851252555847
	],
	"25. left_eye": [
		0.4432814121246338,
		0.3041902482509613,
		-0.18453693389892578,
		0.9994407296180725
	],
	"26. right_eye": [
		0.4289052188396454,
		0.3034443259239197,
		-0.18855929374694824,
		0.9994884133338928
	],
	"27. left_ear": [
		0.44899237155914307,
		0.3112347424030304,
		-0.08148327469825745,
		0.9989869594573975
	],
	"28. right_ear": [
		0.42185258865356445,
		0.3093610405921936,
		-0.1003686860203743,
		0.9988942742347717
	],
	"time stamp": 23
}