{
	"1. left_hip": [
		0.44705870747566223,
		0.5774008631706238,
		0.042451851069927216,
		0.9993379712104797
	],
	"2. left_knee": [
		0.48457157611846924,
		0.6759588122367859,
		-0.09360048919916153,
		0.9726575016975403
	],
	"3. left_ankle": [
		0.44068413972854614,
		0.7176281213760376,
		0.15022505819797516,
		0.9540268182754517
	],
	"6. right_hip": [
		0.4095262289047241,
		0.5769557952880859,
		-0.04253515601158142,
		0.9995628595352173
	],
	"7. right_knee": [
		0.4112633168697357,
		0.7232990860939026,
		-0.08474048227071762,
		0.9701828956604004
	],
	"8. right_ankle": [
		0.3848303258419037,
		0.8316813111305237,
		0.06949343532323837,
		0.9802878499031067
	],
	"14. left_shoulder": [
		0.45990854501724243,
		0.38742777705192566,
		0.016022708266973495,
		0.9983211755752563
	],
	"15. left_elbow": [
		0.4644767642021179,
		0.4800984561443329,
		0.044187143445014954,
		0.7920485734939575
	],
	"16. left_wrist": [
		0.4580821394920349,
		0.5618248581886292,
		0.019907107576727867,
		0.6708199381828308
	],
	"19. right_shoulder": [
		0.4013482332229614,
		0.38333970308303833,
		-0.11050663143396378,
		0.9990854859352112
	],
	"20. right_elbow": [
		0.39847156405448914,
		0.39711251854896545,
		-0.30245837569236755,
		0.644392192363739
	],
	"21. right_wrist": [
		0.39430034160614014,
		0.342588871717453,
		-0.508123517036438,
		0.598696231842041
	],
	"24. nose": [
		0.4333040118217468,
		0.3140719532966614,
		-0.18357016146183014,
		0.999775767326355
	],
	"25. left_eye": [
		0.4400853216648102,
		0.3030794858932495,
		-0.16335369646549225,
		0.9994322061538696
	],
	"26. right_eye": [
		0.426061749458313,
		0.30055078864097595,
		-0.17037883400917053,
		0.9994887113571167
	],
	"27. left_ear": [
		0.4451758861541748,
		0.31082773208618164,
		-0.05762629956007004,
		0.999030590057373
	],
	"28. right_ear": [
		0.4179919362068176,
		0.30669453740119934,
		-0.08961654454469681,
		0.998853325843811
	],
	"time stamp": 23
}