{
	"1. left_hip": [
		0.44489869475364685,
		0.5693489909172058,
		0.04893463850021362,
		0.999241054058075
	],
	"2. left_knee": [
		0.4856456518173218,
		0.6611104011535645,
		-0.07617208361625671,
		0.9721724987030029
	],
	"3. left_ankle": [
		0.44556498527526855,
		0.7231132388114929,
		0.15878607332706451,
		0.9466362595558167
	],
	"6. right_hip": [
		0.40847283601760864,
		0.5739180445671082,
		-0.04898452013731003,
		0.999466598033905
	],
	"7. right_knee": [
		0.4110860228538513,
		0.7225195169448853,
		-0.08874745666980743,
		0.9689458012580872
	],
	"8. right_ankle": [
		0.385684072971344,
		0.8319768309593201,
		0.06754695624113083,
		0.9800559878349304
	],
	"14. left_shoulder": [
		0.4524123966693878,
		0.3842807412147522,
		0.015942199155688286,
		0.9973546266555786
	],
	"15. left_elbow": [
		0.45587608218193054,
		0.472168505191803,
		0.08017246425151825,
		0.729719340801239
	],
	"16. left_wrist": [
		0.4486876130104065,
		0.5515474677085876,
		0.07554982602596283,
		0.613153338432312
	],
	"19. right_shoulder": [
		0.3966419994831085,
		0.38374361395835876,
		-0.14232666790485382,
		0.9983351826667786
	],
	"20. right_elbow": [
		0.39836379885673523,
		0.4146920442581177,
		-0.30710369348526,
		0.6604781150817871
	],
	"21. right_wrist": [
		0.4005716145038605,
		0.34160077571868896,
		-0.4907393157482147,
		0.616000235080719
	],
	"24. nose": [
		0.43159711360931396,
		0.31192928552627563,
		-0.20713014900684357,
		0.9996742606163025
	],
	"25. left_eye": [
		0.4369640350341797,
		0.3015971779823303,
		-0.18797212839126587,
		0.9992007613182068
	],
	"26. right_eye": [
		0.425099641084671,
		0.2974202334880829,
		-0.19479183852672577,
		0.9993554353713989
	],
	"27. left_ear": [
		0.4395360052585602,
		0.309346467256546,
		-0.07657885551452637,
		0.9988632202148438
	],
	"28. right_ear": [
		0.41535887122154236,
		0.303133100271225,
		-0.12357181310653687,
		0.9984442591667175
	],
	"time stamp": 23
}