{
	"1. left_hip": [
		0.4422008693218231,
		0.5673478245735168,
		0.05999062582850456,
		0.9992912411689758
	],
	"2. left_knee": [
		0.486383318901062,
		0.6601314544677734,
		-0.04986666887998581,
		0.973214864730835
	],
	"3. left_ankle": [
		0.45946064591407776,
		0.7299856543540955,
		0.12472217530012131,
		0.9489219188690186
	],
	"6. right_hip": [
		0.40708374977111816,
		0.5701642632484436,
		-0.060009367763996124,
		0.99949049949646
	],
	"7. right_knee": [
		0.4104119539260864,
		0.7208625674247742,
		-0.08591647446155548,
		0.9708802103996277
	],
	"8. right_ankle": [
		0.3852923512458801,
		0.8327652215957642,
		0.053610123693943024,
		0.9811777472496033
	],
	"14. left_shoulder": [
		0.44941702485084534,
		0.3815355896949768,
		0.04621554911136627,
		0.9974498748779297
	],
	"15. left_elbow": [
		0.4533677399158478,
		0.46552249789237976,
		0.06427687406539917,
		0.7099580764770508
	],
	"16. left_wrist": [
		0.45221883058547974,
		0.551220178604126,
		0.016206352040171623,
		0.606439471244812
	],
	"19. right_shoulder": [
		0.39617112278938293,
		0.3723640739917755,
		-0.14165754616260529,
		0.9982502460479736
	],
	"20. right_elbow": [
		0.41482803225517273,
		0.40077176690101624,
		-0.30544209480285645,
		0.6931098103523254
	],
	"21. right_wrist": [
		0.41875535249710083,
		0.31288349628448486,
		-0.42755669355392456,
		0.6534794569015503
	],
	"24. nose": [
		0.43382641673088074,
		0.3015839159488678,
		-0.1542758345603943,
		0.999626636505127
	],
	"25. left_eye": [
		0.43866273760795593,
		0.2913898825645447,
		-0.1329578012228012,
		0.9991364479064941
	],
	"26. right_eye": [
		0.4272060692310333,
		0.28897547721862793,
		-0.15075962245464325,
		0.9992722272872925
	],
	"27. left_ear": [
		0.43551862239837646,
		0.30137720704078674,
		-0.02835000492632389,
		0.9988223910331726
	],
	"28. right_ear": [
		0.41914400458335876,
		0.29678869247436523,
		-0.10888607054948807,
		0.9982743859291077
	],
	"time stamp": 23
}