{
	"1. left_hip": [
		0.4422508180141449,
		0.568869411945343,
		0.06436558067798615,
		0.9993417263031006
	],
	"2. left_knee": [
		0.4867285490036011,
		0.6672497391700745,
		-0.01668177731335163,
		0.9744543433189392
	],
	"3. left_ankle": [
		0.47798722982406616,
		0.7885208129882812,
		0.0966254398226738,
		0.9530009031295776
	],
	"6. right_hip": [
		0.4082225561141968,
		0.5717141032218933,
		-0.06441360712051392,
		0.9995248913764954
	],
	"7. right_knee": [
		0.4098026156425476,
		0.7205756902694702,
		-0.05936034396290779,
		0.9734752178192139
	],
	"8. right_ankle": [
		0.384789377450943,
		0.8327757716178894,
		0.05547399818897247,
		0.9826841354370117
	],
	"14. left_shoulder": [
		0.4435385465621948,
		0.37932759523391724,
		0.04670321196317673,
		0.9970356822013855
	],
	"15. left_elbow": [
		0.4461367726325989,
		0.4635562598705292,
		0.06464493274688721,
		0.6520151495933533
	],
	"16. left_wrist": [
		0.44572725892066956,
		0.5489938259124756,
		0.019588276743888855,
		0.5588230490684509
	],
	"19. right_shoulder": [
		0.39529794454574585,
		0.37045297026634216,
		-0.17035335302352905,
		0.9983268976211548
	],
	"20. right_elbow": [
		0.41789481043815613,
		0.3825870454311371,
		-0.3459828794002533,
		0.7234320640563965
	],
	"21. right_wrist": [
		0.4435063600540161,
		0.2880798876285553,
		-0.44334861636161804,
		0.6874664425849915
	],
	"24. nose": [
		0.4311239421367645,
		0.30350616574287415,
		-0.17538116872310638,
		0.9996446967124939
	],
	"25. left_eye": [
		0.4349510669708252,
		0.2929750680923462,
		-0.15281955897808075,
		0.9991751909255981
	],
	"26. right_eye": [
		0.42496389150619507,
		0.2912951409816742,
		-0.16948436200618744,
		0.9993162155151367
	],
	"27. left_ear": [
		0.4336029291152954,
		0.3006414771080017,
		-0.0425213985145092,
		0.9988387227058411
	],
	"28. right_ear": [
		0.4146351218223572,
		0.29677775502204895,
		-0.11430978775024414,
		0.9983999729156494
	],
	"time stamp": 23
}