{
	"1. left_hip": [
		0.44314393401145935,
		0.5701441168785095,
		0.06684496998786926,
		0.9993981719017029
	],
	"2. left_knee": [
		0.4771984815597534,
		0.687204897403717,
		0.03886201232671738,
		0.9740342497825623
	],
	"3. left_ankle": [
		0.4923141300678253,
		0.8249672055244446,
		0.10301816463470459,
		0.9564554691314697
	],
	"6. right_hip": [
		0.4104434847831726,
		0.5727778673171997,
		-0.06690078973770142,
		0.9995644688606262
	],
	"7. right_knee": [
		0.4114435911178589,
		0.7219659686088562,
		-0.049448128789663315,
		0.9758204817771912
	],
	"8. right_ankle": [
		0.3850679099559784,
		0.8341577053070068,
		0.05310041084885597,
		0.9841124415397644
	],
	"14. left_shoulder": [
		0.44036945700645447,
		0.3832148611545563,
		0.08294510096311569,
		0.9972915053367615
	],
	"15. left_elbow": [
		0.445980042219162,
		0.46619588136672974,
		0.0883137658238411,
		0.6324127912521362
	],
	"16. left_wrist": [
		0.4531566798686981,
		0.5467514991760254,
		0.018951043486595154,
		0.5694392323493958
	],
	"19. right_shoulder": [
		0.39457476139068604,
		0.36943745613098145,
		-0.13875749707221985,
		0.9984804391860962
	],
	"20. right_elbow": [
		0.4168612062931061,
		0.37968918681144714,
		-0.296061635017395,
		0.7509542107582092
	],
	"21. right_wrist": [
		0.4567820131778717,
		0.321408212184906,
		-0.38242077827453613,
		0.7182933688163757
	],
	"24. nose": [
		0.43081021308898926,
		0.3046840727329254,
		-0.12723445892333984,
		0.9996772408485413
	],
	"25. left_eye": [
		0.4329896867275238,
		0.29412972927093506,
		-0.10544916987419128,
		0.9992514252662659
	],
	"26. right_eye": [
		0.4239443838596344,
		0.2917451560497284,
		-0.12307237833738327,
		0.9993800520896912
	],
	"27. left_ear": [
		0.4310391843318939,
		0.30210763216018677,
		0.0019547520205378532,
		0.9989371299743652
	],
	"28. right_ear": [
		0.4113805890083313,
		0.29951855540275574,
		-0.07812752574682236,
		0.9985540509223938
	],
	"time stamp": 23
}