{
	"1. left_hip": [
		0.44431987404823303,
		0.5715243816375732,
		0.06710872054100037,
		0.9994544982910156
	],
	"2. left_knee": [
		0.47311463952064514,
		0.7060542106628418,
		0.045317962765693665,
		0.9749149680137634
	],
	"3. left_ankle": [
		0.4943830966949463,
		0.8352225422859192,
		0.12548880279064178,
		0.9600083827972412
	],
	"6. right_hip": [
		0.41123130917549133,
		0.5780882239341736,
		-0.06716940551996231,
		0.9996029734611511
	],
	"7. right_knee": [
		0.41345319151878357,
		0.7264745831489563,
		-0.022262969985604286,
		0.977932870388031
	],
	"8. right_ankle": [
		0.3855864405632019,
		0.834442138671875,
		0.12385403364896774,
		0.9853798747062683
	],
	"14. left_shoulder": [
		0.43673989176750183,
		0.38685697317123413,
		0.06867644935846329,
		0.9975369572639465
	],
	"15. left_elbow": [
		0.4415241479873657,
		0.47308579087257385,
		0.08963970839977264,
		0.6222026944160461
	],
	"16. left_wrist": [
		0.454792320728302,
		0.5456483364105225,
		0.03484788537025452,
		0.5825813412666321
	],
	"19. right_shoulder": [
		0.39364200830459595,
		0.371783584356308,
		-0.15683895349502563,
		0.9986196160316467
	],
	"20. right_elbow": [
		0.41584259271621704,
		0.3831009268760681,
		-0.31186768412590027,
		0.7757459878921509
	],
	"21. right_wrist": [
		0.4591025710105896,
		0.32781150937080383,
		-0.37050268054008484,
		0.7460333108901978
	],
	"24. nose": [
		0.4308745563030243,
		0.31451353430747986,
		-0.14440937340259552,
		0.9997069835662842
	],
	"25. left_eye": [
		0.4315983057022095,
		0.3025352954864502,
		-0.12353838235139847,
		0.9993197321891785
	],
	"26. right_eye": [
		0.4242566227912903,
		0.3004907965660095,
		-0.14251109957695007,
		0.9994375705718994
	],
	"27. left_ear": [
		0.4278979003429413,
		0.3065069317817688,
		-0.015704654157161713,
		0.9990242123603821
	],
	"28. right_ear": [
		0.41079890727996826,
		0.3051806390285492,
		-0.09700938314199448,
		0.9986929297447205
	],
	"time stamp": 23
}