{
	"1. left_hip": [
		0.44438108801841736,
		0.5721393823623657,
		0.06616871058940887,
		0.9995031356811523
	],
	"2. left_knee": [
		0.4690636694431305,
		0.7097405195236206,
		0.048328667879104614,
		0.9760949611663818
	],
	"3. left_ankle": [
		0.496416836977005,
		0.8335800766944885,
		0.13100385665893555,
		0.963394045829773
	],
	"6. right_hip": [
		0.41090714931488037,
		0.5805368423461914,
		-0.06622007489204407,
		0.9996368885040283
	],
	"7. right_knee": [
		0.4140717089176178,
		0.7278709411621094,
		-0.019235210493206978,
		0.979873538017273
	],
	"8. right_ankle": [
		0.38609418272972107,
		0.8343673944473267,
		0.13605055212974548,
		0.9865556955337524
	],
	"14. left_shoulder": [
		0.43316736817359924,
		0.387217253446579,
		0.06843158602714539,
		0.997711181640625
	],
	"15. left_elbow": [
		0.43467217683792114,
		0.47954466938972473,
		0.1051725223660469,
		0.5857234597206116
	],
	"16. left_wrist": [
		0.4499589800834656,
		0.557066798210144,
		0.07196661829948425,
		0.5590035915374756
	],
	"19. right_shoulder": [
		0.3936888575553894,
		0.3729782998561859,
		-0.16564559936523438,
		0.9987436532974243
	],
	"20. right_elbow": [
		0.42334166169166565,
		0.37516331672668457,
		-0.30198314785957336,
		0.7980806827545166
	],
	"21. right_wrist": [
		0.4669838547706604,
		0.32779788970947266,
		-0.34479719400405884,
		0.7709047198295593
	],
	"24. nose": [
		0.4281802475452423,
		0.32291725277900696,
		-0.1510412096977234,
		0.9997317790985107
	],
	"25. left_eye": [
		0.4296669661998749,
		0.31180885434150696,
		-0.13059087097644806,
		0.99937504529953
	],
	"26. right_eye": [
		0.42218267917633057,
		0.30753809213638306,
		-0.1496606022119522,
		0.9994861483573914
	],
	"27. left_ear": [
		0.4265930950641632,
		0.3145102858543396,
		-0.024560702964663506,
		0.9990749955177307
	],
	"28. right_ear": [
		0.4087950587272644,
		0.30837100744247437,
		-0.09745782613754272,
		0.9988147616386414
	],
	"time stamp": 23
}