{
	"1. left_hip": [
		0.4442056119441986,
		0.5759081244468689,
		0.06546264886856079,
		0.9995480179786682
	],
	"2. left_knee": [
		0.46688905358314514,
		0.7126267552375793,
		0.06235041841864586,
		0.9771134257316589
	],
	"3. left_ankle": [
		0.4968644678592682,
		0.8316846489906311,
		0.13491815328598022,
		0.9664451479911804
	],
	"6. right_hip": [
		0.4108937680721283,
		0.5858566761016846,
		-0.06553629785776138,
		0.9996680617332458
	],
	"7. right_knee": [
		0.4144636392593384,
		0.7287489175796509,
		-0.004255426581948996,
		0.9816068410873413
	],
	"8. right_ankle": [
		0.3860752284526825,
		0.8342654705047607,
		0.1652916818857193,
		0.9875676035881042
	],
	"14. left_shoulder": [
		0.4307897686958313,
		0.38889142870903015,
		0.06423436105251312,
		0.9978829622268677
	],
	"15. left_elbow": [
		0.43499234318733215,
		0.48309236764907837,
		0.0942552462220192,
		0.5517708659172058
	],
	"16. left_wrist": [
		0.45111358165740967,
		0.5565977096557617,
		0.04564946889877319,
		0.5389272570610046
	],
	"19. right_shoulder": [
		0.39308789372444153,
		0.37443631887435913,
		-0.16971147060394287,
		0.998855471611023
	],
	"20. right_elbow": [
		0.43111586570739746,
		0.37739261984825134,
		-0.27779000997543335,
		0.8181422352790833
	],
	"21. right_wrist": [
		0.46670421957969666,
		0.3284286558628082,
		-0.2694397270679474,
		0.7931361794471741
	],
	"24. nose": [
		0.42669686675071716,
		0.32772910594940186,
		-0.16119366884231567,
		0.999756395816803
	],
	"25. left_eye": [
		0.42946481704711914,
		0.31773072481155396,
		-0.1404891163110733,
		0.9994310736656189
	],
	"26. right_eye": [
		0.42010191082954407,
		0.3117792010307312,
		-0.1584985852241516,
		0.999533474445343
	],
	"27. left_ear": [
		0.42660972476005554,
		0.3201177418231964,
		-0.03276723623275757,
		0.9991387724876404
	],
	"28. right_ear": [
		0.40639904141426086,
		0.31116706132888794,
		-0.11250000447034836,
		0.9989284873008728
	],
	"time stamp": 23
}