{
	"1. left_hip": [
		0.43957504630088806,
		0.5759329199790955,
		0.06294307112693787,
		0.9995861053466797
	],
	"2. left_knee": [
		0.4679236114025116,
		0.7101044654846191,
		0.036653339862823486,
		0.9781669974327087
	],
	"3. left_ankle": [
		0.4960072934627533,
		0.8299981951713562,
		0.10338502377271652,
		0.9691192507743835
	],
	"6. right_hip": [
		0.4043264389038086,
		0.5856125950813293,
		-0.06300293654203415,
		0.9996926784515381
	],
	"7. right_knee": [
		0.41145387291908264,
		0.7280177474021912,
		-0.018836740404367447,
		0.9830930829048157
	],
	"8. right_ankle": [
		0.38532233238220215,
		0.8347282409667969,
		0.13986097276210785,
		0.9883052706718445
	],
	"14. left_shoulder": [
		0.429551899433136,
		0.38893717527389526,
		0.05358337238430977,
		0.9980259537696838
	],
	"15. left_elbow": [
		0.43261268734931946,
		0.4819406270980835,
		0.08634356409311295,
		0.5282447934150696
	],
	"16. left_wrist": [
		0.44985300302505493,
		0.5547777414321899,
		0.03998066484928131,
		0.5289099216461182
	],
	"19. right_shoulder": [
		0.38692837953567505,
		0.37458792328834534,
		-0.17008426785469055,
		0.9989491701126099
	],
	"20. right_elbow": [
		0.42962679266929626,
		0.37983259558677673,
		-0.2919883728027344,
		0.8360851407051086
	],
	"21. right_wrist": [
		0.4548635482788086,
		0.3353787064552307,
		-0.3203065097332001,
		0.8130978345870972
	],
	"24. nose": [
		0.4231983423233032,
		0.3279508650302887,
		-0.1844683587551117,
		0.9997776746749878
	],
	"25. left_eye": [
		0.4271741211414337,
		0.3174152076244354,
		-0.16149985790252686,
		0.9994801878929138
	],
	"26. right_eye": [
		0.41583606600761414,
		0.3116134703159332,
		-0.18111996352672577,
		0.9995749592781067
	],
	"27. left_ear": [
		0.4261983633041382,
		0.32135212421417236,
		-0.03305398300290108,
		0.9991945028305054
	],
	"28. right_ear": [
		0.40254440903663635,
		0.3114502429962158,
		-0.12962757050991058,
		0.9990290403366089
	],
	"time stamp": 23
}