{
	"1. left_hip": [
		0.4377093017101288,
		0.5777840614318848,
		0.06089383363723755,
		0.9996201992034912
	],
	"2. left_knee": [
		0.4694298207759857,
		0.7083297371864319,
		0.017370864748954773,
		0.9798579812049866
	],
	"3. left_ankle": [
		0.49311381578445435,
		0.826678454875946,
		0.11863844096660614,
		0.9717897772789001
	],
	"6. right_hip": [
		0.40105578303337097,
		0.5885145664215088,
		-0.06094948574900627,
		0.9997138381004333
	],
	"7. right_knee": [
		0.4074971377849579,
		0.7283011674880981,
		-0.02652854658663273,
		0.9845819473266602
	],
	"8. right_ankle": [
		0.3849475383758545,
		0.8351255655288696,
		0.1521494835615158,
		0.9890635013580322
	],
	"14. left_shoulder": [
		0.43103736639022827,
		0.39248937368392944,
		0.040991391986608505,
		0.9981120228767395
	],
	"15. left_elbow": [
		0.4375312030315399,
		0.48125767707824707,
		0.07834113389253616,
		0.5263094305992126
	],
	"16. left_wrist": [
		0.45172974467277527,
		0.5540469884872437,
		0.03354593738913536,
		0.5311388969421387
	],
	"19. right_shoulder": [
		0.38209256529808044,
		0.37945839762687683,
		-0.16902874410152435,
		0.9990112781524658
	],
	"20. right_elbow": [
		0.40519842505455017,
		0.4097062051296234,
		-0.32713162899017334,
		0.851992130279541
	],
	"21. right_wrist": [
		0.4321540594100952,
		0.3494138717651367,
		-0.45126965641975403,
		0.8311291933059692
	],
	"24. nose": [
		0.4204055964946747,
		0.3264061510562897,
		-0.20066465437412262,
		0.9997947812080383
	],
	"25. left_eye": [
		0.4252128005027771,
		0.3169638514518738,
		-0.17814841866493225,
		0.999521017074585
	],
	"26. right_eye": [
		0.4122917056083679,
		0.3110588788986206,
		-0.19600015878677368,
		0.9996100068092346
	],
	"27. left_ear": [
		0.426191121339798,
		0.32103246450424194,
		-0.05575542151927948,
		0.999243974685669
	],
	"28. right_ear": [
		0.39992061257362366,
		0.31190112233161926,
		-0.1407097727060318,
		0.9991149306297302
	],
	"time stamp": 23
}