{
	"1. left_hip": [
		0.43320199847221375,
		0.5840576887130737,
		0.06018713489174843,
		0.9996503591537476
	],
	"2. left_knee": [
		0.47192350029945374,
		0.7070320844650269,
		0.020754940807819366,
		0.9812383055686951
	],
	"3. left_ankle": [
		0.4863432049751282,
		0.8232157230377197,
		0.12669192254543304,
		0.9740985631942749
	],
	"6. right_hip": [
		0.3979588449001312,
		0.591363787651062,
		-0.06026739627122879,
		0.999729335308075
	],
	"7. right_knee": [
		0.406257688999176,
		0.7292221188545227,
		-0.029902124777436256,
		0.9859384894371033
	],
	"8. right_ankle": [
		0.3843734860420227,
		0.8360254764556885,
		0.1388002336025238,
		0.989806592464447
	],
	"14. left_shoulder": [
		0.42924174666404724,
		0.4054102897644043,
		0.03611764311790466,
		0.9982455968856812
	],
	"15. left_elbow": [
		0.4386674463748932,
		0.4918346107006073,
		0.07804933935403824,
		0.5302185416221619
	],
	"16. left_wrist": [
		0.4527566730976105,
		0.5629832744598389,
		0.02787645161151886,
		0.5448272228240967
	],
	"19. right_shoulder": [
		0.38039764761924744,
		0.3861829936504364,
		-0.14489465951919556,
		0.9990773797035217
	],
	"20. right_elbow": [
		0.3884311616420746,
		0.4476556181907654,
		-0.310151070356369,
		0.8661399483680725
	],
	"21. right_wrist": [
		0.410206139087677,
		0.37515512108802795,
		-0.4204680323600769,
		0.8472662568092346
	],
	"24. nose": [
		0.4201605021953583,
		0.3264857530593872,
		-0.19416876137256622,
		0.9998111724853516
	],
	"25. left_eye": [
		0.4234159588813782,
		0.3163072168827057,
		-0.17269493639469147,
		0.9995599985122681
	],
	"26. right_eye": [
		0.41148093342781067,
		0.31230705976486206,
		-0.1894090473651886,
		0.9996407628059387
	],
	"27. left_ear": [
		0.4238505959510803,
		0.32169780135154724,
		-0.05806012451648712,
		0.999297559261322
	],
	"28. right_ear": [
		0.39890405535697937,
		0.31811636686325073,
		-0.13849963247776031,
		0.9991905689239502
	],
	"time stamp": 23
}