{
	"1. left_hip": [
		0.43212011456489563,
		0.5857163071632385,
		0.056086450815200806,
		0.999673068523407
	],
	"2. left_knee": [
		0.4767070710659027,
		0.688901960849762,
		-0.03405570238828659,
		0.982551097869873
	],
	"3. left_ankle": [
		0.46933209896087646,
		0.8041727542877197,
		0.12079142779111862,
		0.9758255481719971
	],
	"6. right_hip": [
		0.39680755138397217,
		0.592703640460968,
		-0.05614181235432625,
		0.9997314214706421
	],
	"7. right_knee": [
		0.4054361879825592,
		0.7322588562965393,
		-0.04796639084815979,
		0.9869121313095093
	],
	"8. right_ankle": [
		0.3850177228450775,
		0.8360764980316162,
		0.13770096004009247,
		0.9902229905128479
	],
	"14. left_shoulder": [
		0.4296284317970276,
		0.40777409076690674,
		0.03663918375968933,
		0.9983099102973938
	],
	"15. left_elbow": [
		0.4380137622356415,
		0.49394044280052185,
		0.0744095891714096,
		0.5233669877052307
	],
	"16. left_wrist": [
		0.45007872581481934,
		0.562696099281311,
		0.025682415813207626,
		0.5482621192932129
	],
	"19. right_shoulder": [
		0.3777403235435486,
		0.3995652496814728,
		-0.12432745099067688,
		0.9990783333778381
	],
	"20. right_elbow": [
		0.3789252042770386,
		0.4862384498119354,
		-0.26507019996643066,
		0.878466784954071
	],
	"21. right_wrist": [
		0.3910617530345917,
		0.3851470947265625,
		-0.3959208130836487,
		0.8618705868721008
	],
	"24. nose": [
		0.4207870066165924,
		0.32759612798690796,
		-0.15633802115917206,
		0.9998094439506531
	],
	"25. left_eye": [
		0.4230598211288452,
		0.3169129192829132,
		-0.13758867979049683,
		0.999561607837677
	],
	"26. right_eye": [
		0.4123016595840454,
		0.3138229250907898,
		-0.15301623940467834,
		0.9996353387832642
	],
	"27. left_ear": [
		0.4216841757297516,
		0.3241107761859894,
		-0.039816174656152725,
		0.9992918372154236
	],
	"28. right_ear": [
		0.3988066017627716,
		0.3218814730644226,
		-0.11245275288820267,
		0.9991915822029114
	],
	"time stamp": 23
}