{
	"1. left_hip": [
		0.43012842535972595,
		0.5897356867790222,
		0.04602976143360138,
		0.9996383190155029
	],
	"2. left_knee": [
		0.4769202172756195,
		0.66611647605896,
		-0.07225438952445984,
		0.9800084829330444
	],
	"3. left_ankle": [
		0.44317007064819336,
		0.7260555624961853,
		0.1664867103099823,
		0.948189377784729
	],
	"6. right_hip": [
		0.3942742347717285,
		0.5981014966964722,
		-0.046054791659116745,
		0.9996813535690308
	],
	"7. right_knee": [
		0.40632474422454834,
		0.7367722988128662,
		-0.07009948045015335,
		0.9835153222084045
	],
	"8. right_ankle": [
		0.38493046164512634,
		0.836193323135376,
		0.12776295840740204,
		0.9838217496871948
	],
	"14. left_shoulder": [
		0.43081167340278625,
		0.41422420740127563,
		0.005320755764842033,
		0.9981603026390076
	],
	"15. left_elbow": [
		0.4397040903568268,
		0.5073255896568298,
		0.057108812034130096,
		0.5003404021263123
	],
	"16. left_wrist": [
		0.44277676939964294,
		0.5854395627975464,
		0.016430998221039772,
		0.5143281817436218
	],
	"19. right_shoulder": [
		0.37174415588378906,
		0.41143786907196045,
		-0.12321987003087997,
		0.99904465675354
	],
	"20. right_elbow": [
		0.37134188413619995,
		0.5091173648834229,
		-0.23756104707717896,
		0.8857550621032715
	],
	"21. right_wrist": [
		0.37161877751350403,
		0.43457314372062683,
		-0.39778122305870056,
		0.8710862398147583
	],
	"24. nose": [
		0.4210631251335144,
		0.3354983925819397,
		-0.17073844373226166,
		0.9997750520706177
	],
	"25. left_eye": [
		0.4236060082912445,
		0.3250841200351715,
		-0.15625862777233124,
		0.9994996786117554
	],
	"26. right_eye": [
		0.41329947113990784,
		0.32083427906036377,
		-0.16862818598747253,
		0.9995884299278259
	],
	"27. left_ear": [
		0.4212774634361267,
		0.33237841725349426,
		-0.06605380773544312,
		0.9992650747299194
	],
	"28. right_ear": [
		0.3998209238052368,
		0.32702210545539856,
		-0.12759795784950256,
		0.9990900158882141
	],
	"time stamp": 23
}