{
	"1. left_hip": [
		0.42701849341392517,
		0.59404456615448,
		0.04698735848069191,
		0.9996066689491272
	],
	"2. left_knee": [
		0.4785194993019104,
		0.6560938358306885,
		-0.045844193547964096,
		0.9786180853843689
	],
	"3. left_ankle": [
		0.4339740574359894,
		0.7044475078582764,
		0.1760263890028,
		0.9344760179519653
	],
	"6. right_hip": [
		0.3933325707912445,
		0.6044750809669495,
		-0.04700848460197449,
		0.9996365904808044
	],
	"7. right_knee": [
		0.40665775537490845,
		0.7410129308700562,
		-0.07144156843423843,
		0.9823611378669739
	],
	"8. right_ankle": [
		0.3853248357772827,
		0.8361685276031494,
		0.11303272843360901,
		0.9816847443580627
	],
	"14. left_shoulder": [
		0.43031537532806396,
		0.4156341552734375,
		0.015888553112745285,
		0.9980872869491577
	],
	"15. left_elbow": [
		0.44059887528419495,
		0.5024454593658447,
		0.058321066200733185,
		0.4794922471046448
	],
	"16. left_wrist": [
		0.4428165853023529,
		0.5760345458984375,
		0.020003361627459526,
		0.49133461713790894
	],
	"19. right_shoulder": [
		0.3725273609161377,
		0.4135332703590393,
		-0.11674989014863968,
		0.9989772439002991
	],
	"20. right_elbow": [
		0.37334883213043213,
		0.5028387308120728,
		-0.24017436802387238,
		0.891708254814148
	],
	"21. right_wrist": [
		0.37328651547431946,
		0.4192626476287842,
		-0.3947829604148865,
		0.8792782425880432
	],
	"24. nose": [
		0.42120540142059326,
		0.33863797783851624,
		-0.16142989695072174,
		0.9997533559799194
	],
	"25. left_eye": [
		0.4241628646850586,
		0.3286418318748474,
		-0.1444888561964035,
		0.9994683861732483
	],
	"26. right_eye": [
		0.41369423270225525,
		0.3233496844768524,
		-0.15769542753696442,
		0.999561071395874
	],
	"27. left_ear": [
		0.4224568009376526,
		0.3358062207698822,
		-0.05434681102633476,
		0.9992677569389343
	],
	"28. right_ear": [
		0.40106627345085144,
		0.3280861973762512,
		-0.11470510065555573,
		0.9990366697311401
	],
	"time stamp": 23
}