{
	"1. left_hip": [
		0.42568421363830566,
		0.5935512781143188,
		0.045717284083366394,
		0.9996249079704285
	],
	"2. left_knee": [
		0.47908979654312134,
		0.6471243500709534,
		-0.03574719652533531,
		0.9789023995399475
	],
	"3. left_ankle": [
		0.4331168830394745,
		0.7004154920578003,
		0.18674682080745697,
		0.9305400848388672
	],
	"6. right_hip": [
		0.3923359513282776,
		0.6033347249031067,
		-0.04576016217470169,
		0.9996460676193237
	],
	"7. right_knee": [
		0.40584853291511536,
		0.7414412498474121,
		-0.058614153414964676,
		0.9823965430259705
	],
	"8. right_ankle": [
		0.3855922520160675,
		0.836112916469574,
		0.14332787692546844,
		0.9814960956573486
	],
	"14. left_shoulder": [
		0.43137311935424805,
		0.41572248935699463,
		0.015531646087765694,
		0.9982486963272095
	],
	"15. left_elbow": [
		0.4463157057762146,
		0.4998815357685089,
		0.046633049845695496,
		0.5112423896789551
	],
	"16. left_wrist": [
		0.44444048404693604,
		0.5628176927566528,
		-0.004498612135648727,
		0.5277977585792542
	],
	"19. right_shoulder": [
		0.3746439516544342,
		0.4100695252418518,
		-0.09687382727861404,
		0.9990156292915344
	],
	"20. right_elbow": [
		0.3672735095024109,
		0.48733019828796387,
		-0.21736998856067657,
		0.9001675248146057
	],
	"21. right_wrist": [
		0.37200629711151123,
		0.4037988483905792,
		-0.3719807267189026,
		0.8896259069442749
	],
	"24. nose": [
		0.421735942363739,
		0.3401956558227539,
		-0.16582298278808594,
		0.9997757077217102
	],
	"25. left_eye": [
		0.42449134588241577,
		0.32976704835891724,
		-0.14709939062595367,
		0.9995169043540955
	],
	"26. right_eye": [
		0.4140301048755646,
		0.3245927393436432,
		-0.1587435007095337,
		0.9996001124382019
	],
	"27. left_ear": [
		0.4243027865886688,
		0.3377297520637512,
		-0.05034907907247543,
		0.9993366599082947
	],
	"28. right_ear": [
		0.402668297290802,
		0.32782161235809326,
		-0.10026459395885468,
		0.999118983745575
	],
	"time stamp": 23
}