{
	"1. left_hip": [
		0.42547306418418884,
		0.5926263332366943,
		0.03977986052632332,
		0.9996495246887207
	],
	"2. left_knee": [
		0.47912299633026123,
		0.6443601250648499,
		-0.08347338438034058,
		0.9800927639007568
	],
	"3. left_ankle": [
		0.43837910890579224,
		0.7035803198814392,
		0.15224689245224,
		0.9307615160942078
	],
	"6. right_hip": [
		0.3908119201660156,
		0.602217435836792,
		-0.03982143476605415,
		0.9996649622917175
	],
	"7. right_knee": [
		0.40488821268081665,
		0.741258978843689,
		-0.05849606171250343,
		0.9827396869659424
	],
	"8. right_ankle": [
		0.38627004623413086,
		0.8354161381721497,
		0.15433096885681152,
		0.9813923835754395
	],
	"14. left_shoulder": [
		0.4335542619228363,
		0.4184674918651581,
		0.015491505153477192,
		0.998393714427948
	],
	"15. left_elbow": [
		0.45087629556655884,
		0.49945613741874695,
		0.02934630773961544,
		0.5493152737617493
	],
	"16. left_wrist": [
		0.44572824239730835,
		0.5557897090911865,
		-0.03363368660211563,
		0.5675265192985535
	],
	"19. right_shoulder": [
		0.3765425682067871,
		0.4073769748210907,
		-0.06911709904670715,
		0.9990619421005249
	],
	"20. right_elbow": [
		0.3590110242366791,
		0.4712671637535095,
		-0.18863561749458313,
		0.9093624949455261
	],
	"21. right_wrist": [
		0.36685431003570557,
		0.39303597807884216,
		-0.33694782853126526,
		0.8998429775238037
	],
	"24. nose": [
		0.42262008786201477,
		0.3387199342250824,
		-0.15825161337852478,
		0.9997957348823547
	],
	"25. left_eye": [
		0.42713046073913574,
		0.32860273122787476,
		-0.13827300071716309,
		0.9995601773262024
	],
	"26. right_eye": [
		0.415439248085022,
		0.3235229551792145,
		-0.14591453969478607,
		0.9996341466903687
	],
	"27. left_ear": [
		0.42850807309150696,
		0.3370974361896515,
		-0.04092949628829956,
		0.9993976354598999
	],
	"28. right_ear": [
		0.4060359597206116,
		0.32682931423187256,
		-0.07638808339834213,
		0.9991902112960815
	],
	"time stamp": 23
}