{
	"1. left_hip": [
		0.4220913052558899,
		0.5919472575187683,
		0.041279446333646774,
		0.9996233582496643
	],
	"2. left_knee": [
		0.4747048616409302,
		0.6524987816810608,
		-0.07090877741575241,
		0.9737845063209534
	],
	"3. left_ankle": [
		0.4250406324863434,
		0.7138352394104004,
		0.1605650633573532,
		0.8991060853004456
	],
	"6. right_hip": [
		0.3868277370929718,
		0.6019302606582642,
		-0.04140132665634155,
		0.9996411204338074
	],
	"7. right_knee": [
		0.40380239486694336,
		0.7402721643447876,
		-0.06777749955654144,
		0.977711021900177
	],
	"8. right_ankle": [
		0.38677141070365906,
		0.8354012966156006,
		0.14308814704418182,
		0.9707932472229004
	],
	"14. left_shoulder": [
		0.43798401951789856,
		0.4176586866378784,
		0.017928237095475197,
		0.9982991814613342
	],
	"15. left_elbow": [
		0.4505879282951355,
		0.5020025968551636,
		0.03336893394589424,
		0.5573005676269531
	],
	"16. left_wrist": [
		0.44178250432014465,
		0.5555433630943298,
		-0.02919185906648636,
		0.5533009767532349
	],
	"19. right_shoulder": [
		0.3809734582901001,
		0.3980688750743866,
		-0.09575679153203964,
		0.9990060925483704
	],
	"20. right_elbow": [
		0.3560141921043396,
		0.383603572845459,
		-0.21372659504413605,
		0.9181652069091797
	],
	"21. right_wrist": [
		0.37762507796287537,
		0.3025853931903839,
		-0.33984607458114624,
		0.9081817269325256
	],
	"24. nose": [
		0.43125325441360474,
		0.3382234275341034,
		-0.1726536601781845,
		0.9997074007987976
	],
	"25. left_eye": [
		0.43482956290245056,
		0.32768407464027405,
		-0.14737415313720703,
		0.9994120001792908
	],
	"26. right_eye": [
		0.4237765967845917,
		0.3228282928466797,
		-0.15650929510593414,
		0.9994583129882812
	],
	"27. left_ear": [
		0.4347321689128876,
		0.3357100486755371,
		-0.04287571832537651,
		0.9993048310279846
	],
	"28. right_ear": [
		0.41378337144851685,
		0.32640641927719116,
		-0.0924823135137558,
		0.9990450143814087
	],
	"time stamp": 23
}