{
	"1. left_hip": [
		0.4192633330821991,
		0.5916274785995483,
		0.04506032168865204,
		0.9996442794799805
	],
	"2. left_knee": [
		0.46722254157066345,
		0.6530745625495911,
		-0.07283129543066025,
		0.9723277688026428
	],
	"3. left_ankle": [
		0.44591057300567627,
		0.7793606519699097,
		0.0816955417394638,
		0.9039600491523743
	],
	"6. right_hip": [
		0.38305798172950745,
		0.5999397039413452,
		-0.04508904740214348,
		0.9996510744094849
	],
	"7. right_knee": [
		0.40175873041152954,
		0.7385320663452148,
		-0.06229110434651375,
		0.9780920147895813
	],
	"8. right_ankle": [
		0.3874942362308502,
		0.8354021906852722,
		0.10032747685909271,
		0.971198320388794
	],
	"14. left_shoulder": [
		0.4414535164833069,
		0.4208483397960663,
		0.019140787422657013,
		0.9983776211738586
	],
	"15. left_elbow": [
		0.45009666681289673,
		0.5046195387840271,
		0.010765108279883862,
		0.567136824131012
	],
	"16. left_wrist": [
		0.4389541447162628,
		0.5555784106254578,
		-0.08116244524717331,
		0.5503581762313843
	],
	"19. right_shoulder": [
		0.38800814747810364,
		0.3914770483970642,
		-0.09914875775575638,
		0.9990360736846924
	],
	"20. right_elbow": [
		0.3659142255783081,
		0.3292164206504822,
		-0.25480929017066956,
		0.9262367486953735
	],
	"21. right_wrist": [
		0.37875044345855713,
		0.2637487053871155,
		-0.32986506819725037,
		0.9164718985557556
	],
	"24. nose": [
		0.4385594427585602,
		0.33832216262817383,
		-0.17210231721401215,
		0.9997065663337708
	],
	"25. left_eye": [
		0.4408133625984192,
		0.3273668885231018,
		-0.1479029506444931,
		0.9994227290153503
	],
	"26. right_eye": [
		0.42959320545196533,
		0.32273632287979126,
		-0.1588405817747116,
		0.9994317293167114
	],
	"27. left_ear": [
		0.43967679142951965,
		0.3350333571434021,
		-0.041232362389564514,
		0.9993228316307068
	],
	"28. right_ear": [
		0.4185437858104706,
		0.32699358463287354,
		-0.09688624739646912,
		0.9990683197975159
	],
	"time stamp": 23
}