{
	"1. left_hip": [
		0.41622981429100037,
		0.590077817440033,
		0.057741399854421616,
		0.9996451139450073
	],
	"2. left_knee": [
		0.45915916562080383,
		0.677726686000824,
		0.027398034930229187,
		0.9688969254493713
	],
	"3. left_ankle": [
		0.4671734869480133,
		0.8099258542060852,
		0.11402639001607895,
		0.9110181331634521
	],
	"6. right_hip": [
		0.38078758120536804,
		0.5953361988067627,
		-0.057835519313812256,
		0.9996631145477295
	],
	"7. right_knee": [
		0.4011346101760864,
		0.7357854247093201,
		-0.08265069127082825,
		0.9798136949539185
	],
	"8. right_ankle": [
		0.38830888271331787,
		0.8358615636825562,
		0.04635697975754738,
		0.9734585285186768
	],
	"14. left_shoulder": [
		0.444101482629776,
		0.42312970757484436,
		0.0020854228641837835,
		0.9984614849090576
	],
	"15. left_elbow": [
		0.449867308139801,
		0.5058160424232483,
		0.021427061408758163,
		0.5630743503570557
	],
	"16. left_wrist": [
		0.4389125406742096,
		0.5753911733627319,
		-0.046982210129499435,
		0.5253911018371582
	],
	"19. right_shoulder": [
		0.39521628618240356,
		0.38667336106300354,
		-0.15842093527317047,
		0.9991071820259094
	],
	"20. right_elbow": [
		0.37775295972824097,
		0.2945617437362671,
		-0.29487285017967224,
		0.9335010051727295
	],
	"21. right_wrist": [
		0.402875691652298,
		0.23774486780166626,
		-0.34392160177230835,
		0.9234707951545715
	],
	"24. nose": [
		0.44339537620544434,
		0.34073200821876526,
		-0.22275410592556,
		0.9997223019599915
	],
	"25. left_eye": [
		0.4456774592399597,
		0.32880932092666626,
		-0.20035266876220703,
		0.9994491338729858
	],
	"26. right_eye": [
		0.4346451163291931,
		0.3243873119354248,
		-0.21360260248184204,
		0.9994505047798157
	],
	"27. left_ear": [
		0.444138765335083,
		0.33599305152893066,
		-0.08619032800197601,
		0.9993340969085693
	],
	"28. right_ear": [
		0.42384785413742065,
		0.3280767500400543,
		-0.1469188779592514,
		0.9991313815116882
	],
	"time stamp": 23
}