{
	"1. left_hip": [
		0.4140639007091522,
		0.5900917649269104,
		0.05628366395831108,
		0.9996362924575806
	],
	"2. left_knee": [
		0.4500642716884613,
		0.6983282566070557,
		0.012934975326061249,
		0.9675518274307251
	],
	"3. left_ankle": [
		0.4738530218601227,
		0.816593587398529,
		0.11208339035511017,
		0.9162914156913757
	],
	"6. right_hip": [
		0.377650648355484,
		0.5945656299591064,
		-0.056348394602537155,
		0.9996671676635742
	],
	"7. right_knee": [
		0.40080761909484863,
		0.7343289852142334,
		-0.07319915294647217,
		0.9810963869094849
	],
	"8. right_ankle": [
		0.3885611891746521,
		0.8356763124465942,
		0.06090809032320976,
		0.974739134311676
	],
	"14. left_shoulder": [
		0.44654226303100586,
		0.4312518239021301,
		-0.007535548415035009,
		0.9985209107398987
	],
	"15. left_elbow": [
		0.44978126883506775,
		0.5163776278495789,
		-0.005745807662606239,
		0.5770500898361206
	],
	"16. left_wrist": [
		0.43374955654144287,
		0.578291654586792,
		-0.09363126754760742,
		0.5216318368911743
	],
	"19. right_shoulder": [
		0.40014323592185974,
		0.38739392161369324,
		-0.15193939208984375,
		0.9991618394851685
	],
	"20. right_elbow": [
		0.39672982692718506,
		0.2795178294181824,
		-0.271386057138443,
		0.9400959610939026
	],
	"21. right_wrist": [
		0.4222677946090698,
		0.21723899245262146,
		-0.23380862176418304,
		0.9302844405174255
	],
	"24. nose": [
		0.44754907488822937,
		0.3460979461669922,
		-0.21800966560840607,
		0.9996698498725891
	],
	"25. left_eye": [
		0.4498094320297241,
		0.3344178795814514,
		-0.19566473364830017,
		0.999358594417572
	],
	"26. right_eye": [
		0.43963778018951416,
		0.32882988452911377,
		-0.207338348031044,
		0.9992499947547913
	],
	"27. left_ear": [
		0.44794371724128723,
		0.34253594279289246,
		-0.08586740493774414,
		0.9991242289543152
	],
	"28. right_ear": [
		0.42895546555519104,
		0.3333774209022522,
		-0.13858970999717712,
		0.9990209937095642
	],
	"time stamp": 23
}