{
	"1. left_hip": [
		0.40595465898513794,
		0.594015896320343,
		0.05599366873502731,
		0.9996613264083862
	],
	"2. left_knee": [
		0.4240838289260864,
		0.7202368974685669,
		-0.00331191741861403,
		0.9565730094909668
	],
	"3. left_ankle": [
		0.4716263711452484,
		0.824773907661438,
		0.041660748422145844,
		0.9189306497573853
	],
	"6. right_hip": [
		0.3729214072227478,
		0.5906044244766235,
		-0.05609084665775299,
		0.9996963739395142
	],
	"7. right_knee": [
		0.39689821004867554,
		0.7285009622573853,
		-0.16515664756298065,
		0.9824693202972412
	],
	"8. right_ankle": [
		0.38879215717315674,
		0.835265040397644,
		-0.09657088667154312,
		0.9765831828117371
	],
	"14. left_shoulder": [
		0.44701629877090454,
		0.4487057030200958,
		0.08131534606218338,
		0.9986487627029419
	],
	"15. left_elbow": [
		0.4452075958251953,
		0.5379011034965515,
		0.02882453054189682,
		0.5937575101852417
	],
	"16. left_wrist": [
		0.4349232316017151,
		0.5805130004882812,
		-0.05912752449512482,
		0.5417925119400024
	],
	"19. right_shoulder": [
		0.4062500596046448,
		0.39565661549568176,
		-0.033634744584560394,
		0.9992409348487854
	],
	"20. right_elbow": [
		0.4253676235675812,
		0.3035370111465454,
		-0.11853674799203873,
		0.9459637403488159
	],
	"21. right_wrist": [
		0.4365260899066925,
		0.2189287543296814,
		-0.10766817629337311,
		0.9370099902153015
	],
	"24. nose": [
		0.4536237418651581,
		0.367233008146286,
		-0.07262394577264786,
		0.999683678150177
	],
	"25. left_eye": [
		0.4558311700820923,
		0.35811683535575867,
		-0.0493105873465538,
		0.9994018077850342
	],
	"26. right_eye": [
		0.44689297676086426,
		0.3527604937553406,
		-0.05909186229109764,
		0.9992810487747192
	],
	"27. left_ear": [
		0.4528579115867615,
		0.36520999670028687,
		0.04529154300689697,
		0.9991734027862549
	],
	"28. right_ear": [
		0.4356883764266968,
		0.35427650809288025,
		0.0016585238045081496,
		0.9990826845169067
	],
	"time stamp": 23
}