{
	"1. left_hip": [
		0.403374582529068,
		0.5936952233314514,
		0.05125097185373306,
		0.9996492862701416
	],
	"2. left_knee": [
		0.42264556884765625,
		0.7218794226646423,
		-0.009332903660833836,
		0.9508522152900696
	],
	"3. left_ankle": [
		0.4719040095806122,
		0.8266975283622742,
		0.01839078590273857,
		0.9193015694618225
	],
	"6. right_hip": [
		0.37051743268966675,
		0.5866462588310242,
		-0.05124710500240326,
		0.9997071623802185
	],
	"7. right_knee": [
		0.395440936088562,
		0.727416455745697,
		-0.11759085208177567,
		0.9834975600242615
	],
	"8. right_ankle": [
		0.38927340507507324,
		0.8384347558021545,
		-0.06656768172979355,
		0.9777573347091675
	],
	"14. left_shoulder": [
		0.44742679595947266,
		0.4535023868083954,
		0.07050926983356476,
		0.9987549185752869
	],
	"15. left_elbow": [
		0.4450450539588928,
		0.5444698929786682,
		0.031184859573841095,
		0.6093950271606445
	],
	"16. left_wrist": [
		0.43652164936065674,
		0.5703185796737671,
		-0.0678265169262886,
		0.5621536374092102
	],
	"19. right_shoulder": [
		0.41030630469322205,
		0.4013877511024475,
		-0.039347197860479355,
		0.9993077516555786
	],
	"20. right_elbow": [
		0.4352026879787445,
		0.31352993845939636,
		-0.11924022436141968,
		0.9512759447097778
	],
	"21. right_wrist": [
		0.4470662474632263,
		0.22738513350486755,
		-0.12454312294721603,
		0.9431506395339966
	],
	"24. nose": [
		0.45500364899635315,
		0.3767988979816437,
		-0.07591056823730469,
		0.9996532201766968
	],
	"25. left_eye": [
		0.4577714502811432,
		0.3683159351348877,
		-0.05671587958931923,
		0.9993868470191956
	],
	"26. right_eye": [
		0.4498269855976105,
		0.361035019159317,
		-0.064643993973732,
		0.9991798996925354
	],
	"27. left_ear": [
		0.4549950659275055,
		0.37656456232070923,
		0.026638144627213478,
		0.9991563558578491
	],
	"28. right_ear": [
		0.4395107626914978,
		0.3630356192588806,
		-0.007858854718506336,
		0.9989795088768005
	],
	"time stamp": 23
}