{
	"1. left_hip": [
		0.39951393008232117,
		0.5965104103088379,
		0.05113819241523743,
		0.9996529221534729
	],
	"2. left_knee": [
		0.4246102571487427,
		0.7244212031364441,
		-0.00959017314016819,
		0.9390257596969604
	],
	"3. left_ankle": [
		0.4741002321243286,
		0.8307651281356812,
		-0.009391342289745808,
		0.9141959547996521
	],
	"6. right_hip": [
		0.36768755316734314,
		0.5868914127349854,
		-0.051157016307115555,
		0.9997252821922302
	],
	"7. right_knee": [
		0.3960872292518616,
		0.7272489666938782,
		-0.10731799155473709,
		0.9846407175064087
	],
	"8. right_ankle": [
		0.38926950097084045,
		0.8382736444473267,
		-0.06740964204072952,
		0.9788491725921631
	],
	"14. left_shoulder": [
		0.44822588562965393,
		0.46015578508377075,
		0.07163786143064499,
		0.9988460540771484
	],
	"15. left_elbow": [
		0.4447953701019287,
		0.545127272605896,
		0.041105177253484726,
		0.616669237613678
	],
	"16. left_wrist": [
		0.4352019131183624,
		0.5811267495155334,
		-0.055775173008441925,
		0.5789470076560974
	],
	"19. right_shoulder": [
		0.4116079807281494,
		0.405762255191803,
		-0.04967332258820534,
		0.9993706345558167
	],
	"20. right_elbow": [
		0.4368072748184204,
		0.31991851329803467,
		-0.1367446482181549,
		0.9561095237731934
	],
	"21. right_wrist": [
		0.4528791308403015,
		0.237354576587677,
		-0.14135956764221191,
		0.9487317204475403
	],
	"24. nose": [
		0.4565733075141907,
		0.3858311176300049,
		-0.08130564540624619,
		0.9996688961982727
	],
	"25. left_eye": [
		0.459431529045105,
		0.37645408511161804,
		-0.06180446594953537,
		0.9994259476661682
	],
	"26. right_eye": [
		0.4521123468875885,
		0.36839598417282104,
		-0.06951222568750381,
		0.9992105960845947
	],
	"27. left_ear": [
		0.4569316804409027,
		0.3856121897697449,
		0.022155528888106346,
		0.9992047548294067
	],
	"28. right_ear": [
		0.44125524163246155,
		0.3708777129650116,
		-0.011621671728789806,
		0.9990205764770508
	],
	"time stamp": 23
}