{
	"1. left_hip": [
		0.39777323603630066,
		0.5980133414268494,
		0.051054947078228,
		0.9996442198753357
	],
	"2. left_knee": [
		0.4272203743457794,
		0.7248784303665161,
		-0.00010561672388575971,
		0.9248533248901367
	],
	"3. left_ankle": [
		0.475376695394516,
		0.8278108239173889,
		0.027867401018738747,
		0.9045940041542053
	],
	"6. right_hip": [
		0.3649935722351074,
		0.5890288949012756,
		-0.051059745252132416,
		0.9997397661209106
	],
	"7. right_knee": [
		0.3949015438556671,
		0.730204701423645,
		-0.10876334458589554,
		0.9855844378471375
	],
	"8. right_ankle": [
		0.3896316587924957,
		0.8382485508918762,
		-0.07832146435976028,
		0.9799296259880066
	],
	"14. left_shoulder": [
		0.4487777352333069,
		0.4688830077648163,
		0.06037197634577751,
		0.9989449977874756
	],
	"15. left_elbow": [
		0.44478026032447815,
		0.5554381012916565,
		0.03285804018378258,
		0.6463173627853394
	],
	"16. left_wrist": [
		0.4257959723472595,
		0.5996688604354858,
		-0.060509003698825836,
		0.6128709316253662
	],
	"19. right_shoulder": [
		0.4125377833843231,
		0.40806469321250916,
		-0.050262827426195145,
		0.999427318572998
	],
	"20. right_elbow": [
		0.4392559230327606,
		0.31843236088752747,
		-0.13732726871967316,
		0.9604347944259644
	],
	"21. right_wrist": [
		0.45727667212486267,
		0.23892512917518616,
		-0.15102002024650574,
		0.9537041187286377
	],
	"24. nose": [
		0.4580734968185425,
		0.3919910490512848,
		-0.08552723377943039,
		0.9996829032897949
	],
	"25. left_eye": [
		0.4609619677066803,
		0.3828771710395813,
		-0.06637102365493774,
		0.9994644522666931
	],
	"26. right_eye": [
		0.45399531722068787,
		0.3747010827064514,
		-0.07335619628429413,
		0.9992377758026123
	],
	"27. left_ear": [
		0.45819514989852905,
		0.39118698239326477,
		0.015098213218152523,
		0.9992590546607971
	],
	"28. right_ear": [
		0.4430708587169647,
		0.376667320728302,
		-0.016568725928664207,
		0.9990451335906982
	],
	"time stamp": 23
}