{
	"1. left_hip": [
		0.3959268629550934,
		0.6034586429595947,
		0.05869622528553009,
		0.9995456337928772
	],
	"2. left_knee": [
		0.4296477138996124,
		0.7228863835334778,
		0.061531949788331985,
		0.9031894207000732
	],
	"3. left_ankle": [
		0.4756661653518677,
		0.8300580978393555,
		0.12351102381944656,
		0.8969959020614624
	],
	"6. right_hip": [
		0.3626640737056732,
		0.5929625034332275,
		-0.05860839784145355,
		0.9997449517250061
	],
	"7. right_knee": [
		0.3937899172306061,
		0.7333935499191284,
		-0.13203389942646027,
		0.986682116985321
	],
	"8. right_ankle": [
		0.39082884788513184,
		0.8484416604042053,
		-0.09620654582977295,
		0.9814625978469849
	],
	"14. left_shoulder": [
		0.44977277517318726,
		0.47084754705429077,
		0.045912135392427444,
		0.9989393949508667
	],
	"15. left_elbow": [
		0.4437665045261383,
		0.5556426048278809,
		0.026087520644068718,
		0.6448234915733337
	],
	"16. left_wrist": [
		0.4210573136806488,
		0.6059534549713135,
		-0.0673045739531517,
		0.6128972768783569
	],
	"19. right_shoulder": [
		0.4123722314834595,
		0.4111053943634033,
		-0.09970881789922714,
		0.9994739294052124
	],
	"20. right_elbow": [
		0.4372950494289398,
		0.3248926103115082,
		-0.2007235586643219,
		0.9643071293830872
	],
	"21. right_wrist": [
		0.45738378167152405,
		0.241098091006279,
		-0.20978577435016632,
		0.9581502676010132
	],
	"24. nose": [
		0.45820146799087524,
		0.39206114411354065,
		-0.11527779698371887,
		0.9996464848518372
	],
	"25. left_eye": [
		0.46138519048690796,
		0.38318946957588196,
		-0.09623612463474274,
		0.9994366765022278
	],
	"26. right_eye": [
		0.45392680168151855,
		0.3756537139415741,
		-0.10341640561819077,
		0.9991461634635925
	],
	"27. left_ear": [
		0.45916685461997986,
		0.39234501123428345,
		-0.017633279785513878,
		0.9991973638534546
	],
	"28. right_ear": [
		0.4424934983253479,
		0.3772701323032379,
		-0.05230223387479782,
		0.9989322423934937
	],
	"time stamp": 23
}