{
	"1. left_hip": [
		0.3980327248573303,
		0.6076375842094421,
		0.058486368507146835,
		0.9995020627975464
	],
	"2. left_knee": [
		0.43006667494773865,
		0.7221028804779053,
		0.06900946795940399,
		0.8939969539642334
	],
	"3. left_ankle": [
		0.4754493236541748,
		0.8298274278640747,
		0.1479775607585907,
		0.8948544263839722
	],
	"6. right_hip": [
		0.3633056879043579,
		0.59598308801651,
		-0.058414824306964874,
		0.9997531771659851
	],
	"7. right_knee": [
		0.39262107014656067,
		0.7336482405662537,
		-0.12581866979599,
		0.9876024723052979
	],
	"8. right_ankle": [
		0.3908160626888275,
		0.846942663192749,
		-0.0758465975522995,
		0.9827309846878052
	],
	"14. left_shoulder": [
		0.45128104090690613,
		0.4694724678993225,
		0.027286343276500702,
		0.9989948868751526
	],
	"15. left_elbow": [
		0.44379937648773193,
		0.5502651929855347,
		0.007106418255716562,
		0.6540966033935547
	],
	"16. left_wrist": [
		0.4231487810611725,
		0.6053363680839539,
		-0.09002384543418884,
		0.6273794174194336
	],
	"19. right_shoulder": [
		0.4110797345638275,
		0.4128366708755493,
		-0.1048581674695015,
		0.9995170831680298
	],
	"20. right_elbow": [
		0.4336957037448883,
		0.32149314880371094,
		-0.1989152878522873,
		0.9677800536155701
	],
	"21. right_wrist": [
		0.45355305075645447,
		0.2377816140651703,
		-0.21323472261428833,
		0.9621381759643555
	],
	"24. nose": [
		0.45587512850761414,
		0.39191266894340515,
		-0.14740946888923645,
		0.9996325969696045
	],
	"25. left_eye": [
		0.45974913239479065,
		0.38211995363235474,
		-0.1278102844953537,
		0.999424397945404
	],
	"26. right_eye": [
		0.4518437385559082,
		0.3751787841320038,
		-0.1340547353029251,
		0.9990656971931458
	],
	"27. left_ear": [
		0.45827341079711914,
		0.3916153311729431,
		-0.04053817316889763,
		0.9991346001625061
	],
	"28. right_ear": [
		0.440602570772171,
		0.37553784251213074,
		-0.0680667832493782,
		0.9987983107566833
	],
	"time stamp": 23
}