{
	"1. left_hip": [
		0.40027907490730286,
		0.6065536737442017,
		0.056462354958057404,
		0.999502420425415
	],
	"2. left_knee": [
		0.43087321519851685,
		0.7226877808570862,
		0.04113661125302315,
		0.8941497206687927
	],
	"3. left_ankle": [
		0.47541114687919617,
		0.829224169254303,
		0.1243489682674408,
		0.8965446352958679
	],
	"6. right_hip": [
		0.36496466398239136,
		0.5960192084312439,
		-0.0564127042889595,
		0.999761164188385
	],
	"7. right_knee": [
		0.3923778235912323,
		0.7332963943481445,
		-0.12351773679256439,
		0.9884017705917358
	],
	"8. right_ankle": [
		0.3909580111503601,
		0.846425473690033,
		-0.0454988107085228,
		0.9838074445724487
	],
	"14. left_shoulder": [
		0.45212090015411377,
		0.4673866331577301,
		0.029273636639118195,
		0.9990769624710083
	],
	"15. left_elbow": [
		0.4438380002975464,
		0.5480175614356995,
		0.014673330821096897,
		0.6784149408340454
	],
	"16. left_wrist": [
		0.42408058047294617,
		0.6041116714477539,
		-0.07831332087516785,
		0.6564853191375732
	],
	"19. right_shoulder": [
		0.4110361337661743,
		0.41168105602264404,
		-0.06720377504825592,
		0.9995573163032532
	],
	"20. right_elbow": [
		0.43177416920661926,
		0.3162878751754761,
		-0.1440192461013794,
		0.970906674861908
	],
	"21. right_wrist": [
		0.4504031836986542,
		0.2379418909549713,
		-0.17538480460643768,
		0.9657835960388184
	],
	"24. nose": [
		0.4543813467025757,
		0.38701948523521423,
		-0.12517784535884857,
		0.9996428489685059
	],
	"25. left_eye": [
		0.45816317200660706,
		0.3777666389942169,
		-0.10721328109502792,
		0.9994457960128784
	],
	"26. right_eye": [
		0.4499551057815552,
		0.3707203269004822,
		-0.10968326777219772,
		0.9990530610084534
	],
	"27. left_ear": [
		0.4570285975933075,
		0.38753601908683777,
		-0.030672824010252953,
		0.9991552233695984
	],
	"28. right_ear": [
		0.43890875577926636,
		0.3714185953140259,
		-0.03727243095636368,
		0.9987480640411377
	],
	"time stamp": 23
}