{
	"1. left_hip": [
		0.4013952910900116,
		0.6060028672218323,
		0.05603773519396782,
		0.9994640350341797
	],
	"2. left_knee": [
		0.4322620630264282,
		0.7220190167427063,
		0.04615377262234688,
		0.8942655920982361
	],
	"3. left_ankle": [
		0.4759685695171356,
		0.8294566869735718,
		0.13073427975177765,
		0.897762656211853
	],
	"6. right_hip": [
		0.36538979411125183,
		0.5967385768890381,
		-0.05599164590239525,
		0.9997565746307373
	],
	"7. right_knee": [
		0.39206603169441223,
		0.7339309453964233,
		-0.10578560829162598,
		0.9890400767326355
	],
	"8. right_ankle": [
		0.3909485936164856,
		0.844080924987793,
		-0.019856318831443787,
		0.9847159385681152
	],
	"14. left_shoulder": [
		0.4515899419784546,
		0.46395453810691833,
		0.01617421768605709,
		0.9991359114646912
	],
	"15. left_elbow": [
		0.44346341490745544,
		0.5456097722053528,
		0.011622960679233074,
		0.690392792224884
	],
	"16. left_wrist": [
		0.4249690771102905,
		0.601371705532074,
		-0.0770794227719307,
		0.6732083559036255
	],
	"19. right_shoulder": [
		0.41044536232948303,
		0.4104185402393341,
		-0.10188647359609604,
		0.9995892643928528
	],
	"20. right_elbow": [
		0.42896583676338196,
		0.30719977617263794,
		-0.1727018505334854,
		0.9737183451652527
	],
	"21. right_wrist": [
		0.44953495264053345,
		0.2303237020969391,
		-0.17911116778850555,
		0.969014585018158
	],
	"24. nose": [
		0.45376768708229065,
		0.3841523826122284,
		-0.15270131826400757,
		0.9996168613433838
	],
	"25. left_eye": [
		0.4568992853164673,
		0.3746788799762726,
		-0.13487227261066437,
		0.9994044899940491
	],
	"26. right_eye": [
		0.4497651755809784,
		0.36784541606903076,
		-0.14021365344524384,
		0.9988960027694702
	],
	"27. left_ear": [
		0.4540562033653259,
		0.3841899037361145,
		-0.05185706540942192,
		0.9990519285202026
	],
	"28. right_ear": [
		0.4373490512371063,
		0.3689624071121216,
		-0.07374794036149979,
		0.9984737038612366
	],
	"time stamp": 23
}