{
	"1. left_hip": [
		0.402087539434433,
		0.6005569100379944,
		0.05777911841869354,
		0.9994089603424072
	],
	"2. left_knee": [
		0.43466684222221375,
		0.7115281224250793,
		0.03976074978709221,
		0.8961955904960632
	],
	"3. left_ankle": [
		0.47557249665260315,
		0.826596736907959,
		0.09449471533298492,
		0.9013924598693848
	],
	"6. right_hip": [
		0.3657299876213074,
		0.5946048498153687,
		-0.05773796886205673,
		0.9997454285621643
	],
	"7. right_knee": [
		0.39208996295928955,
		0.7299232482910156,
		-0.13176238536834717,
		0.9897218346595764
	],
	"8. right_ankle": [
		0.39085742831230164,
		0.8415969610214233,
		-0.062112338840961456,
		0.9856452345848083
	],
	"14. left_shoulder": [
		0.447316437959671,
		0.4431414008140564,
		0.012068664655089378,
		0.9992073774337769
	],
	"15. left_elbow": [
		0.4437096118927002,
		0.5200664401054382,
		0.007023801561444998,
		0.7135842442512512
	],
	"16. left_wrist": [
		0.43020808696746826,
		0.5888854265213013,
		-0.08273915201425552,
		0.6995300054550171
	],
	"19. right_shoulder": [
		0.39929667115211487,
		0.39751651883125305,
		-0.12625782191753387,
		0.9996235966682434
	],
	"20. right_elbow": [
		0.40483084321022034,
		0.2876230776309967,
		-0.24989119172096252,
		0.9762833714485168
	],
	"21. right_wrist": [
		0.4256332814693451,
		0.21372027695178986,
		-0.3268931806087494,
		0.9719958901405334
	],
	"24. nose": [
		0.44521892070770264,
		0.3633174002170563,
		-0.16883857548236847,
		0.9996311664581299
	],
	"25. left_eye": [
		0.4468989372253418,
		0.35209280252456665,
		-0.15042422711849213,
		0.9994240403175354
	],
	"26. right_eye": [
		0.43837156891822815,
		0.34912464022636414,
		-0.15854035317897797,
		0.9989288449287415
	],
	"27. left_ear": [
		0.44376012682914734,
		0.35899102687835693,
		-0.06286650151014328,
		0.999085545539856
	],
	"28. right_ear": [
		0.425448477268219,
		0.35411307215690613,
		-0.09739729762077332,
		0.9985243678092957
	],
	"time stamp": 23
}