{
	"1. left_hip": [
		0.40331700444221497,
		0.5917441248893738,
		0.05358853563666344,
		0.9994032979011536
	],
	"2. left_knee": [
		0.437653511762619,
		0.701435387134552,
		-0.0006841592839919031,
		0.9015213847160339
	],
	"3. left_ankle": [
		0.4763697385787964,
		0.8310059309005737,
		0.017639776691794395,
		0.9070445895195007
	],
	"6. right_hip": [
		0.36621853709220886,
		0.5871573090553284,
		-0.05352073535323143,
		0.9997456669807434
	],
	"7. right_knee": [
		0.39041221141815186,
		0.7169057130813599,
		-0.13041234016418457,
		0.9903924465179443
	],
	"8. right_ankle": [
		0.3903369605541229,
		0.8353634476661682,
		-0.0991126075387001,
		0.9864379167556763
	],
	"14. left_shoulder": [
		0.4460676610469818,
		0.4263595938682556,
		0.012699832208454609,
		0.9992818832397461
	],
	"15. left_elbow": [
		0.44514474272727966,
		0.5091969966888428,
		0.007711515296250582,
		0.7383784055709839
	],
	"16. left_wrist": [
		0.4356541037559509,
		0.5760400891304016,
		-0.08620449900627136,
		0.7273548245429993
	],
	"19. right_shoulder": [
		0.3927702009677887,
		0.38455063104629517,
		-0.08818643540143967,
		0.9996569752693176
	],
	"20. right_elbow": [
		0.3864189386367798,
		0.2753177881240845,
		-0.22311794757843018,
		0.9785999059677124
	],
	"21. right_wrist": [
		0.4085982143878937,
		0.2064114660024643,
		-0.30938011407852173,
		0.9746827483177185
	],
	"24. nose": [
		0.4370931386947632,
		0.3475205600261688,
		-0.1611039936542511,
		0.999661386013031
	],
	"25. left_eye": [
		0.44005972146987915,
		0.33587121963500977,
		-0.14578397572040558,
		0.9994725584983826
	],
	"26. right_eye": [
		0.42907479405403137,
		0.3339240252971649,
		-0.14613357186317444,
		0.9990164041519165
	],
	"27. left_ear": [
		0.43909043073654175,
		0.34195026755332947,
		-0.06087670847773552,
		0.9991624355316162
	],
	"28. right_ear": [
		0.41679123044013977,
		0.33923962712287903,
		-0.07024259120225906,
		0.9986447691917419
	],
	"time stamp": 23
}