{
	"1. left_hip": [
		0.4052848517894745,
		0.5836859941482544,
		0.04946010932326317,
		0.9993804097175598
	],
	"2. left_knee": [
		0.44782060384750366,
		0.692398190498352,
		-0.0045440844260156155,
		0.9095428586006165
	],
	"3. left_ankle": [
		0.4750082194805145,
		0.8295825719833374,
		0.054793473333120346,
		0.914289653301239
	],
	"6. right_hip": [
		0.36646929383277893,
		0.5828951001167297,
		-0.04939263314008713,
		0.9997370839118958
	],
	"7. right_knee": [
		0.3905210494995117,
		0.7160028219223022,
		-0.1140940710902214,
		0.9910983443260193
	],
	"8. right_ankle": [
		0.38902547955513,
		0.8325243592262268,
		-0.06198057904839516,
		0.9873261451721191
	],
	"14. left_shoulder": [
		0.44408518075942993,
		0.4120567739009857,
		0.008073251694440842,
		0.9993460774421692
	],
	"15. left_elbow": [
		0.44611746072769165,
		0.49983614683151245,
		-0.01196006964892149,
		0.761109471321106
	],
	"16. left_wrist": [
		0.4401094317436218,
		0.5640578866004944,
		-0.12055983394384384,
		0.7516472935676575
	],
	"19. right_shoulder": [
		0.38553908467292786,
		0.37314271926879883,
		-0.08755309879779816,
		0.9996833205223083
	],
	"20. right_elbow": [
		0.36528995633125305,
		0.28276410698890686,
		-0.22371025383472443,
		0.9806997179985046
	],
	"21. right_wrist": [
		0.39253929257392883,
		0.2122998833656311,
		-0.34359419345855713,
		0.9770755767822266
	],
	"24. nose": [
		0.43164297938346863,
		0.33402225375175476,
		-0.16285188496112823,
		0.9996823668479919
	],
	"25. left_eye": [
		0.435005247592926,
		0.3236434757709503,
		-0.14526599645614624,
		0.9995044469833374
	],
	"26. right_eye": [
		0.4236939251422882,
		0.32093513011932373,
		-0.14988702535629272,
		0.9990724325180054
	],
	"27. left_ear": [
		0.43469545245170593,
		0.33057552576065063,
		-0.057194288820028305,
		0.9992146492004395
	],
	"28. right_ear": [
		0.41142767667770386,
		0.3262200355529785,
		-0.0782659724354744,
		0.9987174272537231
	],
	"time stamp": 23
}