{
	"1. left_hip": [
		0.4104032814502716,
		0.5769646763801575,
		0.044026270508766174,
		0.9993764758110046
	],
	"2. left_knee": [
		0.45665255188941956,
		0.6861566305160522,
		-0.006642068736255169,
		0.917428731918335
	],
	"3. left_ankle": [
		0.4679412245750427,
		0.8178144693374634,
		0.11973681300878525,
		0.9213255643844604
	],
	"6. right_hip": [
		0.36975225806236267,
		0.5792438983917236,
		-0.04397507384419441,
		0.9997232556343079
	],
	"7. right_knee": [
		0.39080387353897095,
		0.7158971428871155,
		-0.07962500303983688,
		0.9916643500328064
	],
	"8. right_ankle": [
		0.38900938630104065,
		0.828532338142395,
		0.03586757555603981,
		0.9880136251449585
	],
	"14. left_shoulder": [
		0.4420531988143921,
		0.4026566743850708,
		-0.022740337997674942,
		0.9994060397148132
	],
	"15. left_elbow": [
		0.4465144872665405,
		0.4920368194580078,
		-0.028116216883063316,
		0.7819523811340332
	],
	"16. left_wrist": [
		0.4449266493320465,
		0.5518254041671753,
		-0.1367788016796112,
		0.7735797762870789
	],
	"19. right_shoulder": [
		0.3795086741447449,
		0.3692777752876282,
		-0.1026049554347992,
		0.9997054934501648
	],
	"20. right_elbow": [
		0.3470614552497864,
		0.2903138995170593,
		-0.23890331387519836,
		0.9825918674468994
	],
	"21. right_wrist": [
		0.3773967921733856,
		0.21525996923446655,
		-0.3772077262401581,
		0.9791504740715027
	],
	"24. nose": [
		0.42590951919555664,
		0.33021387457847595,
		-0.2084323763847351,
		0.9997006058692932
	],
	"25. left_eye": [
		0.4294741153717041,
		0.3194971978664398,
		-0.19144517183303833,
		0.9995249509811401
	],
	"26. right_eye": [
		0.41795122623443604,
		0.317131370306015,
		-0.19654512405395508,
		0.9991164803504944
	],
	"27. left_ear": [
		0.43001729249954224,
		0.32505473494529724,
		-0.09635662287473679,
		0.9992457628250122
	],
	"28. right_ear": [
		0.4058420956134796,
		0.32080867886543274,
		-0.11936379969120026,
		0.9987733960151672
	],
	"time stamp": 23
}