{
	"1. left_hip": [
		0.41576993465423584,
		0.5755414962768555,
		0.0380738340318203,
		0.9993768334388733
	],
	"2. left_knee": [
		0.4708605706691742,
		0.6665659546852112,
		-0.07605765014886856,
		0.9241593480110168
	],
	"3. left_ankle": [
		0.4538126587867737,
		0.7726773023605347,
		0.12555216252803802,
		0.9245783090591431
	],
	"6. right_hip": [
		0.376463919878006,
		0.5803801417350769,
		-0.03800106793642044,
		0.9996846914291382
	],
	"7. right_knee": [
		0.3919408321380615,
		0.7170364260673523,
		-0.0873645693063736,
		0.9914838075637817
	],
	"8. right_ankle": [
		0.38932445645332336,
		0.827680230140686,
		0.05667267367243767,
		0.9878970980644226
	],
	"14. left_shoulder": [
		0.4390312135219574,
		0.3911791145801544,
		-0.013008921407163143,
		0.9994613528251648
	],
	"15. left_elbow": [
		0.44753995537757874,
		0.48493877053260803,
		-0.0029465898405760527,
		0.7988551259040833
	],
	"16. left_wrist": [
		0.44853195548057556,
		0.5397775769233704,
		-0.11376121640205383,
		0.7936990857124329
	],
	"19. right_shoulder": [
		0.3726564645767212,
		0.37283816933631897,
		-0.047219209372997284,
		0.9997133612632751
	],
	"20. right_elbow": [
		0.32142937183380127,
		0.34254422783851624,
		-0.17726455628871918,
		0.9841929078102112
	],
	"21. right_wrist": [
		0.34487491846084595,
		0.2852010428905487,
		-0.34997501969337463,
		0.9808053970336914
	],
	"24. nose": [
		0.4179880917072296,
		0.3276624381542206,
		-0.19667339324951172,
		0.9997240304946899
	],
	"25. left_eye": [
		0.42187365889549255,
		0.31614553928375244,
		-0.16990667581558228,
		0.9995604157447815
	],
	"26. right_eye": [
		0.4105648696422577,
		0.3125211000442505,
		-0.1943543702363968,
		0.9991831183433533
	],
	"27. left_ear": [
		0.42301681637763977,
		0.3220061957836151,
		-0.08593006432056427,
		0.9993066787719727
	],
	"28. right_ear": [
		0.39800551533699036,
		0.3156683146953583,
		-0.07689084112644196,
		0.9988558888435364
	],
	"time stamp": 23
}