{
	"1. left_hip": [
		0.41890543699264526,
		0.5766120553016663,
		0.03433573618531227,
		0.999317467212677
	],
	"2. left_knee": [
		0.47494468092918396,
		0.6560460925102234,
		-0.0850161537528038,
		0.9299471974372864
	],
	"3. left_ankle": [
		0.44475916028022766,
		0.730803370475769,
		0.14840564131736755,
		0.9241993427276611
	],
	"6. right_hip": [
		0.38132748007774353,
		0.5808116793632507,
		-0.03425988182425499,
		0.999592125415802
	],
	"7. right_knee": [
		0.39601656794548035,
		0.7177551984786987,
		-0.0899590328335762,
		0.9905485510826111
	],
	"8. right_ankle": [
		0.3899106979370117,
		0.82664555311203,
		0.07676349580287933,
		0.9870398640632629
	],
	"14. left_shoulder": [
		0.4360862672328949,
		0.3917064368724823,
		-0.009793184697628021,
		0.9995066523551941
	],
	"15. left_elbow": [
		0.447784960269928,
		0.48307520151138306,
		-0.007427561096847057,
		0.813203752040863
	],
	"16. left_wrist": [
		0.45058172941207886,
		0.5361142158508301,
		-0.12630926072597504,
		0.8108633160591125
	],
	"19. right_shoulder": [
		0.3678572475910187,
		0.37558513879776,
		-0.057627007365226746,
		0.9997037649154663
	],
	"20. right_elbow": [
		0.31726059317588806,
		0.3871924579143524,
		-0.17688432335853577,
		0.9855384230613708
	],
	"21. right_wrist": [
		0.33003297448158264,
		0.32653748989105225,
		-0.3599025011062622,
		0.9821726679801941
	],
	"24. nose": [
		0.41210266947746277,
		0.32697057723999023,
		-0.1905899941921234,
		0.9997392296791077
	],
	"25. left_eye": [
		0.4172314703464508,
		0.3154977262020111,
		-0.1731204092502594,
		0.9995775818824768
	],
	"26. right_eye": [
		0.40439942479133606,
		0.31176555156707764,
		-0.17949937283992767,
		0.9992251992225647
	],
	"27. left_ear": [
		0.41961944103240967,
		0.3219618797302246,
		-0.07863759994506836,
		0.9993460774421692
	],
	"28. right_ear": [
		0.39274024963378906,
		0.3173390030860901,
		-0.09012744575738907,
		0.998887300491333
	],
	"time stamp": 23
}