{
	"1. left_hip": [
		0.42251357436180115,
		0.5774128437042236,
		0.03629913181066513,
		0.9993212223052979
	],
	"2. left_knee": [
		0.47787773609161377,
		0.6541551947593689,
		-0.07063467800617218,
		0.934581458568573
	],
	"3. left_ankle": [
		0.44242000579833984,
		0.7072978615760803,
		0.17106054723262787,
		0.920849084854126
	],
	"6. right_hip": [
		0.3857000470161438,
		0.582391083240509,
		-0.03626305237412453,
		0.9995692372322083
	],
	"7. right_knee": [
		0.3996565341949463,
		0.717958927154541,
		-0.0835658609867096,
		0.9891663789749146
	],
	"8. right_ankle": [
		0.38990694284439087,
		0.8269058465957642,
		0.08169037848711014,
		0.9862259030342102
	],
	"14. left_shoulder": [
		0.43338990211486816,
		0.392910897731781,
		-0.021020550280809402,
		0.999549925327301
	],
	"15. left_elbow": [
		0.4477543234825134,
		0.4798048138618469,
		0.0026386224199086428,
		0.8283087015151978
	],
	"16. left_wrist": [
		0.4532431960105896,
		0.5348137617111206,
		-0.07291252911090851,
		0.8276737928390503
	],
	"19. right_shoulder": [
		0.3637773394584656,
		0.3869659900665283,
		-0.060516148805618286,
		0.9997057318687439
	],
	"20. right_elbow": [
		0.3146696984767914,
		0.43218743801116943,
		-0.1856110692024231,
		0.9868199229240417
	],
	"21. right_wrist": [
		0.32567983865737915,
		0.35106390714645386,
		-0.3616076111793518,
		0.9834557175636292
	],
	"24. nose": [
		0.41085872054100037,
		0.32928112149238586,
		-0.2016390711069107,
		0.9997598528862
	],
	"25. left_eye": [
		0.41506439447402954,
		0.31743431091308594,
		-0.18355154991149902,
		0.9996061325073242
	],
	"26. right_eye": [
		0.40321460366249084,
		0.3125002682209015,
		-0.1893090009689331,
		0.9992885589599609
	],
	"27. left_ear": [
		0.416181743144989,
		0.3243198096752167,
		-0.08534856140613556,
		0.9993966221809387
	],
	"28. right_ear": [
		0.38995474576950073,
		0.3185782730579376,
		-0.11098632216453552,
		0.9989672899246216
	],
	"time stamp": 23
}