{
	"1. left_hip": [
		0.4258115887641907,
		0.5791254043579102,
		0.031559232622385025,
		0.9993597865104675
	],
	"2. left_knee": [
		0.4831521511077881,
		0.6480045914649963,
		-0.09550819545984268,
		0.9400290846824646
	],
	"3. left_ankle": [
		0.4353955388069153,
		0.6894246339797974,
		0.14842338860034943,
		0.9159103035926819
	],
	"6. right_hip": [
		0.3880811035633087,
		0.587986946105957,
		-0.031488750129938126,
		0.9995680451393127
	],
	"7. right_knee": [
		0.3997708857059479,
		0.728236734867096,
		-0.043228715658187866,
		0.9870101809501648
	],
	"8. right_ankle": [
		0.3888630270957947,
		0.8269588947296143,
		0.14546643197536469,
		0.9844812154769897
	],
	"14. left_shoulder": [
		0.43293315172195435,
		0.39520031213760376,
		-0.0328979454934597,
		0.9995914101600647
	],
	"15. left_elbow": [
		0.4499654769897461,
		0.478405624628067,
		0.0015199094777926803,
		0.843313455581665
	],
	"16. left_wrist": [
		0.4557541608810425,
		0.5334109663963318,
		-0.0792640969157219,
		0.8437914848327637
	],
	"19. right_shoulder": [
		0.36295002698898315,
		0.39910444617271423,
		-0.06716093420982361,
		0.9996916651725769
	],
	"20. right_elbow": [
		0.3262239694595337,
		0.46609756350517273,
		-0.18895399570465088,
		0.9876388311386108
	],
	"21. right_wrist": [
		0.32163017988204956,
		0.4040878415107727,
		-0.38223302364349365,
		0.9843623638153076
	],
	"24. nose": [
		0.4101512134075165,
		0.33202967047691345,
		-0.22423581779003143,
		0.9997805953025818
	],
	"25. left_eye": [
		0.4130620062351227,
		0.3196905255317688,
		-0.20588096976280212,
		0.9996375441551208
	],
	"26. right_eye": [
		0.4020622670650482,
		0.31569743156433105,
		-0.2117219865322113,
		0.9993500709533691
	],
	"27. left_ear": [
		0.4138578474521637,
		0.32653313875198364,
		-0.1004253700375557,
		0.9994509816169739
	],
	"28. right_ear": [
		0.3880396783351898,
		0.3211860954761505,
		-0.12820130586624146,
		0.9990430474281311
	],
	"time stamp": 23
}