{
	"1. left_hip": [
		0.4289587140083313,
		0.5838767290115356,
		0.020574703812599182,
		0.9994127154350281
	],
	"2. left_knee": [
		0.486799955368042,
		0.642028272151947,
		-0.14710362255573273,
		0.9456993341445923
	],
	"3. left_ankle": [
		0.4341121315956116,
		0.6872593760490417,
		0.1356457620859146,
		0.9184094667434692
	],
	"6. right_hip": [
		0.38920751214027405,
		0.5971114635467529,
		-0.020532507449388504,
		0.9995915293693542
	],
	"7. right_knee": [
		0.3994506895542145,
		0.7333978414535522,
		-0.029455013573169708,
		0.9863777160644531
	],
	"8. right_ankle": [
		0.38883766531944275,
		0.8268914818763733,
		0.1886349767446518,
		0.9842047095298767
	],
	"14. left_shoulder": [
		0.43143075704574585,
		0.3987635374069214,
		-0.04250786080956459,
		0.9996308088302612
	],
	"15. left_elbow": [
		0.4512416422367096,
		0.4823085367679596,
		-0.032811664044857025,
		0.8581088185310364
	],
	"16. left_wrist": [
		0.4567812979221344,
		0.533852219581604,
		-0.15326112508773804,
		0.8589465618133545
	],
	"19. right_shoulder": [
		0.3606550991535187,
		0.4098166227340698,
		-0.06401573866605759,
		0.9997076392173767
	],
	"20. right_elbow": [
		0.33457523584365845,
		0.5026006698608398,
		-0.14963023364543915,
		0.988457441329956
	],
	"21. right_wrist": [
		0.3219863474369049,
		0.455657422542572,
		-0.3566015064716339,
		0.9856778979301453
	],
	"24. nose": [
		0.4059535562992096,
		0.335089772939682,
		-0.21218979358673096,
		0.999801754951477
	],
	"25. left_eye": [
		0.40895646810531616,
		0.32112112641334534,
		-0.19428813457489014,
		0.9996716976165771
	],
	"26. right_eye": [
		0.3980487585067749,
		0.31806859374046326,
		-0.19944579899311066,
		0.9994126558303833
	],
	"27. left_ear": [
		0.4104768633842468,
		0.32682663202285767,
		-0.09500323235988617,
		0.999504029750824
	],
	"28. right_ear": [
		0.3845045864582062,
		0.32401254773139954,
		-0.11986565589904785,
		0.9991299510002136
	],
	"time stamp": 23
}