{
	"1. left_hip": [
		0.42931151390075684,
		0.5854818820953369,
		0.018709857016801834,
		0.999451756477356
	],
	"2. left_knee": [
		0.4867691993713379,
		0.6414443254470825,
		-0.11601660400629044,
		0.9505847692489624
	],
	"3. left_ankle": [
		0.4352874755859375,
		0.6942507028579712,
		0.15061549842357635,
		0.916619062423706
	],
	"6. right_hip": [
		0.3899971842765808,
		0.599963903427124,
		-0.018688833341002464,
		0.9996031522750854
	],
	"7. right_knee": [
		0.399326890707016,
		0.7377262711524963,
		-0.03134604170918465,
		0.9854581952095032
	],
	"8. right_ankle": [
		0.38859042525291443,
		0.8290503025054932,
		0.16974937915802002,
		0.9835624694824219
	],
	"14. left_shoulder": [
		0.42936933040618896,
		0.39988526701927185,
		-0.05597781017422676,
		0.9996651411056519
	],
	"15. left_elbow": [
		0.4513011872768402,
		0.48168399930000305,
		-0.029582533985376358,
		0.8713713884353638
	],
	"16. left_wrist": [
		0.4568179249763489,
		0.5344173312187195,
		-0.12967312335968018,
		0.8724678158760071
	],
	"19. right_shoulder": [
		0.3594997227191925,
		0.41466110944747925,
		-0.06752759218215942,
		0.9997143745422363
	],
	"20. right_elbow": [
		0.3370823264122009,
		0.5059576630592346,
		-0.15557903051376343,
		0.9891968369483948
	],
	"21. right_wrist": [
		0.3203714191913605,
		0.4497491717338562,
		-0.35603439807891846,
		0.9868749380111694
	],
	"24. nose": [
		0.40287789702415466,
		0.3384145200252533,
		-0.23342329263687134,
		0.9998204708099365
	],
	"25. left_eye": [
		0.40671247243881226,
		0.32543283700942993,
		-0.2162621170282364,
		0.9997013807296753
	],
	"26. right_eye": [
		0.3957112729549408,
		0.3224117159843445,
		-0.22093263268470764,
		0.9994683861732483
	],
	"27. left_ear": [
		0.40834304690361023,
		0.3292248845100403,
		-0.11525461077690125,
		0.9995510578155518
	],
	"28. right_ear": [
		0.38289058208465576,
		0.32784584164619446,
		-0.1383340209722519,
		0.99920654296875
	],
	"time stamp": 23
}