{
	"1. left_hip": [
		0.42889755964279175,
		0.5889739990234375,
		0.020109085366129875,
		0.9994648098945618
	],
	"2. left_knee": [
		0.486710786819458,
		0.638145387172699,
		-0.15973365306854248,
		0.9550186395645142
	],
	"3. left_ankle": [
		0.43561965227127075,
		0.7094758749008179,
		0.07053086906671524,
		0.9191315174102783
	],
	"6. right_hip": [
		0.39005282521247864,
		0.6004915237426758,
		-0.020098483189940453,
		0.9995841383934021
	],
	"7. right_knee": [
		0.3986775875091553,
		0.737000584602356,
		-0.044639952480793,
		0.985337495803833
	],
	"8. right_ankle": [
		0.3877103924751282,
		0.830356776714325,
		0.11866796016693115,
		0.9834694266319275
	],
	"14. left_shoulder": [
		0.43002861738204956,
		0.40110135078430176,
		-0.043730974197387695,
		0.9996922612190247
	],
	"15. left_elbow": [
		0.452595055103302,
		0.4835661053657532,
		-0.047687847167253494,
		0.8831085562705994
	],
	"16. left_wrist": [
		0.4566251039505005,
		0.5347089767456055,
		-0.16996000707149506,
		0.8843455910682678
	],
	"19. right_shoulder": [
		0.3608029782772064,
		0.4171238839626312,
		-0.05323464795947075,
		0.9997145533561707
	],
	"20. right_elbow": [
		0.3364473879337311,
		0.5059837102890015,
		-0.13395197689533234,
		0.9898020029067993
	],
	"21. right_wrist": [
		0.32031673192977905,
		0.4420572817325592,
		-0.3283439576625824,
		0.9878931641578674
	],
	"24. nose": [
		0.40197283029556274,
		0.3386661112308502,
		-0.22361330687999725,
		0.9998362064361572
	],
	"25. left_eye": [
		0.40665459632873535,
		0.32583534717559814,
		-0.20799848437309265,
		0.999725878238678
	],
	"26. right_eye": [
		0.39519378542900085,
		0.32247859239578247,
		-0.20366911590099335,
		0.999515950679779
	],
	"27. left_ear": [
		0.40937677025794983,
		0.3295430541038513,
		-0.10167218744754791,
		0.9995903968811035
	],
	"28. right_ear": [
		0.38398054242134094,
		0.328829288482666,
		-0.12007742375135422,
		0.9992650151252747
	],
	"time stamp": 23
}