{
	"1. left_hip": [
		0.42979004979133606,
		0.5891163349151611,
		0.019089406356215477,
		0.9994948506355286
	],
	"2. left_knee": [
		0.48718613386154175,
		0.636694610118866,
		-0.1363339126110077,
		0.9591206908226013
	],
	"3. left_ankle": [
		0.44357243180274963,
		0.7140858173370361,
		0.10478867590427399,
		0.9227948188781738
	],
	"6. right_hip": [
		0.3915872275829315,
		0.5999076962471008,
		-0.01908317394554615,
		0.9995889067649841
	],
	"7. right_knee": [
		0.3974696099758148,
		0.7359916567802429,
		-0.047204941511154175,
		0.9853673577308655
	],
	"8. right_ankle": [
		0.38749971985816956,
		0.8307836055755615,
		0.14447127282619476,
		0.9836273193359375
	],
	"14. left_shoulder": [
		0.43079712986946106,
		0.4009050130844116,
		-0.04687080904841423,
		0.9997174739837646
	],
	"15. left_elbow": [
		0.45439794659614563,
		0.4833202064037323,
		-0.047243278473615646,
		0.8938089609146118
	],
	"16. left_wrist": [
		0.4575713872909546,
		0.5353519916534424,
		-0.1571798324584961,
		0.8950346112251282
	],
	"19. right_shoulder": [
		0.36264604330062866,
		0.4150829613208771,
		-0.05933200195431709,
		0.9997127652168274
	],
	"20. right_elbow": [
		0.3357861042022705,
		0.4954233765602112,
		-0.14838209748268127,
		0.9905285835266113
	],
	"21. right_wrist": [
		0.32168683409690857,
		0.4273996949195862,
		-0.33384907245635986,
		0.988854706287384
	],
	"24. nose": [
		0.40469908714294434,
		0.3384232223033905,
		-0.2122064232826233,
		0.9998503923416138
	],
	"25. left_eye": [
		0.4091562330722809,
		0.3259335160255432,
		-0.19463622570037842,
		0.9997478127479553
	],
	"26. right_eye": [
		0.3977849781513214,
		0.3224329948425293,
		-0.1963728368282318,
		0.9995583295822144
	],
	"27. left_ear": [
		0.4111306667327881,
		0.33054447174072266,
		-0.09521796554327011,
		0.9996253848075867
	],
	"28. right_ear": [
		0.3867538273334503,
		0.328373521566391,
		-0.11515223979949951,
		0.9993165731430054
	],
	"time stamp": 23
}