{
	"1. left_hip": [
		0.4312352240085602,
		0.5877957940101624,
		0.024476824328303337,
		0.999521017074585
	],
	"2. left_knee": [
		0.4886458218097687,
		0.6379889845848083,
		-0.11522885411977768,
		0.9623687267303467
	],
	"3. left_ankle": [
		0.4640001356601715,
		0.7388026714324951,
		0.12025872617959976,
		0.9279993176460266
	],
	"6. right_hip": [
		0.3929034471511841,
		0.5994892716407776,
		-0.02455512061715126,
		0.9995940923690796
	],
	"7. right_knee": [
		0.3967578709125519,
		0.7316119074821472,
		-0.052533071488142014,
		0.9852895736694336
	],
	"8. right_ankle": [
		0.38742581009864807,
		0.830484926700592,
		0.12374048680067062,
		0.9838823676109314
	],
	"14. left_shoulder": [
		0.43386009335517883,
		0.40030792355537415,
		-0.014419300481677055,
		0.9997291564941406
	],
	"15. left_elbow": [
		0.4591520428657532,
		0.48202407360076904,
		-0.011333794333040714,
		0.9015489816665649
	],
	"16. left_wrist": [
		0.45975610613822937,
		0.5344683527946472,
		-0.10535116493701935,
		0.9026802778244019
	],
	"19. right_shoulder": [
		0.36352023482322693,
		0.40892356634140015,
		-0.05840472877025604,
		0.9997063279151917
	],
	"20. right_elbow": [
		0.3315045237541199,
		0.46918705105781555,
		-0.15744313597679138,
		0.9912499785423279
	],
	"21. right_wrist": [
		0.32792890071868896,
		0.42463845014572144,
		-0.327707976102829,
		0.9895930886268616
	],
	"24. nose": [
		0.40592658519744873,
		0.33153223991394043,
		-0.2032877653837204,
		0.9998626708984375
	],
	"25. left_eye": [
		0.4095783829689026,
		0.32042595744132996,
		-0.17884203791618347,
		0.9997665286064148
	],
	"26. right_eye": [
		0.3993546962738037,
		0.31668761372566223,
		-0.18243980407714844,
		0.9995960593223572
	],
	"27. left_ear": [
		0.4137871563434601,
		0.3273204267024994,
		-0.06943513453006744,
		0.9996506571769714
	],
	"28. right_ear": [
		0.38935551047325134,
		0.3217543363571167,
		-0.09260869026184082,
		0.9993698000907898
	],
	"time stamp": 23
}