{
	"1. left_hip": [
		0.4333735406398773,
		0.586614727973938,
		0.030009303241968155,
		0.9995444416999817
	],
	"2. left_knee": [
		0.48963919281959534,
		0.6413209438323975,
		-0.08049920946359634,
		0.965312123298645
	],
	"3. left_ankle": [
		0.4746711254119873,
		0.768744170665741,
		0.1204439178109169,
		0.9339554905891418
	],
	"6. right_hip": [
		0.3947717249393463,
		0.5978891849517822,
		-0.030142750591039658,
		0.999601423740387
	],
	"7. right_knee": [
		0.3957921266555786,
		0.7285892963409424,
		-0.0833926722407341,
		0.9861341118812561
	],
	"8. right_ankle": [
		0.38744914531707764,
		0.8299707770347595,
		0.07218321412801743,
		0.984886884689331
	],
	"14. left_shoulder": [
		0.440436989068985,
		0.4003278911113739,
		-0.009239841252565384,
		0.9997377991676331
	],
	"15. left_elbow": [
		0.46269068121910095,
		0.48098403215408325,
		-0.02250613644719124,
		0.9089081287384033
	],
	"16. left_wrist": [
		0.4619799554347992,
		0.53400057554245,
		-0.12024790793657303,
		0.9087625741958618
	],
	"19. right_shoulder": [
		0.37014997005462646,
		0.40164488554000854,
		-0.058234453201293945,
		0.9997128844261169
	],
	"20. right_elbow": [
		0.33032605051994324,
		0.4396672248840332,
		-0.16392382979393005,
		0.9920116662979126
	],
	"21. right_wrist": [
		0.3292057514190674,
		0.359506219625473,
		-0.31167975068092346,
		0.9902005791664124
	],
	"24. nose": [
		0.4112294912338257,
		0.3223869502544403,
		-0.18474999070167542,
		0.9998724460601807
	],
	"25. left_eye": [
		0.4160459637641907,
		0.311696320772171,
		-0.16110891103744507,
		0.9997812509536743
	],
	"26. right_eye": [
		0.40299439430236816,
		0.3090130388736725,
		-0.16534653306007385,
		0.9996275305747986
	],
	"27. left_ear": [
		0.42013823986053467,
		0.3207828402519226,
		-0.057625170797109604,
		0.9996663331985474
	],
	"28. right_ear": [
		0.39592185616493225,
		0.3156883120536804,
		-0.08037101477384567,
		0.9994177222251892
	],
	"time stamp": 23
}