{
	"1. left_hip": [
		0.43374112248420715,
		0.583831250667572,
		0.03630160912871361,
		0.9995811581611633
	],
	"2. left_knee": [
		0.4889329671859741,
		0.6472298502922058,
		-0.04258355870842934,
		0.9683525562286377
	],
	"3. left_ankle": [
		0.48022162914276123,
		0.7818456888198853,
		0.13274313509464264,
		0.9400119781494141
	],
	"6. right_hip": [
		0.3952404260635376,
		0.5934993028640747,
		-0.03642268478870392,
		0.9996300935745239
	],
	"7. right_knee": [
		0.3944057822227478,
		0.7260213494300842,
		-0.05850781127810478,
		0.9872801899909973
	],
	"8. right_ankle": [
		0.38745760917663574,
		0.8298850059509277,
		0.09179544448852539,
		0.9861178398132324
	],
	"14. left_shoulder": [
		0.4438078701496124,
		0.3985338807106018,
		0.002156144240871072,
		0.9997442960739136
	],
	"15. left_elbow": [
		0.4639749526977539,
		0.4781624972820282,
		-0.005918457638472319,
		0.9132491946220398
	],
	"16. left_wrist": [
		0.4639289975166321,
		0.5345302820205688,
		-0.09583194553852081,
		0.9115901589393616
	],
	"19. right_shoulder": [
		0.377201646566391,
		0.38706278800964355,
		-0.06762119382619858,
		0.9997262358665466
	],
	"20. right_elbow": [
		0.33184388279914856,
		0.3966297507286072,
		-0.1986861228942871,
		0.99272620677948
	],
	"21. right_wrist": [
		0.3420223295688629,
		0.31866753101348877,
		-0.3290890157222748,
		0.9907644391059875
	],
	"24. nose": [
		0.421322226524353,
		0.3179716467857361,
		-0.18711969256401062,
		0.9998826384544373
	],
	"25. left_eye": [
		0.4256424903869629,
		0.30792704224586487,
		-0.164602130651474,
		0.999797523021698
	],
	"26. right_eye": [
		0.4132467210292816,
		0.30400335788726807,
		-0.1698349118232727,
		0.9996591806411743
	],
	"27. left_ear": [
		0.4277336597442627,
		0.31678876280784607,
		-0.057151686400175095,
		0.9996879696846008
	],
	"28. right_ear": [
		0.40414389967918396,
		0.31012627482414246,
		-0.08567731827497482,
		0.9994691014289856
	],
	"time stamp": 23
}