{
	"1. left_hip": [
		0.43418705463409424,
		0.5797571539878845,
		0.04556119441986084,
		0.999617874622345
	],
	"2. left_knee": [
		0.48724278807640076,
		0.6595889329910278,
		-0.04248842969536781,
		0.9708430171012878
	],
	"3. left_ankle": [
		0.48764508962631226,
		0.7982210516929626,
		0.08650784194469452,
		0.945397675037384
	],
	"6. right_hip": [
		0.3962152898311615,
		0.5860393643379211,
		-0.045706793665885925,
		0.999661386013031
	],
	"7. right_knee": [
		0.393342524766922,
		0.7197068929672241,
		-0.05063554644584656,
		0.988223135471344
	],
	"8. right_ankle": [
		0.38735368847846985,
		0.8298894166946411,
		0.09296372532844543,
		0.9870803952217102
	],
	"14. left_shoulder": [
		0.446846067905426,
		0.3956073820590973,
		0.00978393480181694,
		0.9997497797012329
	],
	"15. left_elbow": [
		0.4637942910194397,
		0.4759008288383484,
		0.03096311166882515,
		0.9127201437950134
	],
	"16. left_wrist": [
		0.4655161499977112,
		0.5347916483879089,
		-0.030069150030612946,
		0.9100664854049683
	],
	"19. right_shoulder": [
		0.3855617642402649,
		0.3759700059890747,
		-0.11261780560016632,
		0.9997463226318359
	],
	"20. right_elbow": [
		0.33493030071258545,
		0.36843329668045044,
		-0.26775243878364563,
		0.9934144616127014
	],
	"21. right_wrist": [
		0.35892313718795776,
		0.28423789143562317,
		-0.403398722410202,
		0.9915180802345276
	],
	"24. nose": [
		0.43124687671661377,
		0.3145867586135864,
		-0.21030721068382263,
		0.9998936057090759
	],
	"25. left_eye": [
		0.4346659779548645,
		0.3037037253379822,
		-0.18539273738861084,
		0.9998157620429993
	],
	"26. right_eye": [
		0.42341142892837524,
		0.30070191621780396,
		-0.1961694359779358,
		0.9996920228004456
	],
	"27. left_ear": [
		0.4347778856754303,
		0.3121066689491272,
		-0.06201499328017235,
		0.999714732170105
	],
	"28. right_ear": [
		0.41216397285461426,
		0.3066500723361969,
		-0.11451615393161774,
		0.9995209574699402
	],
	"time stamp": 23
}