{
	"1. left_hip": [
		0.4359617531299591,
		0.5787135362625122,
		0.05068459361791611,
		0.999649703502655
	],
	"2. left_knee": [
		0.47823473811149597,
		0.688301146030426,
		0.025137070566415787,
		0.9713313579559326
	],
	"3. left_ankle": [
		0.5001552700996399,
		0.8121618628501892,
		0.10661344975233078,
		0.9498196840286255
	],
	"6. right_hip": [
		0.3978697657585144,
		0.578576922416687,
		-0.050855547189712524,
		0.99969083070755
	],
	"7. right_knee": [
		0.39342233538627625,
		0.7194374203681946,
		-0.040297117084264755,
		0.9890419840812683
	],
	"8. right_ankle": [
		0.3873312175273895,
		0.8301157355308533,
		0.09385261684656143,
		0.9877417683601379
	],
	"14. left_shoulder": [
		0.45751118659973145,
		0.39574551582336426,
		-0.013365785591304302,
		0.9997599720954895
	],
	"15. left_elbow": [
		0.4673376977443695,
		0.48079943656921387,
		-0.04415622726082802,
		0.9121310710906982
	],
	"16. left_wrist": [
		0.4652485251426697,
		0.541658341884613,
		-0.14950571954250336,
		0.9045538902282715
	],
	"19. right_shoulder": [
		0.39797255396842957,
		0.36941367387771606,
		-0.16550017893314362,
		0.9997679591178894
	],
	"20. right_elbow": [
		0.36557814478874207,
		0.30554094910621643,
		-0.33057892322540283,
		0.9940303564071655
	],
	"21. right_wrist": [
		0.3916967213153839,
		0.22899563610553741,
		-0.4475506842136383,
		0.9921705722808838
	],
	"24. nose": [
		0.4439845681190491,
		0.3120194673538208,
		-0.2531307339668274,
		0.9999034404754639
	],
	"25. left_eye": [
		0.4473417401313782,
		0.30141809582710266,
		-0.2277815043926239,
		0.9998325705528259
	],
	"26. right_eye": [
		0.43579623103141785,
		0.29811418056488037,
		-0.2398223578929901,
		0.999721348285675
	],
	"27. left_ear": [
		0.44757208228111267,
		0.3106445074081421,
		-0.10087937861680984,
		0.9997390508651733
	],
	"28. right_ear": [
		0.4237009286880493,
		0.30508843064308167,
		-0.1575791984796524,
		0.9995677471160889
	],
	"time stamp": 23
}