{
	"1. left_hip": [
		0.4357321858406067,
		0.5791289210319519,
		0.048061929643154144,
		0.9996771216392517
	],
	"2. left_knee": [
		0.46847590804100037,
		0.7011216282844543,
		0.012262326665222645,
		0.970777690410614
	],
	"3. left_ankle": [
		0.5021161437034607,
		0.812987208366394,
		0.10286933183670044,
		0.9532495141029358
	],
	"6. right_hip": [
		0.3982164263725281,
		0.5730968713760376,
		-0.048221126198768616,
		0.999716579914093
	],
	"7. right_knee": [
		0.3934076726436615,
		0.7174702882766724,
		-0.01985064335167408,
		0.9895534515380859
	],
	"8. right_ankle": [
		0.38681790232658386,
		0.8302783370018005,
		0.12472756206989288,
		0.9879363179206848
	],
	"14. left_shoulder": [
		0.46327656507492065,
		0.39722394943237305,
		-0.04027930274605751,
		0.9997706413269043
	],
	"15. left_elbow": [
		0.4698866009712219,
		0.4846135377883911,
		-0.076099693775177,
		0.9106106758117676
	],
	"16. left_wrist": [
		0.4659859538078308,
		0.5468041300773621,
		-0.1983434110879898,
		0.8905707597732544
	],
	"19. right_shoulder": [
		0.4077775478363037,
		0.3638007342815399,
		-0.1773746758699417,
		0.9997865557670593
	],
	"20. right_elbow": [
		0.3891192078590393,
		0.2745721936225891,
		-0.3219757676124573,
		0.9945528507232666
	],
	"21. right_wrist": [
		0.409550279378891,
		0.20429176092147827,
		-0.40854960680007935,
		0.9923178553581238
	],
	"24. nose": [
		0.4511360228061676,
		0.31340062618255615,
		-0.27761492133140564,
		0.9999120831489563
	],
	"25. left_eye": [
		0.4544382095336914,
		0.3025030493736267,
		-0.25479960441589355,
		0.9998469948768616
	],
	"26. right_eye": [
		0.4418112337589264,
		0.2992056906223297,
		-0.2645668387413025,
		0.9997463226318359
	],
	"27. left_ear": [
		0.4554094076156616,
		0.310477077960968,
		-0.13112132251262665,
		0.9997602701187134
	],
	"28. right_ear": [
		0.4312061369419098,
		0.3057415783405304,
		-0.1757374107837677,
		0.99960857629776
	],
	"time stamp": 23
}