{
	"1. left_hip": [
		0.43568649888038635,
		0.5793869495391846,
		0.04576850309967995,
		0.9996959567070007
	],
	"2. left_knee": [
		0.4626678228378296,
		0.7124025225639343,
		0.011425810866057873,
		0.9682020545005798
	],
	"3. left_ankle": [
		0.5032269358634949,
		0.8195260167121887,
		0.11689741164445877,
		0.9550751447677612
	],
	"6. right_hip": [
		0.3983279764652252,
		0.5733804702758789,
		-0.04585813730955124,
		0.9997353553771973
	],
	"7. right_knee": [
		0.3933587074279785,
		0.7181928753852844,
		-0.02691602148115635,
		0.9897218346595764
	],
	"8. right_ankle": [
		0.38645634055137634,
		0.8303933143615723,
		0.11801507323980331,
		0.9876079559326172
	],
	"14. left_shoulder": [
		0.4664434790611267,
		0.4037470519542694,
		-0.06090812385082245,
		0.9997815489768982
	],
	"15. left_elbow": [
		0.47391846776008606,
		0.4920911192893982,
		-0.09355701506137848,
		0.9147959351539612
	],
	"16. left_wrist": [
		0.4668278098106384,
		0.5561530590057373,
		-0.21801809966564178,
		0.8900446891784668
	],
	"19. right_shoulder": [
		0.4141915738582611,
		0.367096871137619,
		-0.16421270370483398,
		0.9997974038124084
	],
	"20. right_elbow": [
		0.4079204201698303,
		0.26311275362968445,
		-0.262166291475296,
		0.9950071573257446
	],
	"21. right_wrist": [
		0.42340922355651855,
		0.18477433919906616,
		-0.2907538414001465,
		0.9923573732376099
	],
	"24. nose": [
		0.4558642506599426,
		0.31595322489738464,
		-0.28025126457214355,
		0.9999176859855652
	],
	"25. left_eye": [
		0.4592491388320923,
		0.3049734830856323,
		-0.259919136762619,
		0.9998560547828674
	],
	"26. right_eye": [
		0.4476388990879059,
		0.30162811279296875,
		-0.2657049894332886,
		0.9997577667236328
	],
	"27. left_ear": [
		0.4606735408306122,
		0.312849223613739,
		-0.1457555741071701,
		0.9997718930244446
	],
	"28. right_ear": [
		0.43774163722991943,
		0.30790528655052185,
		-0.1718241423368454,
		0.9996325969696045
	],
	"time stamp": 23
}