{
	"1. left_hip": [
		0.4367727041244507,
		0.5803253650665283,
		0.040989454835653305,
		0.9997116327285767
	],
	"2. left_knee": [
		0.45932209491729736,
		0.7229794859886169,
		0.008616629056632519,
		0.9684795141220093
	],
	"3. left_ankle": [
		0.49914848804473877,
		0.8410590887069702,
		0.11446736752986908,
		0.9574844837188721
	],
	"6. right_hip": [
		0.399115651845932,
		0.5745337605476379,
		-0.041092343628406525,
		0.9997522830963135
	],
	"7. right_knee": [
		0.39340484142303467,
		0.7187107801437378,
		-0.024979060515761375,
		0.9901915788650513
	],
	"8. right_ankle": [
		0.38555264472961426,
		0.8319283127784729,
		0.11390629410743713,
		0.9878715872764587
	],
	"14. left_shoulder": [
		0.471445769071579,
		0.41373854875564575,
		-0.05655870586633682,
		0.9997910261154175
	],
	"15. left_elbow": [
		0.47856995463371277,
		0.5028250217437744,
		-0.07545562088489532,
		0.9208437204360962
	],
	"16. left_wrist": [
		0.46761566400527954,
		0.5675464272499084,
		-0.17788559198379517,
		0.8958388566970825
	],
	"19. right_shoulder": [
		0.42019912600517273,
		0.3705686032772064,
		-0.13836343586444855,
		0.9998034238815308
	],
	"20. right_elbow": [
		0.4247724413871765,
		0.2630710005760193,
		-0.2046617716550827,
		0.9954229593276978
	],
	"21. right_wrist": [
		0.4356583058834076,
		0.1756955236196518,
		-0.21112173795700073,
		0.9927516579627991
	],
	"24. nose": [
		0.4617650806903839,
		0.31700119376182556,
		-0.2553301155567169,
		0.999921977519989
	],
	"25. left_eye": [
		0.46544206142425537,
		0.30567359924316406,
		-0.23546148836612701,
		0.999862790107727
	],
	"26. right_eye": [
		0.4547915756702423,
		0.30235224962234497,
		-0.23950816690921783,
		0.999762237071991
	],
	"27. left_ear": [
		0.4661639332771301,
		0.31440848112106323,
		-0.12985804677009583,
		0.9997801184654236
	],
	"28. right_ear": [
		0.4445950388908386,
		0.3090396821498871,
		-0.1484069973230362,
		0.9996426701545715
	],
	"time stamp": 23
}