{
	"1. left_hip": [
		0.44214293360710144,
		0.5808496475219727,
		0.04196923226118088,
		0.9997280240058899
	],
	"2. left_knee": [
		0.4588748812675476,
		0.7174152731895447,
		0.014606370590627193,
		0.9690626859664917
	],
	"3. left_ankle": [
		0.49831005930900574,
		0.8364163041114807,
		0.11702621728181839,
		0.9596232175827026
	],
	"6. right_hip": [
		0.40551653504371643,
		0.5717214941978455,
		-0.042072322219610214,
		0.9997694492340088
	],
	"7. right_knee": [
		0.39683210849761963,
		0.7178488969802856,
		-0.033107858151197433,
		0.9906996488571167
	],
	"8. right_ankle": [
		0.3855579197406769,
		0.8305425643920898,
		0.0992666557431221,
		0.9883858561515808
	],
	"14. left_shoulder": [
		0.48184701800346375,
		0.4153697192668915,
		-0.026263276115059853,
		0.9997990727424622
	],
	"15. left_elbow": [
		0.4850580096244812,
		0.5038572549819946,
		-0.02957792393863201,
		0.9254283905029297
	],
	"16. left_wrist": [
		0.4737011790275574,
		0.5696728825569153,
		-0.09176964312791824,
		0.9014849066734314
	],
	"19. right_shoulder": [
		0.4326089918613434,
		0.3715437054634094,
		-0.1226235181093216,
		0.9998124241828918
	],
	"20. right_elbow": [
		0.4422505795955658,
		0.2637861669063568,
		-0.1801207810640335,
		0.9957959651947021
	],
	"21. right_wrist": [
		0.4559708535671234,
		0.17451265454292297,
		-0.19328521192073822,
		0.9932807683944702
	],
	"24. nose": [
		0.46995338797569275,
		0.31896913051605225,
		-0.2150447517633438,
		0.9999184608459473
	],
	"25. left_eye": [
		0.47525152564048767,
		0.30927127599716187,
		-0.19583743810653687,
		0.9998528361320496
	],
	"26. right_eye": [
		0.4638313055038452,
		0.30504798889160156,
		-0.19640134274959564,
		0.9997301697731018
	],
	"27. left_ear": [
		0.4777974486351013,
		0.318056583404541,
		-0.10039345175027847,
		0.9997521638870239
	],
	"28. right_ear": [
		0.456101655960083,
		0.309245228767395,
		-0.10021011531352997,
		0.9996005296707153
	],
	"time stamp": 23
}