{
	"1. left_hip": [
		0.44908198714256287,
		0.5808967351913452,
		0.045103736221790314,
		0.9997241497039795
	],
	"2. left_knee": [
		0.4618927240371704,
		0.7152253985404968,
		0.01998598873615265,
		0.9682825207710266
	],
	"3. left_ankle": [
		0.5022958517074585,
		0.8383327722549438,
		0.11974745988845825,
		0.9600757360458374
	],
	"6. right_hip": [
		0.4125942587852478,
		0.5680029392242432,
		-0.04518633335828781,
		0.9997765421867371
	],
	"7. right_knee": [
		0.4022955298423767,
		0.7136451005935669,
		-0.04722963273525238,
		0.9910125732421875
	],
	"8. right_ankle": [
		0.3855902850627899,
		0.8265642523765564,
		0.06140764802694321,
		0.9886958599090576
	],
	"14. left_shoulder": [
		0.4874191880226135,
		0.4148039221763611,
		-0.004812356550246477,
		0.9998037815093994
	],
	"15. left_elbow": [
		0.4902630150318146,
		0.5017573237419128,
		0.004027598071843386,
		0.9261492490768433
	],
	"16. left_wrist": [
		0.48060017824172974,
		0.5680805444717407,
		-0.05642281100153923,
		0.9044278860092163
	],
	"19. right_shoulder": [
		0.4377765357494354,
		0.3714764416217804,
		-0.12230733782052994,
		0.9998202323913574
	],
	"20. right_elbow": [
		0.4400486946105957,
		0.2571072280406952,
		-0.2104286104440689,
		0.9961481690406799
	],
	"21. right_wrist": [
		0.457780122756958,
		0.1796661764383316,
		-0.26028579473495483,
		0.9937787652015686
	],
	"24. nose": [
		0.47630318999290466,
		0.31934890151023865,
		-0.21082301437854767,
		0.9999197721481323
	],
	"25. left_eye": [
		0.48127055168151855,
		0.3097192049026489,
		-0.19031503796577454,
		0.9998522996902466
	],
	"26. right_eye": [
		0.4701938331127167,
		0.3054436147212982,
		-0.19394347071647644,
		0.9997292757034302
	],
	"27. left_ear": [
		0.4831808805465698,
		0.31851160526275635,
		-0.08888377249240875,
		0.9997447729110718
	],
	"28. right_ear": [
		0.4604504704475403,
		0.31003624200820923,
		-0.10294885188341141,
		0.9996027946472168
	],
	"time stamp": 23
}