{
	"1. left_hip": [
		0.4578280746936798,
		0.5801255702972412,
		0.04929288104176521,
		0.9997339844703674
	],
	"2. left_knee": [
		0.47099366784095764,
		0.7151796817779541,
		0.023898735642433167,
		0.9695361852645874
	],
	"3. left_ankle": [
		0.5028768181800842,
		0.8457071185112,
		0.10445243120193481,
		0.9624123573303223
	],
	"6. right_hip": [
		0.42151352763175964,
		0.5673729181289673,
		-0.049346763640642166,
		0.9997898936271667
	],
	"7. right_knee": [
		0.4097309708595276,
		0.71312016248703,
		-0.04715731367468834,
		0.991546094417572
	],
	"8. right_ankle": [
		0.3880539536476135,
		0.8228644728660583,
		0.06449317932128906,
		0.9893887042999268
	],
	"14. left_shoulder": [
		0.4921151399612427,
		0.40149053931236267,
		0.010235865600407124,
		0.9998124837875366
	],
	"15. left_elbow": [
		0.4943650960922241,
		0.49059242010116577,
		0.02593737654387951,
		0.9282731413841248
	],
	"16. left_wrist": [
		0.48858943581581116,
		0.5653958916664124,
		-0.028633497655391693,
		0.9095448851585388
	],
	"19. right_shoulder": [
		0.44104018807411194,
		0.3634943962097168,
		-0.12673580646514893,
		0.9998313188552856
	],
	"20. right_elbow": [
		0.4360595941543579,
		0.2571117877960205,
		-0.2684628367424011,
		0.9964921474456787
	],
	"21. right_wrist": [
		0.4576058089733124,
		0.18662840127944946,
		-0.36394935846328735,
		0.9942992925643921
	],
	"24. nose": [
		0.48153001070022583,
		0.3182469308376312,
		-0.20882442593574524,
		0.9999231100082397
	],
	"25. left_eye": [
		0.4851726293563843,
		0.3073190450668335,
		-0.188162162899971,
		0.9998553395271301
	],
	"26. right_eye": [
		0.47431403398513794,
		0.30491724610328674,
		-0.1941428929567337,
		0.9997398257255554
	],
	"27. left_ear": [
		0.4856495261192322,
		0.3148019313812256,
		-0.08130652457475662,
		0.9997448325157166
	],
	"28. right_ear": [
		0.4633389711380005,
		0.3086523115634918,
		-0.10672352463006973,
		0.9996211528778076
	],
	"time stamp": 23
}