{
	"1. left_hip": [
		0.4672599732875824,
		0.5765352249145508,
		0.04859481006860733,
		0.9997469782829285
	],
	"2. left_knee": [
		0.4818156361579895,
		0.7150422930717468,
		0.02937125600874424,
		0.9712487459182739
	],
	"3. left_ankle": [
		0.5023314952850342,
		0.8406895399093628,
		0.13815082609653473,
		0.9649446606636047
	],
	"6. right_hip": [
		0.43097859621047974,
		0.5647501349449158,
		-0.048631008714437485,
		0.9998036026954651
	],
	"7. right_knee": [
		0.42101383209228516,
		0.7122776508331299,
		-0.04701364412903786,
		0.9920673370361328
	],
	"8. right_ankle": [
		0.39356163144111633,
		0.822832465171814,
		0.06814919412136078,
		0.9901126027107239
	],
	"14. left_shoulder": [
		0.49712419509887695,
		0.3899940550327301,
		0.007678955793380737,
		0.9998247027397156
	],
	"15. left_elbow": [
		0.5012336373329163,
		0.48128390312194824,
		0.02137240581214428,
		0.9314951300621033
	],
	"16. left_wrist": [
		0.4969767928123474,
		0.5617250800132751,
		-0.04834197461605072,
		0.9152658581733704
	],
	"19. right_shoulder": [
		0.4446542263031006,
		0.355874627828598,
		-0.12377627193927765,
		0.9998412132263184
	],
	"20. right_elbow": [
		0.43082571029663086,
		0.2673637270927429,
		-0.2708374857902527,
		0.996796190738678
	],
	"21. right_wrist": [
		0.4548127353191376,
		0.20033399760723114,
		-0.3927685618400574,
		0.99472975730896
	],
	"24. nose": [
		0.4870879352092743,
		0.31594306230545044,
		-0.2111208438873291,
		0.9999265670776367
	],
	"25. left_eye": [
		0.48995450139045715,
		0.30388981103897095,
		-0.1904168277978897,
		0.9998587369918823
	],
	"26. right_eye": [
		0.4794752895832062,
		0.3027849495410919,
		-0.1953912228345871,
		0.9997506737709045
	],
	"27. left_ear": [
		0.48895224928855896,
		0.3101119101047516,
		-0.08172500133514404,
		0.9997467994689941
	],
	"28. right_ear": [
		0.4663585424423218,
		0.3055291771888733,
		-0.1071915552020073,
		0.9996383190155029
	],
	"time stamp": 23
}