{
	"1. left_hip": [
		0.48692426085472107,
		0.5766366124153137,
		0.05011005327105522,
		0.9997448325157166
	],
	"2. left_knee": [
		0.4994581639766693,
		0.7172836065292358,
		0.04466177523136139,
		0.972160279750824
	],
	"3. left_ankle": [
		0.5050283074378967,
		0.8453182578086853,
		0.13724137842655182,
		0.9662390351295471
	],
	"6. right_hip": [
		0.4511274993419647,
		0.565902054309845,
		-0.05011513829231262,
		0.999802827835083
	],
	"7. right_knee": [
		0.44764819741249084,
		0.7121301293373108,
		-0.03425687924027443,
		0.9923860430717468
	],
	"8. right_ankle": [
		0.42592260241508484,
		0.8130747675895691,
		0.07450157403945923,
		0.990504264831543
	],
	"14. left_shoulder": [
		0.5084556937217712,
		0.38534948229789734,
		0.023561911657452583,
		0.9998255372047424
	],
	"15. left_elbow": [
		0.5161786079406738,
		0.471055805683136,
		0.0523294098675251,
		0.9327558875083923
	],
	"16. left_wrist": [
		0.5120130777359009,
		0.5521249771118164,
		-0.008635197766125202,
		0.9200230836868286
	],
	"19. right_shoulder": [
		0.45185622572898865,
		0.35929760336875916,
		-0.104979008436203,
		0.9998385906219482
	],
	"20. right_elbow": [
		0.4217151701450348,
		0.30544137954711914,
		-0.25423571467399597,
		0.9970440864562988
	],
	"21. right_wrist": [
		0.44127723574638367,
		0.25576674938201904,
		-0.4021635353565216,
		0.9950305223464966
	],
	"24. nose": [
		0.4969053566455841,
		0.3156919777393341,
		-0.1903400868177414,
		0.9999240040779114
	],
	"25. left_eye": [
		0.49876168370246887,
		0.3023450970649719,
		-0.17185895144939423,
		0.9998485445976257
	],
	"26. right_eye": [
		0.48806023597717285,
		0.30202943086624146,
		-0.17932243645191193,
		0.9997519254684448
	],
	"27. left_ear": [
		0.4977255165576935,
		0.30676332116127014,
		-0.06500962376594543,
		0.9997164607048035
	],
	"28. right_ear": [
		0.4742376506328583,
		0.30525660514831543,
		-0.09984438866376877,
		0.9996370077133179
	],
	"time stamp": 23
}