{
	"1. left_hip": [
		0.4956437945365906,
		0.5770325064659119,
		0.04919171333312988,
		0.9997562170028687
	],
	"2. left_knee": [
		0.5081077218055725,
		0.7153629660606384,
		0.03913309425115585,
		0.9733541011810303
	],
	"3. left_ankle": [
		0.5074912905693054,
		0.8478158712387085,
		0.12664274871349335,
		0.9678148031234741
	],
	"6. right_hip": [
		0.45949238538742065,
		0.569847047328949,
		-0.04920857027173042,
		0.9998049736022949
	],
	"7. right_knee": [
		0.462405264377594,
		0.7128716111183167,
		-0.02744312956929207,
		0.9925563931465149
	],
	"8. right_ankle": [
		0.44676631689071655,
		0.8123676776885986,
		0.11375901103019714,
		0.9901520013809204
	],
	"14. left_shoulder": [
		0.5129209160804749,
		0.3848172128200531,
		0.014521913602948189,
		0.9998373985290527
	],
	"15. left_elbow": [
		0.5234852433204651,
		0.4703768491744995,
		0.039052531123161316,
		0.9366553425788879
	],
	"16. left_wrist": [
		0.5202217698097229,
		0.548638105392456,
		-0.039724018424749374,
		0.9263631701469421
	],
	"19. right_shoulder": [
		0.453368604183197,
		0.36343711614608765,
		-0.08731977641582489,
		0.9998409748077393
	],
	"20. right_elbow": [
		0.41727957129478455,
		0.34675711393356323,
		-0.20223073661327362,
		0.9973010420799255
	],
	"21. right_wrist": [
		0.43643033504486084,
		0.2808610200881958,
		-0.3838401734828949,
		0.9953847527503967
	],
	"24. nose": [
		0.4992501735687256,
		0.31628310680389404,
		-0.1968756914138794,
		0.9999266862869263
	],
	"25. left_eye": [
		0.5020257830619812,
		0.3031143844127655,
		-0.17832936346530914,
		0.9998519420623779
	],
	"26. right_eye": [
		0.4909310042858124,
		0.302263468503952,
		-0.18525345623493195,
		0.9997633099555969
	],
	"27. left_ear": [
		0.5013540387153625,
		0.30811750888824463,
		-0.07130936533212662,
		0.9997093677520752
	],
	"28. right_ear": [
		0.47768089175224304,
		0.30570921301841736,
		-0.10366623103618622,
		0.9996536374092102
	],
	"time stamp": 23
}