{
	"1. left_hip": [
		0.5015977025032043,
		0.5827738642692566,
		0.04891503229737282,
		0.9997506141662598
	],
	"2. left_knee": [
		0.5167700052261353,
		0.7185976505279541,
		0.053443994373083115,
		0.9727567434310913
	],
	"3. left_ankle": [
		0.5089696049690247,
		0.8451470136642456,
		0.15121136605739594,
		0.9685772061347961
	],
	"6. right_hip": [
		0.46644607186317444,
		0.5796327590942383,
		-0.04895748570561409,
		0.999789297580719
	],
	"7. right_knee": [
		0.4725700616836548,
		0.7176148891448975,
		-0.031239936128258705,
		0.9927141070365906
	],
	"8. right_ankle": [
		0.46652206778526306,
		0.8220469355583191,
		0.11074518412351608,
		0.9898926615715027
	],
	"14. left_shoulder": [
		0.5174979567527771,
		0.3858954906463623,
		0.012604880146682262,
		0.9998450875282288
	],
	"15. left_elbow": [
		0.5275988578796387,
		0.47253507375717163,
		0.02812972106039524,
		0.938274621963501
	],
	"16. left_wrist": [
		0.5282118320465088,
		0.5488347411155701,
		-0.051631197333335876,
		0.931588351726532
	],
	"19. right_shoulder": [
		0.45624619722366333,
		0.3743138313293457,
		-0.09406726807355881,
		0.9998400807380676
	],
	"20. right_elbow": [
		0.41623082756996155,
		0.38220396637916565,
		-0.21018408238887787,
		0.9974974393844604
	],
	"21. right_wrist": [
		0.43373242020606995,
		0.31525668501853943,
		-0.3767074644565582,
		0.9956688284873962
	],
	"24. nose": [
		0.5028305649757385,
		0.32245156168937683,
		-0.20078055560588837,
		0.9999282360076904
	],
	"25. left_eye": [
		0.5057973265647888,
		0.30773937702178955,
		-0.18119508028030396,
		0.9998528957366943
	],
	"26. right_eye": [
		0.4945839047431946,
		0.3061763048171997,
		-0.1862368881702423,
		0.9997733235359192
	],
	"27. left_ear": [
		0.505134105682373,
		0.31187236309051514,
		-0.07299935817718506,
		0.9996993541717529
	],
	"28. right_ear": [
		0.48197439312934875,
		0.3102676272392273,
		-0.11384012550115585,
		0.9996649622917175
	],
	"time stamp": 23
}