{
	"1. left_hip": [
		0.5097252130508423,
		0.587178111076355,
		0.04884319007396698,
		0.9997610449790955
	],
	"2. left_knee": [
		0.5255183577537537,
		0.7264434695243835,
		0.038115549832582474,
		0.9735668897628784
	],
	"3. left_ankle": [
		0.5086395740509033,
		0.8430569767951965,
		0.16817329823970795,
		0.969707190990448
	],
	"6. right_hip": [
		0.4752271771430969,
		0.5854563117027283,
		-0.04886278510093689,
		0.9997892379760742
	],
	"7. right_knee": [
		0.4847409725189209,
		0.7206575274467468,
		-0.03852638229727745,
		0.9928665161132812
	],
	"8. right_ankle": [
		0.4759577512741089,
		0.8261305689811707,
		0.1315162479877472,
		0.9890292882919312
	],
	"14. left_shoulder": [
		0.5217775702476501,
		0.38960564136505127,
		0.026226023212075233,
		0.9998477697372437
	],
	"15. left_elbow": [
		0.5317572951316833,
		0.47280994057655334,
		0.045628610998392105,
		0.9369670152664185
	],
	"16. left_wrist": [
		0.5333603024482727,
		0.549044668674469,
		-0.03899328410625458,
		0.9349909424781799
	],
	"19. right_shoulder": [
		0.45909786224365234,
		0.3830539584159851,
		-0.0711570680141449,
		0.9998306632041931
	],
	"20. right_elbow": [
		0.4162256121635437,
		0.41496479511260986,
		-0.18139660358428955,
		0.9976598620414734
	],
	"21. right_wrist": [
		0.4326283633708954,
		0.3362692892551422,
		-0.33409973978996277,
		0.9959233999252319
	],
	"24. nose": [
		0.5068618655204773,
		0.32410088181495667,
		-0.1674194037914276,
		0.9999246597290039
	],
	"25. left_eye": [
		0.5090934634208679,
		0.30986687541007996,
		-0.1480526179075241,
		0.9998413920402527
	],
	"26. right_eye": [
		0.4989221394062042,
		0.30761992931365967,
		-0.15681058168411255,
		0.9997736811637878
	],
	"27. left_ear": [
		0.5073497891426086,
		0.3146667182445526,
		-0.04490428417921066,
		0.9996534585952759
	],
	"28. right_ear": [
		0.48596906661987305,
		0.3130224347114563,
		-0.08838938176631927,
		0.9996644854545593
	],
	"time stamp": 23
}