{
	"1. left_hip": [
		0.5187416672706604,
		0.5884882807731628,
		0.04943401739001274,
		0.9997724890708923
	],
	"2. left_knee": [
		0.5392819046974182,
		0.7229819297790527,
		0.02965719625353813,
		0.9743980169296265
	],
	"3. left_ankle": [
		0.5129042267799377,
		0.8422127366065979,
		0.1638500690460205,
		0.9709224700927734
	],
	"6. right_hip": [
		0.48360151052474976,
		0.589299738407135,
		-0.0494927279651165,
		0.9997905492782593
	],
	"7. right_knee": [
		0.48928597569465637,
		0.7231853008270264,
		-0.05710935220122337,
		0.993047297000885
	],
	"8. right_ankle": [
		0.4736587703227997,
		0.8290556073188782,
		0.10977119952440262,
		0.9890000820159912
	],
	"14. left_shoulder": [
		0.5261858105659485,
		0.3919718861579895,
		0.032475557178258896,
		0.9998536109924316
	],
	"15. left_elbow": [
		0.5388514995574951,
		0.47555941343307495,
		0.04876955971121788,
		0.9366244673728943
	],
	"16. left_wrist": [
		0.5417549014091492,
		0.5490046739578247,
		-0.0340375155210495,
		0.9388267397880554
	],
	"19. right_shoulder": [
		0.4654702842235565,
		0.38927552103996277,
		-0.07093757390975952,
		0.9998182058334351
	],
	"20. right_elbow": [
		0.4208362102508545,
		0.39981159567832947,
		-0.18999607861042023,
		0.9977991580963135
	],
	"21. right_wrist": [
		0.44087862968444824,
		0.3184790015220642,
		-0.33183082938194275,
		0.9960939288139343
	],
	"24. nose": [
		0.5135394334793091,
		0.3255103528499603,
		-0.15549419820308685,
		0.9999279379844666
	],
	"25. left_eye": [
		0.516061007976532,
		0.3124179542064667,
		-0.1352355182170868,
		0.9998483061790466
	],
	"26. right_eye": [
		0.5059976577758789,
		0.308928906917572,
		-0.14548467099666595,
		0.9997877478599548
	],
	"27. left_ear": [
		0.5143272876739502,
		0.3176586329936981,
		-0.03248101845383644,
		0.9996656179428101
	],
	"28. right_ear": [
		0.4934855103492737,
		0.31391581892967224,
		-0.08167750388383865,
		0.9996844530105591
	],
	"time stamp": 23
}