{
	"1. left_hip": [
		0.5235741138458252,
		0.5870791077613831,
		0.04919997975230217,
		0.9997864365577698
	],
	"2. left_knee": [
		0.5525474548339844,
		0.7180883884429932,
		-0.01092133391648531,
		0.9761396050453186
	],
	"3. left_ankle": [
		0.524755597114563,
		0.8287883996963501,
		0.16447003185749054,
		0.9726611375808716
	],
	"6. right_hip": [
		0.48663315176963806,
		0.5877631306648254,
		-0.04925458878278732,
		0.9997965693473816
	],
	"7. right_knee": [
		0.49006402492523193,
		0.7229397296905518,
		-0.07174679636955261,
		0.9933046698570251
	],
	"8. right_ankle": [
		0.4726170003414154,
		0.8305211663246155,
		0.09499277174472809,
		0.989459753036499
	],
	"14. left_shoulder": [
		0.5311002731323242,
		0.3923307955265045,
		0.029042132198810577,
		0.9998597502708435
	],
	"15. left_elbow": [
		0.5446293950080872,
		0.47622179985046387,
		0.03946549445390701,
		0.9356619119644165
	],
	"16. left_wrist": [
		0.5474989414215088,
		0.5471931099891663,
		-0.05346012860536575,
		0.9411295652389526
	],
	"19. right_shoulder": [
		0.47168678045272827,
		0.38689374923706055,
		-0.07782130688428879,
		0.9998062252998352
	],
	"20. right_elbow": [
		0.42841804027557373,
		0.37966614961624146,
		-0.1925724744796753,
		0.997922420501709
	],
	"21. right_wrist": [
		0.4507918953895569,
		0.30257442593574524,
		-0.3482940196990967,
		0.9961979985237122
	],
	"24. nose": [
		0.5197737812995911,
		0.32552310824394226,
		-0.17406032979488373,
		0.9999315142631531
	],
	"25. left_eye": [
		0.522678017616272,
		0.3127560019493103,
		-0.1540365368127823,
		0.9998556971549988
	],
	"26. right_eye": [
		0.5119621753692627,
		0.30910390615463257,
		-0.16278044879436493,
		0.9998010993003845
	],
	"27. left_ear": [
		0.5218736529350281,
		0.31805625557899475,
		-0.04312528669834137,
		0.9996812343597412
	],
	"28. right_ear": [
		0.50020831823349,
		0.3138788640499115,
		-0.09017923474311829,
		0.9997051954269409
	],
	"time stamp": 23
}