{
	"1. left_hip": [
		0.5278602838516235,
		0.5863330960273743,
		0.04711010307073593,
		0.9998008608818054
	],
	"2. left_knee": [
		0.5651989579200745,
		0.7059792280197144,
		-0.04912335425615311,
		0.9776906371116638
	],
	"3. left_ankle": [
		0.5386055707931519,
		0.8194661736488342,
		0.13212355971336365,
		0.9743589162826538
	],
	"6. right_hip": [
		0.4909244775772095,
		0.5869138240814209,
		-0.04712459072470665,
		0.999805212020874
	],
	"7. right_knee": [
		0.48897066712379456,
		0.7216458916664124,
		-0.06689412146806717,
		0.993533194065094
	],
	"8. right_ankle": [
		0.47118934988975525,
		0.8314704298973083,
		0.08745946735143661,
		0.990013837814331
	],
	"14. left_shoulder": [
		0.5390611290931702,
		0.3923637270927429,
		0.024381300434470177,
		0.9998646378517151
	],
	"15. left_elbow": [
		0.5522220730781555,
		0.4777459502220154,
		0.03283923119306564,
		0.9349885582923889
	],
	"16. left_wrist": [
		0.5542869567871094,
		0.5442133545875549,
		-0.06771650165319443,
		0.941160261631012
	],
	"19. right_shoulder": [
		0.48020416498184204,
		0.38591426610946655,
		-0.08147288113832474,
		0.9997996091842651
	],
	"20. right_elbow": [
		0.43832555413246155,
		0.35601121187210083,
		-0.1953509896993637,
		0.998080849647522
	],
	"21. right_wrist": [
		0.46385446190834045,
		0.27453067898750305,
		-0.33384907245635986,
		0.9963341951370239
	],
	"24. nose": [
		0.5251107215881348,
		0.32431724667549133,
		-0.18039797246456146,
		0.9999349117279053
	],
	"25. left_eye": [
		0.5279555916786194,
		0.31116408109664917,
		-0.15648408234119415,
		0.999863862991333
	],
	"26. right_eye": [
		0.5158571600914001,
		0.30839812755584717,
		-0.1638309806585312,
		0.9998123049736023
	],
	"27. left_ear": [
		0.5281262397766113,
		0.3170361816883087,
		-0.050218917429447174,
		0.9997026324272156
	],
	"28. right_ear": [
		0.5048061013221741,
		0.31385543942451477,
		-0.0920586809515953,
		0.9997259974479675
	],
	"time stamp": 23
}