{
	"1. left_hip": [
		0.5319526195526123,
		0.5832633376121521,
		0.04568737372756004,
		0.9998154640197754
	],
	"2. left_knee": [
		0.5714057683944702,
		0.6982730031013489,
		-0.034351058304309845,
		0.9793640375137329
	],
	"3. left_ankle": [
		0.5574396848678589,
		0.8190863132476807,
		0.10998130589723587,
		0.976375937461853
	],
	"6. right_hip": [
		0.49532175064086914,
		0.5828362107276917,
		-0.04568193480372429,
		0.999815046787262
	],
	"7. right_knee": [
		0.4896638095378876,
		0.7183565497398376,
		-0.03959772363305092,
		0.9938988089561462
	],
	"8. right_ankle": [
		0.47275567054748535,
		0.8312609195709229,
		0.11833319067955017,
		0.990638017654419
	],
	"14. left_shoulder": [
		0.5443263053894043,
		0.39158740639686584,
		0.023576367646455765,
		0.9998711943626404
	],
	"15. left_elbow": [
		0.5576930046081543,
		0.4780431091785431,
		-0.00444694422185421,
		0.9367167949676514
	],
	"16. left_wrist": [
		0.5606138706207275,
		0.5382253527641296,
		-0.12117264419794083,
		0.9424613118171692
	],
	"19. right_shoulder": [
		0.4854123592376709,
		0.3763955533504486,
		-0.08848109096288681,
		0.9997963309288025
	],
	"20. right_elbow": [
		0.4537951350212097,
		0.31443318724632263,
		-0.21492093801498413,
		0.9982196688652039
	],
	"21. right_wrist": [
		0.4786069393157959,
		0.2333032786846161,
		-0.3114117383956909,
		0.9963985085487366
	],
	"24. nose": [
		0.5307011604309082,
		0.32315176725387573,
		-0.19649404287338257,
		0.9999383091926575
	],
	"25. left_eye": [
		0.5340272188186646,
		0.3093055784702301,
		-0.1715279519557953,
		0.999872088432312
	],
	"26. right_eye": [
		0.5218146443367004,
		0.3070959448814392,
		-0.1804446429014206,
		0.9998219013214111
	],
	"27. left_ear": [
		0.5345532894134521,
		0.315422922372818,
		-0.05335110053420067,
		0.9997222423553467
	],
	"28. right_ear": [
		0.5109256505966187,
		0.31248587369918823,
		-0.09263317286968231,
		0.9997446537017822
	],
	"time stamp": 23
}