{
	"1. left_hip": [
		0.5438376665115356,
		0.5839349031448364,
		0.033457156270742416,
		0.9998301267623901
	],
	"2. left_knee": [
		0.5833130478858948,
		0.7018299698829651,
		-0.01627972349524498,
		0.9810157418251038
	],
	"3. left_ankle": [
		0.5963451266288757,
		0.8204950094223022,
		0.1601114571094513,
		0.978298544883728
	],
	"6. right_hip": [
		0.5059635043144226,
		0.5828583240509033,
		-0.03350244089961052,
		0.9998284578323364
	],
	"7. right_knee": [
		0.4930981695652008,
		0.7214455604553223,
		-0.02408895641565323,
		0.9943761825561523
	],
	"8. right_ankle": [
		0.4735126197338104,
		0.8324449062347412,
		0.14474129676818848,
		0.9913133382797241
	],
	"14. left_shoulder": [
		0.5598160624504089,
		0.3970986604690552,
		-0.055408939719200134,
		0.9998803734779358
	],
	"15. left_elbow": [
		0.5766452550888062,
		0.4820449948310852,
		-0.114371158182621,
		0.9418075084686279
	],
	"16. left_wrist": [
		0.5709096789360046,
		0.5396302342414856,
		-0.2593832015991211,
		0.9450987577438354
	],
	"19. right_shoulder": [
		0.5015977621078491,
		0.376769095659256,
		-0.13882820308208466,
		0.999798595905304
	],
	"20. right_elbow": [
		0.493219256401062,
		0.27641040086746216,
		-0.24107486009597778,
		0.9983518123626709
	],
	"21. right_wrist": [
		0.5040857791900635,
		0.19142070412635803,
		-0.2811180353164673,
		0.9962090849876404
	],
	"24. nose": [
		0.5428465604782104,
		0.32352200150489807,
		-0.2525845170021057,
		0.9999427795410156
	],
	"25. left_eye": [
		0.5456339120864868,
		0.30942267179489136,
		-0.23095373809337616,
		0.9998826384544373
	],
	"26. right_eye": [
		0.5330491065979004,
		0.3078470528125763,
		-0.2378620207309723,
		0.9998340010643005
	],
	"27. left_ear": [
		0.5464820265769958,
		0.31544262170791626,
		-0.11846485733985901,
		0.9997470378875732
	],
	"28. right_ear": [
		0.5218812823295593,
		0.31341230869293213,
		-0.1491188406944275,
		0.9997653961181641
	],
	"time stamp": 23
}