{
	"1. left_hip": [
		0.5468119382858276,
		0.5856350064277649,
		0.0204547680914402,
		0.9998372197151184
	],
	"2. left_knee": [
		0.586608350276947,
		0.7218266129493713,
		-0.010569215752184391,
		0.9823440909385681
	],
	"3. left_ankle": [
		0.6202481985092163,
		0.8379536867141724,
		0.13039876520633698,
		0.9797090888023376
	],
	"6. right_hip": [
		0.5089404582977295,
		0.5833773612976074,
		-0.020533548668026924,
		0.9998349547386169
	],
	"7. right_knee": [
		0.4945918619632721,
		0.7250814437866211,
		-0.005599727388471365,
		0.9945898056030273
	],
	"8. right_ankle": [
		0.4736587703227997,
		0.8327262997627258,
		0.15988650918006897,
		0.9912431240081787
	],
	"14. left_shoulder": [
		0.5673301219940186,
		0.40538594126701355,
		-0.04983384162187576,
		0.9998771548271179
	],
	"15. left_elbow": [
		0.5818278789520264,
		0.4900457561016083,
		-0.07977849990129471,
		0.9460423588752747
	],
	"16. left_wrist": [
		0.5726949572563171,
		0.5476630926132202,
		-0.1893089860677719,
		0.9440709948539734
	],
	"19. right_shoulder": [
		0.5112030506134033,
		0.37839096784591675,
		-0.12571516633033752,
		0.9997716546058655
	],
	"20. right_elbow": [
		0.5149399042129517,
		0.2706279456615448,
		-0.1647631675004959,
		0.9984053373336792
	],
	"21. right_wrist": [
		0.5175458192825317,
		0.18159449100494385,
		-0.1684773564338684,
		0.9958146214485168
	],
	"24. nose": [
		0.5486978888511658,
		0.32768118381500244,
		-0.2290915995836258,
		0.9999359846115112
	],
	"25. left_eye": [
		0.5526697039604187,
		0.3147885501384735,
		-0.20884843170642853,
		0.9998723864555359
	],
	"26. right_eye": [
		0.5406764149665833,
		0.3121785521507263,
		-0.21383072435855865,
		0.9997988939285278
	],
	"27. left_ear": [
		0.5545428395271301,
		0.3214842975139618,
		-0.10556253045797348,
		0.9997404217720032
	],
	"28. right_ear": [
		0.531877875328064,
		0.31710943579673767,
		-0.12955264747142792,
		0.9997276067733765
	],
	"time stamp": 23
}