{
	"1. left_hip": [
		0.5509033799171448,
		0.5909776091575623,
		0.014200045727193356,
		0.9998331069946289
	],
	"2. left_knee": [
		0.5881646871566772,
		0.7316917181015015,
		-0.016757208853960037,
		0.9836591482162476
	],
	"3. left_ankle": [
		0.6297065019607544,
		0.8429142236709595,
		0.10683983564376831,
		0.9812114238739014
	],
	"6. right_hip": [
		0.513174295425415,
		0.5862370133399963,
		-0.01425822265446186,
		0.9998315572738647
	],
	"7. right_knee": [
		0.4960079491138458,
		0.73182612657547,
		-0.0014894406776875257,
		0.9947869777679443
	],
	"8. right_ankle": [
		0.4732079803943634,
		0.833502471446991,
		0.16367480158805847,
		0.9913526773452759
	],
	"14. left_shoulder": [
		0.5746171474456787,
		0.4105961322784424,
		-0.029895218089222908,
		0.9998615980148315
	],
	"15. left_elbow": [
		0.5851585865020752,
		0.49537113308906555,
		-0.0754586011171341,
		0.9453189373016357
	],
	"16. left_wrist": [
		0.579177975654602,
		0.5448060035705566,
		-0.2029944807291031,
		0.9281225204467773
	],
	"19. right_shoulder": [
		0.5177168250083923,
		0.3816346526145935,
		-0.07944972813129425,
		0.9997493624687195
	],
	"20. right_elbow": [
		0.5207829475402832,
		0.2796124219894409,
		-0.13485361635684967,
		0.9983559250831604
	],
	"21. right_wrist": [
		0.524199903011322,
		0.18511049449443817,
		-0.15750302374362946,
		0.9951984882354736
	],
	"24. nose": [
		0.5546270608901978,
		0.3351086378097534,
		-0.20257990062236786,
		0.9999135732650757
	],
	"25. left_eye": [
		0.5594784617424011,
		0.3230149745941162,
		-0.18422351777553558,
		0.9998295903205872
	],
	"26. right_eye": [
		0.5473182797431946,
		0.320748895406723,
		-0.18440091609954834,
		0.9996959567070007
	],
	"27. left_ear": [
		0.5627252459526062,
		0.32968708872795105,
		-0.10068657994270325,
		0.9996817111968994
	],
	"28. right_ear": [
		0.538794755935669,
		0.32348042726516724,
		-0.0886688232421875,
		0.9996037483215332
	],
	"time stamp": 23
}