{
	"1. left_hip": [
		0.5577824711799622,
		0.594347357749939,
		0.020060967653989792,
		0.9998056292533875
	],
	"2. left_knee": [
		0.5897729992866516,
		0.7337148785591125,
		-0.011897360906004906,
		0.984648585319519
	],
	"3. left_ankle": [
		0.628290057182312,
		0.8415396809577942,
		0.1153431385755539,
		0.9824556708335876
	],
	"6. right_hip": [
		0.5186882019042969,
		0.5877547264099121,
		-0.02011847123503685,
		0.9998154044151306
	],
	"7. right_knee": [
		0.499736487865448,
		0.7333745956420898,
		-0.010954215191304684,
		0.9948293566703796
	],
	"8. right_ankle": [
		0.47295868396759033,
		0.8339827656745911,
		0.1562424749135971,
		0.9914714694023132
	],
	"14. left_shoulder": [
		0.5830968022346497,
		0.41162219643592834,
		-0.02222326584160328,
		0.9998132586479187
	],
	"15. left_elbow": [
		0.5901515483856201,
		0.49605709314346313,
		-0.06806570291519165,
		0.9339519739151001
	],
	"16. left_wrist": [
		0.5885545015335083,
		0.5495220422744751,
		-0.15068493783473969,
		0.8915737867355347
	],
	"19. right_shoulder": [
		0.5256037712097168,
		0.38515764474868774,
		-0.09003638476133347,
		0.9997358918190002
	],
	"20. right_elbow": [
		0.5217864513397217,
		0.2844723165035248,
		-0.1584390550851822,
		0.9983567595481873
	],
	"21. right_wrist": [
		0.5335452556610107,
		0.19436810910701752,
		-0.1782824844121933,
		0.9947534203529358
	],
	"24. nose": [
		0.563603937625885,
		0.33876803517341614,
		-0.2102184146642685,
		0.999880850315094
	],
	"25. left_eye": [
		0.5676198601722717,
		0.32679522037506104,
		-0.19109436869621277,
		0.9997575879096985
	],
	"26. right_eye": [
		0.5553022623062134,
		0.32492461800575256,
		-0.19341391324996948,
		0.9995778203010559
	],
	"27. left_ear": [
		0.5699737071990967,
		0.33289921283721924,
		-0.09331415593624115,
		0.9995344877243042
	],
	"28. right_ear": [
		0.5460888743400574,
		0.32852888107299805,
		-0.09377533197402954,
		0.9994971752166748
	],
	"time stamp": 23
}