{
	"1. left_hip": [
		0.5750046968460083,
		0.5948904156684875,
		0.02178633213043213,
		0.9997965097427368
	],
	"2. left_knee": [
		0.6017508506774902,
		0.7379550337791443,
		-0.00858608353883028,
		0.9858117699623108
	],
	"3. left_ankle": [
		0.630088210105896,
		0.8458147048950195,
		0.1466832011938095,
		0.9836386442184448
	],
	"6. right_hip": [
		0.5342143177986145,
		0.586976945400238,
		-0.021810481324791908,
		0.999812662601471
	],
	"7. right_knee": [
		0.5085756182670593,
		0.727617621421814,
		-0.01933533139526844,
		0.9950026869773865
	],
	"8. right_ankle": [
		0.47730618715286255,
		0.8345615863800049,
		0.1332559883594513,
		0.9918749332427979
	],
	"14. left_shoulder": [
		0.6036173105239868,
		0.40941309928894043,
		0.018982160836458206,
		0.9998103380203247
	],
	"15. left_elbow": [
		0.6066053509712219,
		0.4951840341091156,
		0.037049613893032074,
		0.9305266737937927
	],
	"16. left_wrist": [
		0.6013463735580444,
		0.550019383430481,
		-0.01480642519891262,
		0.884947657585144
	],
	"19. right_shoulder": [
		0.5390849113464355,
		0.3828081786632538,
		-0.06827442348003387,
		0.9997207522392273
	],
	"20. right_elbow": [
		0.515759289264679,
		0.30977821350097656,
		-0.2188253104686737,
		0.9983313679695129
	],
	"21. right_wrist": [
		0.5411099791526794,
		0.2487287074327469,
		-0.38054159283638,
		0.9942420125007629
	],
	"24. nose": [
		0.5817593932151794,
		0.3346302807331085,
		-0.1818585991859436,
		0.9998820424079895
	],
	"25. left_eye": [
		0.5832582116127014,
		0.3220560550689697,
		-0.1625969260931015,
		0.9997629523277283
	],
	"26. right_eye": [
		0.5724888443946838,
		0.3224334120750427,
		-0.16705670952796936,
		0.9995958209037781
	],
	"27. left_ear": [
		0.5837357044219971,
		0.3279159665107727,
		-0.05488383024930954,
		0.9995561242103577
	],
	"28. right_ear": [
		0.5625720620155334,
		0.32802996039390564,
		-0.07277853041887283,
		0.9995160698890686
	],
	"time stamp": 23
}