{
	"1. left_hip": [
		0.5822144746780396,
		0.5955497026443481,
		0.012087288312613964,
		0.9997954368591309
	],
	"2. left_knee": [
		0.6061326265335083,
		0.7369120121002197,
		-0.0032643252052366734,
		0.9870219826698303
	],
	"3. left_ankle": [
		0.6308307647705078,
		0.8462974429130554,
		0.14655306935310364,
		0.9848937392234802
	],
	"6. right_hip": [
		0.5422163009643555,
		0.5865853428840637,
		-0.012113800272345543,
		0.9998108744621277
	],
	"7. right_knee": [
		0.5109419226646423,
		0.7214298844337463,
		0.0018004111479967833,
		0.9952688217163086
	],
	"8. right_ankle": [
		0.4838961660861969,
		0.8301282525062561,
		0.14671680331230164,
		0.9923763275146484
	],
	"14. left_shoulder": [
		0.6108531951904297,
		0.3966348469257355,
		0.009965114295482635,
		0.9998024702072144
	],
	"15. left_elbow": [
		0.6142018437385559,
		0.48234477639198303,
		0.04422946646809578,
		0.9269853830337524
	],
	"16. left_wrist": [
		0.6132683157920837,
		0.5409621596336365,
		0.026875805109739304,
		0.8837390542030334
	],
	"19. right_shoulder": [
		0.5480837821960449,
		0.3811945915222168,
		-0.05922733619809151,
		0.9996891021728516
	],
	"20. right_elbow": [
		0.5177462697029114,
		0.36197733879089355,
		-0.21825747191905975,
		0.9980112314224243
	],
	"21. right_wrist": [
		0.5459218621253967,
		0.31448692083358765,
		-0.40002840757369995,
		0.9937809705734253
	],
	"24. nose": [
		0.5896555781364441,
		0.3283286988735199,
		-0.1797642707824707,
		0.9998841285705566
	],
	"25. left_eye": [
		0.591669499874115,
		0.31685489416122437,
		-0.16248786449432373,
		0.9997653365135193
	],
	"26. right_eye": [
		0.5804181098937988,
		0.3179127275943756,
		-0.16588374972343445,
		0.9996157288551331
	],
	"27. left_ear": [
		0.5929365158081055,
		0.32170864939689636,
		-0.05908681079745293,
		0.9995725154876709
	],
	"28. right_ear": [
		0.5695611834526062,
		0.3242054283618927,
		-0.07349490374326706,
		0.9995272755622864
	],
	"time stamp": 23
}