{
	"1. left_hip": [
		0.5880810618400574,
		0.5956792831420898,
		0.00043627305421978235,
		0.9998005032539368
	],
	"2. left_knee": [
		0.6067013740539551,
		0.7378125786781311,
		-0.006632659584283829,
		0.9881386756896973
	],
	"3. left_ankle": [
		0.6324031352996826,
		0.8522289991378784,
		0.10756859928369522,
		0.9861226081848145
	],
	"6. right_hip": [
		0.5490028858184814,
		0.5842404961585999,
		-0.00045910393237136304,
		0.9997944831848145
	],
	"7. right_knee": [
		0.5167178511619568,
		0.7106397151947021,
		0.05266008526086807,
		0.9952662587165833
	],
	"8. right_ankle": [
		0.49483051896095276,
		0.8077019453048706,
		0.21165408194065094,
		0.9925177097320557
	],
	"14. left_shoulder": [
		0.6182777285575867,
		0.3926882743835449,
		-0.016814157366752625,
		0.9998114705085754
	],
	"15. left_elbow": [
		0.6213135719299316,
		0.47542262077331543,
		0.036367267370224,
		0.9248671531677246
	],
	"16. left_wrist": [
		0.6216005682945251,
		0.534528374671936,
		0.029895417392253876,
		0.8869073390960693
	],
	"19. right_shoulder": [
		0.5550048351287842,
		0.3787984549999237,
		-0.05725190043449402,
		0.9996531009674072
	],
	"20. right_elbow": [
		0.5155831575393677,
		0.4005347490310669,
		-0.20343272387981415,
		0.9967976212501526
	],
	"21. right_wrist": [
		0.5367764234542847,
		0.37701961398124695,
		-0.3904496431350708,
		0.9920521974563599
	],
	"24. nose": [
		0.5978062152862549,
		0.32638436555862427,
		-0.1914469450712204,
		0.9998871088027954
	],
	"25. left_eye": [
		0.6001030802726746,
		0.31548598408699036,
		-0.18042555451393127,
		0.9997715950012207
	],
	"26. right_eye": [
		0.5889214277267456,
		0.31652072072029114,
		-0.18156130611896515,
		0.9996362328529358
	],
	"27. left_ear": [
		0.6013106107711792,
		0.32029643654823303,
		-0.08475867658853531,
		0.999591588973999
	],
	"28. right_ear": [
		0.5774184465408325,
		0.3232644200325012,
		-0.09075178951025009,
		0.9995452165603638
	],
	"time stamp": 23
}