{
	"1. left_hip": [
		0.5938302278518677,
		0.5949147939682007,
		0.0031731650233268738,
		0.9998031854629517
	],
	"2. left_knee": [
		0.6107636094093323,
		0.7362771034240723,
		0.0033154445700347424,
		0.9885250926017761
	],
	"3. left_ankle": [
		0.6334414482116699,
		0.853298008441925,
		0.1352953463792801,
		0.9869699478149414
	],
	"6. right_hip": [
		0.5545729398727417,
		0.5800834894180298,
		-0.0031684667337685823,
		0.9997819066047668
	],
	"7. right_knee": [
		0.526111364364624,
		0.6657160520553589,
		-0.033777784556150436,
		0.9950475096702576
	],
	"8. right_ankle": [
		0.5119130611419678,
		0.7634313702583313,
		0.17470291256904602,
		0.9922034740447998
	],
	"14. left_shoulder": [
		0.6252713203430176,
		0.3926341235637665,
		-0.035394906997680664,
		0.9998207688331604
	],
	"15. left_elbow": [
		0.6290591955184937,
		0.474364697933197,
		0.01657046563923359,
		0.924095630645752
	],
	"16. left_wrist": [
		0.6309847235679626,
		0.5351356863975525,
		-0.02252282202243805,
		0.8938867449760437
	],
	"19. right_shoulder": [
		0.5606496334075928,
		0.38058823347091675,
		-0.06637212634086609,
		0.9994945526123047
	],
	"20. right_elbow": [
		0.5197514891624451,
		0.4296744465827942,
		-0.22272321581840515,
		0.992202639579773
	],
	"21. right_wrist": [
		0.5544897317886353,
		0.4070945680141449,
		-0.42656582593917847,
		0.9839133620262146
	],
	"24. nose": [
		0.602420449256897,
		0.32629162073135376,
		-0.22466109693050385,
		0.9998668432235718
	],
	"25. left_eye": [
		0.6049160361289978,
		0.31485259532928467,
		-0.2107090950012207,
		0.9997315406799316
	],
	"26. right_eye": [
		0.5931316614151001,
		0.31640172004699707,
		-0.21309523284435272,
		0.9995941519737244
	],
	"27. left_ear": [
		0.6069431304931641,
		0.32020145654678345,
		-0.10787826776504517,
		0.9995185136795044
	],
	"28. right_ear": [
		0.5812365412712097,
		0.3231208622455597,
		-0.1192508414387703,
		0.9994394183158875
	],
	"time stamp": 23
}