{
	"1. left_hip": [
		0.6035534739494324,
		0.6026590466499329,
		0.001322166994214058,
		0.9998166561126709
	],
	"2. left_knee": [
		0.6180832386016846,
		0.7380399107933044,
		0.009742077440023422,
		0.9891916513442993
	],
	"3. left_ankle": [
		0.6329659223556519,
		0.850054144859314,
		0.18465524911880493,
		0.9874041080474854
	],
	"6. right_hip": [
		0.5614882111549377,
		0.5875966548919678,
		-0.0013121077790856361,
		0.9997852444648743
	],
	"7. right_knee": [
		0.528160810470581,
		0.683342695236206,
		-0.025914695113897324,
		0.9951357245445251
	],
	"8. right_ankle": [
		0.5476776957511902,
		0.6921632289886475,
		0.3035277724266052,
		0.9684246182441711
	],
	"14. left_shoulder": [
		0.6344525218009949,
		0.4052724540233612,
		-0.08331551402807236,
		0.9998366832733154
	],
	"15. left_elbow": [
		0.6378993988037109,
		0.5068343877792358,
		-0.13537603616714478,
		0.9210671186447144
	],
	"16. left_wrist": [
		0.6501918435096741,
		0.5361392498016357,
		-0.3332263231277466,
		0.8980622887611389
	],
	"19. right_shoulder": [
		0.5699436664581299,
		0.3974069058895111,
		-0.07037083059549332,
		0.9995378255844116
	],
	"20. right_elbow": [
		0.5377245545387268,
		0.47013887763023376,
		-0.11657731980085373,
		0.9903466105461121
	],
	"21. right_wrist": [
		0.5384464859962463,
		0.5126201510429382,
		-0.2878718972206116,
		0.9806005954742432
	],
	"24. nose": [
		0.6070135831832886,
		0.331969290971756,
		-0.24881859123706818,
		0.9998789429664612
	],
	"25. left_eye": [
		0.6104015707969666,
		0.3197045922279358,
		-0.23775817453861237,
		0.9997568726539612
	],
	"26. right_eye": [
		0.597773015499115,
		0.32332122325897217,
		-0.2351548969745636,
		0.999630868434906
	],
	"27. left_ear": [
		0.614086389541626,
		0.3249703049659729,
		-0.14632314443588257,
		0.9995628595352173
	],
	"28. right_ear": [
		0.5877285599708557,
		0.3318513035774231,
		-0.13478028774261475,
		0.9994911551475525
	],
	"time stamp": 23
}