{
	"1. left_hip": [
		0.6096407175064087,
		0.6089552640914917,
		-0.004235667176544666,
		0.9998189210891724
	],
	"2. left_knee": [
		0.6206309199333191,
		0.739469051361084,
		0.007690141908824444,
		0.988667368888855
	],
	"3. left_ankle": [
		0.6337994337081909,
		0.849245011806488,
		0.19665654003620148,
		0.9867908358573914
	],
	"6. right_hip": [
		0.5664105415344238,
		0.5935185551643372,
		0.004284567665308714,
		0.9997848868370056
	],
	"7. right_knee": [
		0.5264180898666382,
		0.6802747845649719,
		-0.12986592948436737,
		0.9951806664466858
	],
	"8. right_ankle": [
		0.5588729977607727,
		0.681986927986145,
		0.19130288064479828,
		0.9446440935134888
	],
	"14. left_shoulder": [
		0.6415179967880249,
		0.4170864522457123,
		-0.10339495539665222,
		0.999852180480957
	],
	"15. left_elbow": [
		0.647517204284668,
		0.5255348682403564,
		-0.18440638482570648,
		0.9269378185272217
	],
	"16. left_wrist": [
		0.6602602601051331,
		0.5171658992767334,
		-0.4009230136871338,
		0.9071008563041687
	],
	"19. right_shoulder": [
		0.5700368285179138,
		0.4026421904563904,
		-0.07715587317943573,
		0.9995823502540588
	],
	"20. right_elbow": [
		0.5411381721496582,
		0.4853438436985016,
		-0.08797204494476318,
		0.9899729490280151
	],
	"21. right_wrist": [
		0.5386493802070618,
		0.5372142195701599,
		-0.21688562631607056,
		0.9796794652938843
	],
	"24. nose": [
		0.6039100289344788,
		0.33487698435783386,
		-0.27263978123664856,
		0.9998906254768372
	],
	"25. left_eye": [
		0.6090534925460815,
		0.32109689712524414,
		-0.2610597312450409,
		0.9997806549072266
	],
	"26. right_eye": [
		0.5952661633491516,
		0.3259130120277405,
		-0.2572356164455414,
		0.9996663928031921
	],
	"27. left_ear": [
		0.6151674389839172,
		0.32639652490615845,
		-0.16913825273513794,
		0.9996052980422974
	],
	"28. right_ear": [
		0.5878486633300781,
		0.3351169228553772,
		-0.15246380865573883,
		0.999541163444519
	],
	"time stamp": 23
}