{
	"1. left_hip": [
		0.6117653846740723,
		0.6099044680595398,
		-0.006788297090679407,
		0.9998317360877991
	],
	"2. left_knee": [
		0.6245283484458923,
		0.7411444783210754,
		0.011722879484295845,
		0.9889895915985107
	],
	"3. left_ankle": [
		0.6338640451431274,
		0.8526763319969177,
		0.18559366464614868,
		0.9871349930763245
	],
	"6. right_hip": [
		0.5685932040214539,
		0.5957985520362854,
		0.006884121336042881,
		0.9997929930686951
	],
	"7. right_knee": [
		0.5217114686965942,
		0.6767804026603699,
		-0.07610805332660675,
		0.995425283908844
	],
	"8. right_ankle": [
		0.5634429454803467,
		0.6737374067306519,
		0.24187803268432617,
		0.9268018007278442
	],
	"14. left_shoulder": [
		0.6402269005775452,
		0.41669997572898865,
		-0.08617741614580154,
		0.9998665452003479
	],
	"15. left_elbow": [
		0.6520973443984985,
		0.5140326619148254,
		-0.18788288533687592,
		0.9330970644950867
	],
	"16. left_wrist": [
		0.6678309440612793,
		0.4709591269493103,
		-0.41758719086647034,
		0.915654718875885
	],
	"19. right_shoulder": [
		0.570987343788147,
		0.40437760949134827,
		-0.06098538637161255,
		0.9996217489242554
	],
	"20. right_elbow": [
		0.5449856519699097,
		0.4818543791770935,
		0.014262039214372635,
		0.9895654916763306
	],
	"21. right_wrist": [
		0.5444347262382507,
		0.542567253112793,
		-0.007606117986142635,
		0.9790297746658325
	],
	"24. nose": [
		0.6016680598258972,
		0.3361593782901764,
		-0.2481818050146103,
		0.9999009370803833
	],
	"25. left_eye": [
		0.6065899729728699,
		0.3222801685333252,
		-0.23584331572055817,
		0.9998018741607666
	],
	"26. right_eye": [
		0.593661904335022,
		0.3276868462562561,
		-0.23335139453411102,
		0.999697208404541
	],
	"27. left_ear": [
		0.6134107708930969,
		0.32763049006462097,
		-0.14627277851104736,
		0.9996431469917297
	],
	"28. right_ear": [
		0.5871008634567261,
		0.3368473947048187,
		-0.13383154571056366,
		0.9995861649513245
	],
	"time stamp": 23
}