{
	"1. left_hip": [
		0.613365650177002,
		0.6081725358963013,
		-0.014343854039907455,
		0.9998444318771362
	],
	"2. left_knee": [
		0.625059187412262,
		0.7401954531669617,
		0.009726108983159065,
		0.9894430041313171
	],
	"3. left_ankle": [
		0.6312403678894043,
		0.8441216945648193,
		0.20406408607959747,
		0.987815260887146
	],
	"6. right_hip": [
		0.5696326494216919,
		0.5944483280181885,
		0.014435539953410625,
		0.9998089671134949
	],
	"7. right_knee": [
		0.5210959911346436,
		0.6656197309494019,
		-0.13824129104614258,
		0.9958036541938782
	],
	"8. right_ankle": [
		0.5623771548271179,
		0.6926029920578003,
		0.14704182744026184,
		0.931308925151825
	],
	"14. left_shoulder": [
		0.6378265023231506,
		0.40866148471832275,
		-0.08829804509878159,
		0.9998795390129089
	],
	"15. left_elbow": [
		0.6605196595191956,
		0.4895614981651306,
		-0.21180562674999237,
		0.9393836855888367
	],
	"16. left_wrist": [
		0.6694957613945007,
		0.41682180762290955,
		-0.42934873700141907,
		0.923515796661377
	],
	"19. right_shoulder": [
		0.5682076215744019,
		0.403056263923645,
		-0.04489284008741379,
		0.9996578097343445
	],
	"20. right_elbow": [
		0.5480555295944214,
		0.48714759945869446,
		0.02908649668097496,
		0.987521231174469
	],
	"21. right_wrist": [
		0.5505154728889465,
		0.5399749875068665,
		-0.0008752720896154642,
		0.9765509963035583
	],
	"24. nose": [
		0.5971859097480774,
		0.33567190170288086,
		-0.24633103609085083,
		0.9999094009399414
	],
	"25. left_eye": [
		0.6020577549934387,
		0.322107195854187,
		-0.23496341705322266,
		0.9998191595077515
	],
	"26. right_eye": [
		0.5893017649650574,
		0.32693013548851013,
		-0.2304244190454483,
		0.999721109867096
	],
	"27. left_ear": [
		0.6101500988006592,
		0.3268628418445587,
		-0.14694593846797943,
		0.9996741414070129
	],
	"28. right_ear": [
		0.5837559700012207,
		0.33585211634635925,
		-0.12755174934864044,
		0.9996256232261658
	],
	"time stamp": 23
}