{
	"1. left_hip": [
		0.6154820919036865,
		0.6011266708374023,
		-0.017831746488809586,
		0.9998509287834167
	],
	"2. left_knee": [
		0.6250874996185303,
		0.7396260499954224,
		-0.02412617765367031,
		0.9892342686653137
	],
	"3. left_ankle": [
		0.632438600063324,
		0.8435409665107727,
		0.15947015583515167,
		0.9872416257858276
	],
	"6. right_hip": [
		0.5738424062728882,
		0.5886440873146057,
		0.01781388185918331,
		0.9998040199279785
	],
	"7. right_knee": [
		0.5225774645805359,
		0.6567894220352173,
		-0.08821666985750198,
		0.9959129095077515
	],
	"8. right_ankle": [
		0.5549071431159973,
		0.7159510850906372,
		0.16095131635665894,
		0.9322085380554199
	],
	"14. left_shoulder": [
		0.631621778011322,
		0.3913504183292389,
		-0.07853226363658905,
		0.9998804926872253
	],
	"15. left_elbow": [
		0.6651673316955566,
		0.3748343288898468,
		-0.22926822304725647,
		0.944473385810852
	],
	"16. left_wrist": [
		0.6543914079666138,
		0.3091686964035034,
		-0.3960149884223938,
		0.928221583366394
	],
	"19. right_shoulder": [
		0.567889392375946,
		0.401444673538208,
		-0.015675444155931473,
		0.9996706247329712
	],
	"20. right_elbow": [
		0.5554710626602173,
		0.4830726087093353,
		0.021583907306194305,
		0.9739223122596741
	],
	"21. right_wrist": [
		0.5589050650596619,
		0.5423235893249512,
		-0.02064342610538006,
		0.9586738348007202
	],
	"24. nose": [
		0.5946478247642517,
		0.33507171273231506,
		-0.18552081286907196,
		0.9998940825462341
	],
	"25. left_eye": [
		0.5983631014823914,
		0.31946855783462524,
		-0.17563389241695404,
		0.9997842311859131
	],
	"26. right_eye": [
		0.5862312316894531,
		0.32675719261169434,
		-0.16764503717422485,
		0.9996816515922546
	],
	"27. left_ear": [
		0.6043677926063538,
		0.32246020436286926,
		-0.10844592750072479,
		0.999610424041748
	],
	"28. right_ear": [
		0.5786871910095215,
		0.33476734161376953,
		-0.06797520816326141,
		0.999632716178894
	],
	"time stamp": 23
}