{
	"1. left_hip": [
		0.6194139719009399,
		0.5939655303955078,
		-0.02010367065668106,
		0.9998397827148438
	],
	"2. left_knee": [
		0.6265246272087097,
		0.7383676171302795,
		-0.04797012358903885,
		0.9871419072151184
	],
	"3. left_ankle": [
		0.6328789591789246,
		0.8450361490249634,
		0.11487936973571777,
		0.9831898808479309
	],
	"6. right_hip": [
		0.5783049464225769,
		0.5847610235214233,
		0.020097505301237106,
		0.9997976422309875
	],
	"7. right_knee": [
		0.5259220004081726,
		0.6625266671180725,
		-0.11964159458875656,
		0.9956760406494141
	],
	"8. right_ankle": [
		0.5442698001861572,
		0.7717610001564026,
		0.04527322202920914,
		0.9365065097808838
	],
	"14. left_shoulder": [
		0.6300366520881653,
		0.38059917092323303,
		-0.0815671980381012,
		0.9998680949211121
	],
	"15. left_elbow": [
		0.6625167727470398,
		0.3375653028488159,
		-0.2268160730600357,
		0.9498282074928284
	],
	"16. left_wrist": [
		0.6472747921943665,
		0.26490986347198486,
		-0.3674252927303314,
		0.9346517324447632
	],
	"19. right_shoulder": [
		0.5667527318000793,
		0.4026491940021515,
		-0.015032880939543247,
		0.9996758103370667
	],
	"20. right_elbow": [
		0.5567758679389954,
		0.48297712206840515,
		0.013731605373322964,
		0.9625988006591797
	],
	"21. right_wrist": [
		0.5607870817184448,
		0.5403390526771545,
		-0.04732855409383774,
		0.945645809173584
	],
	"24. nose": [
		0.5873467326164246,
		0.33272242546081543,
		-0.19458116590976715,
		0.9998858571052551
	],
	"25. left_eye": [
		0.5930352210998535,
		0.31624093651771545,
		-0.18321898579597473,
		0.9997518658638
	],
	"26. right_eye": [
		0.579477846622467,
		0.3259677588939667,
		-0.17678840458393097,
		0.9996658563613892
	],
	"27. left_ear": [
		0.6025689840316772,
		0.3172796964645386,
		-0.10836420953273773,
		0.9995701313018799
	],
	"28. right_ear": [
		0.5773230791091919,
		0.334510862827301,
		-0.07547276467084885,
		0.9996433854103088
	],
	"time stamp": 23
}