{
	"1. left_hip": [
		0.6234031319618225,
		0.5908653140068054,
		-0.03009544312953949,
		0.9998332858085632
	],
	"2. left_knee": [
		0.6276386380195618,
		0.7342821955680847,
		-0.05460388958454132,
		0.987565279006958
	],
	"3. left_ankle": [
		0.6337541937828064,
		0.8448426127433777,
		0.0744929313659668,
		0.9833754897117615
	],
	"6. right_hip": [
		0.5826544761657715,
		0.5844148993492126,
		0.030088571831583977,
		0.9998074769973755
	],
	"7. right_knee": [
		0.5335243940353394,
		0.6624916195869446,
		-0.112242192029953,
		0.9958086013793945
	],
	"8. right_ankle": [
		0.5392500758171082,
		0.7911202907562256,
		0.01564362272620201,
		0.9422779679298401
	],
	"14. left_shoulder": [
		0.626950204372406,
		0.3766425549983978,
		-0.09541884809732437,
		0.9998587965965271
	],
	"15. left_elbow": [
		0.6507242321968079,
		0.3053036034107208,
		-0.2383960783481598,
		0.9547237753868103
	],
	"16. left_wrist": [
		0.6271629929542542,
		0.23818275332450867,
		-0.37058547139167786,
		0.9408888220787048
	],
	"19. right_shoulder": [
		0.564644992351532,
		0.405654639005661,
		-0.010341580957174301,
		0.9996954798698425
	],
	"20. right_elbow": [
		0.5610966086387634,
		0.48513513803482056,
		-0.005323649384081364,
		0.9547346234321594
	],
	"21. right_wrist": [
		0.563472330570221,
		0.5416374802589417,
		-0.09492984414100647,
		0.9393423795700073
	],
	"24. nose": [
		0.5797743201255798,
		0.33267346024513245,
		-0.1986001431941986,
		0.9998912215232849
	],
	"25. left_eye": [
		0.5866976380348206,
		0.3161614239215851,
		-0.18776558339595795,
		0.9997565746307373
	],
	"26. right_eye": [
		0.5719790458679199,
		0.3254701495170593,
		-0.18087759613990784,
		0.9996864795684814
	],
	"27. left_ear": [
		0.5974736213684082,
		0.31717780232429504,
		-0.10862022638320923,
		0.999580442905426
	],
	"28. right_ear": [
		0.570910632610321,
		0.33394476771354675,
		-0.07757911086082458,
		0.9996693730354309
	],
	"time stamp": 23
}