{
	"1. left_hip": [
		0.6260750889778137,
		0.5892413854598999,
		-0.0317620225250721,
		0.9998011589050293
	],
	"2. left_knee": [
		0.6292364001274109,
		0.7329832315444946,
		-0.06022937223315239,
		0.9873362183570862
	],
	"3. left_ankle": [
		0.6324754953384399,
		0.844788134098053,
		0.03939189016819,
		0.9819110631942749
	],
	"6. right_hip": [
		0.5866200923919678,
		0.5846285223960876,
		0.03177531063556671,
		0.9998098015785217
	],
	"7. right_knee": [
		0.5425552725791931,
		0.6627602577209473,
		-0.10187418758869171,
		0.9955578446388245
	],
	"8. right_ankle": [
		0.5368313193321228,
		0.8162842392921448,
		-0.016044804826378822,
		0.9471879005432129
	],
	"14. left_shoulder": [
		0.6260756850242615,
		0.38108834624290466,
		-0.09363312274217606,
		0.999817967414856
	],
	"15. left_elbow": [
		0.6358340978622437,
		0.29155609011650085,
		-0.20901651680469513,
		0.9591062664985657
	],
	"16. left_wrist": [
		0.6096643209457397,
		0.2177283614873886,
		-0.3371944725513458,
		0.9465523958206177
	],
	"19. right_shoulder": [
		0.563572883605957,
		0.41006067395210266,
		0.005334608256816864,
		0.9997008442878723
	],
	"20. right_elbow": [
		0.5633655786514282,
		0.4876009225845337,
		0.028772404417395592,
		0.9392808675765991
	],
	"21. right_wrist": [
		0.5640591979026794,
		0.5459293723106384,
		-0.04220038652420044,
		0.9300830364227295
	],
	"24. nose": [
		0.5715481042861938,
		0.33423298597335815,
		-0.18872681260108948,
		0.9998920559883118
	],
	"25. left_eye": [
		0.5793316960334778,
		0.3173721730709076,
		-0.17917217314243317,
		0.9997504949569702
	],
	"26. right_eye": [
		0.5642141699790955,
		0.32669657468795776,
		-0.17086879909038544,
		0.9996999502182007
	],
	"27. left_ear": [
		0.5907368659973145,
		0.3177759647369385,
		-0.10811552405357361,
		0.9995747208595276
	],
	"28. right_ear": [
		0.5642650723457336,
		0.3348791003227234,
		-0.06932290643453598,
		0.9996850490570068
	],
	"time stamp": 23
}