{
	"1. left_hip": [
		0.6283103823661804,
		0.5912109017372131,
		-0.04219162091612816,
		0.9997619986534119
	],
	"2. left_knee": [
		0.6290341019630432,
		0.7329890727996826,
		-0.04297369346022606,
		0.9864327907562256
	],
	"3. left_ankle": [
		0.634097695350647,
		0.845169723033905,
		0.0744473785161972,
		0.9788190126419067
	],
	"6. right_hip": [
		0.5906692147254944,
		0.5950962901115417,
		0.0421685166656971,
		0.999798059463501
	],
	"7. right_knee": [
		0.5603798627853394,
		0.7131868004798889,
		0.03719983622431755,
		0.9925854206085205
	],
	"8. right_ankle": [
		0.5334997773170471,
		0.8378818035125732,
		0.07791922986507416,
		0.9501681923866272
	],
	"14. left_shoulder": [
		0.6115376949310303,
		0.3864564299583435,
		-0.14604556560516357,
		0.9997324347496033
	],
	"15. left_elbow": [
		0.6018391847610474,
		0.2863375246524811,
		-0.22862058877944946,
		0.9629730582237244
	],
	"16. left_wrist": [
		0.5827702283859253,
		0.21039675176143646,
		-0.2417948991060257,
		0.9514462351799011
	],
	"19. right_shoulder": [
		0.5625033378601074,
		0.420214980840683,
		-0.0030242865905165672,
		0.9996508955955505
	],
	"20. right_elbow": [
		0.5676575899124146,
		0.4884997606277466,
		-0.006901715416461229,
		0.8924480676651001
	],
	"21. right_wrist": [
		0.5680773854255676,
		0.5473277568817139,
		-0.10198245197534561,
		0.8910014629364014
	],
	"24. nose": [
		0.56013023853302,
		0.3528313636779785,
		-0.18969379365444183,
		0.9998403191566467
	],
	"25. left_eye": [
		0.5684869289398193,
		0.33488747477531433,
		-0.18528659641742706,
		0.9996419548988342
	],
	"26. right_eye": [
		0.5556317567825317,
		0.34145960211753845,
		-0.17356346547603607,
		0.9996339678764343
	],
	"27. left_ear": [
		0.5802954435348511,
		0.33713197708129883,
		-0.13991092145442963,
		0.9994904398918152
	],
	"28. right_ear": [
		0.5564478039741516,
		0.34646666049957275,
		-0.07854115217924118,
		0.9995810389518738
	],
	"time stamp": 23
}