{
	"1. left_hip": [
		0.6308995485305786,
		0.5922991633415222,
		-0.03671223670244217,
		0.999758243560791
	],
	"2. left_knee": [
		0.629055917263031,
		0.7332673072814941,
		0.0076361424289643764,
		0.9856895804405212
	],
	"3. left_ankle": [
		0.6345274448394775,
		0.8449401259422302,
		0.15671953558921814,
		0.9758867621421814
	],
	"6. right_hip": [
		0.5935696959495544,
		0.6011949181556702,
		0.03670799359679222,
		0.9998126029968262
	],
	"7. right_knee": [
		0.569088339805603,
		0.7269064784049988,
		-0.0023009637370705605,
		0.9922221899032593
	],
	"8. right_ankle": [
		0.5306797623634338,
		0.8376471400260925,
		0.054676033556461334,
		0.9539307355880737
	],
	"14. left_shoulder": [
		0.60386723279953,
		0.389640212059021,
		-0.11896964907646179,
		0.9996316432952881
	],
	"15. left_elbow": [
		0.5907884240150452,
		0.295007586479187,
		-0.19456331431865692,
		0.9663686156272888
	],
	"16. left_wrist": [
		0.5695785284042358,
		0.21712085604667664,
		-0.20786498486995697,
		0.9559410214424133
	],
	"19. right_shoulder": [
		0.5591145157814026,
		0.42861106991767883,
		-0.0009836527751758695,
		0.9996560215950012
	],
	"20. right_elbow": [
		0.564426600933075,
		0.4919416308403015,
		0.01923302374780178,
		0.883782684803009
	],
	"21. right_wrist": [
		0.5737836956977844,
		0.5600382685661316,
		-0.030588222667574883,
		0.8750985264778137
	],
	"24. nose": [
		0.5559890270233154,
		0.3631400763988495,
		-0.18522538244724274,
		0.9998025298118591
	],
	"25. left_eye": [
		0.5645893216133118,
		0.34771639108657837,
		-0.1782577633857727,
		0.9994995594024658
	],
	"26. right_eye": [
		0.5505087375640869,
		0.35311421751976013,
		-0.16870538890361786,
		0.9995905160903931
	],
	"27. left_ear": [
		0.5752296447753906,
		0.34925758838653564,
		-0.126612588763237,
		0.9992164373397827
	],
	"28. right_ear": [
		0.5507485866546631,
		0.3572435677051544,
		-0.07500337809324265,
		0.9994924664497375
	],
	"time stamp": 23
}