{
	"1. left_hip": [
		0.6349292993545532,
		0.5936793684959412,
		-0.037251945585012436,
		0.9997472167015076
	],
	"2. left_knee": [
		0.6312809586524963,
		0.7335068583488464,
		0.01628689467906952,
		0.9857473373413086
	],
	"3. left_ankle": [
		0.6339025497436523,
		0.8450607061386108,
		0.15231451392173767,
		0.9749419689178467
	],
	"6. right_hip": [
		0.5961741805076599,
		0.6070429682731628,
		0.03724716976284981,
		0.9998243451118469
	],
	"7. right_knee": [
		0.5710641145706177,
		0.7308109998703003,
		-0.014586321078240871,
		0.9921846985816956
	],
	"8. right_ankle": [
		0.5299353003501892,
		0.8388023376464844,
		0.024191636592149734,
		0.9575674533843994
	],
	"14. left_shoulder": [
		0.6026852130889893,
		0.3926081657409668,
		-0.10719486325979233,
		0.9993404746055603
	],
	"15. left_elbow": [
		0.5843703746795654,
		0.2992766201496124,
		-0.19105827808380127,
		0.9690821766853333
	],
	"16. left_wrist": [
		0.5590531229972839,
		0.22732612490653992,
		-0.23054751753807068,
		0.9596774578094482
	],
	"19. right_shoulder": [
		0.556165337562561,
		0.4392077624797821,
		0.012895825318992138,
		0.9996405839920044
	],
	"20. right_elbow": [
		0.5627620816230774,
		0.5016232132911682,
		0.011961749754846096,
		0.8740361332893372
	],
	"21. right_wrist": [
		0.5757509469985962,
		0.5708975195884705,
		-0.06652805954217911,
		0.8598964214324951
	],
	"24. nose": [
		0.555243730545044,
		0.3666937053203583,
		-0.16299431025981903,
		0.9997290968894958
	],
	"25. left_eye": [
		0.5626468062400818,
		0.35083019733428955,
		-0.15319901704788208,
		0.9992452263832092
	],
	"26. right_eye": [
		0.5491272211074829,
		0.3584967255592346,
		-0.14542998373508453,
		0.9995244145393372
	],
	"27. left_ear": [
		0.572260320186615,
		0.3538724184036255,
		-0.09060673415660858,
		0.9985921382904053
	],
	"28. right_ear": [
		0.5485760569572449,
		0.3660932183265686,
		-0.05437370389699936,
		0.9993501901626587
	],
	"time stamp": 23
}