{
	"1. left_hip": [
		0.6369814276695251,
		0.5958597660064697,
		-0.033513933420181274,
		0.9997546076774597
	],
	"2. left_knee": [
		0.6303296089172363,
		0.7345406413078308,
		0.03811310976743698,
		0.9858080744743347
	],
	"3. left_ankle": [
		0.6339289546012878,
		0.8489974737167358,
		0.19272808730602264,
		0.9720945954322815
	],
	"6. right_hip": [
		0.5976482629776001,
		0.6108041405677795,
		0.033533141016960144,
		0.9998397827148438
	],
	"7. right_knee": [
		0.5721096992492676,
		0.728229284286499,
		-0.0694952979683876,
		0.9924049973487854
	],
	"8. right_ankle": [
		0.528823733329773,
		0.8331778645515442,
		-0.08432021737098694,
		0.9607493281364441
	],
	"14. left_shoulder": [
		0.6021965146064758,
		0.3954382538795471,
		-0.08102218061685562,
		0.9991693496704102
	],
	"15. left_elbow": [
		0.5830859541893005,
		0.30163732171058655,
		-0.1696089804172516,
		0.9717175364494324
	],
	"16. left_wrist": [
		0.5521758198738098,
		0.23467887938022614,
		-0.21127402782440186,
		0.9630895853042603
	],
	"19. right_shoulder": [
		0.5535675883293152,
		0.449606716632843,
		0.022653566673398018,
		0.9996436834335327
	],
	"20. right_elbow": [
		0.5604428648948669,
		0.5200764536857605,
		0.0077873761765658855,
		0.8737752437591553
	],
	"21. right_wrist": [
		0.5758112668991089,
		0.5753933191299438,
		-0.08259820938110352,
		0.8497981429100037
	],
	"24. nose": [
		0.5550976395606995,
		0.37034183740615845,
		-0.15127681195735931,
		0.9997131824493408
	],
	"25. left_eye": [
		0.5610178709030151,
		0.35484713315963745,
		-0.13729090988636017,
		0.9991623759269714
	],
	"26. right_eye": [
		0.5486595034599304,
		0.36421266198158264,
		-0.13227614760398865,
		0.9995237588882446
	],
	"27. left_ear": [
		0.5693737268447876,
		0.35908043384552,
		-0.060526348650455475,
		0.9982940554618835
	],
	"28. right_ear": [
		0.5469862222671509,
		0.37554872035980225,
		-0.0387345552444458,
		0.9993202686309814
	],
	"time stamp": 23
}