{
	"1. left_hip": [
		0.6370488405227661,
		0.5959088206291199,
		-0.047758087515830994,
		0.9997549653053284
	],
	"2. left_knee": [
		0.6291903853416443,
		0.7373677492141724,
		-0.05902687460184097,
		0.9858679175376892
	],
	"3. left_ankle": [
		0.6335105299949646,
		0.8696547746658325,
		0.010507612489163876,
		0.9720916152000427
	],
	"6. right_hip": [
		0.5986531972885132,
		0.6097165942192078,
		0.047739651054143906,
		0.9998345375061035
	],
	"7. right_knee": [
		0.5687699913978577,
		0.7260369062423706,
		0.05127843841910362,
		0.9897832870483398
	],
	"8. right_ankle": [
		0.5281097292900085,
		0.8339309692382812,
		0.0927620679140091,
		0.9602699279785156
	],
	"14. left_shoulder": [
		0.5984806418418884,
		0.3963797390460968,
		-0.08190016448497772,
		0.9991098046302795
	],
	"15. left_elbow": [
		0.5804604887962341,
		0.30518513917922974,
		-0.16782398521900177,
		0.973939061164856
	],
	"16. left_wrist": [
		0.5461697578430176,
		0.2438887655735016,
		-0.1887606978416443,
		0.9657323956489563
	],
	"19. right_shoulder": [
		0.5522119998931885,
		0.456298828125,
		0.04941656440496445,
		0.9996256828308105
	],
	"20. right_elbow": [
		0.560280978679657,
		0.5233995914459229,
		0.0420452319085598,
		0.870850145816803
	],
	"21. right_wrist": [
		0.5748026371002197,
		0.5780397653579712,
		-0.07084910571575165,
		0.8494358062744141
	],
	"24. nose": [
		0.5509520173072815,
		0.3731369972229004,
		-0.1458164006471634,
		0.9997163414955139
	],
	"25. left_eye": [
		0.5557546615600586,
		0.3560863137245178,
		-0.13200698792934418,
		0.9991657137870789
	],
	"26. right_eye": [
		0.5448629260063171,
		0.36583492159843445,
		-0.12369140237569809,
		0.9995453953742981
	],
	"27. left_ear": [
		0.5659683346748352,
		0.35975897312164307,
		-0.06168394163250923,
		0.9983173608779907
	],
	"28. right_ear": [
		0.5447800755500793,
		0.37728720903396606,
		-0.02296847105026245,
		0.9993444681167603
	],
	"time stamp": 23
}