{
	"1. left_hip": [
		0.6376765966415405,
		0.5928241014480591,
		-0.0462476871907711,
		0.9997497200965881
	],
	"2. left_knee": [
		0.6288207173347473,
		0.7373586297035217,
		-0.06931572407484055,
		0.9854888319969177
	],
	"3. left_ankle": [
		0.6332810521125793,
		0.8668791055679321,
		0.02347937785089016,
		0.9709467887878418
	],
	"6. right_hip": [
		0.5992774367332458,
		0.6085925102233887,
		0.04623626172542572,
		0.9998250603675842
	],
	"7. right_knee": [
		0.5677445530891418,
		0.7268470525741577,
		0.04271058738231659,
		0.9873896837234497
	],
	"8. right_ankle": [
		0.5275596380233765,
		0.8343178033828735,
		0.10886156558990479,
		0.9592897295951843
	],
	"14. left_shoulder": [
		0.5963690876960754,
		0.39653685688972473,
		-0.07817377895116806,
		0.9990115165710449
	],
	"15. left_elbow": [
		0.5797818899154663,
		0.30510255694389343,
		-0.1524641215801239,
		0.9759796857833862
	],
	"16. left_wrist": [
		0.5465531945228577,
		0.24830882251262665,
		-0.18026940524578094,
		0.968313992023468
	],
	"19. right_shoulder": [
		0.5510934591293335,
		0.45446011424064636,
		0.05440770089626312,
		0.9995908141136169
	],
	"20. right_elbow": [
		0.5594976544380188,
		0.523882269859314,
		0.09314282983541489,
		0.8729735016822815
	],
	"21. right_wrist": [
		0.5738099813461304,
		0.5819161534309387,
		0.031410280615091324,
		0.8514171242713928
	],
	"24. nose": [
		0.5491386651992798,
		0.3726579546928406,
		-0.1465590000152588,
		0.9997085332870483
	],
	"25. left_eye": [
		0.555446982383728,
		0.35564401745796204,
		-0.1310054063796997,
		0.9991070628166199
	],
	"26. right_eye": [
		0.5443621277809143,
		0.3648996949195862,
		-0.12364470213651657,
		0.9995470643043518
	],
	"27. left_ear": [
		0.5659414529800415,
		0.359985888004303,
		-0.05672159790992737,
		0.9981931447982788
	],
	"28. right_ear": [
		0.5444294810295105,
		0.375032514333725,
		-0.021852819249033928,
		0.9993359446525574
	],
	"time stamp": 23
}