{
	"1. left_hip": [
		0.6385692954063416,
		0.5925931930541992,
		-0.05133894085884094,
		0.9997445940971375
	],
	"2. left_knee": [
		0.6282920241355896,
		0.7377943396568298,
		-0.08332902193069458,
		0.9850262999534607
	],
	"3. left_ankle": [
		0.6331011056900024,
		0.8672211766242981,
		0.008994689211249352,
		0.9698742032051086
	],
	"6. right_hip": [
		0.6009708642959595,
		0.6072952151298523,
		0.051297739148139954,
		0.9997981786727905
	],
	"7. right_knee": [
		0.5662333369255066,
		0.7340515851974487,
		0.06759258359670639,
		0.9840307831764221
	],
	"8. right_ankle": [
		0.526926577091217,
		0.8334299921989441,
		0.14411965012550354,
		0.9556900858879089
	],
	"14. left_shoulder": [
		0.5966840982437134,
		0.39715614914894104,
		-0.09109709411859512,
		0.9989255666732788
	],
	"15. left_elbow": [
		0.580806314945221,
		0.30733978748321533,
		-0.2051631212234497,
		0.9778717756271362
	],
	"16. left_wrist": [
		0.5504172444343567,
		0.25069817900657654,
		-0.29049307107925415,
		0.9705124497413635
	],
	"19. right_shoulder": [
		0.5508115291595459,
		0.45395800471305847,
		0.05087972432374954,
		0.9995680451393127
	],
	"20. right_elbow": [
		0.5587795972824097,
		0.5218390822410583,
		0.10471859574317932,
		0.8744086027145386
	],
	"21. right_wrist": [
		0.5735987424850464,
		0.5798535943031311,
		0.04668521136045456,
		0.8522161245346069
	],
	"24. nose": [
		0.5486513376235962,
		0.3727717399597168,
		-0.1582058072090149,
		0.9997097849845886
	],
	"25. left_eye": [
		0.5554689168930054,
		0.35540732741355896,
		-0.14412885904312134,
		0.9990981817245483
	],
	"26. right_eye": [
		0.5442400574684143,
		0.3646395802497864,
		-0.13652102649211884,
		0.9995580315589905
	],
	"27. left_ear": [
		0.5668398141860962,
		0.36024031043052673,
		-0.06994812190532684,
		0.9981611967086792
	],
	"28. right_ear": [
		0.544874370098114,
		0.3734643757343292,
		-0.03235958144068718,
		0.9993480443954468
	],
	"time stamp": 23
}