{
	"1. left_hip": [
		0.6389896869659424,
		0.5925711393356323,
		-0.04874131456017494,
		0.9997574090957642
	],
	"2. left_knee": [
		0.6280724406242371,
		0.7404281497001648,
		-0.14519427716732025,
		0.9852702617645264
	],
	"3. left_ankle": [
		0.633030891418457,
		0.886273980140686,
		-0.1361958384513855,
		0.9704962968826294
	],
	"6. right_hip": [
		0.6013346910476685,
		0.606424868106842,
		0.04878396540880203,
		0.9998008012771606
	],
	"7. right_knee": [
		0.5673947930335999,
		0.7301946878433228,
		-0.05540820211172104,
		0.9835769534111023
	],
	"8. right_ankle": [
		0.5267878174781799,
		0.8314956426620483,
		-0.09012141078710556,
		0.9566391110420227
	],
	"14. left_shoulder": [
		0.597681999206543,
		0.3973461091518402,
		-0.09069038182497025,
		0.9989883899688721
	],
	"15. left_elbow": [
		0.5844413638114929,
		0.3044789135456085,
		-0.21668283641338348,
		0.9798259139060974
	],
	"16. left_wrist": [
		0.5544880628585815,
		0.24713963270187378,
		-0.3286058306694031,
		0.9724267721176147
	],
	"19. right_shoulder": [
		0.5509302616119385,
		0.4526495933532715,
		0.04442407935857773,
		0.9995965361595154
	],
	"20. right_elbow": [
		0.5587843656539917,
		0.5209043025970459,
		0.10792390257120132,
		0.8803572058677673
	],
	"21. right_wrist": [
		0.5732097625732422,
		0.577731728553772,
		0.06544419378042221,
		0.8543434143066406
	],
	"24. nose": [
		0.5504595041275024,
		0.37058958411216736,
		-0.16478793323040009,
		0.9997348189353943
	],
	"25. left_eye": [
		0.5574891567230225,
		0.3539618253707886,
		-0.1466696858406067,
		0.9991770386695862
	],
	"26. right_eye": [
		0.54586261510849,
		0.3625696003437042,
		-0.1371452361345291,
		0.9995983242988586
	],
	"27. left_ear": [
		0.5684909224510193,
		0.3594081401824951,
		-0.07231657952070236,
		0.9983238577842712
	],
	"28. right_ear": [
		0.5457751154899597,
		0.37145042419433594,
		-0.040227681398391724,
		0.9994089603424072
	],
	"time stamp": 23
}