{
	"1. left_hip": [
		0.6390740275382996,
		0.5925244092941284,
		-0.04474849998950958,
		0.9997646808624268
	],
	"2. left_knee": [
		0.6276819705963135,
		0.7429482936859131,
		-0.09467607736587524,
		0.984837532043457
	],
	"3. left_ankle": [
		0.6328925490379333,
		0.8810614943504333,
		-0.03894554823637009,
		0.9699508547782898
	],
	"6. right_hip": [
		0.6004447340965271,
		0.603094756603241,
		0.044856730848550797,
		0.9998058676719666
	],
	"7. right_knee": [
		0.5672837495803833,
		0.7281556129455566,
		-0.035616468638181686,
		0.9830055236816406
	],
	"8. right_ankle": [
		0.5253723859786987,
		0.8327720761299133,
		-0.012679915875196457,
		0.9573865532875061
	],
	"14. left_shoulder": [
		0.6032436490058899,
		0.39340832829475403,
		-0.06431566178798676,
		0.9989930391311646
	],
	"15. left_elbow": [
		0.6005176305770874,
		0.2937716543674469,
		-0.1662672460079193,
		0.9816185832023621
	],
	"16. left_wrist": [
		0.5634078979492188,
		0.2411421686410904,
		-0.2583765685558319,
		0.9743821620941162
	],
	"19. right_shoulder": [
		0.553187906742096,
		0.44964897632598877,
		0.035146746784448624,
		0.9996144771575928
	],
	"20. right_elbow": [
		0.5598246455192566,
		0.5229121446609497,
		0.07467742264270782,
		0.88836669921875
	],
	"21. right_wrist": [
		0.5733349919319153,
		0.5776002407073975,
		0.00010066843969980255,
		0.8620258569717407
	],
	"24. nose": [
		0.5557780861854553,
		0.36463499069213867,
		-0.1605849415063858,
		0.999748945236206
	],
	"25. left_eye": [
		0.5623082518577576,
		0.35151025652885437,
		-0.1426793932914734,
		0.9992064237594604
	],
	"26. right_eye": [
		0.5511355400085449,
		0.35834020376205444,
		-0.1382460743188858,
		0.9996228218078613
	],
	"27. left_ear": [
		0.5740091800689697,
		0.35776230692863464,
		-0.05794106051325798,
		0.9983922243118286
	],
	"28. right_ear": [
		0.5495341420173645,
		0.3683515787124634,
		-0.041256554424762726,
		0.9994497895240784
	],
	"time stamp": 23
}