{
	"1. left_hip": [
		0.638912558555603,
		0.5902533531188965,
		-0.04393221437931061,
		0.9997743368148804
	],
	"2. left_knee": [
		0.6268395185470581,
		0.7429969906806946,
		-0.07878996431827545,
		0.9843385219573975
	],
	"3. left_ankle": [
		0.6327676773071289,
		0.8776463270187378,
		0.0001230537163792178,
		0.9689322710037231
	],
	"6. right_hip": [
		0.5996954441070557,
		0.5974276661872864,
		0.04400639235973358,
		0.9998106956481934
	],
	"7. right_knee": [
		0.5669410824775696,
		0.7265841960906982,
		-0.004188129212707281,
		0.9822598099708557
	],
	"8. right_ankle": [
		0.5251765251159668,
		0.8333759903907776,
		0.05262433737516403,
		0.9569385051727295
	],
	"14. left_shoulder": [
		0.6082143187522888,
		0.38610902428627014,
		-0.04931891709566116,
		0.999040961265564
	],
	"15. left_elbow": [
		0.6176398992538452,
		0.2921072244644165,
		-0.17698419094085693,
		0.9833082556724548
	],
	"16. left_wrist": [
		0.580100953578949,
		0.2392471879720688,
		-0.3103084862232208,
		0.9765443801879883
	],
	"19. right_shoulder": [
		0.5555071234703064,
		0.4378187358379364,
		0.05779268592596054,
		0.9996313452720642
	],
	"20. right_elbow": [
		0.5600588917732239,
		0.5197514295578003,
		0.12724308669567108,
		0.8959025144577026
	],
	"21. right_wrist": [
		0.57329261302948,
		0.5747710466384888,
		0.10161174088716507,
		0.8711429834365845
	],
	"24. nose": [
		0.5616335272789001,
		0.36000263690948486,
		-0.13770315051078796,
		0.9997607469558716
	],
	"25. left_eye": [
		0.5689008235931396,
		0.34601444005966187,
		-0.12099523097276688,
		0.999232292175293
	],
	"26. right_eye": [
		0.5563225150108337,
		0.3514189124107361,
		-0.11664408445358276,
		0.9996387958526611
	],
	"27. left_ear": [
		0.5814810395240784,
		0.3488224744796753,
		-0.03954464942216873,
		0.9984595775604248
	],
	"28. right_ear": [
		0.5546205043792725,
		0.3579249382019043,
		-0.019538767635822296,
		0.9994827508926392
	],
	"time stamp": 23
}