{
	"1. left_hip": [
		0.6398004293441772,
		0.5875384211540222,
		-0.042676471173763275,
		0.9997861981391907
	],
	"2. left_knee": [
		0.6268405318260193,
		0.7429570555686951,
		-0.07304608076810837,
		0.9833571910858154
	],
	"3. left_ankle": [
		0.6294295787811279,
		0.8763843774795532,
		-0.0015389202162623405,
		0.9668137431144714
	],
	"6. right_hip": [
		0.6000909805297852,
		0.5926017761230469,
		0.04275800287723541,
		0.9998185634613037
	],
	"7. right_knee": [
		0.5661548376083374,
		0.7256993055343628,
		-0.00270301871933043,
		0.98084956407547
	],
	"8. right_ankle": [
		0.5252729058265686,
		0.8330017924308777,
		0.04981018230319023,
		0.9558244943618774
	],
	"14. left_shoulder": [
		0.6160937547683716,
		0.3803926110267639,
		-0.060611676424741745,
		0.9991206526756287
	],
	"15. left_elbow": [
		0.6356853246688843,
		0.2971920073032379,
		-0.21630045771598816,
		0.9848805069923401
	],
	"16. left_wrist": [
		0.5979263186454773,
		0.2429380863904953,
		-0.37285563349723816,
		0.9785130023956299
	],
	"19. right_shoulder": [
		0.5605170130729675,
		0.4245828092098236,
		0.050717197358608246,
		0.9996572136878967
	],
	"20. right_elbow": [
		0.5636793971061707,
		0.5089282989501953,
		0.18821701407432556,
		0.9025629758834839
	],
	"21. right_wrist": [
		0.5728253722190857,
		0.5722958445549011,
		0.25828826427459717,
		0.8799178004264832
	],
	"24. nose": [
		0.5702340602874756,
		0.34881600737571716,
		-0.14593619108200073,
		0.9997825622558594
	],
	"25. left_eye": [
		0.5784630179405212,
		0.3361881673336029,
		-0.13147477805614471,
		0.9993032813072205
	],
	"26. right_eye": [
		0.5658935308456421,
		0.33940890431404114,
		-0.12428814172744751,
		0.9996722340583801
	],
	"27. left_ear": [
		0.5906767249107361,
		0.3393647372722626,
		-0.05375201255083084,
		0.998602569103241
	],
	"28. right_ear": [
		0.5653086304664612,
		0.3450114130973816,
		-0.021968523040413857,
		0.9995327591896057
	],
	"time stamp": 23
}