{
	"1. left_hip": [
		0.6394076943397522,
		0.5873019099235535,
		-0.04208417236804962,
		0.9998036623001099
	],
	"2. left_knee": [
		0.6268070340156555,
		0.7426872253417969,
		-0.06520820409059525,
		0.9839224219322205
	],
	"3. left_ankle": [
		0.6303736567497253,
		0.87310791015625,
		0.014946774579584599,
		0.965840220451355
	],
	"6. right_hip": [
		0.599934995174408,
		0.59022456407547,
		0.04214075207710266,
		0.9998354911804199
	],
	"7. right_knee": [
		0.5657650232315063,
		0.7125581502914429,
		-0.13457486033439636,
		0.9816402196884155
	],
	"8. right_ankle": [
		0.5253044366836548,
		0.8320180177688599,
		-0.1727357655763626,
		0.9589831233024597
	],
	"14. left_shoulder": [
		0.6230122447013855,
		0.37693753838539124,
		-0.06750320643186569,
		0.9992051124572754
	],
	"15. left_elbow": [
		0.6550747156143188,
		0.30073580145835876,
		-0.20500391721725464,
		0.9863688349723816
	],
	"16. left_wrist": [
		0.6145088076591492,
		0.24592047929763794,
		-0.32319027185440063,
		0.9803824424743652
	],
	"19. right_shoulder": [
		0.5650650858879089,
		0.4152411222457886,
		0.045709725469350815,
		0.9996892809867859
	],
	"20. right_elbow": [
		0.5668439865112305,
		0.5014328956604004,
		0.23287181556224823,
		0.9089987277984619
	],
	"21. right_wrist": [
		0.5726179480552673,
		0.5706570744514465,
		0.38164734840393066,
		0.8878394961357117
	],
	"24. nose": [
		0.5811150670051575,
		0.339000403881073,
		-0.1914711445569992,
		0.9998041391372681
	],
	"25. left_eye": [
		0.5883029699325562,
		0.32562798261642456,
		-0.17431452870368958,
		0.9993725419044495
	],
	"26. right_eye": [
		0.5753103494644165,
		0.3290521502494812,
		-0.17222297191619873,
		0.999704897403717
	],
	"27. left_ear": [
		0.5983160138130188,
		0.33019062876701355,
		-0.07848579436540604,
		0.9987416863441467
	],
	"28. right_ear": [
		0.5728965401649475,
		0.3356720805168152,
		-0.07090432941913605,
		0.9995794296264648
	],
	"time stamp": 23
}