{
	"1. left_hip": [
		0.6391083002090454,
		0.5875641107559204,
		-0.041368067264556885,
		0.9997720122337341
	],
	"2. left_knee": [
		0.6267797350883484,
		0.7401107549667358,
		-0.04383566230535507,
		0.9833336472511292
	],
	"3. left_ankle": [
		0.6302683353424072,
		0.8591575026512146,
		0.09337422251701355,
		0.9640834927558899
	],
	"6. right_hip": [
		0.5993823409080505,
		0.5856886506080627,
		0.04140453040599823,
		0.9998210668563843
	],
	"7. right_knee": [
		0.5484617352485657,
		0.6907606720924377,
		-0.07004977762699127,
		0.9815506935119629
	],
	"8. right_ankle": [
		0.5352087616920471,
		0.8293690085411072,
		0.036150507628917694,
		0.9604235291481018
	],
	"14. left_shoulder": [
		0.6318113207817078,
		0.37470826506614685,
		-0.06665007770061493,
		0.9992174506187439
	],
	"15. left_elbow": [
		0.6846135854721069,
		0.3464873731136322,
		-0.2029542475938797,
		0.9876470565795898
	],
	"16. left_wrist": [
		0.6485704183578491,
		0.2918795645236969,
		-0.3278762400150299,
		0.981634259223938
	],
	"19. right_shoulder": [
		0.5695504546165466,
		0.3967941403388977,
		0.02155032567679882,
		0.9996776580810547
	],
	"20. right_elbow": [
		0.5662988424301147,
		0.49039924144744873,
		0.04046202823519707,
		0.9096097946166992
	],
	"21. right_wrist": [
		0.570067286491394,
		0.5529877543449402,
		-0.0699092224240303,
		0.8896942138671875
	],
	"24. nose": [
		0.5898970365524292,
		0.3298693299293518,
		-0.19651977717876434,
		0.9998044371604919
	],
	"25. left_eye": [
		0.5981752276420593,
		0.31714868545532227,
		-0.18205958604812622,
		0.9993566274642944
	],
	"26. right_eye": [
		0.5841537714004517,
		0.3185517191886902,
		-0.17722564935684204,
		0.9996899962425232
	],
	"27. left_ear": [
		0.6082385778427124,
		0.3200390040874481,
		-0.09155774861574173,
		0.9987601041793823
	],
	"28. right_ear": [
		0.5820373296737671,
		0.32291683554649353,
		-0.07039200514554977,
		0.9995753169059753
	],
	"time stamp": 23
}