{
	"1. left_hip": [
		0.6375475525856018,
		0.587975800037384,
		-0.04089628532528877,
		0.9997560977935791
	],
	"2. left_knee": [
		0.6267352104187012,
		0.7360360622406006,
		-0.040928956121206284,
		0.9825305342674255
	],
	"3. left_ankle": [
		0.6300443410873413,
		0.8534055948257446,
		0.08149626106023788,
		0.9621868133544922
	],
	"6. right_hip": [
		0.5985593795776367,
		0.5839817523956299,
		0.040930818766355515,
		0.9998133778572083
	],
	"7. right_knee": [
		0.5404442548751831,
		0.6807457208633423,
		-0.06876959651708603,
		0.981450080871582
	],
	"8. right_ankle": [
		0.5493059754371643,
		0.8162629008293152,
		0.04934384301304817,
		0.960209846496582
	],
	"14. left_shoulder": [
		0.6365276575088501,
		0.37401026487350464,
		-0.05945334583520889,
		0.9992820620536804
	],
	"15. left_elbow": [
		0.6917455792427063,
		0.38718321919441223,
		-0.18352343142032623,
		0.98882657289505
	],
	"16. left_wrist": [
		0.6650211215019226,
		0.32812148332595825,
		-0.33239319920539856,
		0.9832403659820557
	],
	"19. right_shoulder": [
		0.5731877088546753,
		0.3883666694164276,
		0.02385122887790203,
		0.999691903591156
	],
	"20. right_elbow": [
		0.5670766830444336,
		0.48043614625930786,
		0.0525231808423996,
		0.9112652540206909
	],
	"21. right_wrist": [
		0.568335235118866,
		0.5415758490562439,
		-0.04482254758477211,
		0.8959556221961975
	],
	"24. nose": [
		0.5956602096557617,
		0.3277648985385895,
		-0.19174836575984955,
		0.9998189210891724
	],
	"25. left_eye": [
		0.6027488112449646,
		0.3141711950302124,
		-0.17468596994876862,
		0.9994022250175476
	],
	"26. right_eye": [
		0.5907214879989624,
		0.3156634271144867,
		-0.17185936868190765,
		0.9997057914733887
	],
	"27. left_ear": [
		0.6136443018913269,
		0.31611746549606323,
		-0.08647826313972473,
		0.9988594055175781
	],
	"28. right_ear": [
		0.5885521769523621,
		0.320311576128006,
		-0.06595298647880554,
		0.9996052980422974
	],
	"time stamp": 23
}