{
	"1. left_hip": [
		0.6352537274360657,
		0.590409517288208,
		-0.03302964195609093,
		0.9997538924217224
	],
	"2. left_knee": [
		0.6268501281738281,
		0.7361624240875244,
		-0.02973042242228985,
		0.980060338973999
	],
	"3. left_ankle": [
		0.6300158500671387,
		0.8421072959899902,
		0.15863129496574402,
		0.9604743719100952
	],
	"6. right_hip": [
		0.5949443578720093,
		0.5851516127586365,
		0.03306858614087105,
		0.9998141527175903
	],
	"7. right_knee": [
		0.5338833332061768,
		0.6691115498542786,
		-0.11265845596790314,
		0.98246169090271
	],
	"8. right_ankle": [
		0.5588904619216919,
		0.7829601764678955,
		0.0645204558968544,
		0.9598369598388672
	],
	"14. left_shoulder": [
		0.6434209942817688,
		0.3755071461200714,
		-0.055743176490068436,
		0.9993488788604736
	],
	"15. left_elbow": [
		0.6897701621055603,
		0.43460214138031006,
		-0.17200811207294464,
		0.9897175431251526
	],
	"16. left_wrist": [
		0.6771451830863953,
		0.3750937581062317,
		-0.35109323263168335,
		0.9844964146614075
	],
	"19. right_shoulder": [
		0.5772420763969421,
		0.3876318335533142,
		0.02031514421105385,
		0.9997127056121826
	],
	"20. right_elbow": [
		0.5690551400184631,
		0.47839969396591187,
		0.057871315628290176,
		0.9101670384407043
	],
	"21. right_wrist": [
		0.5679790377616882,
		0.5381761193275452,
		-0.028946291655302048,
		0.899242103099823
	],
	"24. nose": [
		0.6027874946594238,
		0.3314691185951233,
		-0.19075730443000793,
		0.9998329877853394
	],
	"25. left_eye": [
		0.6089004278182983,
		0.31667643785476685,
		-0.16958259046077728,
		0.9994505047798157
	],
	"26. right_eye": [
		0.596968412399292,
		0.3188401460647583,
		-0.165822371840477,
		0.9997194409370422
	],
	"27. left_ear": [
		0.6186611652374268,
		0.31825700402259827,
		-0.08601414412260056,
		0.9989553689956665
	],
	"28. right_ear": [
		0.5930286049842834,
		0.3225100040435791,
		-0.06259430944919586,
		0.9996347427368164
	],
	"time stamp": 23
}