{
	"1. left_hip": [
		0.6339179277420044,
		0.5904330611228943,
		-0.03406405448913574,
		0.9997328519821167
	],
	"2. left_knee": [
		0.6268232464790344,
		0.733837366104126,
		-0.058705251663923264,
		0.9758272767066956
	],
	"3. left_ankle": [
		0.6300401091575623,
		0.8412527441978455,
		0.10207945108413696,
		0.9595455527305603
	],
	"6. right_hip": [
		0.5935227870941162,
		0.5857876539230347,
		0.03417643904685974,
		0.9997665286064148
	],
	"7. right_knee": [
		0.5278280973434448,
		0.6683529615402222,
		-0.10732661187648773,
		0.9831462502479553
	],
	"8. right_ankle": [
		0.5909894704818726,
		0.7463780641555786,
		0.06013089790940285,
		0.9513438940048218
	],
	"14. left_shoulder": [
		0.6476925611495972,
		0.3800361752510071,
		-0.05924808606505394,
		0.9994099140167236
	],
	"15. left_elbow": [
		0.6740798950195312,
		0.45542246103286743,
		-0.1852019876241684,
		0.9898996353149414
	],
	"16. left_wrist": [
		0.6792523860931396,
		0.41542351245880127,
		-0.40396738052368164,
		0.9848580956459045
	],
	"19. right_shoulder": [
		0.5803888440132141,
		0.389870285987854,
		0.024679772555828094,
		0.999729573726654
	],
	"20. right_elbow": [
		0.5701731443405151,
		0.48135367035865784,
		0.07875394821166992,
		0.9141392707824707
	],
	"21. right_wrist": [
		0.566733181476593,
		0.5373317003250122,
		0.011555624194443226,
		0.9039846658706665
	],
	"24. nose": [
		0.6074779033660889,
		0.33338239789009094,
		-0.18933828175067902,
		0.9998452067375183
	],
	"25. left_eye": [
		0.6139901280403137,
		0.31840279698371887,
		-0.16755735874176025,
		0.9994971752166748
	],
	"26. right_eye": [
		0.6010379195213318,
		0.32121315598487854,
		-0.16514937579631805,
		0.9997286200523376
	],
	"27. left_ear": [
		0.6233294010162354,
		0.3208255469799042,
		-0.08440959453582764,
		0.9990458488464355
	],
	"28. right_ear": [
		0.5962798595428467,
		0.3258081078529358,
		-0.05758533999323845,
		0.9996606111526489
	],
	"time stamp": 23
}