{
	"1. left_hip": [
		0.6323310136795044,
		0.5988641381263733,
		-0.027141787111759186,
		0.9995805025100708
	],
	"2. left_knee": [
		0.6294884085655212,
		0.7417712807655334,
		-0.03242575004696846,
		0.9703425168991089
	],
	"3. left_ankle": [
		0.6299096941947937,
		0.8443191647529602,
		0.12188099324703217,
		0.9567018747329712
	],
	"6. right_hip": [
		0.5906769037246704,
		0.5907995104789734,
		0.027297943830490112,
		0.9995904564857483
	],
	"7. right_knee": [
		0.5235282182693481,
		0.6640230417251587,
		-0.11046749353408813,
		0.9834551215171814
	],
	"8. right_ankle": [
		0.5960682034492493,
		0.6962188482284546,
		0.06661642342805862,
		0.9260368347167969
	],
	"14. left_shoulder": [
		0.6536914110183716,
		0.40006428956985474,
		-0.051371119916439056,
		0.9994655847549438
	],
	"15. left_elbow": [
		0.6716489195823669,
		0.5090951919555664,
		-0.1391524076461792,
		0.9898237586021423
	],
	"16. left_wrist": [
		0.6793819665908813,
		0.47424939274787903,
		-0.36171236634254456,
		0.9855908751487732
	],
	"19. right_shoulder": [
		0.5832746028900146,
		0.3948913514614105,
		0.008062190376222134,
		0.9997474551200867
	],
	"20. right_elbow": [
		0.5693181157112122,
		0.4824509620666504,
		0.051193967461586,
		0.9202563166618347
	],
	"21. right_wrist": [
		0.5664275884628296,
		0.539898157119751,
		-0.03462688997387886,
		0.9102787375450134
	],
	"24. nose": [
		0.6155174374580383,
		0.33755603432655334,
		-0.1872934103012085,
		0.9998571872711182
	],
	"25. left_eye": [
		0.6217374801635742,
		0.32264116406440735,
		-0.17221273481845856,
		0.999541699886322
	],
	"26. right_eye": [
		0.6088789701461792,
		0.32379835844039917,
		-0.1691814810037613,
		0.9997406601905823
	],
	"27. left_ear": [
		0.629730224609375,
		0.3249070942401886,
		-0.08657915890216827,
		0.9991310238838196
	],
	"28. right_ear": [
		0.6029605865478516,
		0.3263709545135498,
		-0.0706077516078949,
		0.9996863603591919
	],
	"time stamp": 23
}