{
	"1. left_hip": [
		0.6299510598182678,
		0.6016107201576233,
		-0.021703172475099564,
		0.9994240999221802
	],
	"2. left_knee": [
		0.6314276456832886,
		0.7411397099494934,
		-0.012901546433568,
		0.9647982716560364
	],
	"3. left_ankle": [
		0.6298152804374695,
		0.8431293964385986,
		0.13584384322166443,
		0.9548340439796448
	],
	"6. right_hip": [
		0.5890371799468994,
		0.592025876045227,
		0.02182827703654766,
		0.9994575381278992
	],
	"7. right_knee": [
		0.5234676003456116,
		0.6616272330284119,
		-0.11838068813085556,
		0.9840889573097229
	],
	"8. right_ankle": [
		0.5942872166633606,
		0.6870225667953491,
		0.06920479983091354,
		0.9036856293678284
	],
	"14. left_shoulder": [
		0.6573725342750549,
		0.4119415283203125,
		-0.05377402901649475,
		0.9995109438896179
	],
	"15. left_elbow": [
		0.6667287945747375,
		0.516193687915802,
		-0.14835885167121887,
		0.9891950488090515
	],
	"16. left_wrist": [
		0.6732434034347534,
		0.4819647967815399,
		-0.3585316240787506,
		0.98606938123703
	],
	"19. right_shoulder": [
		0.5859056711196899,
		0.39742618799209595,
		-0.004552347119897604,
		0.9997633099555969
	],
	"20. right_elbow": [
		0.5688531994819641,
		0.4838635325431824,
		0.034640781581401825,
		0.9264514446258545
	],
	"21. right_wrist": [
		0.5649890303611755,
		0.5413987636566162,
		-0.047484107315540314,
		0.9164425730705261
	],
	"24. nose": [
		0.6173145174980164,
		0.34029099345207214,
		-0.19062206149101257,
		0.9998655915260315
	],
	"25. left_eye": [
		0.6234441995620728,
		0.3253108263015747,
		-0.17837513983249664,
		0.9995760321617126
	],
	"26. right_eye": [
		0.6110572814941406,
		0.32706955075263977,
		-0.1739165186882019,
		0.9997402429580688
	],
	"27. left_ear": [
		0.6324899196624756,
		0.32742995023727417,
		-0.09691417962312698,
		0.9991897344589233
	],
	"28. right_ear": [
		0.6066209077835083,
		0.33020126819610596,
		-0.07741387188434601,
		0.9997020959854126
	],
	"time stamp": 23
}