{
	"1. left_hip": [
		0.6274973750114441,
		0.60484379529953,
		-0.019130365923047066,
		0.9994009137153625
	],
	"2. left_knee": [
		0.6312090754508972,
		0.7411687970161438,
		-0.015565606765449047,
		0.9631252288818359
	],
	"3. left_ankle": [
		0.6301667094230652,
		0.8431320786476135,
		0.1475755274295807,
		0.9538427591323853
	],
	"6. right_hip": [
		0.5868291854858398,
		0.59273362159729,
		0.019254399463534355,
		0.9994232654571533
	],
	"7. right_knee": [
		0.5231696367263794,
		0.6600516438484192,
		-0.13523730635643005,
		0.9849820137023926
	],
	"8. right_ankle": [
		0.5917201042175293,
		0.6849904656410217,
		0.06371204555034637,
		0.881170928478241
	],
	"14. left_shoulder": [
		0.658172070980072,
		0.4170949161052704,
		-0.05863029137253761,
		0.9995580911636353
	],
	"15. left_elbow": [
		0.6645693778991699,
		0.5225859880447388,
		-0.1489049792289734,
		0.9897294044494629
	],
	"16. left_wrist": [
		0.6715913414955139,
		0.48139268159866333,
		-0.35858163237571716,
		0.9871795773506165
	],
	"19. right_shoulder": [
		0.5864546895027161,
		0.3988702595233917,
		-0.01585409790277481,
		0.9997814297676086
	],
	"20. right_elbow": [
		0.5685330033302307,
		0.48396140336990356,
		0.03229772672057152,
		0.9324851036071777
	],
	"21. right_wrist": [
		0.5641289949417114,
		0.5422731637954712,
		-0.04640631750226021,
		0.9228526949882507
	],
	"24. nose": [
		0.619191586971283,
		0.3430260419845581,
		-0.20758582651615143,
		0.999877393245697
	],
	"25. left_eye": [
		0.6255483627319336,
		0.32882753014564514,
		-0.1951652467250824,
		0.9996157288551331
	],
	"26. right_eye": [
		0.6130018830299377,
		0.3298697769641876,
		-0.19165891408920288,
		0.9997581839561462
	],
	"27. left_ear": [
		0.634052574634552,
		0.331522673368454,
		-0.10923781245946884,
		0.999265193939209
	],
	"28. right_ear": [
		0.6081703901290894,
		0.3332972824573517,
		-0.09460765868425369,
		0.9997273683547974
	],
	"time stamp": 23
}