{
	"1. left_hip": [
		0.626398503780365,
		0.6071128249168396,
		-0.016797546297311783,
		0.999430775642395
	],
	"2. left_knee": [
		0.6309927701950073,
		0.7454777956008911,
		-0.011897738091647625,
		0.9637545347213745
	],
	"3. left_ankle": [
		0.6300190687179565,
		0.8456608057022095,
		0.15698525309562683,
		0.9554075002670288
	],
	"6. right_hip": [
		0.5853976011276245,
		0.5936250686645508,
		0.016881277784705162,
		0.999450147151947
	],
	"7. right_knee": [
		0.5209617614746094,
		0.6612467169761658,
		-0.1298917680978775,
		0.9861639142036438
	],
	"8. right_ankle": [
		0.584783136844635,
		0.7009058594703674,
		0.09807443618774414,
		0.8742604851722717
	],
	"14. left_shoulder": [
		0.6583837270736694,
		0.41901299357414246,
		-0.07389488816261292,
		0.9996011257171631
	],
	"15. left_elbow": [
		0.664330005645752,
		0.5223637819290161,
		-0.1565011590719223,
		0.9903292059898376
	],
	"16. left_wrist": [
		0.6697726249694824,
		0.4778554141521454,
		-0.3821250796318054,
		0.9882056713104248
	],
	"19. right_shoulder": [
		0.5866870880126953,
		0.39881664514541626,
		-0.030707810074090958,
		0.9998005032539368
	],
	"20. right_elbow": [
		0.5675235390663147,
		0.4847545623779297,
		0.022392937913537025,
		0.9378965497016907
	],
	"21. right_wrist": [
		0.5631606578826904,
		0.542586624622345,
		-0.047855451703071594,
		0.9285516142845154
	],
	"24. nose": [
		0.6202975511550903,
		0.34325462579727173,
		-0.22537904977798462,
		0.9998887777328491
	],
	"25. left_eye": [
		0.6271039843559265,
		0.3292577862739563,
		-0.21266332268714905,
		0.9996525645256042
	],
	"26. right_eye": [
		0.6144081354141235,
		0.3299866318702698,
		-0.20945964753627777,
		0.9997782707214355
	],
	"27. left_ear": [
		0.6351484656333923,
		0.3337990939617157,
		-0.12399770319461823,
		0.9993354678153992
	],
	"28. right_ear": [
		0.6091115474700928,
		0.3333594501018524,
		-0.11095524579286575,
		0.9997526407241821
	],
	"time stamp": 23
}