{
	"1. left_hip": [
		0.6263197660446167,
		0.6071749925613403,
		-0.01804012805223465,
		0.9994786977767944
	],
	"2. left_knee": [
		0.6307556629180908,
		0.748944878578186,
		-0.011913022957742214,
		0.9646156430244446
	],
	"3. left_ankle": [
		0.6299864649772644,
		0.8475311398506165,
		0.1841750293970108,
		0.9572904109954834
	],
	"6. right_hip": [
		0.5847600102424622,
		0.593605637550354,
		0.018102603033185005,
		0.9994986653327942
	],
	"7. right_knee": [
		0.5195603370666504,
		0.6550183892250061,
		-0.11643756181001663,
		0.9873749613761902
	],
	"8. right_ankle": [
		0.5734957456588745,
		0.7190342545509338,
		0.11339973658323288,
		0.8828403353691101
	],
	"14. left_shoulder": [
		0.6570262312889099,
		0.41376975178718567,
		-0.0818086639046669,
		0.9996392130851746
	],
	"15. left_elbow": [
		0.6694979667663574,
		0.5049775242805481,
		-0.197775200009346,
		0.9907267689704895
	],
	"16. left_wrist": [
		0.6698749661445618,
		0.44256532192230225,
		-0.4149095118045807,
		0.9889423847198486
	],
	"19. right_shoulder": [
		0.5858880281448364,
		0.3972146809101105,
		-0.02202412858605385,
		0.9998185634613037
	],
	"20. right_elbow": [
		0.566726565361023,
		0.4843887388706207,
		0.03763739764690399,
		0.9413278102874756
	],
	"21. right_wrist": [
		0.5618433952331543,
		0.5422877669334412,
		-0.033936940133571625,
		0.9319064021110535
	],
	"24. nose": [
		0.6168575286865234,
		0.3420465290546417,
		-0.22036980092525482,
		0.999898374080658
	],
	"25. left_eye": [
		0.6238982677459717,
		0.32859012484550476,
		-0.2094641923904419,
		0.9996839761734009
	],
	"26. right_eye": [
		0.6111208200454712,
		0.3290519714355469,
		-0.20395797491073608,
		0.9997943639755249
	],
	"27. left_ear": [
		0.6325802206993103,
		0.33352041244506836,
		-0.12645016610622406,
		0.9993950724601746
	],
	"28. right_ear": [
		0.6069682836532593,
		0.3334110975265503,
		-0.10248611122369766,
		0.9997749924659729
	],
	"time stamp": 23
}