{
	"1. left_hip": [
		0.6257403492927551,
		0.6063121557235718,
		-0.018669918179512024,
		0.9995181560516357
	],
	"2. left_knee": [
		0.6305907964706421,
		0.7486957311630249,
		-0.017301131039857864,
		0.9647507071495056
	],
	"3. left_ankle": [
		0.6299154162406921,
		0.8483218550682068,
		0.1614997833967209,
		0.9584034085273743
	],
	"6. right_hip": [
		0.5841968059539795,
		0.5931406617164612,
		0.018742794170975685,
		0.9995406270027161
	],
	"7. right_knee": [
		0.5188758969306946,
		0.6532248854637146,
		-0.12761777639389038,
		0.9884065985679626
	],
	"8. right_ankle": [
		0.563248872756958,
		0.7258093357086182,
		0.0895160660147667,
		0.8908461928367615
	],
	"14. left_shoulder": [
		0.6543856859207153,
		0.41302600502967834,
		-0.06571731716394424,
		0.9996734857559204
	],
	"15. left_elbow": [
		0.6737561225891113,
		0.48664507269859314,
		-0.18784946203231812,
		0.9914544820785522
	],
	"16. left_wrist": [
		0.6690881848335266,
		0.42280060052871704,
		-0.3836795687675476,
		0.9898986220359802
	],
	"19. right_shoulder": [
		0.5847331285476685,
		0.396412193775177,
		-0.0010082295630127192,
		0.9998332858085632
	],
	"20. right_elbow": [
		0.5660295486450195,
		0.48361435532569885,
		0.06108192354440689,
		0.94331955909729
	],
	"21. right_wrist": [
		0.5612195134162903,
		0.5422318577766418,
		0.010565612465143204,
		0.9345304369926453
	],
	"24. nose": [
		0.6135242581367493,
		0.3381587564945221,
		-0.1901467740535736,
		0.9999064207077026
	],
	"25. left_eye": [
		0.6203479170799255,
		0.324526309967041,
		-0.1790720522403717,
		0.9997105598449707
	],
	"26. right_eye": [
		0.6078266501426697,
		0.3267935514450073,
		-0.1725395768880844,
		0.9998061060905457
	],
	"27. left_ear": [
		0.6295369863510132,
		0.3299836814403534,
		-0.10218824446201324,
		0.999446451663971
	],
	"28. right_ear": [
		0.604154646396637,
		0.3323281407356262,
		-0.0733594074845314,
		0.9997937083244324
	],
	"time stamp": 23
}