{
	"1. left_hip": [
		0.6243735551834106,
		0.6050592660903931,
		-0.019649673253297806,
		0.999539315700531
	],
	"2. left_knee": [
		0.6304749846458435,
		0.7480840086936951,
		-0.03125521540641785,
		0.9637038111686707
	],
	"3. left_ankle": [
		0.6298800110816956,
		0.8485643863677979,
		0.12999692559242249,
		0.957084596157074
	],
	"6. right_hip": [
		0.5827440023422241,
		0.5925657153129578,
		0.01970664970576763,
		0.999567449092865
	],
	"7. right_knee": [
		0.5186513066291809,
		0.6565824747085571,
		-0.11852789670228958,
		0.9890836477279663
	],
	"8. right_ankle": [
		0.552166759967804,
		0.7582547664642334,
		0.05073504149913788,
		0.8986162543296814
	],
	"14. left_shoulder": [
		0.6517625451087952,
		0.4030754566192627,
		-0.047359175980091095,
		0.9996975064277649
	],
	"15. left_elbow": [
		0.6800464987754822,
		0.44189149141311646,
		-0.17657870054244995,
		0.9921234250068665
	],
	"16. left_wrist": [
		0.667149007320404,
		0.3689824938774109,
		-0.34799692034721375,
		0.9906209707260132
	],
	"19. right_shoulder": [
		0.5841890573501587,
		0.3959384858608246,
		0.017229871824383736,
		0.9998390674591064
	],
	"20. right_elbow": [
		0.5635329484939575,
		0.4820191264152527,
		0.062406864017248154,
		0.9432291984558105
	],
	"21. right_wrist": [
		0.5604651570320129,
		0.5417026281356812,
		0.005682562477886677,
		0.9350951910018921
	],
	"24. nose": [
		0.6132274270057678,
		0.33319157361984253,
		-0.16141469776630402,
		0.9999114274978638
	],
	"25. left_eye": [
		0.6193289160728455,
		0.3196505308151245,
		-0.14965268969535828,
		0.9997265934944153
	],
	"26. right_eye": [
		0.6063269376754761,
		0.3228791058063507,
		-0.1439192295074463,
		0.9998102188110352
	],
	"27. left_ear": [
		0.6290403008460999,
		0.3254222273826599,
		-0.07433092594146729,
		0.9994802474975586
	],
	"28. right_ear": [
		0.6020001173019409,
		0.3292427361011505,
		-0.04831136390566826,
		0.9998072981834412
	],
	"time stamp": 23
}