{
	"1. left_hip": [
		0.624218225479126,
		0.6019110083580017,
		-0.0208588894456625,
		0.9995694756507874
	],
	"2. left_knee": [
		0.6304236650466919,
		0.7469934821128845,
		-0.04434669390320778,
		0.9630261659622192
	],
	"3. left_ankle": [
		0.6298709511756897,
		0.8487470746040344,
		0.09993403404951096,
		0.9550028443336487
	],
	"6. right_hip": [
		0.5831401944160461,
		0.5920848846435547,
		0.02083967812359333,
		0.9995971918106079
	],
	"7. right_knee": [
		0.5206423401832581,
		0.6587786078453064,
		-0.1162370890378952,
		0.9893894195556641
	],
	"8. right_ankle": [
		0.5412585735321045,
		0.7786544561386108,
		0.050489094108343124,
		0.9060403108596802
	],
	"14. left_shoulder": [
		0.64458829164505,
		0.3951338827610016,
		-0.04337282106280327,
		0.9996904730796814
	],
	"15. left_elbow": [
		0.6786633133888245,
		0.38446056842803955,
		-0.19382213056087494,
		0.9921438694000244
	],
	"16. left_wrist": [
		0.6499670147895813,
		0.31896066665649414,
		-0.35004544258117676,
		0.9901596903800964
	],
	"19. right_shoulder": [
		0.5805377960205078,
		0.39581456780433655,
		0.023709531873464584,
		0.9998266696929932
	],
	"20. right_elbow": [
		0.562757134437561,
		0.4795887768268585,
		0.02554868906736374,
		0.9386733174324036
	],
	"21. right_wrist": [
		0.5585989356040955,
		0.5407366156578064,
		-0.056300465017557144,
		0.9329797029495239
	],
	"24. nose": [
		0.6071068048477173,
		0.3289037346839905,
		-0.13850127160549164,
		0.999915361404419
	],
	"25. left_eye": [
		0.6125398278236389,
		0.3154459595680237,
		-0.1261577606201172,
		0.9997383952140808
	],
	"26. right_eye": [
		0.5988151431083679,
		0.31842994689941406,
		-0.12105711549520493,
		0.9998164176940918
	],
	"27. left_ear": [
		0.6215980052947998,
		0.31985142827033997,
		-0.05201929807662964,
		0.9995048642158508
	],
	"28. right_ear": [
		0.5949607491493225,
		0.32532769441604614,
		-0.028079720214009285,
		0.9998196363449097
	],
	"time stamp": 23
}