{
	"1. left_hip": [
		0.622316837310791,
		0.5877059698104858,
		-0.028112033382058144,
		0.9995905756950378
	],
	"2. left_knee": [
		0.6297042965888977,
		0.736807107925415,
		-0.047018613666296005,
		0.9644342064857483
	],
	"3. left_ankle": [
		0.6301750540733337,
		0.8485265970230103,
		0.04678747057914734,
		0.9533339738845825
	],
	"6. right_hip": [
		0.5825021862983704,
		0.5826030373573303,
		0.028045354411005974,
		0.999629557132721
	],
	"7. right_knee": [
		0.5244807004928589,
		0.663983941078186,
		-0.08561311662197113,
		0.9893065690994263
	],
	"8. right_ankle": [
		0.5239871740341187,
		0.8071324825286865,
		0.002185212215408683,
		0.913817822933197
	],
	"14. left_shoulder": [
		0.6301915645599365,
		0.3755771219730377,
		-0.04953243210911751,
		0.9996677041053772
	],
	"15. left_elbow": [
		0.6601476073265076,
		0.3060643970966339,
		-0.1612585335969925,
		0.9926496148109436
	],
	"16. left_wrist": [
		0.6258107423782349,
		0.2541872560977936,
		-0.19694097340106964,
		0.9899038672447205
	],
	"19. right_shoulder": [
		0.5692814588546753,
		0.3936974108219147,
		0.036665335297584534,
		0.9998337626457214
	],
	"20. right_elbow": [
		0.5563567876815796,
		0.4760604500770569,
		0.017751136794686317,
		0.9347598552703857
	],
	"21. right_wrist": [
		0.5563990473747253,
		0.5368708968162537,
		-0.08244691044092178,
		0.9302723407745361
	],
	"24. nose": [
		0.58915776014328,
		0.3163861036300659,
		-0.12623605132102966,
		0.9999225735664368
	],
	"25. left_eye": [
		0.5955280065536499,
		0.3030390441417694,
		-0.1155240386724472,
		0.9997599720954895
	],
	"26. right_eye": [
		0.5828598141670227,
		0.3065715432167053,
		-0.10898534953594208,
		0.9998330473899841
	],
	"27. left_ear": [
		0.6040513515472412,
		0.3090488314628601,
		-0.049757495522499084,
		0.9995473027229309
	],
	"28. right_ear": [
		0.5812076926231384,
		0.31362172961235046,
		-0.020018644630908966,
		0.9998363852500916
	],
	"time stamp": 23
}