{
	"1. left_hip": [
		0.6220949292182922,
		0.5777510404586792,
		-0.03521258756518364,
		0.9996045231819153
	],
	"2. left_knee": [
		0.6289343237876892,
		0.7258867025375366,
		-0.055292610079050064,
		0.9654372930526733
	],
	"3. left_ankle": [
		0.6311554908752441,
		0.8485501408576965,
		0.010077886283397675,
		0.9504592418670654
	],
	"6. right_hip": [
		0.582457959651947,
		0.5777880549430847,
		0.03515069931745529,
		0.9996519684791565
	],
	"7. right_knee": [
		0.5327988862991333,
		0.6755293607711792,
		-0.03913335129618645,
		0.9873946905136108
	],
	"8. right_ankle": [
		0.5141105651855469,
		0.8130158185958862,
		0.01663072779774666,
		0.9191343784332275
	],
	"14. left_shoulder": [
		0.6214178800582886,
		0.36737796664237976,
		-0.05158263072371483,
		0.9996331930160522
	],
	"15. left_elbow": [
		0.6385209560394287,
		0.2824614346027374,
		-0.16537602245807648,
		0.9931402802467346
	],
	"16. left_wrist": [
		0.6086517572402954,
		0.21995161473751068,
		-0.23003867268562317,
		0.989884614944458
	],
	"19. right_shoulder": [
		0.5619037747383118,
		0.3927622139453888,
		0.04280368238687515,
		0.9998376369476318
	],
	"20. right_elbow": [
		0.5521239042282104,
		0.47320860624313354,
		0.01023336872458458,
		0.9313886761665344
	],
	"21. right_wrist": [
		0.5537227392196655,
		0.5360338687896729,
		-0.1149556115269661,
		0.9293938875198364
	],
	"24. nose": [
		0.5782370567321777,
		0.3143916726112366,
		-0.12915067374706268,
		0.9999262690544128
	],
	"25. left_eye": [
		0.5857294797897339,
		0.30160561203956604,
		-0.1178266629576683,
		0.9997715353965759
	],
	"26. right_eye": [
		0.5731173753738403,
		0.30446720123291016,
		-0.11172571778297424,
		0.9998457431793213
	],
	"27. left_ear": [
		0.5949330925941467,
		0.307576447725296,
		-0.049294549971818924,
		0.999576210975647
	],
	"28. right_ear": [
		0.5724092721939087,
		0.31160566210746765,
		-0.02122684195637703,
		0.9998497366905212
	],
	"time stamp": 23
}