{
	"1. left_hip": [
		0.6223725080490112,
		0.574344277381897,
		-0.041137877851724625,
		0.9996222257614136
	],
	"2. left_knee": [
		0.6289310455322266,
		0.721813976764679,
		-0.05330750346183777,
		0.9679948091506958
	],
	"3. left_ankle": [
		0.6370582580566406,
		0.8509742021560669,
		0.017076188698410988,
		0.9532706141471863
	],
	"6. right_hip": [
		0.5827545523643494,
		0.5771024227142334,
		0.04107207432389259,
		0.9996722936630249
	],
	"7. right_knee": [
		0.5410925149917603,
		0.6850236058235168,
		-0.017252126708626747,
		0.9866250157356262
	],
	"8. right_ankle": [
		0.5094064474105835,
		0.8139665126800537,
		0.018476838245987892,
		0.9256675243377686
	],
	"14. left_shoulder": [
		0.6123523116111755,
		0.3681996166706085,
		-0.0850367546081543,
		0.9995425939559937
	],
	"15. left_elbow": [
		0.6200695633888245,
		0.2728916108608246,
		-0.19004885852336884,
		0.9934898018836975
	],
	"16. left_wrist": [
		0.5921685099601746,
		0.19690799713134766,
		-0.24694140255451202,
		0.9899333715438843
	],
	"19. right_shoulder": [
		0.55606609582901,
		0.3932996094226837,
		0.03347591310739517,
		0.9998236298561096
	],
	"20. right_elbow": [
		0.5518915057182312,
		0.4740932583808899,
		-0.014160340651869774,
		0.9195563793182373
	],
	"21. right_wrist": [
		0.553566038608551,
		0.5366703271865845,
		-0.16501009464263916,
		0.9224679470062256
	],
	"24. nose": [
		0.5696869492530823,
		0.314963698387146,
		-0.14708635210990906,
		0.9999185800552368
	],
	"25. left_eye": [
		0.5770903825759888,
		0.3020688593387604,
		-0.13527682423591614,
		0.9997555017471313
	],
	"26. right_eye": [
		0.5651103854179382,
		0.30405521392822266,
		-0.1301356554031372,
		0.9998487234115601
	],
	"27. left_ear": [
		0.5865979194641113,
		0.30882444977760315,
		-0.05154801532626152,
		0.9995595812797546
	],
	"28. right_ear": [
		0.5639380812644958,
		0.3112868070602417,
		-0.036194898188114166,
		0.9998492002487183
	],
	"time stamp": 23
}