{
	"1. left_hip": [
		0.6227278113365173,
		0.5735725164413452,
		-0.04359658807516098,
		0.999639093875885
	],
	"2. left_knee": [
		0.6296167373657227,
		0.7216196060180664,
		-0.04206979647278786,
		0.9706488847732544
	],
	"3. left_ankle": [
		0.6434730887413025,
		0.8536774516105652,
		0.0540548712015152,
		0.9567186832427979
	],
	"6. right_hip": [
		0.5829677581787109,
		0.5787386894226074,
		0.0435459166765213,
		0.9996963739395142
	],
	"7. right_knee": [
		0.5458505153656006,
		0.7000137567520142,
		-0.030906151980161667,
		0.98663729429245
	],
	"8. right_ankle": [
		0.5065957307815552,
		0.8170748353004456,
		-0.004040059167891741,
		0.9319184422492981
	],
	"14. left_shoulder": [
		0.6061753630638123,
		0.36818835139274597,
		-0.08258670568466187,
		0.9994482398033142
	],
	"15. left_elbow": [
		0.6001161336898804,
		0.26434144377708435,
		-0.17401482164859772,
		0.9937034249305725
	],
	"16. left_wrist": [
		0.5760897994041443,
		0.18756410479545593,
		-0.22127823531627655,
		0.9900420904159546
	],
	"19. right_shoulder": [
		0.5505274534225464,
		0.3999941647052765,
		0.04669793322682381,
		0.9998137354850769
	],
	"20. right_elbow": [
		0.548319935798645,
		0.47480088472366333,
		0.0021616127341985703,
		0.9174827337265015
	],
	"21. right_wrist": [
		0.5526453852653503,
		0.5384185910224915,
		-0.1369619071483612,
		0.9208210110664368
	],
	"24. nose": [
		0.5640217661857605,
		0.31819891929626465,
		-0.13734866678714752,
		0.9999034404754639
	],
	"25. left_eye": [
		0.5712351202964783,
		0.3049766719341278,
		-0.12352805584669113,
		0.9997116327285767
	],
	"26. right_eye": [
		0.5589640736579895,
		0.30694645643234253,
		-0.11809704452753067,
		0.9998443722724915
	],
	"27. left_ear": [
		0.5798996686935425,
		0.3111459016799927,
		-0.046147461980581284,
		0.9994754791259766
	],
	"28. right_ear": [
		0.5564426183700562,
		0.31183934211730957,
		-0.02247101068496704,
		0.9998372197151184
	],
	"time stamp": 23
}