{
	"1. left_hip": [
		0.6200080513954163,
		0.5768916010856628,
		-0.05726755037903786,
		0.9996626973152161
	],
	"2. left_knee": [
		0.6302734613418579,
		0.7233406901359558,
		-0.024986423552036285,
		0.9732333421707153
	],
	"3. left_ankle": [
		0.6467177867889404,
		0.853619396686554,
		0.08308867365121841,
		0.960355818271637
	],
	"6. right_hip": [
		0.5813176035881042,
		0.5898781418800354,
		0.057202477008104324,
		0.9997197985649109
	],
	"7. right_knee": [
		0.5462578535079956,
		0.713612973690033,
		0.010927391238510609,
		0.9868670701980591
	],
	"8. right_ankle": [
		0.5083187222480774,
		0.8337386250495911,
		0.043922122567892075,
		0.9379510283470154
	],
	"14. left_shoulder": [
		0.5913625955581665,
		0.37200215458869934,
		-0.09559617191553116,
		0.9993945360183716
	],
	"15. left_elbow": [
		0.5756121277809143,
		0.27848559617996216,
		-0.20750929415225983,
		0.9939581751823425
	],
	"16. left_wrist": [
		0.5557504296302795,
		0.19757376611232758,
		-0.264856219291687,
		0.9903241395950317
	],
	"19. right_shoulder": [
		0.5426841974258423,
		0.4152175784111023,
		0.06601196527481079,
		0.9997780919075012
	],
	"20. right_elbow": [
		0.5399436950683594,
		0.4866863191127777,
		0.01991577260196209,
		0.9008609652519226
	],
	"21. right_wrist": [
		0.545979380607605,
		0.5538476705551147,
		-0.11553645879030228,
		0.907754123210907
	],
	"24. nose": [
		0.5532593727111816,
		0.32533586025238037,
		-0.14053040742874146,
		0.9998903870582581
	],
	"25. left_eye": [
		0.5592802166938782,
		0.31106579303741455,
		-0.12729060649871826,
		0.9996747374534607
	],
	"26. right_eye": [
		0.547147810459137,
		0.3183148205280304,
		-0.11920724809169769,
		0.9998353719711304
	],
	"27. left_ear": [
		0.5668218731880188,
		0.31809738278388977,
		-0.054268430918455124,
		0.9993841648101807
	],
	"28. right_ear": [
		0.5445938110351562,
		0.32998961210250854,
		-0.017970627173781395,
		0.9997994303703308
	],
	"time stamp": 23
}