{
	"1. left_hip": [
		0.6167179942131042,
		0.5789358019828796,
		-0.0633624792098999,
		0.9996781349182129
	],
	"2. left_knee": [
		0.6301404237747192,
		0.7234207391738892,
		-0.0532064326107502,
		0.9754625558853149
	],
	"3. left_ankle": [
		0.6469181776046753,
		0.8538748025894165,
		0.04091501981019974,
		0.963694155216217
	],
	"6. right_hip": [
		0.5793923139572144,
		0.5922318696975708,
		0.06326357275247574,
		0.9997309446334839
	],
	"7. right_knee": [
		0.5436702370643616,
		0.7107763290405273,
		0.03598780930042267,
		0.9864282608032227
	],
	"8. right_ankle": [
		0.5071427822113037,
		0.8338095545768738,
		0.0843222364783287,
		0.9430862069129944
	],
	"14. left_shoulder": [
		0.5854843258857727,
		0.37312737107276917,
		-0.116012804210186,
		0.9992517828941345
	],
	"15. left_elbow": [
		0.5721432566642761,
		0.28190821409225464,
		-0.2269895374774933,
		0.9940043687820435
	],
	"16. left_wrist": [
		0.5480426549911499,
		0.21018162369728088,
		-0.27703022956848145,
		0.9896301031112671
	],
	"19. right_shoulder": [
		0.5368951559066772,
		0.42139145731925964,
		0.06370694190263748,
		0.9997017979621887
	],
	"20. right_elbow": [
		0.5344611406326294,
		0.48838987946510315,
		0.05801577493548393,
		0.8749642372131348
	],
	"21. right_wrist": [
		0.5422366857528687,
		0.562876284122467,
		-0.07458753138780594,
		0.8781580924987793
	],
	"24. nose": [
		0.5438664555549622,
		0.3333481252193451,
		-0.1591475009918213,
		0.999872624874115
	],
	"25. left_eye": [
		0.5480374693870544,
		0.3179916739463806,
		-0.145120769739151,
		0.9996078610420227
	],
	"26. right_eye": [
		0.5372920036315918,
		0.32612937688827515,
		-0.1315656304359436,
		0.9998152852058411
	],
	"27. left_ear": [
		0.5569178462028503,
		0.32438796758651733,
		-0.07345474511384964,
		0.9992135763168335
	],
	"28. right_ear": [
		0.5358492732048035,
		0.3382691442966461,
		-0.026811011135578156,
		0.9997214674949646
	],
	"time stamp": 23
}