{
	"1. left_hip": [
		0.6090449094772339,
		0.5801756978034973,
		-0.06448602676391602,
		0.9996950626373291
	],
	"2. left_knee": [
		0.6282352209091187,
		0.7244583964347839,
		-0.05143502727150917,
		0.9774171710014343
	],
	"3. left_ankle": [
		0.6463853120803833,
		0.8538482785224915,
		0.1068110316991806,
		0.9662509560585022
	],
	"6. right_hip": [
		0.5720462203025818,
		0.5944849848747253,
		0.06437726318836212,
		0.9997413754463196
	],
	"7. right_knee": [
		0.5396422147750854,
		0.7081698179244995,
		0.045755431056022644,
		0.9859519600868225
	],
	"8. right_ankle": [
		0.5063856840133667,
		0.8337453007698059,
		0.12081559002399445,
		0.947258472442627
	],
	"14. left_shoulder": [
		0.5784994959831238,
		0.3751312792301178,
		-0.13114313781261444,
		0.99908846616745
	],
	"15. left_elbow": [
		0.5692906379699707,
		0.2767755389213562,
		-0.2693077325820923,
		0.9940212368965149
	],
	"16. left_wrist": [
		0.5454038977622986,
		0.21448752284049988,
		-0.3605862259864807,
		0.9883145689964294
	],
	"19. right_shoulder": [
		0.5289790630340576,
		0.421536922454834,
		0.06384873390197754,
		0.9995351433753967
	],
	"20. right_elbow": [
		0.5293810367584229,
		0.48994001746177673,
		0.07055415958166122,
		0.831543505191803
	],
	"21. right_wrist": [
		0.5370303392410278,
		0.563937783241272,
		-0.05203903093934059,
		0.8282883167266846
	],
	"24. nose": [
		0.5327783823013306,
		0.3334182798862457,
		-0.16035300493240356,
		0.9997173547744751
	],
	"25. left_eye": [
		0.5380959510803223,
		0.31855809688568115,
		-0.14914804697036743,
		0.9991385340690613
	],
	"26. right_eye": [
		0.5285764336585999,
		0.3260723650455475,
		-0.13198500871658325,
		0.99956876039505
	],
	"27. left_ear": [
		0.5478492975234985,
		0.3255052864551544,
		-0.08702249825000763,
		0.9983376264572144
	],
	"28. right_ear": [
		0.5288289189338684,
		0.3373524248600006,
		-0.029600247740745544,
		0.9990183115005493
	],
	"time stamp": 23
}