{
	"1. left_hip": [
		0.5991098880767822,
		0.5809240341186523,
		-0.06384701281785965,
		0.9997141361236572
	],
	"2. left_knee": [
		0.6187974214553833,
		0.7234917283058167,
		-0.06034216657280922,
		0.9793061017990112
	],
	"3. left_ankle": [
		0.6451200842857361,
		0.8527783155441284,
		0.07809719443321228,
		0.9688348770141602
	],
	"6. right_hip": [
		0.562350332736969,
		0.5942747592926025,
		0.06376459449529648,
		0.9997543096542358
	],
	"7. right_knee": [
		0.5309260487556458,
		0.7044112682342529,
		0.03232131153345108,
		0.9857978224754333
	],
	"8. right_ankle": [
		0.5061206221580505,
		0.8332093954086304,
		0.11215909570455551,
		0.951450765132904
	],
	"14. left_shoulder": [
		0.5708995461463928,
		0.3717685341835022,
		-0.12156008183956146,
		0.9990546703338623
	],
	"15. left_elbow": [
		0.5715330839157104,
		0.27551066875457764,
		-0.25294381380081177,
		0.9943501353263855
	],
	"16. left_wrist": [
		0.5385143756866455,
		0.21850647032260895,
		-0.3344253897666931,
		0.9882407784461975
	],
	"19. right_shoulder": [
		0.5205406546592712,
		0.4192894697189331,
		0.0579242929816246,
		0.9994577765464783
	],
	"20. right_elbow": [
		0.5230628252029419,
		0.48963356018066406,
		0.046646758913993835,
		0.8093711733818054
	],
	"21. right_wrist": [
		0.5314267873764038,
		0.5624117851257324,
		-0.10041303932666779,
		0.8091138005256653
	],
	"24. nose": [
		0.5253632068634033,
		0.328608900308609,
		-0.16103710234165192,
		0.9996818900108337
	],
	"25. left_eye": [
		0.5320361256599426,
		0.31577035784721375,
		-0.14972937107086182,
		0.9990308284759521
	],
	"26. right_eye": [
		0.522556483745575,
		0.32159391045570374,
		-0.13235093653202057,
		0.999518096446991
	],
	"27. left_ear": [
		0.5416179299354553,
		0.3227980136871338,
		-0.08440020680427551,
		0.9981793165206909
	],
	"28. right_ear": [
		0.5239812135696411,
		0.33368876576423645,
		-0.030226347967982292,
		0.9988725781440735
	],
	"time stamp": 23
}