{
	"1. left_hip": [
		0.5808571577072144,
		0.5814279913902283,
		-0.0677158534526825,
		0.9997336864471436
	],
	"2. left_knee": [
		0.5904065370559692,
		0.7239096760749817,
		-0.05633872374892235,
		0.9808580875396729
	],
	"3. left_ankle": [
		0.6284597516059875,
		0.8456860184669495,
		0.06265132874250412,
		0.9713073372840881
	],
	"6. right_hip": [
		0.5450922250747681,
		0.5914307236671448,
		0.06762046366930008,
		0.999761700630188
	],
	"7. right_knee": [
		0.5179576277732849,
		0.7042601704597473,
		0.03069983795285225,
		0.985480785369873
	],
	"8. right_ankle": [
		0.5018116235733032,
		0.8317412734031677,
		0.10591107606887817,
		0.9549469947814941
	],
	"14. left_shoulder": [
		0.5609480738639832,
		0.3678285777568817,
		-0.13888268172740936,
		0.9990590810775757
	],
	"15. left_elbow": [
		0.5798292756080627,
		0.29171302914619446,
		-0.33166101574897766,
		0.9946942925453186
	],
	"16. left_wrist": [
		0.5461931824684143,
		0.2283409982919693,
		-0.4787886142730713,
		0.9881863594055176
	],
	"19. right_shoulder": [
		0.5123093128204346,
		0.4042831361293793,
		0.07022129744291306,
		0.9993313550949097
	],
	"20. right_elbow": [
		0.5166774392127991,
		0.47277477383613586,
		0.12572325766086578,
		0.7593878507614136
	],
	"21. right_wrist": [
		0.5216284990310669,
		0.5428404808044434,
		0.06866727024316788,
		0.7648645043373108
	],
	"24. nose": [
		0.513780415058136,
		0.31942814588546753,
		-0.1546815186738968,
		0.9996305704116821
	],
	"25. left_eye": [
		0.5206280946731567,
		0.30743277072906494,
		-0.14810295403003693,
		0.9989482164382935
	],
	"26. right_eye": [
		0.5130531787872314,
		0.3099678158760071,
		-0.13066822290420532,
		0.9994046092033386
	],
	"27. left_ear": [
		0.5332839488983154,
		0.31249383091926575,
		-0.09376072138547897,
		0.9980788230895996
	],
	"28. right_ear": [
		0.5169034600257874,
		0.3197784721851349,
		-0.025886643677949905,
		0.9985737204551697
	],
	"time stamp": 23
}