{
	"1. left_hip": [
		0.5684345960617065,
		0.5817348957061768,
		-0.0639539510011673,
		0.9997544884681702
	],
	"2. left_knee": [
		0.5670080780982971,
		0.7253600358963013,
		-0.02609182707965374,
		0.9821950197219849
	],
	"3. left_ankle": [
		0.6065344214439392,
		0.8300570845603943,
		0.12873020768165588,
		0.9730204939842224
	],
	"6. right_hip": [
		0.5348941087722778,
		0.5884535312652588,
		0.06386583298444748,
		0.9997802972793579
	],
	"7. right_knee": [
		0.5094841718673706,
		0.7054412961006165,
		0.03006584569811821,
		0.9854714870452881
	],
	"8. right_ankle": [
		0.49841365218162537,
		0.8374066948890686,
		0.0944640040397644,
		0.9584770798683167
	],
	"14. left_shoulder": [
		0.5550189018249512,
		0.3676263093948364,
		-0.12351576238870621,
		0.9990953803062439
	],
	"15. left_elbow": [
		0.5834656357765198,
		0.3111751675605774,
		-0.28457605838775635,
		0.9950766563415527
	],
	"16. left_wrist": [
		0.5494971871376038,
		0.26091814041137695,
		-0.40681591629981995,
		0.9885138869285583
	],
	"19. right_shoulder": [
		0.5073566436767578,
		0.39541634917259216,
		0.06967441737651825,
		0.9993384480476379
	],
	"20. right_elbow": [
		0.5069872736930847,
		0.4688807725906372,
		0.10374464839696884,
		0.7386273145675659
	],
	"21. right_wrist": [
		0.5088434815406799,
		0.5338224768638611,
		0.019844774156808853,
		0.7507198452949524
	],
	"24. nose": [
		0.5090129971504211,
		0.3157799541950226,
		-0.14088799059391022,
		0.9996333718299866
	],
	"25. left_eye": [
		0.5152441263198853,
		0.30265092849731445,
		-0.1370910108089447,
		0.9989554286003113
	],
	"26. right_eye": [
		0.5086043477058411,
		0.3048819601535797,
		-0.12078317254781723,
		0.999386191368103
	],
	"27. left_ear": [
		0.5271710157394409,
		0.30742591619491577,
		-0.09020444005727768,
		0.9981066584587097
	],
	"28. right_ear": [
		0.513163149356842,
		0.3131960332393646,
		-0.021033378317952156,
		0.9985058307647705
	],
	"time stamp": 23
}