{
	"1. left_hip": [
		0.5578567981719971,
		0.581899106502533,
		-0.06260941177606583,
		0.9997702240943909
	],
	"2. left_knee": [
		0.5490352511405945,
		0.7256409525871277,
		-0.02433568798005581,
		0.9827352166175842
	],
	"3. left_ankle": [
		0.5798047184944153,
		0.8282597064971924,
		0.10685817897319794,
		0.9744023084640503
	],
	"6. right_hip": [
		0.5260525345802307,
		0.5849844217300415,
		0.06255964189767838,
		0.9997847676277161
	],
	"7. right_knee": [
		0.49972259998321533,
		0.7038512825965881,
		0.0405697263777256,
		0.9838919043540955
	],
	"8. right_ankle": [
		0.4971981942653656,
		0.8375272750854492,
		0.1189747005701065,
		0.9610612392425537
	],
	"14. left_shoulder": [
		0.5483508110046387,
		0.36547932028770447,
		-0.1176571398973465,
		0.9991639256477356
	],
	"15. left_elbow": [
		0.5868149995803833,
		0.3498217761516571,
		-0.28689515590667725,
		0.9954633712768555
	],
	"16. left_wrist": [
		0.5568453669548035,
		0.2957366406917572,
		-0.4374746084213257,
		0.9888796806335449
	],
	"19. right_shoulder": [
		0.5031560063362122,
		0.39057108759880066,
		0.0646059438586235,
		0.9993249177932739
	],
	"20. right_elbow": [
		0.5015382766723633,
		0.46424955129623413,
		0.11673422157764435,
		0.7053956985473633
	],
	"21. right_wrist": [
		0.5018810033798218,
		0.5266664028167725,
		0.059980373829603195,
		0.7356951236724854
	],
	"24. nose": [
		0.5049630999565125,
		0.3140471577644348,
		-0.14805468916893005,
		0.9996436238288879
	],
	"25. left_eye": [
		0.5114149451255798,
		0.30061110854148865,
		-0.1464553326368332,
		0.9990013837814331
	],
	"26. right_eye": [
		0.5038555860519409,
		0.30306270718574524,
		-0.1306874305009842,
		0.9993790984153748
	],
	"27. left_ear": [
		0.5257018804550171,
		0.3048500418663025,
		-0.09453504532575607,
		0.9982149004936218
	],
	"28. right_ear": [
		0.5071678161621094,
		0.31031468510627747,
		-0.02870730683207512,
		0.9985087513923645
	],
	"time stamp": 23
}