{
	"1. left_hip": [
		0.5496480464935303,
		0.5810379385948181,
		-0.06655092537403107,
		0.9997832179069519
	],
	"2. left_knee": [
		0.5345566868782043,
		0.7140595316886902,
		-0.06871525943279266,
		0.9817124605178833
	],
	"3. left_ankle": [
		0.551923930644989,
		0.8308998942375183,
		-0.003732485929504037,
		0.9755781292915344
	],
	"6. right_hip": [
		0.517273485660553,
		0.5833607316017151,
		0.06657958775758743,
		0.9997740983963013
	],
	"7. right_knee": [
		0.4920034408569336,
		0.7030009627342224,
		0.03424547612667084,
		0.9786394238471985
	],
	"8. right_ankle": [
		0.49462735652923584,
		0.8354111313819885,
		0.12318040430545807,
		0.9615173935890198
	],
	"14. left_shoulder": [
		0.5428965091705322,
		0.36646419763565063,
		-0.12676113843917847,
		0.9992426037788391
	],
	"15. left_elbow": [
		0.5871979594230652,
		0.38283026218414307,
		-0.30599871277809143,
		0.9958329200744629
	],
	"16. left_wrist": [
		0.5572719573974609,
		0.3338780105113983,
		-0.48581886291503906,
		0.9896420836448669
	],
	"19. right_shoulder": [
		0.4983672499656677,
		0.3887867033481598,
		0.0634666457772255,
		0.9993173480033875
	],
	"20. right_elbow": [
		0.4967939257621765,
		0.4654522240161896,
		0.15111784636974335,
		0.679436445236206
	],
	"21. right_wrist": [
		0.4943437874317169,
		0.5232923030853271,
		0.1435333490371704,
		0.7329625487327576
	],
	"24. nose": [
		0.5012706518173218,
		0.3144393563270569,
		-0.17848043143749237,
		0.9996682405471802
	],
	"25. left_eye": [
		0.5077579617500305,
		0.30084916949272156,
		-0.1729821115732193,
		0.9990817308425903
	],
	"26. right_eye": [
		0.4999183714389801,
		0.30320513248443604,
		-0.15855295956134796,
		0.9994064569473267
	],
	"27. left_ear": [
		0.5215935111045837,
		0.30555039644241333,
		-0.11275660991668701,
		0.9983633756637573
	],
	"28. right_ear": [
		0.502633273601532,
		0.3106769323348999,
		-0.04696226865053177,
		0.9985875487327576
	],
	"time stamp": 23
}