{
	"1. left_hip": [
		0.534415602684021,
		0.5852559208869934,
		-0.06930077075958252,
		0.9997979402542114
	],
	"2. left_knee": [
		0.5084974765777588,
		0.7159081101417542,
		-0.08542879670858383,
		0.9798704385757446
	],
	"3. left_ankle": [
		0.521574079990387,
		0.834429144859314,
		-0.023923998698592186,
		0.9760789275169373
	],
	"6. right_hip": [
		0.5024493336677551,
		0.5846470594406128,
		0.06936202943325043,
		0.999785304069519
	],
	"7. right_knee": [
		0.4706641733646393,
		0.7036659121513367,
		-0.02741914428770542,
		0.9735474586486816
	],
	"8. right_ankle": [
		0.49234655499458313,
		0.8349624872207642,
		0.051610786467790604,
		0.9591950178146362
	],
	"14. left_shoulder": [
		0.5384015440940857,
		0.3700408637523651,
		-0.12339313328266144,
		0.999315619468689
	],
	"15. left_elbow": [
		0.574829638004303,
		0.41189613938331604,
		-0.2883463501930237,
		0.9961690902709961
	],
	"16. left_wrist": [
		0.5601667761802673,
		0.3594262897968292,
		-0.4640185832977295,
		0.9904420971870422
	],
	"19. right_shoulder": [
		0.48987579345703125,
		0.39065444469451904,
		0.07288922369480133,
		0.9993616342544556
	],
	"20. right_elbow": [
		0.48789897561073303,
		0.4668211340904236,
		0.1690189242362976,
		0.6756977438926697
	],
	"21. right_wrist": [
		0.4842245578765869,
		0.5266200304031372,
		0.15878674387931824,
		0.7434527277946472
	],
	"24. nose": [
		0.49542638659477234,
		0.3152155876159668,
		-0.15938173234462738,
		0.9996927380561829
	],
	"25. left_eye": [
		0.5024080872535706,
		0.3031201958656311,
		-0.15814898908138275,
		0.9991581439971924
	],
	"26. right_eye": [
		0.4930475056171417,
		0.30610984563827515,
		-0.14048869907855988,
		0.9994353652000427
	],
	"27. left_ear": [
		0.5155670642852783,
		0.3069872260093689,
		-0.10360369831323624,
		0.9985027313232422
	],
	"28. right_ear": [
		0.49537917971611023,
		0.3122137784957886,
		-0.03331537917256355,
		0.9986885786056519
	],
	"time stamp": 23
}