{
	"1. left_hip": [
		0.527418315410614,
		0.591657280921936,
		-0.07090947777032852,
		0.9998149275779724
	],
	"2. left_knee": [
		0.5050187706947327,
		0.7174720168113708,
		-0.07677626609802246,
		0.9807466864585876
	],
	"3. left_ankle": [
		0.5212409496307373,
		0.8357096910476685,
		0.0042038895189762115,
		0.9779837727546692
	],
	"6. right_hip": [
		0.49420714378356934,
		0.5878927111625671,
		0.07094132900238037,
		0.9998023509979248
	],
	"7. right_knee": [
		0.4566161036491394,
		0.6989924907684326,
		-0.05437957122921944,
		0.9741998910903931
	],
	"8. right_ankle": [
		0.48873820900917053,
		0.8267366290092468,
		0.047170523554086685,
		0.9609701037406921
	],
	"14. left_shoulder": [
		0.5354307889938354,
		0.37753427028656006,
		-0.12425397336483002,
		0.9993826150894165
	],
	"15. left_elbow": [
		0.5617325901985168,
		0.40042373538017273,
		-0.30731961131095886,
		0.9964577555656433
	],
	"16. left_wrist": [
		0.5572651624679565,
		0.35474830865859985,
		-0.4898996949195862,
		0.9911279678344727
	],
	"19. right_shoulder": [
		0.4847792685031891,
		0.39666035771369934,
		0.07640670984983444,
		0.9994035363197327
	],
	"20. right_elbow": [
		0.480135977268219,
		0.4748772382736206,
		0.17757605016231537,
		0.6647146940231323
	],
	"21. right_wrist": [
		0.4741879403591156,
		0.5276724696159363,
		0.17122718691825867,
		0.7503907680511475
	],
	"24. nose": [
		0.4912635385990143,
		0.3182247579097748,
		-0.15695825219154358,
		0.9997144341468811
	],
	"25. left_eye": [
		0.49859800934791565,
		0.30617305636405945,
		-0.15518715977668762,
		0.9992272257804871
	],
	"26. right_eye": [
		0.4893345832824707,
		0.30932724475860596,
		-0.13603895902633667,
		0.9994589686393738
	],
	"27. left_ear": [
		0.5117290616035461,
		0.3098870515823364,
		-0.10028185695409775,
		0.9986239671707153
	],
	"28. right_ear": [
		0.49244368076324463,
		0.3148881793022156,
		-0.026229677721858025,
		0.9987824559211731
	],
	"time stamp": 23
}