{
	"1. left_hip": [
		0.5203297734260559,
		0.5912932753562927,
		-0.06875460594892502,
		0.9998317956924438
	],
	"2. left_knee": [
		0.5056875944137573,
		0.7219956517219543,
		-0.03224162757396698,
		0.9822148680686951
	],
	"3. left_ankle": [
		0.526181161403656,
		0.8359020948410034,
		0.10540734231472015,
		0.9799917340278625
	],
	"6. right_hip": [
		0.4874621629714966,
		0.5879716873168945,
		0.06876861304044724,
		0.999821126461029
	],
	"7. right_knee": [
		0.44688093662261963,
		0.6930056214332581,
		-0.09102877974510193,
		0.9762868285179138
	],
	"8. right_ankle": [
		0.4815559983253479,
		0.8223651647567749,
		0.035731859505176544,
		0.964325487613678
	],
	"14. left_shoulder": [
		0.5295490622520447,
		0.37769898772239685,
		-0.1345449984073639,
		0.9994434118270874
	],
	"15. left_elbow": [
		0.5589709281921387,
		0.3831780254840851,
		-0.33579081296920776,
		0.9967350363731384
	],
	"16. left_wrist": [
		0.5525806546211243,
		0.3389948010444641,
		-0.5297636389732361,
		0.9917391538619995
	],
	"19. right_shoulder": [
		0.479912668466568,
		0.39759111404418945,
		0.07234438508749008,
		0.9994476437568665
	],
	"20. right_elbow": [
		0.47825345396995544,
		0.4750145673751831,
		0.19218823313713074,
		0.6427939534187317
	],
	"21. right_wrist": [
		0.4701663851737976,
		0.5286465883255005,
		0.2194482386112213,
		0.7468282580375671
	],
	"24. nose": [
		0.4884289503097534,
		0.31791558861732483,
		-0.1663251370191574,
		0.9997400641441345
	],
	"25. left_eye": [
		0.49557510018348694,
		0.3055879473686218,
		-0.16086475551128387,
		0.999299168586731
	],
	"26. right_eye": [
		0.4857751131057739,
		0.30890509486198425,
		-0.14398135244846344,
		0.9995017647743225
	],
	"27. left_ear": [
		0.5084535479545593,
		0.31022971868515015,
		-0.10444855690002441,
		0.9987525939941406
	],
	"28. right_ear": [
		0.48782968521118164,
		0.31551334261894226,
		-0.028756465762853622,
		0.9988948106765747
	],
	"time stamp": 23
}