{
	"1. left_hip": [
		0.517859160900116,
		0.5885781049728394,
		-0.060743026435375214,
		0.9998445510864258
	],
	"2. left_knee": [
		0.5074785947799683,
		0.7268095016479492,
		-0.033965617418289185,
		0.983407199382782
	],
	"3. left_ankle": [
		0.524936318397522,
		0.8362352848052979,
		0.09434579312801361,
		0.9815089702606201
	],
	"6. right_hip": [
		0.4847903847694397,
		0.5854967832565308,
		0.06071845814585686,
		0.9998369216918945
	],
	"7. right_knee": [
		0.4369838535785675,
		0.6826626062393188,
		-0.1153358742594719,
		0.9784129858016968
	],
	"8. right_ankle": [
		0.46872642636299133,
		0.8172038793563843,
		-0.00821650680154562,
		0.9674468636512756
	],
	"14. left_shoulder": [
		0.5283246636390686,
		0.37748607993125916,
		-0.09140519797801971,
		0.9994922876358032
	],
	"15. left_elbow": [
		0.5545862317085266,
		0.36244624853134155,
		-0.27585500478744507,
		0.9968401193618774
	],
	"16. left_wrist": [
		0.5398404598236084,
		0.3081965446472168,
		-0.44202038645744324,
		0.9920873641967773
	],
	"19. right_shoulder": [
		0.4739166796207428,
		0.39832931756973267,
		0.08187869936227798,
		0.99949049949646
	],
	"20. right_elbow": [
		0.4701369106769562,
		0.4763452708721161,
		0.15783202648162842,
		0.647020161151886
	],
	"21. right_wrist": [
		0.46370840072631836,
		0.5287259817123413,
		0.1958337426185608,
		0.7564712762832642
	],
	"24. nose": [
		0.48471754789352417,
		0.31706762313842773,
		-0.11721203476190567,
		0.9997637867927551
	],
	"25. left_eye": [
		0.49128666520118713,
		0.30454105138778687,
		-0.10923627763986588,
		0.9993616342544556
	],
	"26. right_eye": [
		0.4809795916080475,
		0.30827540159225464,
		-0.09609108418226242,
		0.9995428919792175
	],
	"27. left_ear": [
		0.503211259841919,
		0.30972808599472046,
		-0.05870852246880531,
		0.9988617897033691
	],
	"28. right_ear": [
		0.4820040464401245,
		0.3155366778373718,
		0.0031990206334739923,
		0.9989957213401794
	],
	"time stamp": 23
}