{
	"1. left_hip": [
		0.5084561109542847,
		0.5851255655288696,
		-0.05932101234793663,
		0.9998533129692078
	],
	"2. left_knee": [
		0.5068676471710205,
		0.7260138392448425,
		-0.013248194940388203,
		0.984508752822876
	],
	"3. left_ankle": [
		0.5272042155265808,
		0.8363755345344543,
		0.14646881818771362,
		0.9826208353042603
	],
	"6. right_hip": [
		0.4756501317024231,
		0.5823944807052612,
		0.05925699695944786,
		0.9998509287834167
	],
	"7. right_knee": [
		0.4229978621006012,
		0.6814470887184143,
		-0.06325582414865494,
		0.9801762104034424
	],
	"8. right_ankle": [
		0.4291406273841858,
		0.8175658583641052,
		0.02925475686788559,
		0.970372200012207
	],
	"14. left_shoulder": [
		0.5180493593215942,
		0.3758496046066284,
		-0.09678807109594345,
		0.9994753003120422
	],
	"15. left_elbow": [
		0.5338087677955627,
		0.29870253801345825,
		-0.24873198568820953,
		0.99681556224823
	],
	"16. left_wrist": [
		0.5120538473129272,
		0.230520099401474,
		-0.31186944246292114,
		0.9907983541488647
	],
	"19. right_shoulder": [
		0.46508246660232544,
		0.3950578570365906,
		0.07652638107538223,
		0.9994944930076599
	],
	"20. right_elbow": [
		0.46225234866142273,
		0.4602338969707489,
		0.07280772924423218,
		0.6176865100860596
	],
	"21. right_wrist": [
		0.4525870978832245,
		0.5108521580696106,
		-0.03424615412950516,
		0.7258844971656799
	],
	"24. nose": [
		0.4728112518787384,
		0.31602126359939575,
		-0.13462580740451813,
		0.9997705221176147
	],
	"25. left_eye": [
		0.48094478249549866,
		0.30385246872901917,
		-0.1280909776687622,
		0.9993771910667419
	],
	"26. right_eye": [
		0.4707864224910736,
		0.30598416924476624,
		-0.11448710411787033,
		0.9995567798614502
	],
	"27. left_ear": [
		0.49214667081832886,
		0.3099606931209564,
		-0.07054904848337173,
		0.9989163875579834
	],
	"28. right_ear": [
		0.4735160768032074,
		0.3138454556465149,
		-0.011245371773838997,
		0.9990553855895996
	],
	"time stamp": 23
}