{
	"1. left_hip": [
		0.5036208629608154,
		0.5844882726669312,
		-0.05771883949637413,
		0.9998604655265808
	],
	"2. left_knee": [
		0.5040248036384583,
		0.7264806032180786,
		-0.02569936029613018,
		0.9857811331748962
	],
	"3. left_ankle": [
		0.5258128643035889,
		0.8369169235229492,
		0.1470509171485901,
		0.9837428331375122
	],
	"6. right_hip": [
		0.4697928726673126,
		0.5810728073120117,
		0.057649120688438416,
		0.9998626112937927
	],
	"7. right_knee": [
		0.41678595542907715,
		0.6835075616836548,
		-0.054845623672008514,
		0.9818361401557922
	],
	"8. right_ankle": [
		0.403765469789505,
		0.8178280591964722,
		0.06176505982875824,
		0.9730515480041504
	],
	"14. left_shoulder": [
		0.5095414519309998,
		0.37507006525993347,
		-0.1064847782254219,
		0.9994359612464905
	],
	"15. left_elbow": [
		0.5124916434288025,
		0.26434192061424255,
		-0.2245606780052185,
		0.9967027306556702
	],
	"16. left_wrist": [
		0.4939648509025574,
		0.1922166347503662,
		-0.2465694546699524,
		0.9890791177749634
	],
	"19. right_shoulder": [
		0.45976904034614563,
		0.3937492370605469,
		0.0690106749534607,
		0.9994012713432312
	],
	"20. right_elbow": [
		0.45332062244415283,
		0.4602107107639313,
		0.06623656302690506,
		0.5728080868721008
	],
	"21. right_wrist": [
		0.44516944885253906,
		0.5053855180740356,
		-0.047773804515600204,
		0.6773855090141296
	],
	"24. nose": [
		0.4651790261268616,
		0.31636130809783936,
		-0.14149758219718933,
		0.9997155070304871
	],
	"25. left_eye": [
		0.4734175205230713,
		0.3040173649787903,
		-0.13343632221221924,
		0.9992610812187195
	],
	"26. right_eye": [
		0.4638463258743286,
		0.3057301938533783,
		-0.12036246806383133,
		0.9994763731956482
	],
	"27. left_ear": [
		0.4848420321941376,
		0.3103625476360321,
		-0.08151927590370178,
		0.9988648295402527
	],
	"28. right_ear": [
		0.4673938453197479,
		0.31383442878723145,
		-0.015591849572956562,
		0.9989767074584961
	],
	"time stamp": 23
}