{
	"1. left_hip": [
		0.4969624876976013,
		0.5845099687576294,
		-0.056872930377721786,
		0.9998672008514404
	],
	"2. left_knee": [
		0.5020006895065308,
		0.7290436029434204,
		-0.03161546587944031,
		0.9869661927223206
	],
	"3. left_ankle": [
		0.5259291529655457,
		0.8372254967689514,
		0.13611777126789093,
		0.9846376776695251
	],
	"6. right_hip": [
		0.46336930990219116,
		0.5814975500106812,
		0.05678880959749222,
		0.9998711347579956
	],
	"7. right_knee": [
		0.41330334544181824,
		0.6909933090209961,
		0.0013197134248912334,
		0.9832101464271545
	],
	"8. right_ankle": [
		0.3853391110897064,
		0.8189778923988342,
		0.10356128215789795,
		0.9753828048706055
	],
	"14. left_shoulder": [
		0.49832820892333984,
		0.3748987317085266,
		-0.10024680197238922,
		0.9993993043899536
	],
	"15. left_elbow": [
		0.4981032907962799,
		0.26545166969299316,
		-0.2040150910615921,
		0.9965428113937378
	],
	"16. left_wrist": [
		0.485954225063324,
		0.1856430470943451,
		-0.23657754063606262,
		0.9890167117118835
	],
	"19. right_shoulder": [
		0.4545891284942627,
		0.3941262662410736,
		0.07955095916986465,
		0.9993188381195068
	],
	"20. right_elbow": [
		0.4508958160877228,
		0.4609030783176422,
		0.07850103080272675,
		0.539777934551239
	],
	"21. right_wrist": [
		0.43503326177597046,
		0.5102768540382385,
		-0.037135131657123566,
		0.6485478281974792
	],
	"24. nose": [
		0.46059882640838623,
		0.3187784254550934,
		-0.1396934986114502,
		0.9996854662895203
	],
	"25. left_eye": [
		0.4703090786933899,
		0.3066781461238861,
		-0.13073556125164032,
		0.9991936683654785
	],
	"26. right_eye": [
		0.4585612118244171,
		0.30829760432243347,
		-0.11889640241861343,
		0.9994388222694397
	],
	"27. left_ear": [
		0.4803256094455719,
		0.3133660554885864,
		-0.0677759051322937,
		0.9988241791725159
	],
	"28. right_ear": [
		0.45918428897857666,
		0.31538400053977966,
		-0.013324098661541939,
		0.9988975524902344
	],
	"time stamp": 23
}