{
	"1. left_hip": [
		0.4924355745315552,
		0.5860667824745178,
		-0.05174320563673973,
		0.9998709559440613
	],
	"2. left_knee": [
		0.5001609325408936,
		0.7308887243270874,
		-0.023351794108748436,
		0.9880576729774475
	],
	"3. left_ankle": [
		0.5262041687965393,
		0.8375450372695923,
		0.1568019837141037,
		0.9854434132575989
	],
	"6. right_hip": [
		0.45817235112190247,
		0.5832646489143372,
		0.051605697721242905,
		0.9998776316642761
	],
	"7. right_knee": [
		0.41123002767562866,
		0.7027148604393005,
		0.014089894481003284,
		0.9846192598342896
	],
	"8. right_ankle": [
		0.37008917331695557,
		0.8214651942253113,
		0.09815451502799988,
		0.977560818195343
	],
	"14. left_shoulder": [
		0.4932001829147339,
		0.37612640857696533,
		-0.09307602047920227,
		0.9993243217468262
	],
	"15. left_elbow": [
		0.48614397644996643,
		0.27621376514434814,
		-0.2151254415512085,
		0.9962114095687866
	],
	"16. left_wrist": [
		0.4793235659599304,
		0.19045433402061462,
		-0.2844589650630951,
		0.9892067909240723
	],
	"19. right_shoulder": [
		0.4494299292564392,
		0.3960008919239044,
		0.08283647149801254,
		0.9992925524711609
	],
	"20. right_elbow": [
		0.4449306130409241,
		0.4682857394218445,
		0.07961613684892654,
		0.5229508280754089
	],
	"21. right_wrist": [
		0.428087055683136,
		0.5137837529182434,
		-0.043189097195863724,
		0.6393353343009949
	],
	"24. nose": [
		0.4527484178543091,
		0.3259996473789215,
		-0.1252393126487732,
		0.9996858835220337
	],
	"25. left_eye": [
		0.4614972770214081,
		0.3120734691619873,
		-0.11727847903966904,
		0.9991989731788635
	],
	"26. right_eye": [
		0.4507702887058258,
		0.3144875764846802,
		-0.10491716861724854,
		0.999447226524353
	],
	"27. left_ear": [
		0.47257012128829956,
		0.3175523281097412,
		-0.05955266207456589,
		0.9988166689872742
	],
	"28. right_ear": [
		0.45305734872817993,
		0.32073038816452026,
		-0.0035725771449506283,
		0.9988978505134583
	],
	"time stamp": 23
}