{
	"1. left_hip": [
		0.4826458692550659,
		0.5963069200515747,
		-0.046423133462667465,
		0.9998700618743896
	],
	"2. left_knee": [
		0.4962792694568634,
		0.7379716038703918,
		0.0032311591785401106,
		0.9890532493591309
	],
	"3. left_ankle": [
		0.5267930626869202,
		0.8396388292312622,
		0.18257682025432587,
		0.9864439368247986
	],
	"6. right_hip": [
		0.4450489282608032,
		0.59809410572052,
		0.04622343182563782,
		0.9998835325241089
	],
	"7. right_knee": [
		0.4023243188858032,
		0.7216340899467468,
		0.0047357589937746525,
		0.9858510494232178
	],
	"8. right_ankle": [
		0.3660662770271301,
		0.8286421895027161,
		0.11081074178218842,
		0.9794884324073792
	],
	"14. left_shoulder": [
		0.48182180523872375,
		0.3874549865722656,
		-0.09403643012046814,
		0.9992189407348633
	],
	"15. left_elbow": [
		0.479241281747818,
		0.2878776490688324,
		-0.2242657095193863,
		0.9960373044013977
	],
	"16. left_wrist": [
		0.4626430869102478,
		0.2082744985818863,
		-0.3115440607070923,
		0.9895126819610596
	],
	"19. right_shoulder": [
		0.43034180998802185,
		0.41131559014320374,
		0.05614906921982765,
		0.9993103742599487
	],
	"20. right_elbow": [
		0.42709821462631226,
		0.4981837868690491,
		-0.004819976631551981,
		0.5458481907844543
	],
	"21. right_wrist": [
		0.4027174413204193,
		0.5123396515846252,
		-0.1913357675075531,
		0.6674187779426575
	],
	"24. nose": [
		0.43831345438957214,
		0.3361658453941345,
		-0.13322627544403076,
		0.9996979236602783
	],
	"25. left_eye": [
		0.447196900844574,
		0.3216466009616852,
		-0.12017877399921417,
		0.999228835105896
	],
	"26. right_eye": [
		0.43535926938056946,
		0.32365119457244873,
		-0.11186560988426208,
		0.999477744102478
	],
	"27. left_ear": [
		0.45790570974349976,
		0.32814228534698486,
		-0.0664220079779625,
		0.9988406300544739
	],
	"28. right_ear": [
		0.4380626678466797,
		0.3305751383304596,
		-0.01277888659387827,
		0.9989497065544128
	],
	"time stamp": 23
}