{
	"1. left_hip": [
		0.47526276111602783,
		0.597515344619751,
		-0.048277437686920166,
		0.9998692870140076
	],
	"2. left_knee": [
		0.4911079704761505,
		0.7373772263526917,
		-0.032018184661865234,
		0.9899889230728149
	],
	"3. left_ankle": [
		0.5252392292022705,
		0.8397294878959656,
		0.13544484972953796,
		0.9874650835990906
	],
	"6. right_hip": [
		0.43664881587028503,
		0.6002762913703918,
		0.04809689521789551,
		0.9998815655708313
	],
	"7. right_knee": [
		0.3997921049594879,
		0.7235944867134094,
		0.03983786329627037,
		0.9868442416191101
	],
	"8. right_ankle": [
		0.36753788590431213,
		0.8333430886268616,
		0.1682378202676773,
		0.9812120795249939
	],
	"14. left_shoulder": [
		0.4729359447956085,
		0.38856515288352966,
		-0.09685578942298889,
		0.9991400241851807
	],
	"15. left_elbow": [
		0.48198771476745605,
		0.2948259711265564,
		-0.23296552896499634,
		0.9960528612136841
	],
	"16. left_wrist": [
		0.45649152994155884,
		0.22138896584510803,
		-0.3201572299003601,
		0.9896854758262634
	],
	"19. right_shoulder": [
		0.4188835620880127,
		0.4109010100364685,
		0.056185152381658554,
		0.9993080496788025
	],
	"20. right_elbow": [
		0.41794925928115845,
		0.5014294385910034,
		0.006428017746657133,
		0.5630438327789307
	],
	"21. right_wrist": [
		0.39335110783576965,
		0.5092427730560303,
		-0.17090678215026855,
		0.6928076148033142
	],
	"24. nose": [
		0.4304775595664978,
		0.3351496458053589,
		-0.14265866577625275,
		0.9997017979621887
	],
	"25. left_eye": [
		0.4397191107273102,
		0.32164233922958374,
		-0.12553967535495758,
		0.9992365837097168
	],
	"26. right_eye": [
		0.4275529086589813,
		0.32347023487091064,
		-0.11906271427869797,
		0.99948650598526
	],
	"27. left_ear": [
		0.4499742090702057,
		0.329505056142807,
		-0.06923379749059677,
		0.9988409280776978
	],
	"28. right_ear": [
		0.4280138909816742,
		0.33071169257164,
		-0.013502683490514755,
		0.9989496469497681
	],
	"time stamp": 23
}