{
	"1. left_hip": [
		0.4642159938812256,
		0.5977081060409546,
		-0.04359859973192215,
		0.9998708367347717
	],
	"2. left_knee": [
		0.4873937964439392,
		0.7347637414932251,
		-0.044596217572689056,
		0.9908238053321838
	],
	"3. left_ankle": [
		0.5228009819984436,
		0.8389261960983276,
		0.099483422935009,
		0.9883951544761658
	],
	"6. right_hip": [
		0.4254617393016815,
		0.6009607911109924,
		0.04340802878141403,
		0.9998751878738403
	],
	"7. right_knee": [
		0.39353886246681213,
		0.7278679609298706,
		0.04325643181800842,
		0.9877897500991821
	],
	"8. right_ankle": [
		0.36602991819381714,
		0.8361324071884155,
		0.17814959585666656,
		0.982749879360199
	],
	"14. left_shoulder": [
		0.46253567934036255,
		0.3882707357406616,
		-0.08177166432142258,
		0.9991307854652405
	],
	"15. left_elbow": [
		0.48455455899238586,
		0.3135996162891388,
		-0.23423263430595398,
		0.9960148334503174
	],
	"16. left_wrist": [
		0.45637330412864685,
		0.2531418800354004,
		-0.3445708751678467,
		0.9895760416984558
	],
	"19. right_shoulder": [
		0.4075489640235901,
		0.41046836972236633,
		0.043470390141010284,
		0.9993171095848083
	],
	"20. right_elbow": [
		0.40287700295448303,
		0.4973311424255371,
		-0.01750064268708229,
		0.5973621606826782
	],
	"21. right_wrist": [
		0.38021320104599,
		0.4954318106174469,
		-0.18071646988391876,
		0.7211629748344421
	],
	"24. nose": [
		0.422370582818985,
		0.3334719240665436,
		-0.14743974804878235,
		0.9997119903564453
	],
	"25. left_eye": [
		0.43141183257102966,
		0.32070502638816833,
		-0.1261303573846817,
		0.9992659091949463
	],
	"26. right_eye": [
		0.4190829396247864,
		0.3222382962703705,
		-0.12327652424573898,
		0.9995021224021912
	],
	"27. left_ear": [
		0.4428805410861969,
		0.328934907913208,
		-0.06464967876672745,
		0.9988732933998108
	],
	"28. right_ear": [
		0.4192905128002167,
		0.32961124181747437,
		-0.016336191445589066,
		0.9989802837371826
	],
	"time stamp": 23
}