{
	"1. left_hip": [
		0.45644620060920715,
		0.5942783951759338,
		-0.04310310631990433,
		0.9998767375946045
	],
	"2. left_knee": [
		0.4826047420501709,
		0.7280948162078857,
		-0.05468026548624039,
		0.9912825226783752
	],
	"3. left_ankle": [
		0.5158939361572266,
		0.834932267665863,
		0.10433761775493622,
		0.9890648126602173
	],
	"6. right_hip": [
		0.4161336123943329,
		0.6008433699607849,
		0.042976222932338715,
		0.9998700618743896
	],
	"7. right_knee": [
		0.38943880796432495,
		0.7265611290931702,
		0.03802495449781418,
		0.9884955286979675
	],
	"8. right_ankle": [
		0.3667742908000946,
		0.8359406590461731,
		0.18512454628944397,
		0.9840068817138672
	],
	"14. left_shoulder": [
		0.4566616415977478,
		0.38339734077453613,
		-0.08737485110759735,
		0.9992016553878784
	],
	"15. left_elbow": [
		0.4790785312652588,
		0.35473769903182983,
		-0.28117790818214417,
		0.996081531047821
	],
	"16. left_wrist": [
		0.45283186435699463,
		0.30520084500312805,
		-0.4831472337245941,
		0.9897263050079346
	],
	"19. right_shoulder": [
		0.39769136905670166,
		0.4006834626197815,
		0.04932481423020363,
		0.9993257522583008
	],
	"20. right_elbow": [
		0.3930605351924896,
		0.48963236808776855,
		0.16579532623291016,
		0.6227719187736511
	],
	"21. right_wrist": [
		0.3708701729774475,
		0.48598894476890564,
		0.2103528380393982,
		0.7438786029815674
	],
	"24. nose": [
		0.41577833890914917,
		0.32569992542266846,
		-0.14644423127174377,
		0.999714732170105
	],
	"25. left_eye": [
		0.4234098494052887,
		0.31358203291893005,
		-0.12934473156929016,
		0.9993011951446533
	],
	"26. right_eye": [
		0.4123128652572632,
		0.31585705280303955,
		-0.1236533373594284,
		0.9994829297065735
	],
	"27. left_ear": [
		0.43429338932037354,
		0.3199513554573059,
		-0.06553870439529419,
		0.9989202618598938
	],
	"28. right_ear": [
		0.41166412830352783,
		0.32295677065849304,
		-0.021196749061346054,
		0.998985767364502
	],
	"time stamp": 23
}