{
	"1. left_hip": [
		0.4458148777484894,
		0.583452582359314,
		-0.013568426482379436,
		0.9998629093170166
	],
	"2. left_knee": [
		0.47537413239479065,
		0.7079799771308899,
		0.03039376623928547,
		0.9912469983100891
	],
	"3. left_ankle": [
		0.49868836998939514,
		0.7885575890541077,
		0.2837280333042145,
		0.9863038659095764
	],
	"6. right_hip": [
		0.4047001898288727,
		0.590790867805481,
		0.013559536077082157,
		0.999876081943512
	],
	"7. right_knee": [
		0.3841533064842224,
		0.7256971001625061,
		-0.020669391378760338,
		0.9893903136253357
	],
	"8. right_ankle": [
		0.3654527962207794,
		0.8367542028427124,
		0.08576206117868423,
		0.9851211905479431
	],
	"14. left_shoulder": [
		0.4424596428871155,
		0.3817911744117737,
		-0.05928613990545273,
		0.9992337226867676
	],
	"15. left_elbow": [
		0.4773404002189636,
		0.41991478204727173,
		-0.16658541560173035,
		0.9949468970298767
	],
	"16. left_wrist": [
		0.4622439444065094,
		0.4057968258857727,
		-0.37038323283195496,
		0.9874956607818604
	],
	"19. right_shoulder": [
		0.3791831433773041,
		0.3901880979537964,
		-0.0025077613536268473,
		0.9993738532066345
	],
	"20. right_elbow": [
		0.37514838576316833,
		0.4763822853565216,
		0.026358772069215775,
		0.656840443611145
	],
	"21. right_wrist": [
		0.3541470468044281,
		0.4831177294254303,
		-0.051198288798332214,
		0.7659945487976074
	],
	"24. nose": [
		0.40604573488235474,
		0.3178218901157379,
		-0.18308113515377045,
		0.9997312426567078
	],
	"25. left_eye": [
		0.41372641921043396,
		0.30834388732910156,
		-0.16902244091033936,
		0.9993352890014648
	],
	"26. right_eye": [
		0.4040842056274414,
		0.305973619222641,
		-0.1665116846561432,
		0.9994989633560181
	],
	"27. left_ear": [
		0.42316195368766785,
		0.3178485333919525,
		-0.08202333003282547,
		0.9989409446716309
	],
	"28. right_ear": [
		0.40166544914245605,
		0.3141085207462311,
		-0.07034239917993546,
		0.9989764094352722
	],
	"time stamp": 23
}