{
	"1. left_hip": [
		0.4378211200237274,
		0.5843290686607361,
		-0.007673318963497877,
		0.9998199939727783
	],
	"2. left_knee": [
		0.47195136547088623,
		0.7017699480056763,
		0.030208410695195198,
		0.9889301061630249
	],
	"3. left_ankle": [
		0.47792768478393555,
		0.750851035118103,
		0.3150027394294739,
		0.9735711216926575
	],
	"6. right_hip": [
		0.39713984727859497,
		0.5922273397445679,
		0.00769929401576519,
		0.9998712539672852
	],
	"7. right_knee": [
		0.37770530581474304,
		0.7262224555015564,
		-0.03182167932391167,
		0.9894923567771912
	],
	"8. right_ankle": [
		0.36538124084472656,
		0.8376560807228088,
		0.1085444763302803,
		0.9849051237106323
	],
	"14. left_shoulder": [
		0.43815934658050537,
		0.38270777463912964,
		-0.07072871178388596,
		0.9992842674255371
	],
	"15. left_elbow": [
		0.4655300974845886,
		0.46147698163986206,
		-0.19093267619609833,
		0.993606448173523
	],
	"16. left_wrist": [
		0.4613915681838989,
		0.4562704861164093,
		-0.40474486351013184,
		0.9870230555534363
	],
	"19. right_shoulder": [
		0.372081458568573,
		0.39044079184532166,
		-0.03717513754963875,
		0.9994127750396729
	],
	"20. right_elbow": [
		0.36939331889152527,
		0.480844110250473,
		-0.06412540376186371,
		0.6840518712997437
	],
	"21. right_wrist": [
		0.3463575541973114,
		0.48316681385040283,
		-0.2549102008342743,
		0.7868782877922058
	],
	"24. nose": [
		0.3997751772403717,
		0.31659621000289917,
		-0.2367178201675415,
		0.9997451901435852
	],
	"25. left_eye": [
		0.40951523184776306,
		0.3076115846633911,
		-0.22324435412883759,
		0.9993748068809509
	],
	"26. right_eye": [
		0.3980667293071747,
		0.3032037615776062,
		-0.22030772268772125,
		0.9995108842849731
	],
	"27. left_ear": [
		0.4198063313961029,
		0.3177153766155243,
		-0.12797361612319946,
		0.9989999532699585
	],
	"28. right_ear": [
		0.3960595726966858,
		0.31039589643478394,
		-0.11773119866847992,
		0.9989460110664368
	],
	"time stamp": 23
}