{
	"1. left_hip": [
		0.4353080093860626,
		0.5846197605133057,
		-0.005177889950573444,
		0.9998083710670471
	],
	"2. left_knee": [
		0.4684674143791199,
		0.7008770704269409,
		0.019174212589859962,
		0.9886754155158997
	],
	"3. left_ankle": [
		0.4692254364490509,
		0.7132369875907898,
		0.3672357201576233,
		0.9634773135185242
	],
	"6. right_hip": [
		0.39285025000572205,
		0.5944023132324219,
		0.005183136556297541,
		0.9998785257339478
	],
	"7. right_knee": [
		0.37479957938194275,
		0.7279012799263,
		-0.04606831446290016,
		0.9902434945106506
	],
	"8. right_ankle": [
		0.3649149537086487,
		0.838108479976654,
		0.10922522097826004,
		0.9859181642532349
	],
	"14. left_shoulder": [
		0.4366855323314667,
		0.3935192823410034,
		-0.09160075336694717,
		0.9993433952331543
	],
	"15. left_elbow": [
		0.4630950689315796,
		0.48311784863471985,
		-0.16959692537784576,
		0.9920483827590942
	],
	"16. left_wrist": [
		0.46178847551345825,
		0.49892356991767883,
		-0.37563303112983704,
		0.9851338267326355
	],
	"19. right_shoulder": [
		0.36913442611694336,
		0.3915153443813324,
		-0.05105368420481682,
		0.9994591474533081
	],
	"20. right_elbow": [
		0.3664478659629822,
		0.49033284187316895,
		-0.06624168157577515,
		0.7071555852890015
	],
	"21. right_wrist": [
		0.3410143554210663,
		0.4823879599571228,
		-0.24271385371685028,
		0.8049192428588867
	],
	"24. nose": [
		0.3982990086078644,
		0.3172711431980133,
		-0.25996795296669006,
		0.9997656941413879
	],
	"25. left_eye": [
		0.409309059381485,
		0.30999648571014404,
		-0.24564529955387115,
		0.9994251728057861
	],
	"26. right_eye": [
		0.3960752785205841,
		0.3044499456882477,
		-0.2426118701696396,
		0.9995439052581787
	],
	"27. left_ear": [
		0.4175802171230316,
		0.32349538803100586,
		-0.14699265360832214,
		0.9990794062614441
	],
	"28. right_ear": [
		0.392615407705307,
		0.3117673993110657,
		-0.1368827521800995,
		0.998991847038269
	],
	"time stamp": 23
}