{
	"1. left_hip": [
		0.431331992149353,
		0.5882718563079834,
		0.001182820531539619,
		0.9997945427894592
	],
	"2. left_knee": [
		0.46526649594306946,
		0.6909161806106567,
		0.018644601106643677,
		0.989313542842865
	],
	"3. left_ankle": [
		0.46124938130378723,
		0.7309548258781433,
		0.3376293182373047,
		0.9632219672203064
	],
	"6. right_hip": [
		0.38802605867385864,
		0.5994303226470947,
		-0.001201259670779109,
		0.9998869895935059
	],
	"7. right_knee": [
		0.3709796369075775,
		0.7283604145050049,
		-0.13285242021083832,
		0.9911146759986877
	],
	"8. right_ankle": [
		0.36462053656578064,
		0.8409072756767273,
		0.012203733436763287,
		0.987139880657196
	],
	"14. left_shoulder": [
		0.4361100494861603,
		0.40143531560897827,
		-0.06806477904319763,
		0.9993957281112671
	],
	"15. left_elbow": [
		0.45965954661369324,
		0.4890280067920685,
		-0.06738593429327011,
		0.9911053776741028
	],
	"16. left_wrist": [
		0.4586242437362671,
		0.5269590020179749,
		-0.20284637808799744,
		0.9847598671913147
	],
	"19. right_shoulder": [
		0.36617496609687805,
		0.39804813265800476,
		-0.04745345935225487,
		0.9995050430297852
	],
	"20. right_elbow": [
		0.3520614206790924,
		0.49258333444595337,
		-0.0726991593837738,
		0.7341387271881104
	],
	"21. right_wrist": [
		0.3308908939361572,
		0.4752534329891205,
		-0.24878394603729248,
		0.8236083984375
	],
	"24. nose": [
		0.39901864528656006,
		0.32605308294296265,
		-0.245559424161911,
		0.9997879862785339
	],
	"25. left_eye": [
		0.4090258479118347,
		0.31889501214027405,
		-0.22860167920589447,
		0.9994786977767944
	],
	"26. right_eye": [
		0.3959636986255646,
		0.3109516203403473,
		-0.22806717455387115,
		0.9995865225791931
	],
	"27. left_ear": [
		0.41651710867881775,
		0.33175531029701233,
		-0.12698699533939362,
		0.9991621971130371
	],
	"28. right_ear": [
		0.3903263509273529,
		0.31716448068618774,
		-0.12775424122810364,
		0.999083399772644
	],
	"time stamp": 23
}