{
	"1. left_hip": [
		0.4204616844654083,
		0.590639054775238,
		0.012319326400756836,
		0.999799907207489
	],
	"2. left_knee": [
		0.4665098786354065,
		0.6844207644462585,
		0.013430988416075706,
		0.9874927997589111
	],
	"3. left_ankle": [
		0.42515742778778076,
		0.6745083332061768,
		0.33886316418647766,
		0.9162116050720215
	],
	"6. right_hip": [
		0.37867656350135803,
		0.5993211269378662,
		-0.01238740049302578,
		0.9998947978019714
	],
	"7. right_knee": [
		0.3674028515815735,
		0.7313171625137329,
		-0.07554573565721512,
		0.9903544187545776
	],
	"8. right_ankle": [
		0.3637191951274872,
		0.8406341671943665,
		0.14701716601848602,
		0.9862092733383179
	],
	"14. left_shoulder": [
		0.434257447719574,
		0.40811049938201904,
		-0.05803060904145241,
		0.9994283318519592
	],
	"15. left_elbow": [
		0.4499439597129822,
		0.4952242076396942,
		-0.012103312648832798,
		0.9879022836685181
	],
	"16. left_wrist": [
		0.44760358333587646,
		0.5383199453353882,
		-0.0650264099240303,
		0.979537844657898
	],
	"19. right_shoulder": [
		0.36344587802886963,
		0.39827263355255127,
		-0.07928553223609924,
		0.9995471835136414
	],
	"20. right_elbow": [
		0.3314742147922516,
		0.472415953874588,
		-0.1769298017024994,
		0.7601909637451172
	],
	"21. right_wrist": [
		0.32673969864845276,
		0.3974175453186035,
		-0.3770570158958435,
		0.8406559228897095
	],
	"24. nose": [
		0.40566593408584595,
		0.32620710134506226,
		-0.23912256956100464,
		0.99980628490448
	],
	"25. left_eye": [
		0.4134516716003418,
		0.31907597184181213,
		-0.2211812287569046,
		0.9995198249816895
	],
	"26. right_eye": [
		0.40172263979911804,
		0.31096184253692627,
		-0.22348204255104065,
		0.9996222257614136
	],
	"27. left_ear": [
		0.4194423258304596,
		0.3307948410511017,
		-0.11951770633459091,
		0.9992344379425049
	],
	"28. right_ear": [
		0.3938295245170593,
		0.31721293926239014,
		-0.13313741981983185,
		0.9991625547409058
	],
	"time stamp": 23
}