{
	"1. left_hip": [
		0.415168434381485,
		0.5900634527206421,
		0.012824518606066704,
		0.9998081922531128
	],
	"2. left_knee": [
		0.45958247780799866,
		0.6758972406387329,
		-0.027037393301725388,
		0.987934947013855
	],
	"3. left_ankle": [
		0.43220698833465576,
		0.6985626220703125,
		0.2897098660469055,
		0.9101006984710693
	],
	"6. right_hip": [
		0.37475335597991943,
		0.5970403552055359,
		-0.012892153114080429,
		0.9999014139175415
	],
	"7. right_knee": [
		0.36636343598365784,
		0.7297144532203674,
		-0.0567636676132679,
		0.9906269311904907
	],
	"8. right_ankle": [
		0.3640175461769104,
		0.8403733372688293,
		0.13999822735786438,
		0.9869303703308105
	],
	"14. left_shoulder": [
		0.43355637788772583,
		0.40691113471984863,
		-0.03819536417722702,
		0.9994587898254395
	],
	"15. left_elbow": [
		0.4484907388687134,
		0.4883729815483093,
		0.0050856610760092735,
		0.9861584901809692
	],
	"16. left_wrist": [
		0.4411977231502533,
		0.5379868149757385,
		-0.02558760717511177,
		0.9763721823692322
	],
	"19. right_shoulder": [
		0.36597198247909546,
		0.38950997591018677,
		-0.06658700853586197,
		0.9995790719985962
	],
	"20. right_elbow": [
		0.32505857944488525,
		0.4258538484573364,
		-0.18759110569953918,
		0.7838553190231323
	],
	"21. right_wrist": [
		0.333261638879776,
		0.3501691222190857,
		-0.3640085458755493,
		0.8557719588279724
	],
	"24. nose": [
		0.40841424465179443,
		0.3219009041786194,
		-0.2252563089132309,
		0.999822735786438
	],
	"25. left_eye": [
		0.4163021743297577,
		0.3175775110721588,
		-0.20837704837322235,
		0.9995583891868591
	],
	"26. right_eye": [
		0.4044073224067688,
		0.3090205788612366,
		-0.20691467821598053,
		0.9996539354324341
	],
	"27. left_ear": [
		0.4218888282775879,
		0.3303478956222534,
		-0.09384097903966904,
		0.99930340051651
	],
	"28. right_ear": [
		0.39643940329551697,
		0.31504252552986145,
		-0.10813309997320175,
		0.9992339611053467
	],
	"time stamp": 23
}