{
	"1. left_hip": [
		0.4126470685005188,
		0.585319995880127,
		0.019086971879005432,
		0.9998126029968262
	],
	"2. left_knee": [
		0.45708149671554565,
		0.6647449731826782,
		-0.11345503479242325,
		0.9889452457427979
	],
	"3. left_ankle": [
		0.4419061541557312,
		0.7253847122192383,
		0.11047390848398209,
		0.9180984497070312
	],
	"6. right_hip": [
		0.37248918414115906,
		0.5924007296562195,
		-0.019102999940514565,
		0.999899685382843
	],
	"7. right_knee": [
		0.36734911799430847,
		0.7292273640632629,
		-0.04777739942073822,
		0.9911632537841797
	],
	"8. right_ankle": [
		0.3641025424003601,
		0.8407331109046936,
		0.1481974571943283,
		0.9879565834999084
	],
	"14. left_shoulder": [
		0.43469613790512085,
		0.40840470790863037,
		-0.017722826451063156,
		0.9994668364524841
	],
	"15. left_elbow": [
		0.4446220099925995,
		0.4887949228286743,
		-0.002883231732994318,
		0.9786959886550903
	],
	"16. left_wrist": [
		0.43717557191848755,
		0.546252965927124,
		-0.060473982244729996,
		0.9640250205993652
	],
	"19. right_shoulder": [
		0.3688969612121582,
		0.379844069480896,
		-0.06809056550264359,
		0.9995952844619751
	],
	"20. right_elbow": [
		0.32574138045310974,
		0.3817066550254822,
		-0.2022833675146103,
		0.8051540851593018
	],
	"21. right_wrist": [
		0.34129440784454346,
		0.3258618712425232,
		-0.3525877594947815,
		0.8682377338409424
	],
	"24. nose": [
		0.4107744097709656,
		0.3219204545021057,
		-0.19873769581317902,
		0.9998372197151184
	],
	"25. left_eye": [
		0.4192465543746948,
		0.317351758480072,
		-0.17602331936359406,
		0.9995944499969482
	],
	"26. right_eye": [
		0.407399982213974,
		0.30901458859443665,
		-0.1819964349269867,
		0.999679446220398
	],
	"27. left_ear": [
		0.4249623715877533,
		0.3297209143638611,
		-0.06860513240098953,
		0.9993665218353271
	],
	"28. right_ear": [
		0.4002770781517029,
		0.3146149516105652,
		-0.10723946243524551,
		0.9992969632148743
	],
	"time stamp": 23
}