{
	"1. left_hip": [
		0.40885722637176514,
		0.58430016040802,
		0.025602571666240692,
		0.9997746348381042
	],
	"2. left_knee": [
		0.4524911344051361,
		0.6720777153968811,
		-0.08233553171157837,
		0.9891926646232605
	],
	"3. left_ankle": [
		0.4402424693107605,
		0.7691372632980347,
		0.10955273360013962,
		0.9248096942901611
	],
	"6. right_hip": [
		0.3697543740272522,
		0.5874330401420593,
		-0.02565537393093109,
		0.9998829364776611
	],
	"7. right_knee": [
		0.36736392974853516,
		0.7209330201148987,
		-0.08265303820371628,
		0.9915246367454529
	],
	"8. right_ankle": [
		0.3637393116950989,
		0.8407876491546631,
		0.059960778802633286,
		0.9887385964393616
	],
	"14. left_shoulder": [
		0.43681538105010986,
		0.4103638231754303,
		-0.025162652134895325,
		0.999302327632904
	],
	"15. left_elbow": [
		0.44506898522377014,
		0.4937606453895569,
		-0.030740929767489433,
		0.963941216468811
	],
	"16. left_wrist": [
		0.4351058602333069,
		0.549238920211792,
		-0.10354545712471008,
		0.9318793416023254
	],
	"19. right_shoulder": [
		0.3693303167819977,
		0.37394511699676514,
		-0.08401581645011902,
		0.9996007084846497
	],
	"20. right_elbow": [
		0.3239889442920685,
		0.35246896743774414,
		-0.21552586555480957,
		0.8244940042495728
	],
	"21. right_wrist": [
		0.3474440574645996,
		0.2816113829612732,
		-0.3424878716468811,
		0.8802293539047241
	],
	"24. nose": [
		0.4120499789714813,
		0.3208919167518616,
		-0.19919687509536743,
		0.9998277425765991
	],
	"25. left_eye": [
		0.4202766716480255,
		0.3150356709957123,
		-0.17789502441883087,
		0.9995738863945007
	],
	"26. right_eye": [
		0.4085872769355774,
		0.3082129955291748,
		-0.18202944099903107,
		0.9996545910835266
	],
	"27. left_ear": [
		0.4269012212753296,
		0.32790863513946533,
		-0.07471427321434021,
		0.9993444085121155
	],
	"28. right_ear": [
		0.40274152159690857,
		0.3135613799095154,
		-0.10360728204250336,
		0.9993045330047607
	],
	"time stamp": 23
}