{
	"1. left_hip": [
		0.40519142150878906,
		0.5843062996864319,
		0.03005107305943966,
		0.9997729659080505
	],
	"2. left_knee": [
		0.4376671612262726,
		0.6857454776763916,
		-0.005017627961933613,
		0.9893829226493835
	],
	"3. left_ankle": [
		0.44812092185020447,
		0.8179699182510376,
		0.13523603975772858,
		0.9316827654838562
	],
	"6. right_hip": [
		0.3649923503398895,
		0.5838296413421631,
		-0.030155275017023087,
		0.9998830556869507
	],
	"7. right_knee": [
		0.36672571301460266,
		0.7207270860671997,
		-0.04710333049297333,
		0.9920951724052429
	],
	"8. right_ankle": [
		0.36225318908691406,
		0.8426300287246704,
		0.07569146901369095,
		0.9895589351654053
	],
	"14. left_shoulder": [
		0.4384666383266449,
		0.41553518176078796,
		-0.039182450622320175,
		0.9991438984870911
	],
	"15. left_elbow": [
		0.43825507164001465,
		0.5039597153663635,
		-0.07341428846120834,
		0.9394434094429016
	],
	"16. left_wrist": [
		0.42236319184303284,
		0.5632708668708801,
		-0.1657692939043045,
		0.8744000196456909
	],
	"19. right_shoulder": [
		0.3744807839393616,
		0.3728973865509033,
		-0.15510062873363495,
		0.9996070265769958
	],
	"20. right_elbow": [
		0.3415435552597046,
		0.2918894290924072,
		-0.2905009090900421,
		0.8418246507644653
	],
	"21. right_wrist": [
		0.36970341205596924,
		0.2246541827917099,
		-0.3772602081298828,
		0.8903625011444092
	],
	"24. nose": [
		0.4226594865322113,
		0.3251035511493683,
		-0.26539430022239685,
		0.9998295307159424
	],
	"25. left_eye": [
		0.4273427426815033,
		0.31680601835250854,
		-0.24453090131282806,
		0.9995838403701782
	],
	"26. right_eye": [
		0.4141654372215271,
		0.3104079067707062,
		-0.25277066230773926,
		0.9996492862701416
	],
	"27. left_ear": [
		0.4291670322418213,
		0.32891541719436646,
		-0.12973526120185852,
		0.9993569850921631
	],
	"28. right_ear": [
		0.4038289487361908,
		0.31788215041160583,
		-0.16848953068256378,
		0.9993461966514587
	],
	"time stamp": 23
}