{
	"1. left_hip": [
		0.40202248096466064,
		0.5854129195213318,
		0.044706352055072784,
		0.9997101426124573
	],
	"2. left_knee": [
		0.4307553768157959,
		0.7059884667396545,
		0.01818775199353695,
		0.9884033203125
	],
	"3. left_ankle": [
		0.45091474056243896,
		0.8290702700614929,
		0.131120502948761,
		0.9373545050621033
	],
	"6. right_hip": [
		0.3637998700141907,
		0.5841010212898254,
		-0.04480681195855141,
		0.999858021736145
	],
	"7. right_knee": [
		0.36626413464546204,
		0.7235034704208374,
		-0.042261891067028046,
		0.9922962784767151
	],
	"8. right_ankle": [
		0.3621097505092621,
		0.8423451781272888,
		0.09368227422237396,
		0.9901870489120483
	],
	"14. left_shoulder": [
		0.4382553994655609,
		0.4155019223690033,
		-0.010859638452529907,
		0.9981130361557007
	],
	"15. left_elbow": [
		0.4304281175136566,
		0.49923819303512573,
		0.023922670632600784,
		0.8702400326728821
	],
	"16. left_wrist": [
		0.4156152606010437,
		0.5681919455528259,
		-0.012842295691370964,
		0.7978255152702332
	],
	"19. right_shoulder": [
		0.3790817856788635,
		0.376745343208313,
		-0.14982536435127258,
		0.9994916915893555
	],
	"20. right_elbow": [
		0.36313396692276,
		0.2923620343208313,
		-0.2706845700740814,
		0.8570975661277771
	],
	"21. right_wrist": [
		0.38196656107902527,
		0.21566005051136017,
		-0.33182522654533386,
		0.898870050907135
	],
	"24. nose": [
		0.42873281240463257,
		0.3327977657318115,
		-0.2368129938840866,
		0.999640703201294
	],
	"25. left_eye": [
		0.43217962980270386,
		0.32304811477661133,
		-0.21798518300056458,
		0.9992173910140991
	],
	"26. right_eye": [
		0.4193789064884186,
		0.31697696447372437,
		-0.2242143303155899,
		0.9992377161979675
	],
	"27. left_ear": [
		0.4316647946834564,
		0.332623153924942,
		-0.11582618951797485,
		0.9986530542373657
	],
	"28. right_ear": [
		0.4080860912799835,
		0.32376226782798767,
		-0.1477205902338028,
		0.999075710773468
	],
	"time stamp": 23
}