{
	"1. left_hip": [
		0.39656463265419006,
		0.5931757092475891,
		0.04238298907876015,
		0.99966961145401
	],
	"2. left_knee": [
		0.4176436960697174,
		0.7228354811668396,
		0.0036816054489463568,
		0.9875402450561523
	],
	"3. left_ankle": [
		0.4502226710319519,
		0.839826226234436,
		0.10575483739376068,
		0.9418983459472656
	],
	"6. right_hip": [
		0.35985177755355835,
		0.5849273800849915,
		-0.042470309883356094,
		0.9998310804367065
	],
	"7. right_knee": [
		0.366030216217041,
		0.7249936461448669,
		-0.042033858597278595,
		0.992310106754303
	],
	"8. right_ankle": [
		0.3612087070941925,
		0.8380956053733826,
		0.10018517822027206,
		0.9903412461280823
	],
	"14. left_shoulder": [
		0.43829864263534546,
		0.42430102825164795,
		-0.02506796456873417,
		0.997803807258606
	],
	"15. left_elbow": [
		0.42593562602996826,
		0.5143231153488159,
		0.008319489657878876,
		0.8238312602043152
	],
	"16. left_wrist": [
		0.4067622125148773,
		0.5811169147491455,
		-0.043081071227788925,
		0.7383294105529785
	],
	"19. right_shoulder": [
		0.3834948241710663,
		0.37766125798225403,
		-0.16350679099559784,
		0.999409556388855
	],
	"20. right_elbow": [
		0.3849470615386963,
		0.2837609052658081,
		-0.2645035684108734,
		0.8711704611778259
	],
	"21. right_wrist": [
		0.3949951231479645,
		0.20862247049808502,
		-0.29874205589294434,
		0.907620370388031
	],
	"24. nose": [
		0.43322256207466125,
		0.34861987829208374,
		-0.2376466691493988,
		0.9993928670883179
	],
	"25. left_eye": [
		0.4363434612751007,
		0.3372689485549927,
		-0.21756508946418762,
		0.9987503290176392
	],
	"26. right_eye": [
		0.42491573095321655,
		0.3325600028038025,
		-0.22895608842372894,
		0.9985653758049011
	],
	"27. left_ear": [
		0.43441200256347656,
		0.3444038927555084,
		-0.11201775819063187,
		0.9978263974189758
	],
	"28. right_ear": [
		0.4129696190357208,
		0.3372338116168976,
		-0.1639082133769989,
		0.9985616207122803
	],
	"time stamp": 23
}