{
	"1. left_hip": [
		0.3933837413787842,
		0.5995692610740662,
		0.0421019084751606,
		0.999632716178894
	],
	"2. left_knee": [
		0.4120917022228241,
		0.7294715642929077,
		0.01832568645477295,
		0.9861175417900085
	],
	"3. left_ankle": [
		0.44890713691711426,
		0.8372766971588135,
		0.10738767683506012,
		0.9453313946723938
	],
	"6. right_hip": [
		0.35698673129081726,
		0.5899450778961182,
		-0.04216361418366432,
		0.9998176693916321
	],
	"7. right_knee": [
		0.3678814768791199,
		0.7308439612388611,
		-0.025337353348731995,
		0.9924545288085938
	],
	"8. right_ankle": [
		0.3613536059856415,
		0.8376947045326233,
		0.1106288805603981,
		0.9905639290809631
	],
	"14. left_shoulder": [
		0.4382055103778839,
		0.4331004321575165,
		-0.027167517691850662,
		0.9976261258125305
	],
	"15. left_elbow": [
		0.42211058735847473,
		0.5165321230888367,
		0.011950146406888962,
		0.7736337780952454
	],
	"16. left_wrist": [
		0.40103814005851746,
		0.5876535773277283,
		-0.04043446108698845,
		0.6801422834396362
	],
	"19. right_shoulder": [
		0.3885359764099121,
		0.38771355152130127,
		-0.16452234983444214,
		0.9993966221809387
	],
	"20. right_elbow": [
		0.3999575674533844,
		0.29207077622413635,
		-0.257122665643692,
		0.8839154243469238
	],
	"21. right_wrist": [
		0.4066861569881439,
		0.2087699919939041,
		-0.2647404074668884,
		0.9155094027519226
	],
	"24. nose": [
		0.4377891421318054,
		0.3597806394100189,
		-0.21891269087791443,
		0.9992332458496094
	],
	"25. left_eye": [
		0.4398731589317322,
		0.34868788719177246,
		-0.20205290615558624,
		0.9983224868774414
	],
	"26. right_eye": [
		0.4301866590976715,
		0.34504759311676025,
		-0.22436165809631348,
		0.9979090690612793
	],
	"27. left_ear": [
		0.43699443340301514,
		0.3566676676273346,
		-0.11008968204259872,
		0.997140645980835
	],
	"28. right_ear": [
		0.41838616132736206,
		0.3490108847618103,
		-0.15929155051708221,
		0.998041570186615
	],
	"time stamp": 23
}