{
	"1. left_hip": [
		0.3892040550708771,
		0.6069797873497009,
		0.043838731944561005,
		0.9996117949485779
	],
	"2. left_knee": [
		0.41141587495803833,
		0.7367584109306335,
		0.010169487446546555,
		0.9831951260566711
	],
	"3. left_ankle": [
		0.4497637450695038,
		0.8409245610237122,
		0.0955403670668602,
		0.9449201822280884
	],
	"6. right_hip": [
		0.35451263189315796,
		0.5941775441169739,
		-0.04384096711874008,
		0.9998060464859009
	],
	"7. right_knee": [
		0.3682861924171448,
		0.7406145930290222,
		-0.02717471309006214,
		0.9922788143157959
	],
	"8. right_ankle": [
		0.3616785705089569,
		0.8380221128463745,
		0.10159619897603989,
		0.9901673197746277
	],
	"14. left_shoulder": [
		0.43791019916534424,
		0.45069029927253723,
		0.010471273213624954,
		0.9977806210517883
	],
	"15. left_elbow": [
		0.42162710428237915,
		0.5311664938926697,
		0.035487767308950424,
		0.7515825033187866
	],
	"16. left_wrist": [
		0.40280646085739136,
		0.5931212902069092,
		-0.044361308217048645,
		0.6603895425796509
	],
	"19. right_shoulder": [
		0.3962496519088745,
		0.40240931510925293,
		-0.12566111981868744,
		0.9994305372238159
	],
	"20. right_elbow": [
		0.41341957449913025,
		0.3121313452720642,
		-0.21304769814014435,
		0.8954505920410156
	],
	"21. right_wrist": [
		0.41956016421318054,
		0.2282140702009201,
		-0.1862342804670334,
		0.923542320728302
	],
	"24. nose": [
		0.44205915927886963,
		0.3764948844909668,
		-0.17023999989032745,
		0.9992322325706482
	],
	"25. left_eye": [
		0.44524142146110535,
		0.36641791462898254,
		-0.15230292081832886,
		0.998306155204773
	],
	"26. right_eye": [
		0.43606439232826233,
		0.35906553268432617,
		-0.16401571035385132,
		0.9977681040763855
	],
	"27. left_ear": [
		0.442966490983963,
		0.37345293164253235,
		-0.06249505653977394,
		0.997123122215271
	],
	"28. right_ear": [
		0.42542487382888794,
		0.3599703907966614,
		-0.11209212988615036,
		0.9979177713394165
	],
	"time stamp": 23
}