{
	"1. left_hip": [
		0.388031929731369,
		0.6065735816955566,
		0.04315326362848282,
		0.9995664358139038
	],
	"2. left_knee": [
		0.41006723046302795,
		0.7356703877449036,
		0.006619960069656372,
		0.9788628220558167
	],
	"3. left_ankle": [
		0.450715035200119,
		0.8429137468338013,
		0.06516574323177338,
		0.9431745409965515
	],
	"6. right_hip": [
		0.3535148799419403,
		0.5941206216812134,
		-0.043133631348609924,
		0.9997915029525757
	],
	"7. right_knee": [
		0.36893436312675476,
		0.7387776970863342,
		-0.03778865188360214,
		0.9920086860656738
	],
	"8. right_ankle": [
		0.36157625913619995,
		0.8381349444389343,
		0.0612962543964386,
		0.9895238876342773
	],
	"14. left_shoulder": [
		0.43845975399017334,
		0.45516273379325867,
		0.02082897163927555,
		0.9978810548782349
	],
	"15. left_elbow": [
		0.4251319468021393,
		0.534027099609375,
		0.03309415653347969,
		0.7287165522575378
	],
	"16. left_wrist": [
		0.40590643882751465,
		0.5924389958381653,
		-0.04512898251414299,
		0.640313982963562
	],
	"19. right_shoulder": [
		0.397929847240448,
		0.40597254037857056,
		-0.12148693948984146,
		0.9994657039642334
	],
	"20. right_elbow": [
		0.4152009189128876,
		0.3176655173301697,
		-0.1958087533712387,
		0.9058370590209961
	],
	"21. right_wrist": [
		0.42650407552719116,
		0.2358420491218567,
		-0.1826784759759903,
		0.9309341311454773
	],
	"24. nose": [
		0.44299277663230896,
		0.3824273347854614,
		-0.15046890079975128,
		0.9992201924324036
	],
	"25. left_eye": [
		0.4468781650066376,
		0.3731713891029358,
		-0.13325726985931396,
		0.9982811212539673
	],
	"26. right_eye": [
		0.43786174058914185,
		0.36482056975364685,
		-0.14090372622013092,
		0.9976159334182739
	],
	"27. left_ear": [
		0.4456208050251007,
		0.38119447231292725,
		-0.048504434525966644,
		0.9970560669898987
	],
	"28. right_ear": [
		0.42747849225997925,
		0.36564043164253235,
		-0.08167392015457153,
		0.9977313280105591
	],
	"time stamp": 23
}