{
	"1. left_hip": [
		0.38438618183135986,
		0.6066071391105652,
		0.04504252225160599,
		0.9995813965797424
	],
	"2. left_knee": [
		0.4083786606788635,
		0.7358161807060242,
		-0.022540321573615074,
		0.9722626209259033
	],
	"3. left_ankle": [
		0.4506499171257019,
		0.8429840803146362,
		-0.01131915207952261,
		0.9412333965301514
	],
	"6. right_hip": [
		0.3507300019264221,
		0.5940829515457153,
		-0.044981103390455246,
		0.9998005628585815
	],
	"7. right_knee": [
		0.36891597509384155,
		0.737578272819519,
		-0.04563526064157486,
		0.9920881390571594
	],
	"8. right_ankle": [
		0.361232191324234,
		0.8376681804656982,
		0.03244824707508087,
		0.9891172051429749
	],
	"14. left_shoulder": [
		0.43839049339294434,
		0.46425169706344604,
		0.04568292945623398,
		0.9980480670928955
	],
	"15. left_elbow": [
		0.4248127043247223,
		0.5461065769195557,
		0.028796810656785965,
		0.7186807990074158
	],
	"16. left_wrist": [
		0.40455225110054016,
		0.5960054397583008,
		-0.06594256311655045,
		0.641752302646637
	],
	"19. right_shoulder": [
		0.3975146412849426,
		0.4089222848415375,
		-0.07054823637008667,
		0.9995079040527344
	],
	"20. right_elbow": [
		0.41397544741630554,
		0.31912073493003845,
		-0.15089595317840576,
		0.9151926040649414
	],
	"21. right_wrist": [
		0.4270491302013397,
		0.23811331391334534,
		-0.15894877910614014,
		0.9376174807548523
	],
	"24. nose": [
		0.44321542978286743,
		0.386029988527298,
		-0.12236882001161575,
		0.9992794990539551
	],
	"25. left_eye": [
		0.44673416018486023,
		0.3758769929409027,
		-0.10301779210567474,
		0.9984223246574402
	],
	"26. right_eye": [
		0.4381614029407501,
		0.3680833578109741,
		-0.10879536718130112,
		0.9977829456329346
	],
	"27. left_ear": [
		0.4453369379043579,
		0.38461631536483765,
		-0.015114406123757362,
		0.997287929058075
	],
	"28. right_ear": [
		0.42715248465538025,
		0.3694475293159485,
		-0.04016893729567528,
		0.997856616973877
	],
	"time stamp": 23
}