{
	"1. left_hip": [
		0.3857644498348236,
		0.6061916947364807,
		0.04469652473926544,
		0.9995709657669067
	],
	"2. left_knee": [
		0.4115719199180603,
		0.7358183264732361,
		-0.009237841702997684,
		0.9688338041305542
	],
	"3. left_ankle": [
		0.45131024718284607,
		0.8388935327529907,
		0.06800830364227295,
		0.9386141300201416
	],
	"6. right_hip": [
		0.3503251373767853,
		0.5940304398536682,
		-0.04465825483202934,
		0.9997986555099487
	],
	"7. right_knee": [
		0.36888402700424194,
		0.7380398511886597,
		-0.05549943819642067,
		0.9917765259742737
	],
	"8. right_ankle": [
		0.36065664887428284,
		0.8386121988296509,
		0.04877915978431702,
		0.988409698009491
	],
	"14. left_shoulder": [
		0.4386574625968933,
		0.46454718708992004,
		0.03420856595039368,
		0.9982066750526428
	],
	"15. left_elbow": [
		0.4255327880382538,
		0.5461281538009644,
		0.031883355230093,
		0.7188220024108887
	],
	"16. left_wrist": [
		0.40418532490730286,
		0.5996009111404419,
		-0.05397462099790573,
		0.6556753516197205
	],
	"19. right_shoulder": [
		0.39745670557022095,
		0.41086655855178833,
		-0.0787510871887207,
		0.9995341897010803
	],
	"20. right_elbow": [
		0.4141034185886383,
		0.32065120339393616,
		-0.15764909982681274,
		0.9235832691192627
	],
	"21. right_wrist": [
		0.42903175950050354,
		0.2409135401248932,
		-0.1832743138074875,
		0.9436706900596619
	],
	"24. nose": [
		0.44235357642173767,
		0.38563936948776245,
		-0.13906553387641907,
		0.9993079900741577
	],
	"25. left_eye": [
		0.4460035562515259,
		0.3746373951435089,
		-0.12008536607027054,
		0.9985089898109436
	],
	"26. right_eye": [
		0.43721669912338257,
		0.36837661266326904,
		-0.12624596059322357,
		0.9978048205375671
	],
	"27. left_ear": [
		0.445363312959671,
		0.3832947611808777,
		-0.031249072402715683,
		0.9974298477172852
	],
	"28. right_ear": [
		0.42666754126548767,
		0.3697353005409241,
		-0.056985124945640564,
		0.9977591037750244
	],
	"time stamp": 23
}