{
	"1. left_hip": [
		0.38720300793647766,
		0.6060600876808167,
		0.04420943558216095,
		0.9995633959770203
	],
	"2. left_knee": [
		0.4131128191947937,
		0.7329897284507751,
		-0.006639015860855579,
		0.9670591354370117
	],
	"3. left_ankle": [
		0.45067158341407776,
		0.8355429768562317,
		0.057249248027801514,
		0.9380787014961243
	],
	"6. right_hip": [
		0.35062018036842346,
		0.5943107008934021,
		-0.04417434707283974,
		0.9997961521148682
	],
	"7. right_knee": [
		0.3683805763721466,
		0.7376291751861572,
		-0.06007302924990654,
		0.991874635219574
	],
	"8. right_ankle": [
		0.3606630861759186,
		0.8347979784011841,
		0.03090818226337433,
		0.9881162047386169
	],
	"14. left_shoulder": [
		0.43842482566833496,
		0.460600882768631,
		0.018328089267015457,
		0.9983659386634827
	],
	"15. left_elbow": [
		0.4246574342250824,
		0.5428788661956787,
		0.013470681384205818,
		0.7264360189437866
	],
	"16. left_wrist": [
		0.4056255519390106,
		0.5976896286010742,
		-0.07144831120967865,
		0.6771295070648193
	],
	"19. right_shoulder": [
		0.3966645300388336,
		0.4098054766654968,
		-0.08789369463920593,
		0.9995654225349426
	],
	"20. right_elbow": [
		0.4109060764312744,
		0.3178597390651703,
		-0.17209285497665405,
		0.9311447739601135
	],
	"21. right_wrist": [
		0.4247068464756012,
		0.2385723739862442,
		-0.19201095402240753,
		0.9491492509841919
	],
	"24. nose": [
		0.44076359272003174,
		0.38511544466018677,
		-0.15016014873981476,
		0.9993573427200317
	],
	"25. left_eye": [
		0.4447636604309082,
		0.3740348517894745,
		-0.1322915256023407,
		0.9986267685890198
	],
	"26. right_eye": [
		0.4355451464653015,
		0.36851534247398376,
		-0.13856393098831177,
		0.9979351758956909
	],
	"27. left_ear": [
		0.445128858089447,
		0.3812602460384369,
		-0.045377325266599655,
		0.9976294636726379
	],
	"28. right_ear": [
		0.42608872056007385,
		0.36917516589164734,
		-0.07199253141880035,
		0.9978302121162415
	],
	"time stamp": 23
}