{
	"1. left_hip": [
		0.38767117261886597,
		0.6055667996406555,
		0.042022328823804855,
		0.9995601773262024
	],
	"2. left_knee": [
		0.41306617856025696,
		0.731628954410553,
		-0.009095649234950542,
		0.9662444591522217
	],
	"3. left_ankle": [
		0.4497424364089966,
		0.8335342407226562,
		0.06416892260313034,
		0.9384915828704834
	],
	"6. right_hip": [
		0.351265549659729,
		0.5943633913993835,
		-0.042002566158771515,
		0.9997917413711548
	],
	"7. right_knee": [
		0.36809682846069336,
		0.7364292740821838,
		-0.07109019160270691,
		0.9917882680892944
	],
	"8. right_ankle": [
		0.36064207553863525,
		0.8327540755271912,
		0.026004215702414513,
		0.9876385927200317
	],
	"14. left_shoulder": [
		0.43693220615386963,
		0.45732471346855164,
		0.011907648295164108,
		0.9985188841819763
	],
	"15. left_elbow": [
		0.42236942052841187,
		0.5453116297721863,
		0.010214661248028278,
		0.7405411601066589
	],
	"16. left_wrist": [
		0.4039522707462311,
		0.5979044437408447,
		-0.07329630106687546,
		0.7001640200614929
	],
	"19. right_shoulder": [
		0.3953022062778473,
		0.40861061215400696,
		-0.08634304255247116,
		0.9995939135551453
	],
	"20. right_elbow": [
		0.40700483322143555,
		0.3104948103427887,
		-0.15400709211826324,
		0.9379170536994934
	],
	"21. right_wrist": [
		0.41900476813316345,
		0.2302834689617157,
		-0.18848073482513428,
		0.9540130496025085
	],
	"24. nose": [
		0.43864238262176514,
		0.38168954849243164,
		-0.15058369934558868,
		0.9994072318077087
	],
	"25. left_eye": [
		0.44230830669403076,
		0.3705067038536072,
		-0.13358815014362335,
		0.998741865158081
	],
	"26. right_eye": [
		0.433145672082901,
		0.3653356730937958,
		-0.13908804953098297,
		0.9980658292770386
	],
	"27. left_ear": [
		0.44185757637023926,
		0.3778182864189148,
		-0.05004531890153885,
		0.9978260397911072
	],
	"28. right_ear": [
		0.4216361939907074,
		0.366835355758667,
		-0.07398232072591782,
		0.9979038238525391
	],
	"time stamp": 23
}