{
	"1. left_hip": [
		0.38732829689979553,
		0.6053926348686218,
		0.044202134013175964,
		0.9995652437210083
	],
	"2. left_knee": [
		0.414384126663208,
		0.7311230897903442,
		-0.002446497557684779,
		0.9663459062576294
	],
	"3. left_ankle": [
		0.4501112997531891,
		0.832947313785553,
		0.06739632040262222,
		0.9401304125785828
	],
	"6. right_hip": [
		0.3503178060054779,
		0.5943472981452942,
		-0.04422091320157051,
		0.9997942447662354
	],
	"7. right_knee": [
		0.36755573749542236,
		0.7361666560173035,
		-0.07374149560928345,
		0.9919299483299255
	],
	"8. right_ankle": [
		0.3607022166252136,
		0.8320204615592957,
		0.031820569187402725,
		0.9876636266708374
	],
	"14. left_shoulder": [
		0.4349585473537445,
		0.4545380175113678,
		0.011426049284636974,
		0.9986568093299866
	],
	"15. left_elbow": [
		0.42141982913017273,
		0.5420759916305542,
		0.014337925240397453,
		0.7535916566848755
	],
	"16. left_wrist": [
		0.404690146446228,
		0.5971788763999939,
		-0.061736851930618286,
		0.7222089767456055
	],
	"19. right_shoulder": [
		0.39060911536216736,
		0.40432801842689514,
		-0.09157419204711914,
		0.9996252059936523
	],
	"20. right_elbow": [
		0.3995061218738556,
		0.3022974133491516,
		-0.18755418062210083,
		0.9440207481384277
	],
	"21. right_wrist": [
		0.4134003221988678,
		0.22527694702148438,
		-0.2623682916164398,
		0.958452045917511
	],
	"24. nose": [
		0.433296263217926,
		0.3799198269844055,
		-0.15238694846630096,
		0.999452531337738
	],
	"25. left_eye": [
		0.43685969710350037,
		0.36883923411369324,
		-0.13536930084228516,
		0.998845100402832
	],
	"26. right_eye": [
		0.4275854229927063,
		0.36477309465408325,
		-0.14089395105838776,
		0.9981915950775146
	],
	"27. left_ear": [
		0.43681037425994873,
		0.3757024109363556,
		-0.0521710105240345,
		0.9980006814002991
	],
	"28. right_ear": [
		0.4155712127685547,
		0.3655436635017395,
		-0.07627283781766891,
		0.9979915618896484
	],
	"time stamp": 23
}