{
	"1. left_hip": [
		0.38773128390312195,
		0.6018217206001282,
		0.04380295053124428,
		0.9995723366737366
	],
	"2. left_knee": [
		0.4147205352783203,
		0.726582407951355,
		-0.0018222699873149395,
		0.96721351146698
	],
	"3. left_ankle": [
		0.45040249824523926,
		0.8342673182487488,
		0.075461745262146,
		0.9425134658813477
	],
	"6. right_hip": [
		0.3504899740219116,
		0.5926309823989868,
		-0.04384076967835426,
		0.9997966885566711
	],
	"7. right_knee": [
		0.3669569492340088,
		0.7358579635620117,
		-0.06671041995286942,
		0.9919707179069519
	],
	"8. right_ankle": [
		0.360696941614151,
		0.8311571478843689,
		0.042880553752183914,
		0.9875355362892151
	],
	"14. left_shoulder": [
		0.4321822226047516,
		0.4464007019996643,
		0.009366344660520554,
		0.998783528804779
	],
	"15. left_elbow": [
		0.4221552610397339,
		0.5379752516746521,
		0.010842706076800823,
		0.7683044672012329
	],
	"16. left_wrist": [
		0.40509384870529175,
		0.5945565700531006,
		-0.06892172247171402,
		0.7441990375518799
	],
	"19. right_shoulder": [
		0.3830568194389343,
		0.39545872807502747,
		-0.09643156826496124,
		0.9996533393859863
	],
	"20. right_elbow": [
		0.3849707543849945,
		0.29251936078071594,
		-0.22245274484157562,
		0.9495024085044861
	],
	"21. right_wrist": [
		0.4012725055217743,
		0.21841314435005188,
		-0.3417283892631531,
		0.9624221920967102
	],
	"24. nose": [
		0.4274549186229706,
		0.363837867975235,
		-0.1526421308517456,
		0.9994956254959106
	],
	"25. left_eye": [
		0.43095147609710693,
		0.35443562269210815,
		-0.13690400123596191,
		0.9989399909973145
	],
	"26. right_eye": [
		0.4210202693939209,
		0.35100406408309937,
		-0.14197853207588196,
		0.9983189105987549
	],
	"27. left_ear": [
		0.43071669340133667,
		0.3610174357891083,
		-0.05532415956258774,
		0.9981641173362732
	],
	"28. right_ear": [
		0.40903180837631226,
		0.3562723696231842,
		-0.07833147048950195,
		0.9980940222740173
	],
	"time stamp": 23
}