{
	"1. left_hip": [
		0.388478547334671,
		0.5968627333641052,
		0.03775690868496895,
		0.9995726943016052
	],
	"2. left_knee": [
		0.41636785864830017,
		0.7152587175369263,
		-0.01345271710306406,
		0.9693846106529236
	],
	"3. left_ankle": [
		0.45167070627212524,
		0.8353588581085205,
		0.06328178942203522,
		0.9462750554084778
	],
	"6. right_hip": [
		0.35017746686935425,
		0.5911269783973694,
		-0.03783029690384865,
		0.9997928142547607
	],
	"7. right_knee": [
		0.3639492094516754,
		0.7316864132881165,
		-0.026379438117146492,
		0.991776168346405
	],
	"8. right_ankle": [
		0.36069512367248535,
		0.8312171697616577,
		0.10267791152000427,
		0.9870926737785339
	],
	"14. left_shoulder": [
		0.4270452857017517,
		0.42684081196784973,
		-0.01620948128402233,
		0.9988890290260315
	],
	"15. left_elbow": [
		0.42318326234817505,
		0.5157801508903503,
		-0.020887356251478195,
		0.780950129032135
	],
	"16. left_wrist": [
		0.40746715664863586,
		0.5918830037117004,
		-0.11591623723506927,
		0.7601650357246399
	],
	"19. right_shoulder": [
		0.3720482289791107,
		0.38401058316230774,
		-0.10293795168399811,
		0.9996705651283264
	],
	"20. right_elbow": [
		0.3524949550628662,
		0.29760855436325073,
		-0.23242411017417908,
		0.9544425010681152
	],
	"21. right_wrist": [
		0.3699621856212616,
		0.22395730018615723,
		-0.3702191412448883,
		0.9658527970314026
	],
	"24. nose": [
		0.4201657176017761,
		0.3449694812297821,
		-0.18393175303936005,
		0.9995266199111938
	],
	"25. left_eye": [
		0.4232902228832245,
		0.33566904067993164,
		-0.16723744571208954,
		0.9990001916885376
	],
	"26. right_eye": [
		0.41233187913894653,
		0.332457572221756,
		-0.17365992069244385,
		0.9984108805656433
	],
	"27. left_ear": [
		0.42220339179039,
		0.3425935208797455,
		-0.08013471961021423,
		0.9982593059539795
	],
	"28. right_ear": [
		0.39988839626312256,
		0.33681461215019226,
		-0.10872067511081696,
		0.9981481432914734
	],
	"time stamp": 23
}