{
	"1. left_hip": [
		0.3887656629085541,
		0.5868417024612427,
		0.02890225499868393,
		0.999546468257904
	],
	"2. left_knee": [
		0.4253276586532593,
		0.6884492039680481,
		-0.05057735741138458,
		0.9715420007705688
	],
	"3. left_ankle": [
		0.45128992199897766,
		0.8348464965820312,
		-0.0007032404537312686,
		0.9504566192626953
	],
	"6. right_hip": [
		0.35083693265914917,
		0.5847718119621277,
		-0.028904348611831665,
		0.9997751116752625
	],
	"7. right_knee": [
		0.36105087399482727,
		0.7117406129837036,
		-0.049666326493024826,
		0.9917973875999451
	],
	"8. right_ankle": [
		0.3607005476951599,
		0.8306388854980469,
		0.02855711802840233,
		0.9869703650474548
	],
	"14. left_shoulder": [
		0.4239150583744049,
		0.4173387885093689,
		-0.011317755095660686,
		0.9989833235740662
	],
	"15. left_elbow": [
		0.4228043854236603,
		0.5030548572540283,
		-0.018760696053504944,
		0.7904552817344666
	],
	"16. left_wrist": [
		0.40764302015304565,
		0.5782932639122009,
		-0.11038634926080704,
		0.7695868611335754
	],
	"19. right_shoulder": [
		0.36404672265052795,
		0.3799232840538025,
		-0.07034723460674286,
		0.9996909499168396
	],
	"20. right_elbow": [
		0.3348156809806824,
		0.3023020923137665,
		-0.21032342314720154,
		0.9588972330093384
	],
	"21. right_wrist": [
		0.352533221244812,
		0.2258930802345276,
		-0.3331930339336395,
		0.9688682556152344
	],
	"24. nose": [
		0.4130788743495941,
		0.3420086205005646,
		-0.16004781424999237,
		0.9995445013046265
	],
	"25. left_eye": [
		0.4165342450141907,
		0.3320428729057312,
		-0.14548678696155548,
		0.9990370273590088
	],
	"26. right_eye": [
		0.4053608775138855,
		0.32815811038017273,
		-0.1502983570098877,
		0.9984656572341919
	],
	"27. left_ear": [
		0.4148409366607666,
		0.3374694585800171,
		-0.0661236047744751,
		0.998322606086731
	],
	"28. right_ear": [
		0.3932439982891083,
		0.33156201243400574,
		-0.08754560351371765,
		0.9981884360313416
	],
	"time stamp": 23
}