{
	"1. left_hip": [
		0.3901315927505493,
		0.5864205360412598,
		0.028077371418476105,
		0.9995072484016418
	],
	"2. left_knee": [
		0.4336061179637909,
		0.6851748824119568,
		-0.044327329844236374,
		0.9736828207969666
	],
	"3. left_ankle": [
		0.44491782784461975,
		0.8281254172325134,
		0.0379360169172287,
		0.9543518424034119
	],
	"6. right_hip": [
		0.3512744903564453,
		0.585301399230957,
		-0.028051434084773064,
		0.9997476935386658
	],
	"7. right_knee": [
		0.3604198098182678,
		0.7133134007453918,
		-0.04302956163883209,
		0.9921250939369202
	],
	"8. right_ankle": [
		0.360979825258255,
		0.8308834433555603,
		0.05974133312702179,
		0.9874367713928223
	],
	"14. left_shoulder": [
		0.42089828848838806,
		0.4075082540512085,
		-0.01668635942041874,
		0.9990484118461609
	],
	"15. left_elbow": [
		0.4224443733692169,
		0.4982176125049591,
		-0.01834862120449543,
		0.7963072657585144
	],
	"16. left_wrist": [
		0.41171038150787354,
		0.5642130374908447,
		-0.106284961104393,
		0.7770865559577942
	],
	"19. right_shoulder": [
		0.35877567529678345,
		0.3787992298603058,
		-0.07671941816806793,
		0.999701201915741
	],
	"20. right_elbow": [
		0.3161388337612152,
		0.3212971091270447,
		-0.20480161905288696,
		0.9629411101341248
	],
	"21. right_wrist": [
		0.3360973596572876,
		0.25467899441719055,
		-0.34256982803344727,
		0.9716848134994507
	],
	"24. nose": [
		0.4087134897708893,
		0.3362905979156494,
		-0.17213886976242065,
		0.9995582103729248
	],
	"25. left_eye": [
		0.4119311571121216,
		0.3257615566253662,
		-0.1574058085680008,
		0.9990618228912354
	],
	"26. right_eye": [
		0.4019477963447571,
		0.32069820165634155,
		-0.16212739050388336,
		0.9985289573669434
	],
	"27. left_ear": [
		0.4107297956943512,
		0.3310815393924713,
		-0.0727250799536705,
		0.9983554482460022
	],
	"28. right_ear": [
		0.3892788589000702,
		0.3224167823791504,
		-0.09527426213026047,
		0.9982470273971558
	],
	"time stamp": 23
}