{
	"1. left_hip": [
		0.3937830328941345,
		0.5871243476867676,
		0.029133211821317673,
		0.9995120763778687
	],
	"2. left_knee": [
		0.43880346417427063,
		0.67433100938797,
		-0.13081268966197968,
		0.9757497310638428
	],
	"3. left_ankle": [
		0.43717822432518005,
		0.8127506971359253,
		-0.011737826280295849,
		0.9578828811645508
	],
	"6. right_hip": [
		0.3538818955421448,
		0.5853797197341919,
		-0.02911127172410488,
		0.9997367858886719
	],
	"7. right_knee": [
		0.3601781725883484,
		0.7107821106910706,
		-0.05055208131670952,
		0.9922676682472229
	],
	"8. right_ankle": [
		0.3610082268714905,
		0.8305378556251526,
		0.06710419058799744,
		0.9878724813461304
	],
	"14. left_shoulder": [
		0.4186912477016449,
		0.4070907235145569,
		-0.0014413775643333793,
		0.99904865026474
	],
	"15. left_elbow": [
		0.4221642315387726,
		0.4981662631034851,
		0.012895758263766766,
		0.7907130122184753
	],
	"16. left_wrist": [
		0.4142719507217407,
		0.562023401260376,
		-0.05593737214803696,
		0.767706036567688
	],
	"19. right_shoulder": [
		0.3541768193244934,
		0.37990298867225647,
		-0.06965883821249008,
		0.9997020363807678
	],
	"20. right_elbow": [
		0.3066425323486328,
		0.35241958498954773,
		-0.20373809337615967,
		0.9665510654449463
	],
	"21. right_wrist": [
		0.3223362863063812,
		0.2880133390426636,
		-0.33928385376930237,
		0.97414231300354
	],
	"24. nose": [
		0.40424683690071106,
		0.33325809240341187,
		-0.1611412763595581,
		0.9995723366737366
	],
	"25. left_eye": [
		0.40800851583480835,
		0.322548508644104,
		-0.14454679191112518,
		0.99908447265625
	],
	"26. right_eye": [
		0.39678439497947693,
		0.3161943554878235,
		-0.14996492862701416,
		0.9986034035682678
	],
	"27. left_ear": [
		0.4083802402019501,
		0.32959654927253723,
		-0.05657025799155235,
		0.9984028339385986
	],
	"28. right_ear": [
		0.3849455714225769,
		0.3192727267742157,
		-0.0825798436999321,
		0.9983127117156982
	],
	"time stamp": 23
}