{
	"1. left_hip": [
		0.4004870057106018,
		0.5878512263298035,
		0.021595928817987442,
		0.9995311498641968
	],
	"2. left_knee": [
		0.4492024779319763,
		0.6613354682922363,
		-0.18481940031051636,
		0.9779372811317444
	],
	"3. left_ankle": [
		0.4275442063808441,
		0.7664732336997986,
		0.009444963186979294,
		0.9608989357948303
	],
	"6. right_hip": [
		0.3593601882457733,
		0.5916597843170166,
		-0.02152574062347412,
		0.9997150897979736
	],
	"7. right_knee": [
		0.36159148812294006,
		0.7126984596252441,
		-0.03546437248587608,
		0.9917451739311218
	],
	"8. right_ankle": [
		0.36196285486221313,
		0.8289753198623657,
		0.15652704238891602,
		0.9876559376716614
	],
	"14. left_shoulder": [
		0.4169166088104248,
		0.4037316143512726,
		-0.00907480251044035,
		0.9991248846054077
	],
	"15. left_elbow": [
		0.4236376881599426,
		0.49557197093963623,
		0.005802812986075878,
		0.7978212237358093
	],
	"16. left_wrist": [
		0.42110222578048706,
		0.5631948113441467,
		-0.07731512933969498,
		0.7759748101234436
	],
	"19. right_shoulder": [
		0.3493776321411133,
		0.3836493194103241,
		-0.05444781109690666,
		0.9996899366378784
	],
	"20. right_elbow": [
		0.30078887939453125,
		0.42230793833732605,
		-0.17871639132499695,
		0.9694796800613403
	],
	"21. right_wrist": [
		0.30293920636177063,
		0.3664599061012268,
		-0.34747883677482605,
		0.9757117629051208
	],
	"24. nose": [
		0.3976726531982422,
		0.3327254354953766,
		-0.16152122616767883,
		0.9996048808097839
	],
	"25. left_eye": [
		0.4019967019557953,
		0.32053008675575256,
		-0.14471480250358582,
		0.9991523027420044
	],
	"26. right_eye": [
		0.3892670273780823,
		0.31556054949760437,
		-0.15120483934879303,
		0.9987102150917053
	],
	"27. left_ear": [
		0.40356507897377014,
		0.32856571674346924,
		-0.0581100694835186,
		0.9985361099243164
	],
	"28. right_ear": [
		0.37705785036087036,
		0.3214671313762665,
		-0.07922656834125519,
		0.9984082579612732
	],
	"time stamp": 23
}