{
	"1. left_hip": [
		0.40474581718444824,
		0.5914607644081116,
		0.02160792611539364,
		0.9991665482521057
	],
	"2. left_knee": [
		0.45532840490341187,
		0.6549593806266785,
		-0.16450299322605133,
		0.9788005948066711
	],
	"3. left_ankle": [
		0.4247201979160309,
		0.7364098429679871,
		0.027132079005241394,
		0.9594628810882568
	],
	"6. right_hip": [
		0.36358240246772766,
		0.5972619652748108,
		-0.021571116521954536,
		0.9996200203895569
	],
	"7. right_knee": [
		0.3652188777923584,
		0.712106466293335,
		-0.1996225267648697,
		0.9912922978401184
	],
	"8. right_ankle": [
		0.36190488934516907,
		0.831754207611084,
		-0.049194205552339554,
		0.9875097274780273
	],
	"14. left_shoulder": [
		0.4161873161792755,
		0.40718206763267517,
		-0.03657708317041397,
		0.9990817308425903
	],
	"15. left_elbow": [
		0.4244881868362427,
		0.5033401250839233,
		-0.044428810477256775,
		0.7968040704727173
	],
	"16. left_wrist": [
		0.42164817452430725,
		0.5642828941345215,
		-0.12984618544578552,
		0.7666352987289429
	],
	"19. right_shoulder": [
		0.3460942208766937,
		0.3976535499095917,
		-0.0595930851995945,
		0.9996952414512634
	],
	"20. right_elbow": [
		0.3003232181072235,
		0.4597184360027313,
		-0.15846022963523865,
		0.9719650745391846
	],
	"21. right_wrist": [
		0.2971873879432678,
		0.38972795009613037,
		-0.3335215449333191,
		0.9771222472190857
	],
	"24. nose": [
		0.39293551445007324,
		0.33562663197517395,
		-0.17873939871788025,
		0.9996103048324585
	],
	"25. left_eye": [
		0.39799317717552185,
		0.323431134223938,
		-0.16272036731243134,
		0.9991313815116882
	],
	"26. right_eye": [
		0.3841201663017273,
		0.3189353942871094,
		-0.16596545279026031,
		0.998765230178833
	],
	"27. left_ear": [
		0.40052905678749084,
		0.3312844932079315,
		-0.07730851322412491,
		0.9985173344612122
	],
	"28. right_ear": [
		0.37150394916534424,
		0.32431143522262573,
		-0.09116944670677185,
		0.9984514117240906
	],
	"time stamp": 23
}