{
	"1. left_hip": [
		0.40626370906829834,
		0.5927228927612305,
		0.018253641203045845,
		0.9990904927253723
	],
	"2. left_knee": [
		0.45940786600112915,
		0.6504173874855042,
		-0.1561030149459839,
		0.9802664518356323
	],
	"3. left_ankle": [
		0.415253221988678,
		0.720099151134491,
		0.06243797019124031,
		0.9581889510154724
	],
	"6. right_hip": [
		0.36624109745025635,
		0.6009508967399597,
		-0.018229657784104347,
		0.9995672106742859
	],
	"7. right_knee": [
		0.3667357563972473,
		0.719330370426178,
		-0.11725756525993347,
		0.9904929995536804
	],
	"8. right_ankle": [
		0.36191266775131226,
		0.8346208930015564,
		-0.022845594212412834,
		0.9874048829078674
	],
	"14. left_shoulder": [
		0.4129578173160553,
		0.4071599841117859,
		-0.05501372739672661,
		0.9991232752799988
	],
	"15. left_elbow": [
		0.42520368099212646,
		0.5032111406326294,
		-0.04812736436724663,
		0.8076054453849792
	],
	"16. left_wrist": [
		0.4251139760017395,
		0.5635359287261963,
		-0.13479597866535187,
		0.776664674282074
	],
	"19. right_shoulder": [
		0.3428746461868286,
		0.4104247987270355,
		-0.07302802801132202,
		0.9996843934059143
	],
	"20. right_elbow": [
		0.3106892704963684,
		0.48864471912384033,
		-0.16887569427490234,
		0.9739982485771179
	],
	"21. right_wrist": [
		0.2974986135959625,
		0.42121464014053345,
		-0.3649226129055023,
		0.9786824584007263
	],
	"24. nose": [
		0.39034900069236755,
		0.3365374505519867,
		-0.2121196687221527,
		0.9996328949928284
	],
	"25. left_eye": [
		0.3951749801635742,
		0.3248201012611389,
		-0.19510072469711304,
		0.9991691708564758
	],
	"26. right_eye": [
		0.38277000188827515,
		0.32061687111854553,
		-0.19985593855381012,
		0.9988519549369812
	],
	"27. left_ear": [
		0.3970501124858856,
		0.33275869488716125,
		-0.10221956670284271,
		0.9986174702644348
	],
	"28. right_ear": [
		0.3691217005252838,
		0.3257482647895813,
		-0.12454263120889664,
		0.9985137581825256
	],
	"time stamp": 23
}