{
	"1. left_hip": [
		0.40750816464424133,
		0.5949364900588989,
		0.017227964475750923,
		0.9991072416305542
	],
	"2. left_knee": [
		0.45982810854911804,
		0.6447593569755554,
		-0.15953615307807922,
		0.9816972017288208
	],
	"3. left_ankle": [
		0.4144114851951599,
		0.706945538520813,
		0.05768918618559837,
		0.9558987617492676
	],
	"6. right_hip": [
		0.3678256571292877,
		0.606366753578186,
		-0.017199696972966194,
		0.9995540976524353
	],
	"7. right_knee": [
		0.36749354004859924,
		0.728637158870697,
		-0.06506608426570892,
		0.9895060658454895
	],
	"8. right_ankle": [
		0.36211371421813965,
		0.8379955887794495,
		0.09506799280643463,
		0.9871156215667725
	],
	"14. left_shoulder": [
		0.4123675227165222,
		0.40831324458122253,
		-0.053340017795562744,
		0.9991819858551025
	],
	"15. left_elbow": [
		0.42780742049217224,
		0.5016607046127319,
		-0.03589565306901932,
		0.8204711675643921
	],
	"16. left_wrist": [
		0.42763832211494446,
		0.5634204149246216,
		-0.1204962432384491,
		0.78913414478302
	],
	"19. right_shoulder": [
		0.3419114351272583,
		0.41755545139312744,
		-0.07306990772485733,
		0.9996868371963501
	],
	"20. right_elbow": [
		0.3155789375305176,
		0.5048295259475708,
		-0.16154137253761292,
		0.9755570888519287
	],
	"21. right_wrist": [
		0.2988206744194031,
		0.44482722878456116,
		-0.3526419997215271,
		0.980046808719635
	],
	"24. nose": [
		0.388300359249115,
		0.33957502245903015,
		-0.21906045079231262,
		0.9996641874313354
	],
	"25. left_eye": [
		0.3931746780872345,
		0.3282131552696228,
		-0.20272374153137207,
		0.9992372393608093
	],
	"26. right_eye": [
		0.3813115954399109,
		0.3238649070262909,
		-0.20760215818881989,
		0.9989550709724426
	],
	"27. left_ear": [
		0.39523085951805115,
		0.33500099182128906,
		-0.10776297748088837,
		0.9987432360649109
	],
	"28. right_ear": [
		0.3677544593811035,
		0.3294813334941864,
		-0.13106587529182434,
		0.9986289143562317
	],
	"time stamp": 23
}