{
	"1. left_hip": [
		0.4081234335899353,
		0.5972458720207214,
		0.016241172328591347,
		0.9991427063941956
	],
	"2. left_knee": [
		0.46291640400886536,
		0.643406867980957,
		-0.14078842103481293,
		0.9830570220947266
	],
	"3. left_ankle": [
		0.4165101945400238,
		0.7045639753341675,
		0.09084726125001907,
		0.9546502828598022
	],
	"6. right_hip": [
		0.36935195326805115,
		0.6081886887550354,
		-0.016243990510702133,
		0.9995580911636353
	],
	"7. right_knee": [
		0.3676798343658447,
		0.7354745864868164,
		-0.04704255983233452,
		0.9890162348747253
	],
	"8. right_ankle": [
		0.3621646463871002,
		0.8414744138717651,
		0.13131554424762726,
		0.9873150587081909
	],
	"14. left_shoulder": [
		0.4122655987739563,
		0.40912339091300964,
		-0.05720914155244827,
		0.9992181658744812
	],
	"15. left_elbow": [
		0.4295960068702698,
		0.5006781816482544,
		-0.03687072545289993,
		0.8319405317306519
	],
	"16. left_wrist": [
		0.42928871512413025,
		0.5591434836387634,
		-0.12130755186080933,
		0.8009325861930847
	],
	"19. right_shoulder": [
		0.34323641657829285,
		0.42041298747062683,
		-0.07346917688846588,
		0.9996887445449829
	],
	"20. right_elbow": [
		0.3189091086387634,
		0.5089172124862671,
		-0.1521630883216858,
		0.9772473573684692
	],
	"21. right_wrist": [
		0.30120134353637695,
		0.4494572579860687,
		-0.3415014445781708,
		0.9815728068351746
	],
	"24. nose": [
		0.38841304183006287,
		0.3432506322860718,
		-0.22170095145702362,
		0.999691903591156
	],
	"25. left_eye": [
		0.3934933543205261,
		0.33324360847473145,
		-0.20578475296497345,
		0.999294638633728
	],
	"26. right_eye": [
		0.3820713460445404,
		0.32745420932769775,
		-0.20958808064460754,
		0.9990466237068176
	],
	"27. left_ear": [
		0.3950004279613495,
		0.33901849389076233,
		-0.11219683289527893,
		0.9988491535186768
	],
	"28. right_ear": [
		0.3702870309352875,
		0.3312780261039734,
		-0.1312236487865448,
		0.9987263083457947
	],
	"time stamp": 23
}