{
	"1. left_hip": [
		0.40988805890083313,
		0.5968679785728455,
		0.017885703593492508,
		0.999186098575592
	],
	"2. left_knee": [
		0.46506059169769287,
		0.6421747803688049,
		-0.11881829798221588,
		0.9844465255737305
	],
	"3. left_ankle": [
		0.42022427916526794,
		0.7100323438644409,
		0.116306833922863,
		0.9570664167404175
	],
	"6. right_hip": [
		0.3719716966152191,
		0.6065623164176941,
		-0.017890268936753273,
		0.9995704293251038
	],
	"7. right_knee": [
		0.3686998784542084,
		0.7336919903755188,
		-0.0458587110042572,
		0.9895028471946716
	],
	"8. right_ankle": [
		0.3618055582046509,
		0.8415279984474182,
		0.1173873171210289,
		0.9881874322891235
	],
	"14. left_shoulder": [
		0.412861168384552,
		0.40891268849372864,
		-0.04878165200352669,
		0.999269962310791
	],
	"15. left_elbow": [
		0.4313940703868866,
		0.4964051842689514,
		-0.04183875024318695,
		0.843826413154602
	],
	"16. left_wrist": [
		0.43103352189064026,
		0.5559743046760559,
		-0.1340242177248001,
		0.8144773244857788
	],
	"19. right_shoulder": [
		0.3453019857406616,
		0.42045119404792786,
		-0.06892223656177521,
		0.9996997714042664
	],
	"20. right_elbow": [
		0.31755027174949646,
		0.49808400869369507,
		-0.15639102458953857,
		0.9790496230125427
	],
	"21. right_wrist": [
		0.3033054769039154,
		0.4323021471500397,
		-0.33739617466926575,
		0.982959508895874
	],
	"24. nose": [
		0.3897949457168579,
		0.3434610664844513,
		-0.20798024535179138,
		0.9997204542160034
	],
	"25. left_eye": [
		0.39531493186950684,
		0.3339349925518036,
		-0.19156496226787567,
		0.9993578195571899
	],
	"26. right_eye": [
		0.3836118280887604,
		0.3276174068450928,
		-0.19583989679813385,
		0.9991365671157837
	],
	"27. left_ear": [
		0.3970913290977478,
		0.34041252732276917,
		-0.10011671483516693,
		0.9989550113677979
	],
	"28. right_ear": [
		0.37244713306427,
		0.3314674496650696,
		-0.12092813104391098,
		0.9988369941711426
	],
	"time stamp": 23
}