{
	"1. left_hip": [
		0.41184893250465393,
		0.5957624316215515,
		0.015740325674414635,
		0.999230682849884
	],
	"2. left_knee": [
		0.46546339988708496,
		0.6427949070930481,
		-0.1198076605796814,
		0.9858216643333435
	],
	"3. left_ankle": [
		0.42546984553337097,
		0.7150863409042358,
		0.11292022466659546,
		0.960081934928894
	],
	"6. right_hip": [
		0.3736426830291748,
		0.6056567430496216,
		-0.015759460628032684,
		0.9995871782302856
	],
	"7. right_knee": [
		0.36898812651634216,
		0.7326820492744446,
		-0.04619559273123741,
		0.9900883436203003
	],
	"8. right_ankle": [
		0.3617076873779297,
		0.8411054611206055,
		0.121202252805233,
		0.9890366792678833
	],
	"14. left_shoulder": [
		0.41310733556747437,
		0.40941131114959717,
		-0.044689785689115524,
		0.99931401014328
	],
	"15. left_elbow": [
		0.43438178300857544,
		0.4971615970134735,
		-0.04717179015278816,
		0.8552083969116211
	],
	"16. left_wrist": [
		0.4327300786972046,
		0.5550501346588135,
		-0.14146248996257782,
		0.8254145383834839
	],
	"19. right_shoulder": [
		0.3472234904766083,
		0.41709208488464355,
		-0.05180234834551811,
		0.9997061491012573
	],
	"20. right_elbow": [
		0.316402405500412,
		0.48390135169029236,
		-0.1377863734960556,
		0.9806891083717346
	],
	"21. right_wrist": [
		0.3058706223964691,
		0.4092962145805359,
		-0.3047028183937073,
		0.9839214086532593
	],
	"24. nose": [
		0.3922271430492401,
		0.34111645817756653,
		-0.19416990876197815,
		0.9997462034225464
	],
	"25. left_eye": [
		0.3975159227848053,
		0.33212965726852417,
		-0.17703986167907715,
		0.9994156956672668
	],
	"26. right_eye": [
		0.3858591616153717,
		0.3252294659614563,
		-0.17880097031593323,
		0.9992172718048096
	],
	"27. left_ear": [
		0.3990357518196106,
		0.3400121331214905,
		-0.08890936523675919,
		0.9990516304969788
	],
	"28. right_ear": [
		0.37340518832206726,
		0.32863515615463257,
		-0.10014815628528595,
		0.9989371299743652
	],
	"time stamp": 23
}