{
	"1. left_hip": [
		0.41306138038635254,
		0.5937684178352356,
		0.01691504940390587,
		0.999278724193573
	],
	"2. left_knee": [
		0.46779948472976685,
		0.6439054608345032,
		-0.12099069356918335,
		0.9868453741073608
	],
	"3. left_ankle": [
		0.4320172071456909,
		0.7260184288024902,
		0.10573416203260422,
		0.9615139961242676
	],
	"6. right_hip": [
		0.3749203681945801,
		0.6049050688743591,
		-0.016926191747188568,
		0.9996044635772705
	],
	"7. right_knee": [
		0.3693796992301941,
		0.7321351170539856,
		-0.0484347827732563,
		0.9901633858680725
	],
	"8. right_ankle": [
		0.36172011494636536,
		0.8405470252037048,
		0.12585079669952393,
		0.9892899990081787
	],
	"14. left_shoulder": [
		0.41743722558021545,
		0.40872928500175476,
		-0.027189835906028748,
		0.9993384480476379
	],
	"15. left_elbow": [
		0.4369564950466156,
		0.4939746558666229,
		-0.037363506853580475,
		0.8634161949157715
	],
	"16. left_wrist": [
		0.4360533356666565,
		0.551643431186676,
		-0.12534618377685547,
		0.8320125937461853
	],
	"19. right_shoulder": [
		0.3479609787464142,
		0.4073403775691986,
		-0.04852031171321869,
		0.9997096061706543
	],
	"20. right_elbow": [
		0.31500163674354553,
		0.4813939929008484,
		-0.150570809841156,
		0.9823762774467468
	],
	"21. right_wrist": [
		0.31016817688941956,
		0.38863372802734375,
		-0.3064989745616913,
		0.9848191142082214
	],
	"24. nose": [
		0.39496201276779175,
		0.33636200428009033,
		-0.17945919930934906,
		0.9997677206993103
	],
	"25. left_eye": [
		0.4015313386917114,
		0.3281438946723938,
		-0.15941637754440308,
		0.9994637370109558
	],
	"26. right_eye": [
		0.38823288679122925,
		0.32083243131637573,
		-0.1624872386455536,
		0.9992870092391968
	],
	"27. left_ear": [
		0.40375006198883057,
		0.3370595872402191,
		-0.06405259668827057,
		0.9991340041160583
	],
	"28. right_ear": [
		0.37928131222724915,
		0.3238222599029541,
		-0.08130194991827011,
		0.9990272521972656
	],
	"time stamp": 23
}