{
	"1. left_hip": [
		0.41533517837524414,
		0.5871132612228394,
		0.03755621239542961,
		0.9993314743041992
	],
	"2. left_knee": [
		0.46812185645103455,
		0.6472916603088379,
		-0.076237253844738,
		0.9877345561981201
	],
	"3. left_ankle": [
		0.4512875974178314,
		0.7605776190757751,
		0.11935348063707352,
		0.9645695686340332
	],
	"6. right_hip": [
		0.3784140646457672,
		0.5977607369422913,
		-0.037616558372974396,
		0.9996284246444702
	],
	"7. right_knee": [
		0.36928921937942505,
		0.7309995293617249,
		-0.0625329241156578,
		0.9907405972480774
	],
	"8. right_ankle": [
		0.3617294132709503,
		0.8404454588890076,
		0.08757909387350082,
		0.9900323152542114
	],
	"14. left_shoulder": [
		0.42537468671798706,
		0.40591078996658325,
		0.010424039326608181,
		0.9991490840911865
	],
	"15. left_elbow": [
		0.439208984375,
		0.48997819423675537,
		0.00764732901006937,
		0.8456112146377563
	],
	"16. left_wrist": [
		0.43740421533584595,
		0.5495291948318481,
		-0.07882742583751678,
		0.8002076148986816
	],
	"19. right_shoulder": [
		0.36178213357925415,
		0.3862871825695038,
		-0.07939814031124115,
		0.9997029304504395
	],
	"20. right_elbow": [
		0.31685811281204224,
		0.39233437180519104,
		-0.21539224684238434,
		0.9840522408485413
	],
	"21. right_wrist": [
		0.33034470677375793,
		0.30509617924690247,
		-0.3285771608352661,
		0.9858067631721497
	],
	"24. nose": [
		0.41080382466316223,
		0.3306470513343811,
		-0.18240150809288025,
		0.9997768402099609
	],
	"25. left_eye": [
		0.41621169447898865,
		0.3210143744945526,
		-0.1601727157831192,
		0.9994871020317078
	],
	"26. right_eye": [
		0.40421202778816223,
		0.3147737979888916,
		-0.1671021729707718,
		0.9993372559547424
	],
	"27. left_ear": [
		0.4168987274169922,
		0.32896775007247925,
		-0.04961876571178436,
		0.9991622567176819
	],
	"28. right_ear": [
		0.3934099078178406,
		0.31795182824134827,
		-0.08924425393342972,
		0.9991041421890259
	],
	"time stamp": 23
}