{
	"1. left_hip": [
		0.4167647361755371,
		0.5834996700286865,
		0.03694339096546173,
		0.999383807182312
	],
	"2. left_knee": [
		0.466752290725708,
		0.6478369235992432,
		-0.07618237286806107,
		0.9883674383163452
	],
	"3. left_ankle": [
		0.4577941298484802,
		0.7837854027748108,
		0.0836767926812172,
		0.9672396779060364
	],
	"6. right_hip": [
		0.37989541888237,
		0.590991735458374,
		-0.03696876019239426,
		0.9996529817581177
	],
	"7. right_knee": [
		0.3693755865097046,
		0.7295674085617065,
		-0.04500686377286911,
		0.9912126660346985
	],
	"8. right_ankle": [
		0.36172136664390564,
		0.8402807712554932,
		0.09621390700340271,
		0.9905577898025513
	],
	"14. left_shoulder": [
		0.43207046389579773,
		0.404225617647171,
		-0.003480382263660431,
		0.9990394115447998
	],
	"15. left_elbow": [
		0.44234251976013184,
		0.49071282148361206,
		-0.007110631093382835,
		0.8367419242858887
	],
	"16. left_wrist": [
		0.4374830722808838,
		0.5507412552833557,
		-0.08964543044567108,
		0.7699238061904907
	],
	"19. right_shoulder": [
		0.3711267113685608,
		0.373867005109787,
		-0.10293653607368469,
		0.9997096657752991
	],
	"20. right_elbow": [
		0.32670021057128906,
		0.33763790130615234,
		-0.23327799141407013,
		0.9855666756629944
	],
	"21. right_wrist": [
		0.3515549302101135,
		0.266753613948822,
		-0.32587069272994995,
		0.9864231944084167
	],
	"24. nose": [
		0.42007020115852356,
		0.32635951042175293,
		-0.19421912729740143,
		0.9997851848602295
	],
	"25. left_eye": [
		0.425374835729599,
		0.3157981336116791,
		-0.1700473427772522,
		0.9995054006576538
	],
	"26. right_eye": [
		0.4133867919445038,
		0.3104996979236603,
		-0.18121962249279022,
		0.999376118183136
	],
	"27. left_ear": [
		0.42566901445388794,
		0.32347074151039124,
		-0.06166689470410347,
		0.9991918802261353
	],
	"28. right_ear": [
		0.4017370641231537,
		0.3143523931503296,
		-0.10747653990983963,
		0.9991722702980042
	],
	"time stamp": 23
}