{
	"1. left_hip": [
		0.417601615190506,
		0.5794656872749329,
		0.0417671762406826,
		0.9994297027587891
	],
	"2. left_knee": [
		0.46605825424194336,
		0.6587048768997192,
		-0.03410176932811737,
		0.9886919260025024
	],
	"3. left_ankle": [
		0.46963462233543396,
		0.7991651892662048,
		0.08179381489753723,
		0.969855546951294
	],
	"6. right_hip": [
		0.3807888329029083,
		0.5833427309989929,
		-0.04181181266903877,
		0.9996789693832397
	],
	"7. right_knee": [
		0.37053847312927246,
		0.7286850810050964,
		-0.03878108039498329,
		0.9917169809341431
	],
	"8. right_ankle": [
		0.3616279661655426,
		0.840250551700592,
		0.09577365219593048,
		0.9911566972732544
	],
	"14. left_shoulder": [
		0.43837422132492065,
		0.4026920199394226,
		0.005178762599825859,
		0.9989391565322876
	],
	"15. left_elbow": [
		0.4459233283996582,
		0.4905035197734833,
		0.0036344416439533234,
		0.8186801075935364
	],
	"16. left_wrist": [
		0.4394644498825073,
		0.5507879853248596,
		-0.06983104348182678,
		0.7396308183670044
	],
	"19. right_shoulder": [
		0.3815653920173645,
		0.3684227466583252,
		-0.11578931659460068,
		0.9997174739837646
	],
	"20. right_elbow": [
		0.34752243757247925,
		0.3100239038467407,
		-0.2594681978225708,
		0.9869024753570557
	],
	"21. right_wrist": [
		0.37020206451416016,
		0.23556599020957947,
		-0.35282546281814575,
		0.9872713685035706
	],
	"24. nose": [
		0.428752601146698,
		0.32034218311309814,
		-0.20510435104370117,
		0.9998003244400024
	],
	"25. left_eye": [
		0.4331017732620239,
		0.3099146783351898,
		-0.18015387654304504,
		0.9995410442352295
	],
	"26. right_eye": [
		0.4219251871109009,
		0.30548518896102905,
		-0.19114316999912262,
		0.9994274973869324
	],
	"27. left_ear": [
		0.4330248534679413,
		0.31786274909973145,
		-0.06500474363565445,
		0.9992452263832092
	],
	"28. right_ear": [
		0.40967512130737305,
		0.3106512427330017,
		-0.11071566492319107,
		0.9992454648017883
	],
	"time stamp": 23
}