{
	"1. left_hip": [
		0.4181343913078308,
		0.5772802233695984,
		0.04262712970376015,
		0.9994570016860962
	],
	"2. left_knee": [
		0.465470552444458,
		0.6773992776870728,
		0.029111159965395927,
		0.9875090718269348
	],
	"3. left_ankle": [
		0.477928102016449,
		0.8074675798416138,
		0.11792147904634476,
		0.9718390703201294
	],
	"6. right_hip": [
		0.3816875219345093,
		0.5779473781585693,
		-0.04272348806262016,
		0.9997009634971619
	],
	"7. right_knee": [
		0.37259992957115173,
		0.7271935343742371,
		-0.03189703822135925,
		0.9922097325325012
	],
	"8. right_ankle": [
		0.3620491623878479,
		0.8401541709899902,
		0.08759262412786484,
		0.9917364120483398
	],
	"14. left_shoulder": [
		0.44223618507385254,
		0.4020107686519623,
		-0.03425204008817673,
		0.9989470839500427
	],
	"15. left_elbow": [
		0.45028796792030334,
		0.49088791012763977,
		-0.04609344154596329,
		0.8168991804122925
	],
	"16. left_wrist": [
		0.4404618442058563,
		0.5515133738517761,
		-0.13078679144382477,
		0.7141902446746826
	],
	"19. right_shoulder": [
		0.3895052671432495,
		0.3651920258998871,
		-0.155405193567276,
		0.9997347593307495
	],
	"20. right_elbow": [
		0.37184038758277893,
		0.27572327852249146,
		-0.27464091777801514,
		0.9881002902984619
	],
	"21. right_wrist": [
		0.38984739780426025,
		0.20454812049865723,
		-0.34985578060150146,
		0.9874313473701477
	],
	"24. nose": [
		0.4355880320072174,
		0.32034188508987427,
		-0.2458316683769226,
		0.9998147487640381
	],
	"25. left_eye": [
		0.43907833099365234,
		0.30905282497406006,
		-0.2253900021314621,
		0.9995725154876709
	],
	"26. right_eye": [
		0.4268607497215271,
		0.3047388792037964,
		-0.23422472178936005,
		0.9994687438011169
	],
	"27. left_ear": [
		0.4391118586063385,
		0.3169201612472534,
		-0.11542616784572601,
		0.9992921352386475
	],
	"28. right_ear": [
		0.415662944316864,
		0.3104456663131714,
		-0.1555158644914627,
		0.9993079304695129
	],
	"time stamp": 23
}