{
	"1. left_hip": [
		0.4208681583404541,
		0.5795607566833496,
		0.045732732862234116,
		0.9994985461235046
	],
	"2. left_knee": [
		0.4599171280860901,
		0.7110281586647034,
		0.01614692434668541,
		0.9859832525253296
	],
	"3. left_ankle": [
		0.4881402254104614,
		0.8218538165092468,
		0.1244228184223175,
		0.972873330116272
	],
	"6. right_hip": [
		0.3854321837425232,
		0.579532265663147,
		-0.045869942754507065,
		0.9997230172157288
	],
	"7. right_knee": [
		0.3740321099758148,
		0.7275439500808716,
		-0.037391915917396545,
		0.9924201369285583
	],
	"8. right_ankle": [
		0.36105212569236755,
		0.8401324152946472,
		0.09830761700868607,
		0.9918355941772461
	],
	"14. left_shoulder": [
		0.45108693838119507,
		0.40886399149894714,
		-0.03082193247973919,
		0.9990243315696716
	],
	"15. left_elbow": [
		0.45554107427597046,
		0.49677687883377075,
		-0.03891927748918533,
		0.8239794373512268
	],
	"16. left_wrist": [
		0.44767823815345764,
		0.5572649836540222,
		-0.1388159692287445,
		0.7213133573532104
	],
	"19. right_shoulder": [
		0.4043392539024353,
		0.3711492717266083,
		-0.15403039753437042,
		0.9997455477714539
	],
	"20. right_elbow": [
		0.41298291087150574,
		0.2673078775405884,
		-0.2642357647418976,
		0.9891972541809082
	],
	"21. right_wrist": [
		0.4191310703754425,
		0.18382686376571655,
		-0.30371978878974915,
		0.9881249070167542
	],
	"24. nose": [
		0.4450429677963257,
		0.3226470649242401,
		-0.2450183480978012,
		0.9998261332511902
	],
	"25. left_eye": [
		0.44880831241607666,
		0.3114924728870392,
		-0.22314992547035217,
		0.9996001124382019
	],
	"26. right_eye": [
		0.43687304854393005,
		0.3068920969963074,
		-0.23136767745018005,
		0.9994966387748718
	],
	"27. left_ear": [
		0.4486950933933258,
		0.31950682401657104,
		-0.10963481664657593,
		0.9993333220481873
	],
	"28. right_ear": [
		0.4264959692955017,
		0.312746524810791,
		-0.14622069895267487,
		0.9993519186973572
	],
	"time stamp": 23
}