{
	"1. left_hip": [
		0.4215106964111328,
		0.5826225876808167,
		0.046756595373153687,
		0.9995282292366028
	],
	"2. left_knee": [
		0.4529196321964264,
		0.7120611667633057,
		0.013083063997328281,
		0.9851102828979492
	],
	"3. left_ankle": [
		0.48902270197868347,
		0.8255507349967957,
		0.11101081222295761,
		0.9733826518058777
	],
	"6. right_hip": [
		0.38804319500923157,
		0.57975834608078,
		-0.04683610796928406,
		0.9997421503067017
	],
	"7. right_knee": [
		0.37637266516685486,
		0.7273009419441223,
		-0.03928337246179581,
		0.9928901791572571
	],
	"8. right_ankle": [
		0.35942134261131287,
		0.8373600244522095,
		0.07411587983369827,
		0.992240309715271
	],
	"14. left_shoulder": [
		0.4553990960121155,
		0.41675567626953125,
		0.008680948056280613,
		0.9990903735160828
	],
	"15. left_elbow": [
		0.4570036232471466,
		0.5029125213623047,
		0.022805165499448776,
		0.8209663033485413
	],
	"16. left_wrist": [
		0.4519706666469574,
		0.559991717338562,
		-0.05451502278447151,
		0.725092887878418
	],
	"19. right_shoulder": [
		0.41259944438934326,
		0.37517306208610535,
		-0.1253741979598999,
		0.9997619986534119
	],
	"20. right_elbow": [
		0.42801228165626526,
		0.27177682518959045,
		-0.21672165393829346,
		0.9902287125587463
	],
	"21. right_wrist": [
		0.43414607644081116,
		0.18794319033622742,
		-0.20742487907409668,
		0.9891321659088135
	],
	"24. nose": [
		0.45148900151252747,
		0.33330437541007996,
		-0.19789350032806396,
		0.9998329877853394
	],
	"25. left_eye": [
		0.4554368853569031,
		0.32269641757011414,
		-0.17780202627182007,
		0.9996127486228943
	],
	"26. right_eye": [
		0.44583389163017273,
		0.3174596428871155,
		-0.18421444296836853,
		0.9995037317276001
	],
	"27. left_ear": [
		0.455797404050827,
		0.3288384974002838,
		-0.0762815773487091,
		0.9993484616279602
	],
	"28. right_ear": [
		0.4364243149757385,
		0.3186722695827484,
		-0.10325922816991806,
		0.9993716478347778
	],
	"time stamp": 23
}