{
	"1. left_hip": [
		0.4249671995639801,
		0.5867421627044678,
		0.05127442628145218,
		0.9995514750480652
	],
	"2. left_knee": [
		0.45039287209510803,
		0.7133932113647461,
		0.034416548907756805,
		0.982943058013916
	],
	"3. left_ankle": [
		0.4883829653263092,
		0.8261325359344482,
		0.13116157054901123,
		0.9731995463371277
	],
	"6. right_hip": [
		0.39199957251548767,
		0.5806334018707275,
		-0.051347602158784866,
		0.9997608065605164
	],
	"7. right_knee": [
		0.3799305260181427,
		0.7273029685020447,
		-0.045143257826566696,
		0.9933057427406311
	],
	"8. right_ankle": [
		0.3586873710155487,
		0.8368987441062927,
		0.0668981671333313,
		0.992635190486908
	],
	"14. left_shoulder": [
		0.46144747734069824,
		0.4211512804031372,
		0.00442751357331872,
		0.9991450905799866
	],
	"15. left_elbow": [
		0.4628393352031708,
		0.5126756429672241,
		0.013856204226613045,
		0.8125215172767639
	],
	"16. left_wrist": [
		0.4557458758354187,
		0.5690917372703552,
		-0.06598775833845139,
		0.7276825308799744
	],
	"19. right_shoulder": [
		0.41741251945495605,
		0.37698644399642944,
		-0.14102353155612946,
		0.9997795224189758
	],
	"20. right_elbow": [
		0.4337843358516693,
		0.28425177931785583,
		-0.23988553881645203,
		0.9911603927612305
	],
	"21. right_wrist": [
		0.4437333643436432,
		0.19709932804107666,
		-0.25961703062057495,
		0.9900950789451599
	],
	"24. nose": [
		0.4571787416934967,
		0.3387438654899597,
		-0.19979456067085266,
		0.9998417496681213
	],
	"25. left_eye": [
		0.4611688256263733,
		0.32822051644325256,
		-0.1795010268688202,
		0.9996296167373657
	],
	"26. right_eye": [
		0.451412171125412,
		0.3238871395587921,
		-0.18605032563209534,
		0.9995219707489014
	],
	"27. left_ear": [
		0.4599592685699463,
		0.3353114128112793,
		-0.07888432592153549,
		0.9993686676025391
	],
	"28. right_ear": [
		0.441121369600296,
		0.32544565200805664,
		-0.10447940975427628,
		0.999398946762085
	],
	"time stamp": 23
}