{
	"1. left_hip": [
		0.4314841032028198,
		0.5860282182693481,
		0.049638792872428894,
		0.9995598196983337
	],
	"2. left_knee": [
		0.4511831998825073,
		0.7084268927574158,
		0.030837491154670715,
		0.981227457523346
	],
	"3. left_ankle": [
		0.4908372759819031,
		0.8257245421409607,
		0.12089438736438751,
		0.9733309745788574
	],
	"6. right_hip": [
		0.39806267619132996,
		0.574454128742218,
		-0.04968135803937912,
		0.9997738599777222
	],
	"7. right_knee": [
		0.3852526843547821,
		0.7185044884681702,
		-0.045479096472263336,
		0.9936221241950989
	],
	"8. right_ankle": [
		0.35867318511009216,
		0.829846978187561,
		0.04973119497299194,
		0.9929212927818298
	],
	"14. left_shoulder": [
		0.4675564169883728,
		0.42061346769332886,
		0.006723489612340927,
		0.9991891980171204
	],
	"15. left_elbow": [
		0.4674912393093109,
		0.5109784603118896,
		0.004486815072596073,
		0.8112471699714661
	],
	"16. left_wrist": [
		0.46251845359802246,
		0.5679650902748108,
		-0.07779673486948013,
		0.7336922287940979
	],
	"19. right_shoulder": [
		0.4232631325721741,
		0.37751880288124084,
		-0.1273607313632965,
		0.9997937679290771
	],
	"20. right_elbow": [
		0.4369528889656067,
		0.2769380509853363,
		-0.2191351354122162,
		0.9919795989990234
	],
	"21. right_wrist": [
		0.4472271502017975,
		0.1966165155172348,
		-0.22565940022468567,
		0.9909031391143799
	],
	"24. nose": [
		0.46262067556381226,
		0.340622216463089,
		-0.19441060721874237,
		0.999841570854187
	],
	"25. left_eye": [
		0.4669726490974426,
		0.33041685819625854,
		-0.17467200756072998,
		0.9996256828308105
	],
	"26. right_eye": [
		0.4575034976005554,
		0.32578927278518677,
		-0.18045537173748016,
		0.9995075464248657
	],
	"27. left_ear": [
		0.46621033549308777,
		0.33669477701187134,
		-0.07501941919326782,
		0.9993430972099304
	],
	"28. right_ear": [
		0.44726309180259705,
		0.32634758949279785,
		-0.09795333445072174,
		0.9993864297866821
	],
	"time stamp": 23
}