{
	"1. left_hip": [
		0.45049017667770386,
		0.5861679315567017,
		0.05412155017256737,
		0.9995357394218445
	],
	"2. left_knee": [
		0.4642568528652191,
		0.7060932517051697,
		0.08175007998943329,
		0.9798155426979065
	],
	"3. left_ankle": [
		0.49494609236717224,
		0.8265519738197327,
		0.18787001073360443,
		0.974212110042572
	],
	"6. right_hip": [
		0.41512566804885864,
		0.5751967430114746,
		-0.05411093309521675,
		0.9997806549072266
	],
	"7. right_knee": [
		0.3942148685455322,
		0.7187864780426025,
		-0.05473826080560684,
		0.9940305352210999
	],
	"8. right_ankle": [
		0.3593014180660248,
		0.8313707113265991,
		0.034895703196525574,
		0.9934139847755432
	],
	"14. left_shoulder": [
		0.4816606640815735,
		0.4104093015193939,
		0.014772552065551281,
		0.9992443919181824
	],
	"15. left_elbow": [
		0.4815729856491089,
		0.49729397892951965,
		0.03959698975086212,
		0.8076079487800598
	],
	"16. left_wrist": [
		0.4774397313594818,
		0.5585481524467468,
		-0.018757803365588188,
		0.7302229404449463
	],
	"19. right_shoulder": [
		0.432637095451355,
		0.3695780336856842,
		-0.13255584239959717,
		0.9998094439506531
	],
	"20. right_elbow": [
		0.4315597712993622,
		0.26003459095954895,
		-0.27366897463798523,
		0.9926857948303223
	],
	"21. right_wrist": [
		0.45034146308898926,
		0.21109850704669952,
		-0.3548155128955841,
		0.9910726547241211
	],
	"24. nose": [
		0.47716909646987915,
		0.33723652362823486,
		-0.19035322964191437,
		0.9998497366905212
	],
	"25. left_eye": [
		0.4792158603668213,
		0.3249506950378418,
		-0.17128241062164307,
		0.9996443390846252
	],
	"26. right_eye": [
		0.46974772214889526,
		0.3212098181247711,
		-0.17978917062282562,
		0.9995366930961609
	],
	"27. left_ear": [
		0.4769403338432312,
		0.3290541470050812,
		-0.06912374496459961,
		0.999380886554718
	],
	"28. right_ear": [
		0.45812350511550903,
		0.320656955242157,
		-0.10265567153692245,
		0.9994291067123413
	],
	"time stamp": 23
}