{
	"1. left_hip": [
		0.4613119661808014,
		0.5856440663337708,
		0.059477999806404114,
		0.9995600581169128
	],
	"2. left_knee": [
		0.4766571819782257,
		0.7057141661643982,
		0.09385384619235992,
		0.98021000623703
	],
	"3. left_ankle": [
		0.49509397149086,
		0.8316275477409363,
		0.20194393396377563,
		0.9759495258331299
	],
	"6. right_hip": [
		0.426628053188324,
		0.5741181373596191,
		-0.059545330703258514,
		0.9997958540916443
	],
	"7. right_knee": [
		0.4053921401500702,
		0.7177571058273315,
		-0.05955745279788971,
		0.9944728016853333
	],
	"8. right_ankle": [
		0.3665611147880554,
		0.8313400149345398,
		0.03360804542899132,
		0.9939543008804321
	],
	"14. left_shoulder": [
		0.48861876130104065,
		0.39854925870895386,
		0.029879404231905937,
		0.9992928504943848
	],
	"15. left_elbow": [
		0.48759642243385315,
		0.4808460772037506,
		0.07542715966701508,
		0.8031487464904785
	],
	"16. left_wrist": [
		0.4846346974372864,
		0.5448205471038818,
		0.04493068903684616,
		0.7338082790374756
	],
	"19. right_shoulder": [
		0.440071165561676,
		0.36375299096107483,
		-0.14526113867759705,
		0.9998241662979126
	],
	"20. right_elbow": [
		0.4244237542152405,
		0.2811805009841919,
		-0.32578787207603455,
		0.9933021068572998
	],
	"21. right_wrist": [
		0.4431878924369812,
		0.21386659145355225,
		-0.46611839532852173,
		0.9916405081748962
	],
	"24. nose": [
		0.4828159213066101,
		0.33104562759399414,
		-0.19009581208229065,
		0.9998615980148315
	],
	"25. left_eye": [
		0.48424389958381653,
		0.3180758059024811,
		-0.17147789895534515,
		0.9996716380119324
	],
	"26. right_eye": [
		0.47533363103866577,
		0.31490984559059143,
		-0.1809861809015274,
		0.9995773434638977
	],
	"27. left_ear": [
		0.48204195499420166,
		0.3207783102989197,
		-0.06523872166872025,
		0.9994260668754578
	],
	"28. right_ear": [
		0.4632566571235657,
		0.314441442489624,
		-0.11284627765417099,
		0.9994796514511108
	],
	"time stamp": 23
}