{
	"1. left_hip": [
		0.4707232415676117,
		0.5811585187911987,
		0.05568772926926613,
		0.9995887875556946
	],
	"2. left_knee": [
		0.48659223318099976,
		0.7045609951019287,
		0.06396287679672241,
		0.9808110594749451
	],
	"3. left_ankle": [
		0.4991376996040344,
		0.8358320593833923,
		0.17058302462100983,
		0.9773281812667847
	],
	"6. right_hip": [
		0.4372943937778473,
		0.5707446336746216,
		-0.05574469268321991,
		0.9998083114624023
	],
	"7. right_knee": [
		0.42032718658447266,
		0.7091287970542908,
		-0.023028520867228508,
		0.9946241974830627
	],
	"8. right_ankle": [
		0.38843202590942383,
		0.8126866817474365,
		0.10307510197162628,
		0.9942268133163452
	],
	"14. left_shoulder": [
		0.4940301179885864,
		0.39121106266975403,
		0.042466726154088974,
		0.999312698841095
	],
	"15. left_elbow": [
		0.4958702027797699,
		0.4763723909854889,
		0.09050886332988739,
		0.801809549331665
	],
	"16. left_wrist": [
		0.49165013432502747,
		0.542461633682251,
		0.05889187380671501,
		0.7406773567199707
	],
	"19. right_shoulder": [
		0.4445640444755554,
		0.36394429206848145,
		-0.11595391482114792,
		0.9998271465301514
	],
	"20. right_elbow": [
		0.41722428798675537,
		0.30321577191352844,
		-0.2795349359512329,
		0.9938546419143677
	],
	"21. right_wrist": [
		0.43813198804855347,
		0.24306397140026093,
		-0.39575618505477905,
		0.9920589923858643
	],
	"24. nose": [
		0.4877506494522095,
		0.3250323235988617,
		-0.18208596110343933,
		0.9998716711997986
	],
	"25. left_eye": [
		0.48894721269607544,
		0.31248772144317627,
		-0.1626434624195099,
		0.9996955990791321
	],
	"26. right_eye": [
		0.47977322340011597,
		0.3098083436489105,
		-0.1726970225572586,
		0.9996134638786316
	],
	"27. left_ear": [
		0.48696932196617126,
		0.3156448006629944,
		-0.051963921636343,
		0.9994584321975708
	],
	"28. right_ear": [
		0.4666149616241455,
		0.31089717149734497,
		-0.10022680461406708,
		0.9995241165161133
	],
	"time stamp": 23
}