{
	"1. left_hip": [
		0.47875046730041504,
		0.5795577168464661,
		0.05390173941850662,
		0.9996195435523987
	],
	"2. left_knee": [
		0.49390047788619995,
		0.7031450271606445,
		0.056712523102760315,
		0.9815005660057068
	],
	"3. left_ankle": [
		0.4978058636188507,
		0.8306970596313477,
		0.15998199582099915,
		0.9783206582069397
	],
	"6. right_hip": [
		0.4438953101634979,
		0.57126784324646,
		-0.05394904315471649,
		0.9998180866241455
	],
	"7. right_knee": [
		0.43380007147789,
		0.7063251733779907,
		-0.004655881784856319,
		0.994700014591217
	],
	"8. right_ankle": [
		0.40656778216362,
		0.7993192076683044,
		0.1554783284664154,
		0.9942275881767273
	],
	"14. left_shoulder": [
		0.499373197555542,
		0.38722309470176697,
		0.016235778108239174,
		0.9993534684181213
	],
	"15. left_elbow": [
		0.5038236975669861,
		0.47606176137924194,
		0.05696261301636696,
		0.8123806715011597
	],
	"16. left_wrist": [
		0.5005731582641602,
		0.5445875525474548,
		0.005509993992745876,
		0.7584134936332703
	],
	"19. right_shoulder": [
		0.44750016927719116,
		0.36582455039024353,
		-0.12378820031881332,
		0.9998270869255066
	],
	"20. right_elbow": [
		0.41601499915122986,
		0.3510081171989441,
		-0.26653948426246643,
		0.9943978786468506
	],
	"21. right_wrist": [
		0.43098872900009155,
		0.27912789583206177,
		-0.410871684551239,
		0.992652416229248
	],
	"24. nose": [
		0.4912499487400055,
		0.323212206363678,
		-0.22586601972579956,
		0.9998814463615417
	],
	"25. left_eye": [
		0.49314799904823303,
		0.310320109128952,
		-0.20619802176952362,
		0.9997186660766602
	],
	"26. right_eye": [
		0.48371556401252747,
		0.30876147747039795,
		-0.21560019254684448,
		0.9996469616889954
	],
	"27. left_ear": [
		0.4925140142440796,
		0.3133273422718048,
		-0.08959042280912399,
		0.9994887113571167
	],
	"28. right_ear": [
		0.47029799222946167,
		0.31083008646965027,
		-0.1346425563097,
		0.9995645880699158
	],
	"time stamp": 23
}