{
	"1. left_hip": [
		0.49374523758888245,
		0.5800195336341858,
		0.03905520215630531,
		0.9996139407157898
	],
	"2. left_knee": [
		0.5090195536613464,
		0.7053384780883789,
		0.04661063849925995,
		0.9816603660583496
	],
	"3. left_ankle": [
		0.5028807520866394,
		0.8300381302833557,
		0.15861329436302185,
		0.9787851572036743
	],
	"6. right_hip": [
		0.45770514011383057,
		0.5730059146881104,
		-0.03913488984107971,
		0.9997889399528503
	],
	"7. right_knee": [
		0.45971325039863586,
		0.7106439471244812,
		-0.014964067377150059,
		0.9945733547210693
	],
	"8. right_ankle": [
		0.44965860247612,
		0.7996522784233093,
		0.12274596840143204,
		0.993675947189331
	],
	"14. left_shoulder": [
		0.5100629329681396,
		0.39064183831214905,
		-0.02480512112379074,
		0.9994062185287476
	],
	"15. left_elbow": [
		0.5183203816413879,
		0.4771226644515991,
		0.003260034369304776,
		0.8258435130119324
	],
	"16. left_wrist": [
		0.5138895511627197,
		0.5488070845603943,
		-0.07387087494134903,
		0.7787629961967468
	],
	"19. right_shoulder": [
		0.4526868164539337,
		0.3764446973800659,
		-0.09534546732902527,
		0.9998220205307007
	],
	"20. right_elbow": [
		0.41234493255615234,
		0.4118090867996216,
		-0.18826235830783844,
		0.9948309659957886
	],
	"21. right_wrist": [
		0.4286082088947296,
		0.33211269974708557,
		-0.3429439961910248,
		0.9930386543273926
	],
	"24. nose": [
		0.49832579493522644,
		0.32396963238716125,
		-0.2152014672756195,
		0.9998863935470581
	],
	"25. left_eye": [
		0.5005531907081604,
		0.31132563948631287,
		-0.19545422494411469,
		0.9997293949127197
	],
	"26. right_eye": [
		0.4900706112384796,
		0.3105872869491577,
		-0.20400674641132355,
		0.9996644854545593
	],
	"27. left_ear": [
		0.49998319149017334,
		0.31530508399009705,
		-0.09533269703388214,
		0.9994964599609375
	],
	"28. right_ear": [
		0.476872056722641,
		0.3145574629306793,
		-0.1308436542749405,
		0.999580442905426
	],
	"time stamp": 23
}