{
	"1. left_hip": [
		0.49924376606941223,
		0.5833835005760193,
		0.04090220108628273,
		0.9995683431625366
	],
	"2. left_knee": [
		0.5171350240707397,
		0.7112715244293213,
		0.0653296560049057,
		0.9793457388877869
	],
	"3. left_ankle": [
		0.5005571842193604,
		0.8296496868133545,
		0.18566502630710602,
		0.9776584506034851
	],
	"6. right_hip": [
		0.4669504761695862,
		0.580654501914978,
		-0.04105028510093689,
		0.9997410774230957
	],
	"7. right_knee": [
		0.4741896688938141,
		0.7156928181648254,
		-0.02169124223291874,
		0.994170606136322
	],
	"8. right_ankle": [
		0.4683138430118561,
		0.820553183555603,
		0.1022137701511383,
		0.9932211637496948
	],
	"14. left_shoulder": [
		0.5126215219497681,
		0.3916185200214386,
		-0.013095777481794357,
		0.9994208216667175
	],
	"15. left_elbow": [
		0.5220542550086975,
		0.4774985909461975,
		0.031064815819263458,
		0.8322741985321045
	],
	"16. left_wrist": [
		0.524422287940979,
		0.5504294037818909,
		-0.032754603773355484,
		0.793844997882843
	],
	"19. right_shoulder": [
		0.4540233612060547,
		0.3886043429374695,
		-0.10329943150281906,
		0.999807596206665
	],
	"20. right_elbow": [
		0.41501060128211975,
		0.4331558644771576,
		-0.21131181716918945,
		0.9952022433280945
	],
	"21. right_wrist": [
		0.4264395236968994,
		0.3532010316848755,
		-0.36624830961227417,
		0.9935072660446167
	],
	"24. nose": [
		0.5016985535621643,
		0.32872751355171204,
		-0.20611289143562317,
		0.9998875856399536
	],
	"25. left_eye": [
		0.5035416483879089,
		0.31540417671203613,
		-0.18874023854732513,
		0.9997283816337585
	],
	"26. right_eye": [
		0.49324434995651245,
		0.31452518701553345,
		-0.20045757293701172,
		0.9996792674064636
	],
	"27. left_ear": [
		0.5010332465171814,
		0.31842219829559326,
		-0.09083092212677002,
		0.999476969242096
	],
	"28. right_ear": [
		0.48022565245628357,
		0.3197069466114044,
		-0.12862864136695862,
		0.9995896816253662
	],
	"time stamp": 23
}