{
	"1. left_hip": [
		0.5078016519546509,
		0.5846951603889465,
		0.04147106781601906,
		0.999575674533844
	],
	"2. left_knee": [
		0.5199062824249268,
		0.7177839279174805,
		0.03276202827692032,
		0.9786109924316406
	],
	"3. left_ankle": [
		0.5028324127197266,
		0.8337867856025696,
		0.18033502995967865,
		0.9773353338241577
	],
	"6. right_hip": [
		0.4731598496437073,
		0.5837180018424988,
		-0.04159785062074661,
		0.9997233748435974
	],
	"7. right_knee": [
		0.4830778241157532,
		0.7171939611434937,
		-0.04169997572898865,
		0.9937966465950012
	],
	"8. right_ankle": [
		0.47213345766067505,
		0.8258357644081116,
		0.07708323746919632,
		0.9925761222839355
	],
	"14. left_shoulder": [
		0.5153959393501282,
		0.3919788897037506,
		0.009222890250384808,
		0.9994642734527588
	],
	"15. left_elbow": [
		0.5284371376037598,
		0.4782637357711792,
		0.052950210869312286,
		0.8436873555183411
	],
	"16. left_wrist": [
		0.530097246170044,
		0.5504922270774841,
		-0.0026179999113082886,
		0.8108343482017517
	],
	"19. right_shoulder": [
		0.45545729994773865,
		0.39123594760894775,
		-0.07915365695953369,
		0.9997977018356323
	],
	"20. right_elbow": [
		0.41485169529914856,
		0.42315346002578735,
		-0.17831183969974518,
		0.9955722093582153
	],
	"21. right_wrist": [
		0.4291693866252899,
		0.342136412858963,
		-0.3163926899433136,
		0.9939128756523132
	],
	"24. nose": [
		0.5055024027824402,
		0.33145296573638916,
		-0.1664976328611374,
		0.9998916387557983
	],
	"25. left_eye": [
		0.5070134997367859,
		0.3179285228252411,
		-0.14968247711658478,
		0.999737024307251
	],
	"26. right_eye": [
		0.4981019198894501,
		0.3158953785896301,
		-0.16010434925556183,
		0.9996967315673828
	],
	"27. left_ear": [
		0.5038818717002869,
		0.3209695518016815,
		-0.05647147819399834,
		0.9994857311248779
	],
	"28. right_ear": [
		0.4854867458343506,
		0.3203497529029846,
		-0.10458724200725555,
		0.9996060132980347
	],
	"time stamp": 23
}