{
	"1. left_hip": [
		0.5118104219436646,
		0.5834568738937378,
		0.04679017513990402,
		0.9995795488357544
	],
	"2. left_knee": [
		0.5220018625259399,
		0.7159331440925598,
		0.03325267136096954,
		0.9773592352867126
	],
	"3. left_ankle": [
		0.5066164135932922,
		0.8318517208099365,
		0.17157085239887238,
		0.9773618578910828
	],
	"6. right_hip": [
		0.4773581624031067,
		0.5833463668823242,
		-0.0469396635890007,
		0.9997033476829529
	],
	"7. right_knee": [
		0.4860609173774719,
		0.7170693278312683,
		-0.06047375872731209,
		0.9936360716819763
	],
	"8. right_ankle": [
		0.4679493010044098,
		0.8286464214324951,
		0.05933336168527603,
		0.9925304055213928
	],
	"14. left_shoulder": [
		0.5180413126945496,
		0.39269012212753296,
		0.02753761224448681,
		0.9995021224021912
	],
	"15. left_elbow": [
		0.5340921878814697,
		0.47898462414741516,
		0.06999492645263672,
		0.8528013825416565
	],
	"16. left_wrist": [
		0.5359822511672974,
		0.5504357218742371,
		0.011435935273766518,
		0.8253024220466614
	],
	"19. right_shoulder": [
		0.46053510904312134,
		0.38938280940055847,
		-0.08228447288274765,
		0.9997876882553101
	],
	"20. right_elbow": [
		0.4180852472782135,
		0.407294899225235,
		-0.18413327634334564,
		0.9958950281143188
	],
	"21. right_wrist": [
		0.4340011179447174,
		0.3247911036014557,
		-0.3143008351325989,
		0.9942448139190674
	],
	"24. nose": [
		0.5085833072662354,
		0.3313651978969574,
		-0.1652315855026245,
		0.9998958110809326
	],
	"25. left_eye": [
		0.5099213719367981,
		0.3180057406425476,
		-0.14726026356220245,
		0.9997472763061523
	],
	"26. right_eye": [
		0.5015422105789185,
		0.31580206751823425,
		-0.15903505682945251,
		0.9997144341468811
	],
	"27. left_ear": [
		0.5070478916168213,
		0.3212193250656128,
		-0.047774143517017365,
		0.9994967579841614
	],
	"28. right_ear": [
		0.4892044961452484,
		0.3198894262313843,
		-0.10327457636594772,
		0.9996259212493896
	],
	"time stamp": 23
}