{
	"1. left_hip": [
		0.5170049071311951,
		0.5773643851280212,
		0.04474351927638054,
		0.9996060132980347
	],
	"2. left_knee": [
		0.5393237471580505,
		0.7067978978157043,
		-0.008702173829078674,
		0.9781815409660339
	],
	"3. left_ankle": [
		0.5165601372718811,
		0.8126750588417053,
		0.16682571172714233,
		0.9780523180961609
	],
	"6. right_hip": [
		0.4826713502407074,
		0.5720947980880737,
		-0.044826824218034744,
		0.9997142553329468
	],
	"7. right_knee": [
		0.48433777689933777,
		0.7048671245574951,
		-0.07399149239063263,
		0.9938325881958008
	],
	"8. right_ankle": [
		0.4683600962162018,
		0.8278721570968628,
		0.06142612546682358,
		0.9927757382392883
	],
	"14. left_shoulder": [
		0.5272821187973022,
		0.39095479249954224,
		0.02112785167992115,
		0.9995440244674683
	],
	"15. left_elbow": [
		0.5438083410263062,
		0.4782952666282654,
		0.017755312845110893,
		0.8614505529403687
	],
	"16. left_wrist": [
		0.5450592041015625,
		0.5369062423706055,
		-0.09289777278900146,
		0.8370698094367981
	],
	"19. right_shoulder": [
		0.4689933657646179,
		0.3752685487270355,
		-0.07813745737075806,
		0.9997957348823547
	],
	"20. right_elbow": [
		0.42946168780326843,
		0.34522128105163574,
		-0.19622020423412323,
		0.9962506890296936
	],
	"21. right_wrist": [
		0.45125696063041687,
		0.270510196685791,
		-0.31796470284461975,
		0.9945207834243774
	],
	"24. nose": [
		0.5157240629196167,
		0.3240930140018463,
		-0.1697002351284027,
		0.9999030232429504
	],
	"25. left_eye": [
		0.5186085104942322,
		0.3109484016895294,
		-0.1570703685283661,
		0.9997652769088745
	],
	"26. right_eye": [
		0.5074335932731628,
		0.30841800570487976,
		-0.16795411705970764,
		0.9997347593307495
	],
	"27. left_ear": [
		0.5183293223381042,
		0.31555232405662537,
		-0.052478138357400894,
		0.999534010887146
	],
	"28. right_ear": [
		0.4965433180332184,
		0.3130355477333069,
		-0.0936463475227356,
		0.9996553659439087
	],
	"time stamp": 23
}