{
	"1. left_hip": [
		0.5211411118507385,
		0.5718044638633728,
		0.04267210140824318,
		0.999626874923706
	],
	"2. left_knee": [
		0.5502935647964478,
		0.6974440217018127,
		-0.028438430279493332,
		0.9790053367614746
	],
	"3. left_ankle": [
		0.5320370197296143,
		0.7999158501625061,
		0.14618542790412903,
		0.9785425662994385
	],
	"6. right_hip": [
		0.4865266680717468,
		0.5677453279495239,
		-0.042696621268987656,
		0.9997228384017944
	],
	"7. right_knee": [
		0.4828323721885681,
		0.7052178978919983,
		-0.06209034100174904,
		0.9939419627189636
	],
	"8. right_ankle": [
		0.4652150869369507,
		0.8267956972122192,
		0.06876620650291443,
		0.9929073452949524
	],
	"14. left_shoulder": [
		0.5321348309516907,
		0.38687846064567566,
		0.007288692984730005,
		0.9995712637901306
	],
	"15. left_elbow": [
		0.5481789708137512,
		0.47496894001960754,
		-0.026280928403139114,
		0.8675702810287476
	],
	"16. left_wrist": [
		0.5492945909500122,
		0.528606116771698,
		-0.1515665054321289,
		0.8423343896865845
	],
	"19. right_shoulder": [
		0.474660724401474,
		0.3647516965866089,
		-0.08878354728221893,
		0.9997966289520264
	],
	"20. right_elbow": [
		0.44265252351760864,
		0.30490219593048096,
		-0.2074452042579651,
		0.9965779781341553
	],
	"21. right_wrist": [
		0.46862295269966125,
		0.23001901805400848,
		-0.29552292823791504,
		0.9946882128715515
	],
	"24. nose": [
		0.5206587314605713,
		0.319378137588501,
		-0.19810457527637482,
		0.9999024868011475
	],
	"25. left_eye": [
		0.5236374735832214,
		0.306362509727478,
		-0.178242027759552,
		0.9997667074203491
	],
	"26. right_eye": [
		0.5122939348220825,
		0.3043687045574188,
		-0.18706704676151276,
		0.9997328519821167
	],
	"27. left_ear": [
		0.5237349271774292,
		0.3114020824432373,
		-0.06317275762557983,
		0.9995462894439697
	],
	"28. right_ear": [
		0.501437246799469,
		0.3081563413143158,
		-0.09636605530977249,
		0.9996656179428101
	],
	"time stamp": 23
}