{
	"1. left_hip": [
		0.5250228047370911,
		0.566818356513977,
		0.04411798715591431,
		0.99964839220047
	],
	"2. left_knee": [
		0.5596017241477966,
		0.6913042068481445,
		-0.022751109674572945,
		0.9801269173622131
	],
	"3. left_ankle": [
		0.5488446354866028,
		0.8026110529899597,
		0.1304951310157776,
		0.9798459410667419
	],
	"6. right_hip": [
		0.4890425503253937,
		0.5624125003814697,
		-0.04411963000893593,
		0.9997338056564331
	],
	"7. right_knee": [
		0.48201239109039307,
		0.7048928737640381,
		-0.05713113769888878,
		0.9942682981491089
	],
	"8. right_ankle": [
		0.46467143297195435,
		0.8261245489120483,
		0.0769185870885849,
		0.993259072303772
	],
	"14. left_shoulder": [
		0.5370760560035706,
		0.38552331924438477,
		0.0010885123629122972,
		0.9995724558830261
	],
	"15. left_elbow": [
		0.5505216121673584,
		0.4740775525569916,
		-0.02969246171414852,
		0.8651084303855896
	],
	"16. left_wrist": [
		0.551512598991394,
		0.524942934513092,
		-0.15451456606388092,
		0.8356662392616272
	],
	"19. right_shoulder": [
		0.48247474431991577,
		0.3598293662071228,
		-0.12511253356933594,
		0.9997900724411011
	],
	"20. right_elbow": [
		0.4615175127983093,
		0.27472984790802,
		-0.2434459924697876,
		0.9968705773353577
	],
	"21. right_wrist": [
		0.4841391146183014,
		0.1995786726474762,
		-0.2984685003757477,
		0.9948462843894958
	],
	"24. nose": [
		0.5263112783432007,
		0.3157382011413574,
		-0.22506600618362427,
		0.9999014735221863
	],
	"25. left_eye": [
		0.5287071466445923,
		0.3024102747440338,
		-0.20252014696598053,
		0.9997711181640625
	],
	"26. right_eye": [
		0.5179075598716736,
		0.30063360929489136,
		-0.2122303694486618,
		0.9997336864471436
	],
	"27. left_ear": [
		0.5282700061798096,
		0.30787786841392517,
		-0.08111833781003952,
		0.9995585680007935
	],
	"28. right_ear": [
		0.507009744644165,
		0.30420541763305664,
		-0.12281793355941772,
		0.9996803998947144
	],
	"time stamp": 23
}