{
	"1. left_hip": [
		0.5267303586006165,
		0.5657308101654053,
		0.046899355947971344,
		0.9996474385261536
	],
	"2. left_knee": [
		0.5656129717826843,
		0.6894577741622925,
		-0.003430817974731326,
		0.9793075919151306
	],
	"3. left_ankle": [
		0.5673111081123352,
		0.8045300841331482,
		0.11053211241960526,
		0.9803447127342224
	],
	"6. right_hip": [
		0.49145516753196716,
		0.5591586828231812,
		-0.04688728228211403,
		0.9997239708900452
	],
	"7. right_knee": [
		0.48372262716293335,
		0.7047072052955627,
		-0.055593207478523254,
		0.9945435523986816
	],
	"8. right_ankle": [
		0.4645209014415741,
		0.8248949646949768,
		0.06773117184638977,
		0.9934089183807373
	],
	"14. left_shoulder": [
		0.5404333472251892,
		0.38711875677108765,
		0.0062571074813604355,
		0.9995677471160889
	],
	"15. left_elbow": [
		0.5528059601783752,
		0.4750799834728241,
		-0.10245561599731445,
		0.8675803542137146
	],
	"16. left_wrist": [
		0.5537887215614319,
		0.45106834173202515,
		-0.30549243092536926,
		0.8440399765968323
	],
	"19. right_shoulder": [
		0.4905245304107666,
		0.35804539918899536,
		-0.12594570219516754,
		0.9997923374176025
	],
	"20. right_elbow": [
		0.4810807704925537,
		0.25583335757255554,
		-0.24023312330245972,
		0.9971188306808472
	],
	"21. right_wrist": [
		0.4974744915962219,
		0.17591701447963715,
		-0.2628001570701599,
		0.995110809803009
	],
	"24. nose": [
		0.5313224792480469,
		0.31651946902275085,
		-0.21671746671199799,
		0.9998908042907715
	],
	"25. left_eye": [
		0.533714771270752,
		0.30326685309410095,
		-0.1993604153394699,
		0.9997689723968506
	],
	"26. right_eye": [
		0.5232880115509033,
		0.3012717068195343,
		-0.20533154904842377,
		0.9997124075889587
	],
	"27. left_ear": [
		0.5334824323654175,
		0.3085385262966156,
		-0.0718817263841629,
		0.9995505213737488
	],
	"28. right_ear": [
		0.5129342079162598,
		0.3051780164241791,
		-0.11862237751483917,
		0.999681830406189
	],
	"time stamp": 23
}