{
	"1. left_hip": [
		0.5343596339225769,
		0.5695065259933472,
		0.04600919038057327,
		0.9996532797813416
	],
	"2. left_knee": [
		0.5742319226264954,
		0.7033976912498474,
		0.00040978062315844,
		0.979614794254303
	],
	"3. left_ankle": [
		0.6084677577018738,
		0.8219854831695557,
		0.11454617977142334,
		0.9811729788780212
	],
	"6. right_hip": [
		0.49721065163612366,
		0.561877429485321,
		-0.04599819332361221,
		0.9997302889823914
	],
	"7. right_knee": [
		0.4849244952201843,
		0.7131068110466003,
		-0.048277176916599274,
		0.9945858120918274
	],
	"8. right_ankle": [
		0.46448302268981934,
		0.8282082676887512,
		0.10972374677658081,
		0.9933770895004272
	],
	"14. left_shoulder": [
		0.5503458976745605,
		0.3968358337879181,
		0.043959759175777435,
		0.9995037913322449
	],
	"15. left_elbow": [
		0.5537288188934326,
		0.4866848886013031,
		0.013113516382873058,
		0.8256847858428955
	],
	"16. left_wrist": [
		0.5583214163780212,
		0.4691177010536194,
		-0.10283046960830688,
		0.8008706569671631
	],
	"19. right_shoulder": [
		0.5028228759765625,
		0.3587181568145752,
		-0.11981499940156937,
		0.9997914433479309
	],
	"20. right_elbow": [
		0.5108275413513184,
		0.26453059911727905,
		-0.2215329259634018,
		0.9972985982894897
	],
	"21. right_wrist": [
		0.5133461952209473,
		0.1761961579322815,
		-0.23460549116134644,
		0.9954208135604858
	],
	"24. nose": [
		0.5418891906738281,
		0.3261333703994751,
		-0.1661718636751175,
		0.9998782277107239
	],
	"25. left_eye": [
		0.5449441075325012,
		0.3135316073894501,
		-0.14510363340377808,
		0.9997498393058777
	],
	"26. right_eye": [
		0.5349149107933044,
		0.31189727783203125,
		-0.1566251516342163,
		0.9996871948242188
	],
	"27. left_ear": [
		0.5444650053977966,
		0.31942176818847656,
		-0.03365051746368408,
		0.9995092749595642
	],
	"28. right_ear": [
		0.5251068472862244,
		0.3141780197620392,
		-0.08547645807266235,
		0.9996729493141174
	],
	"time stamp": 23
}