{
	"1. left_hip": [
		0.5383543968200684,
		0.5802306532859802,
		0.03403791785240173,
		0.9996557831764221
	],
	"2. left_knee": [
		0.5748781561851501,
		0.7129526138305664,
		-0.007296816445887089,
		0.9811698794364929
	],
	"3. left_ankle": [
		0.624038577079773,
		0.830441951751709,
		0.10095924139022827,
		0.9824167490005493
	],
	"6. right_hip": [
		0.5012761950492859,
		0.5729340314865112,
		-0.03404117375612259,
		0.9997340440750122
	],
	"7. right_knee": [
		0.4872013330459595,
		0.7253504991531372,
		-0.018246032297611237,
		0.9947311282157898
	],
	"8. right_ankle": [
		0.46498966217041016,
		0.8315420150756836,
		0.15198050439357758,
		0.9933887124061584
	],
	"14. left_shoulder": [
		0.5570864081382751,
		0.4059453308582306,
		0.020796585828065872,
		0.9994775652885437
	],
	"15. left_elbow": [
		0.5642868876457214,
		0.4877176880836487,
		0.015642661601305008,
		0.8094802498817444
	],
	"16. left_wrist": [
		0.5695291757583618,
		0.5007760524749756,
		-0.07816404104232788,
		0.7701107859611511
	],
	"19. right_shoulder": [
		0.507639467716217,
		0.3624000549316406,
		-0.12163397669792175,
		0.999780535697937
	],
	"20. right_elbow": [
		0.5165733098983765,
		0.2739417552947998,
		-0.2110109180212021,
		0.9975000619888306
	],
	"21. right_wrist": [
		0.5249432921409607,
		0.18856976926326752,
		-0.21104513108730316,
		0.9955777525901794
	],
	"24. nose": [
		0.5475983023643494,
		0.339286744594574,
		-0.16815148293972015,
		0.9998127222061157
	],
	"25. left_eye": [
		0.550359308719635,
		0.3257637321949005,
		-0.14933529496192932,
		0.999556839466095
	],
	"26. right_eye": [
		0.5409488677978516,
		0.32122138142585754,
		-0.15936700999736786,
		0.9994378089904785
	],
	"27. left_ear": [
		0.5497888326644897,
		0.33184003829956055,
		-0.05432503670454025,
		0.9991700649261475
	],
	"28. right_ear": [
		0.5300582051277161,
		0.3222771883010864,
		-0.09171470254659653,
		0.9994353652000427
	],
	"time stamp": 23
}