{
	"1. left_hip": [
		0.5449635982513428,
		0.5997549891471863,
		0.034212447702884674,
		0.9996653199195862
	],
	"2. left_knee": [
		0.5788702964782715,
		0.7249765992164612,
		-0.0028013389091938734,
		0.9826235175132751
	],
	"3. left_ankle": [
		0.6233029961585999,
		0.8316571712493896,
		0.16066540777683258,
		0.983691930770874
	],
	"6. right_hip": [
		0.5066320300102234,
		0.5923279523849487,
		-0.034239087253808975,
		0.9997471570968628
	],
	"7. right_knee": [
		0.48813527822494507,
		0.7359542846679688,
		-0.007901041768491268,
		0.995074987411499
	],
	"8. right_ankle": [
		0.4649278223514557,
		0.8320249915122986,
		0.18161892890930176,
		0.9937793612480164
	],
	"14. left_shoulder": [
		0.5671278834342957,
		0.415472149848938,
		-0.01160765253007412,
		0.9994415640830994
	],
	"15. left_elbow": [
		0.569989800453186,
		0.49887940287590027,
		-0.015681035816669464,
		0.7829392552375793
	],
	"16. left_wrist": [
		0.5751633644104004,
		0.5415279269218445,
		-0.12417075037956238,
		0.7290403246879578
	],
	"19. right_shoulder": [
		0.5143089294433594,
		0.37783774733543396,
		-0.15693041682243347,
		0.9997873306274414
	],
	"20. right_elbow": [
		0.5173328518867493,
		0.2840094566345215,
		-0.26780620217323303,
		0.9977071285247803
	],
	"21. right_wrist": [
		0.5348252058029175,
		0.20241302251815796,
		-0.2854433059692383,
		0.9957371950149536
	],
	"24. nose": [
		0.5548330545425415,
		0.34667131304740906,
		-0.21851541101932526,
		0.9997962117195129
	],
	"25. left_eye": [
		0.5573623180389404,
		0.3317813575267792,
		-0.19938014447689056,
		0.9995175004005432
	],
	"26. right_eye": [
		0.5473097562789917,
		0.3279929459095001,
		-0.20971369743347168,
		0.9993973970413208
	],
	"27. left_ear": [
		0.5581300258636475,
		0.33942165970802307,
		-0.0949781984090805,
		0.9991025328636169
	],
	"28. right_ear": [
		0.5366905331611633,
		0.3321959376335144,
		-0.13751856982707977,
		0.9994153380393982
	],
	"time stamp": 23
}