{
	"1. left_hip": [
		0.5546898245811462,
		0.6075785160064697,
		0.024141285568475723,
		0.9996466040611267
	],
	"2. left_knee": [
		0.5842397809028625,
		0.7348530888557434,
		0.009363058023154736,
		0.9839010238647461
	],
	"3. left_ankle": [
		0.6243294477462769,
		0.8396046161651611,
		0.17213144898414612,
		0.9848030209541321
	],
	"6. right_hip": [
		0.5154622793197632,
		0.5988450646400452,
		-0.024192659184336662,
		0.999744176864624
	],
	"7. right_knee": [
		0.49271053075790405,
		0.7362962365150452,
		0.005046321544796228,
		0.9952933192253113
	],
	"8. right_ankle": [
		0.4651062786579132,
		0.8318154215812683,
		0.19394057989120483,
		0.9939790368080139
	],
	"14. left_shoulder": [
		0.5782438516616821,
		0.4174087941646576,
		-0.030098747462034225,
		0.9993584156036377
	],
	"15. left_elbow": [
		0.5812505483627319,
		0.5026053786277771,
		-0.013740544207394123,
		0.7751397490501404
	],
	"16. left_wrist": [
		0.5795755386352539,
		0.5548908114433289,
		-0.07693775743246078,
		0.6938717365264893
	],
	"19. right_shoulder": [
		0.5211701989173889,
		0.38717660307884216,
		-0.13999181985855103,
		0.9997773766517639
	],
	"20. right_elbow": [
		0.5152390003204346,
		0.289485365152359,
		-0.20547626912593842,
		0.9978503584861755
	],
	"21. right_wrist": [
		0.5414590239524841,
		0.21157211065292358,
		-0.19686511158943176,
		0.9946774840354919
	],
	"24. nose": [
		0.5599632263183594,
		0.3453734219074249,
		-0.2215944230556488,
		0.9997279644012451
	],
	"25. left_eye": [
		0.5626195073127747,
		0.3306308388710022,
		-0.20302295684814453,
		0.999340295791626
	],
	"26. right_eye": [
		0.5514083504676819,
		0.32865673303604126,
		-0.2086622565984726,
		0.9991702437400818
	],
	"27. left_ear": [
		0.5646395683288574,
		0.3379552960395813,
		-0.10398542135953903,
		0.9987916946411133
	],
	"28. right_ear": [
		0.5416167378425598,
		0.33544641733169556,
		-0.12867023050785065,
		0.9992539286613464
	],
	"time stamp": 23
}