{
	"1. left_hip": [
		0.5734257698059082,
		0.6069537401199341,
		0.024181731045246124,
		0.9996464848518372
	],
	"2. left_knee": [
		0.5998488068580627,
		0.7378226518630981,
		0.0513496994972229,
		0.984908401966095
	],
	"3. left_ankle": [
		0.6251413822174072,
		0.8397061824798584,
		0.21292932331562042,
		0.9856536388397217
	],
	"6. right_hip": [
		0.5316088199615479,
		0.5960986614227295,
		-0.024251660332083702,
		0.9997552037239075
	],
	"7. right_knee": [
		0.5011460185050964,
		0.729153037071228,
		-0.007708883844316006,
		0.995477020740509
	],
	"8. right_ankle": [
		0.4685715436935425,
		0.8292742967605591,
		0.16817353665828705,
		0.9942324757575989
	],
	"14. left_shoulder": [
		0.597646951675415,
		0.4162813425064087,
		-0.004643018823117018,
		0.9992859959602356
	],
	"15. left_elbow": [
		0.5937070250511169,
		0.5041412115097046,
		0.051250942051410675,
		0.7639001607894897
	],
	"16. left_wrist": [
		0.5940014719963074,
		0.5496500730514526,
		0.05320349708199501,
		0.6932052969932556
	],
	"19. right_shoulder": [
		0.5373125076293945,
		0.3865646719932556,
		-0.10269790887832642,
		0.9997542500495911
	],
	"20. right_elbow": [
		0.5087495446205139,
		0.35358190536499023,
		-0.2737584412097931,
		0.9977336525917053
	],
	"21. right_wrist": [
		0.5368451476097107,
		0.28095218539237976,
		-0.4401452839374542,
		0.9943975806236267
	],
	"24. nose": [
		0.5771734714508057,
		0.34086108207702637,
		-0.19483241438865662,
		0.9997317790985107
	],
	"25. left_eye": [
		0.5782328248023987,
		0.32494184374809265,
		-0.17781345546245575,
		0.9993649125099182
	],
	"26. right_eye": [
		0.5666347742080688,
		0.3278244137763977,
		-0.1802244335412979,
		0.999220609664917
	],
	"27. left_ear": [
		0.5801648497581482,
		0.32983294129371643,
		-0.07861912995576859,
		0.998842716217041
	],
	"28. right_ear": [
		0.5575969219207764,
		0.3335977792739868,
		-0.09068577736616135,
		0.9992826581001282
	],
	"time stamp": 23
}