{
	"1. left_hip": [
		0.5794305801391602,
		0.6040493845939636,
		0.011339549906551838,
		0.9996445178985596
	],
	"2. left_knee": [
		0.6045300960540771,
		0.7342559695243835,
		0.04692851006984711,
		0.9858842492103577
	],
	"3. left_ankle": [
		0.6265386939048767,
		0.839644730091095,
		0.19352607429027557,
		0.9864127039909363
	],
	"6. right_hip": [
		0.5403335094451904,
		0.5949265360832214,
		-0.011356671340763569,
		0.999752402305603
	],
	"7. right_knee": [
		0.5062308311462402,
		0.7240023016929626,
		-0.018679484724998474,
		0.995768129825592
	],
	"8. right_ankle": [
		0.4750170409679413,
		0.8292502760887146,
		0.08898533135652542,
		0.994474470615387
	],
	"14. left_shoulder": [
		0.6038428544998169,
		0.4057437777519226,
		-0.004165880847722292,
		0.9993316531181335
	],
	"15. left_elbow": [
		0.6038191914558411,
		0.48298054933547974,
		-0.13573907315731049,
		0.7803391814231873
	],
	"16. left_wrist": [
		0.5942896008491516,
		0.42024093866348267,
		-0.3155171275138855,
		0.7203861474990845
	],
	"19. right_shoulder": [
		0.5440126061439514,
		0.3861561715602875,
		-0.038311492651700974,
		0.999751091003418
	],
	"20. right_elbow": [
		0.5081537365913391,
		0.38249507546424866,
		-0.19433550536632538,
		0.9975327849388123
	],
	"21. right_wrist": [
		0.5347897410392761,
		0.33741697669029236,
		-0.34899720549583435,
		0.993608832359314
	],
	"24. nose": [
		0.5823258757591248,
		0.33602386713027954,
		-0.1519082933664322,
		0.9997525215148926
	],
	"25. left_eye": [
		0.5854566693305969,
		0.3209824562072754,
		-0.13840778172016144,
		0.9994208216667175
	],
	"26. right_eye": [
		0.5730494260787964,
		0.32623183727264404,
		-0.139591783285141,
		0.9992852210998535
	],
	"27. left_ear": [
		0.5871406197547913,
		0.32540279626846313,
		-0.046399760991334915,
		0.9989438056945801
	],
	"28. right_ear": [
		0.5624182820320129,
		0.33312705159187317,
		-0.05208559334278107,
		0.9993393421173096
	],
	"time stamp": 23
}