{
	"1. left_hip": [
		0.5863397121429443,
		0.6027025580406189,
		0.010361823253333569,
		0.9996558427810669
	],
	"2. left_knee": [
		0.6092783212661743,
		0.7328794598579407,
		0.04592712223529816,
		0.9868659973144531
	],
	"3. left_ankle": [
		0.6276601552963257,
		0.838756799697876,
		0.18892253935337067,
		0.987205982208252
	],
	"6. right_hip": [
		0.5465970635414124,
		0.5935579538345337,
		-0.010356112383306026,
		0.9997473955154419
	],
	"7. right_knee": [
		0.5149349570274353,
		0.7065207362174988,
		0.015240113250911236,
		0.995814859867096
	],
	"8. right_ankle": [
		0.48906368017196655,
		0.8068450093269348,
		0.15923097729682922,
		0.994562566280365
	],
	"14. left_shoulder": [
		0.6121640801429749,
		0.40166863799095154,
		-0.02445729821920395,
		0.9993587136268616
	],
	"15. left_elbow": [
		0.6102418899536133,
		0.4793034493923187,
		-0.10246144980192184,
		0.7798947691917419
	],
	"16. left_wrist": [
		0.6160905957221985,
		0.4542994201183319,
		-0.10565731674432755,
		0.73719322681427
	],
	"19. right_shoulder": [
		0.5498129725456238,
		0.3857170641422272,
		-0.0745016485452652,
		0.999652624130249
	],
	"20. right_elbow": [
		0.520049512386322,
		0.41446879506111145,
		-0.25862637162208557,
		0.9953709840774536
	],
	"21. right_wrist": [
		0.5475121736526489,
		0.3673901855945587,
		-0.46566206216812134,
		0.9907441735267639
	],
	"24. nose": [
		0.5902498364448547,
		0.3342317044734955,
		-0.2048138827085495,
		0.9997574090957642
	],
	"25. left_eye": [
		0.5935952663421631,
		0.32070407271385193,
		-0.1908683478832245,
		0.999441921710968
	],
	"26. right_eye": [
		0.5815694332122803,
		0.32506322860717773,
		-0.19373053312301636,
		0.9993215203285217
	],
	"27. left_ear": [
		0.5954198241233826,
		0.32515865564346313,
		-0.0881122574210167,
		0.9989836812019348
	],
	"28. right_ear": [
		0.5706700086593628,
		0.3314627408981323,
		-0.10023041814565659,
		0.9993323087692261
	],
	"time stamp": 23
}