{
	"1. left_hip": [
		0.5907781720161438,
		0.5982136130332947,
		0.013034655712544918,
		0.999681293964386
	],
	"2. left_knee": [
		0.6124256253242493,
		0.7326562404632568,
		0.00956112239509821,
		0.9876483678817749
	],
	"3. left_ankle": [
		0.6274248957633972,
		0.839599609375,
		0.11242418736219406,
		0.9877307415008545
	],
	"6. right_hip": [
		0.5523788928985596,
		0.5881965160369873,
		-0.013039390556514263,
		0.9997461438179016
	],
	"7. right_knee": [
		0.5204565525054932,
		0.7020391821861267,
		0.06232794374227524,
		0.9950319528579712
	],
	"8. right_ankle": [
		0.5030088424682617,
		0.7881870865821838,
		0.24810342490673065,
		0.9936732649803162
	],
	"14. left_shoulder": [
		0.6164120435714722,
		0.39687275886535645,
		-0.03948171064257622,
		0.9993864893913269
	],
	"15. left_elbow": [
		0.6177303194999695,
		0.4664720892906189,
		0.07577035576105118,
		0.7903364896774292
	],
	"16. left_wrist": [
		0.625581681728363,
		0.48212534189224243,
		0.15889912843704224,
		0.758426308631897
	],
	"19. right_shoulder": [
		0.5551512241363525,
		0.3863930106163025,
		-0.12609489262104034,
		0.9994242787361145
	],
	"20. right_elbow": [
		0.5270985960960388,
		0.43951743841171265,
		-0.29710403084754944,
		0.9934823513031006
	],
	"21. right_wrist": [
		0.5537973046302795,
		0.377818763256073,
		-0.4881051480770111,
		0.9895521402359009
	],
	"24. nose": [
		0.5946853756904602,
		0.33337995409965515,
		-0.2468457967042923,
		0.9997653365135193
	],
	"25. left_eye": [
		0.5973692536354065,
		0.3206947445869446,
		-0.2320300191640854,
		0.9994648098945618
	],
	"26. right_eye": [
		0.5856372117996216,
		0.32501140236854553,
		-0.23748664557933807,
		0.9993658661842346
	],
	"27. left_ear": [
		0.5991134643554688,
		0.32517388463020325,
		-0.12805333733558655,
		0.9990416169166565
	],
	"28. right_ear": [
		0.5746007561683655,
		0.3310077488422394,
		-0.15280766785144806,
		0.9993435740470886
	],
	"time stamp": 23
}