{
	"1. left_hip": [
		0.600668728351593,
		0.6039921641349792,
		0.0056258984841406345,
		0.9996916651725769
	],
	"2. left_knee": [
		0.6192610859870911,
		0.7335036396980286,
		0.020738067105412483,
		0.9882687926292419
	],
	"3. left_ankle": [
		0.6286928653717041,
		0.839070737361908,
		0.17600584030151367,
		0.9878488779067993
	],
	"6. right_hip": [
		0.5596330761909485,
		0.5931354761123657,
		-0.005604656413197517,
		0.9997199177742004
	],
	"7. right_knee": [
		0.5261285901069641,
		0.7026271224021912,
		0.019721947610378265,
		0.9948912858963013
	],
	"8. right_ankle": [
		0.5421033501625061,
		0.7075541615486145,
		0.26140883564949036,
		0.9764146208763123
	],
	"14. left_shoulder": [
		0.6261240243911743,
		0.4048938751220703,
		-0.07493750005960464,
		0.9994416236877441
	],
	"15. left_elbow": [
		0.6362084150314331,
		0.49254658818244934,
		-0.14135943353176117,
		0.8066133856773376
	],
	"16. left_wrist": [
		0.6354687809944153,
		0.49020686745643616,
		-0.3254307210445404,
		0.7774792313575745
	],
	"19. right_shoulder": [
		0.5580573678016663,
		0.4041154980659485,
		-0.09404053539037704,
		0.99946129322052
	],
	"20. right_elbow": [
		0.5374186038970947,
		0.4939892590045929,
		-0.1597381830215454,
		0.9902050495147705
	],
	"21. right_wrist": [
		0.541488766670227,
		0.5184650421142578,
		-0.34483736753463745,
		0.9812796711921692
	],
	"24. nose": [
		0.5964550375938416,
		0.33912184834480286,
		-0.23859834671020508,
		0.9997861385345459
	],
	"25. left_eye": [
		0.6002413630485535,
		0.325631320476532,
		-0.22605600953102112,
		0.9995154738426208
	],
	"26. right_eye": [
		0.5881725549697876,
		0.3295854926109314,
		-0.2274170219898224,
		0.9994244575500488
	],
	"27. left_ear": [
		0.6037254333496094,
		0.3312023878097534,
		-0.13258647918701172,
		0.9991313815116882
	],
	"28. right_ear": [
		0.5783872604370117,
		0.3366604149341583,
		-0.139539435505867,
		0.9994046688079834
	],
	"time stamp": 23
}