{
	"1. left_hip": [
		0.6055786609649658,
		0.6091282367706299,
		-0.0021591302938759327,
		0.9997053742408752
	],
	"2. left_knee": [
		0.6232204437255859,
		0.7366829514503479,
		0.007998975925147533,
		0.9884373545646667
	],
	"3. left_ankle": [
		0.6292710900306702,
		0.8416918516159058,
		0.16983571648597717,
		0.9868820905685425
	],
	"6. right_hip": [
		0.5628343224525452,
		0.599095344543457,
		0.002178862690925598,
		0.9997016191482544
	],
	"7. right_knee": [
		0.5273469090461731,
		0.6995289921760559,
		-0.04928744211792946,
		0.9946568608283997
	],
	"8. right_ankle": [
		0.5563176870346069,
		0.6894068121910095,
		0.2233029454946518,
		0.9382613301277161
	],
	"14. left_shoulder": [
		0.6309327483177185,
		0.4132702648639679,
		-0.06068158149719238,
		0.9994939565658569
	],
	"15. left_elbow": [
		0.6422115564346313,
		0.49905091524124146,
		-0.15148888528347015,
		0.8233685493469238
	],
	"16. left_wrist": [
		0.6401646137237549,
		0.48801133036613464,
		-0.3509667217731476,
		0.797467827796936
	],
	"19. right_shoulder": [
		0.5607933402061462,
		0.40961989760398865,
		-0.044749826192855835,
		0.9995024800300598
	],
	"20. right_elbow": [
		0.5398852229118347,
		0.49534204602241516,
		-0.0899190753698349,
		0.9871997833251953
	],
	"21. right_wrist": [
		0.5401524901390076,
		0.5355684161186218,
		-0.25390586256980896,
		0.9767930507659912
	],
	"24. nose": [
		0.5940443277359009,
		0.34044739603996277,
		-0.20593693852424622,
		0.9998061060905457
	],
	"25. left_eye": [
		0.5985227227210999,
		0.3267205059528351,
		-0.19639280438423157,
		0.9995623230934143
	],
	"26. right_eye": [
		0.5857311487197876,
		0.33146339654922485,
		-0.18973876535892487,
		0.9994785189628601
	],
	"27. left_ear": [
		0.6048198938369751,
		0.33260589838027954,
		-0.11327774822711945,
		0.9992147088050842
	],
	"28. right_ear": [
		0.5783114433288574,
		0.34038129448890686,
		-0.0941794216632843,
		0.9994611740112305
	],
	"time stamp": 23
}