{
	"1. left_hip": [
		0.6109887361526489,
		0.607272207736969,
		-0.008322939276695251,
		0.9997227787971497
	],
	"2. left_knee": [
		0.6248091459274292,
		0.7352303266525269,
		0.007546862121671438,
		0.9886873960494995
	],
	"3. left_ankle": [
		0.6285722255706787,
		0.8411078453063965,
		0.16892196238040924,
		0.9868564605712891
	],
	"6. right_hip": [
		0.5670945048332214,
		0.5974088311195374,
		0.008420519530773163,
		0.9996934533119202
	],
	"7. right_knee": [
		0.5264750123023987,
		0.6879453659057617,
		-0.1190820038318634,
		0.9948567152023315
	],
	"8. right_ankle": [
		0.5662095546722412,
		0.664982795715332,
		0.16179333627223969,
		0.9118766784667969
	],
	"14. left_shoulder": [
		0.6339169144630432,
		0.4121014475822449,
		-0.06861243396997452,
		0.9995442628860474
	],
	"15. left_elbow": [
		0.6517230868339539,
		0.49988991022109985,
		-0.16354191303253174,
		0.8404518961906433
	],
	"16. left_wrist": [
		0.6519926190376282,
		0.45792898535728455,
		-0.36491769552230835,
		0.8173405528068542
	],
	"19. right_shoulder": [
		0.5634452104568481,
		0.4097791016101837,
		-0.03508700057864189,
		0.9995474219322205
	],
	"20. right_elbow": [
		0.5432177186012268,
		0.4909174144268036,
		-0.0005938058602623641,
		0.9848772883415222
	],
	"21. right_wrist": [
		0.5423626899719238,
		0.5368816256523132,
		-0.07313431799411774,
		0.9710595011711121
	],
	"24. nose": [
		0.5920734405517578,
		0.34055057168006897,
		-0.20642082393169403,
		0.9998248815536499
	],
	"25. left_eye": [
		0.5964786410331726,
		0.32643550634384155,
		-0.19708351790905,
		0.9996054768562317
	],
	"26. right_eye": [
		0.5841096043586731,
		0.332561194896698,
		-0.1913911998271942,
		0.9995281100273132
	],
	"27. left_ear": [
		0.603330671787262,
		0.3322308361530304,
		-0.1153872162103653,
		0.9992920756340027
	],
	"28. right_ear": [
		0.5782067775726318,
		0.34212952852249146,
		-0.09741995483636856,
		0.9995135068893433
	],
	"time stamp": 23
}