{
	"1. left_hip": [
		0.6115921139717102,
		0.6065024733543396,
		-0.009209318086504936,
		0.9997425675392151
	],
	"2. left_knee": [
		0.6244519352912903,
		0.7344890236854553,
		0.011418934911489487,
		0.9884844422340393
	],
	"3. left_ankle": [
		0.6274501085281372,
		0.8383467793464661,
		0.17647434771060944,
		0.9866631031036377
	],
	"6. right_hip": [
		0.5693956017494202,
		0.5967218279838562,
		0.009245435707271099,
		0.9997089505195618
	],
	"7. right_knee": [
		0.5254360437393188,
		0.6789606809616089,
		-0.09692796319723129,
		0.9951183795928955
	],
	"8. right_ankle": [
		0.5649742484092712,
		0.686963677406311,
		0.16306596994400024,
		0.9044567942619324
	],
	"14. left_shoulder": [
		0.6315180659294128,
		0.40741702914237976,
		-0.06490399688482285,
		0.9995887279510498
	],
	"15. left_elbow": [
		0.661034882068634,
		0.4775446951389313,
		-0.18002456426620483,
		0.856024444103241
	],
	"16. left_wrist": [
		0.6521590352058411,
		0.4015096127986908,
		-0.37149542570114136,
		0.8350421786308289
	],
	"19. right_shoulder": [
		0.5622991323471069,
		0.40825170278549194,
		-0.03122790902853012,
		0.9995903968811035
	],
	"20. right_elbow": [
		0.5441681742668152,
		0.4859876036643982,
		0.01992054283618927,
		0.9840558171272278
	],
	"21. right_wrist": [
		0.5460027456283569,
		0.5399124622344971,
		-0.016742950305342674,
		0.9684028625488281
	],
	"24. nose": [
		0.588448703289032,
		0.34027960896492004,
		-0.20067796111106873,
		0.9998411536216736
	],
	"25. left_eye": [
		0.5936079621315002,
		0.32552555203437805,
		-0.1914697140455246,
		0.9996429085731506
	],
	"26. right_eye": [
		0.5810078978538513,
		0.3315555453300476,
		-0.18538641929626465,
		0.9995714426040649
	],
	"27. left_ear": [
		0.6014224886894226,
		0.32986706495285034,
		-0.11127953976392746,
		0.9993582963943481
	],
	"28. right_ear": [
		0.5756784081459045,
		0.34058332443237305,
		-0.09057946503162384,
		0.9995606541633606
	],
	"time stamp": 23
}