{
	"1. left_hip": [
		0.613988995552063,
		0.598393976688385,
		-0.014714174903929234,
		0.9997562766075134
	],
	"2. left_knee": [
		0.62376469373703,
		0.7339494228363037,
		-0.01271884236484766,
		0.9875073432922363
	],
	"3. left_ankle": [
		0.6271688342094421,
		0.8356046676635742,
		0.15731854736804962,
		0.9850571751594543
	],
	"6. right_hip": [
		0.5731722712516785,
		0.5900209546089172,
		0.014700004830956459,
		0.999720573425293
	],
	"7. right_knee": [
		0.526543140411377,
		0.6600801348686218,
		-0.11803862452507019,
		0.9953265190124512
	],
	"8. right_ankle": [
		0.5598475933074951,
		0.7157901525497437,
		0.09186919033527374,
		0.9088806509971619
	],
	"14. left_shoulder": [
		0.623914361000061,
		0.38552021980285645,
		-0.06611768156290054,
		0.9996195435523987
	],
	"15. left_elbow": [
		0.6541441679000854,
		0.36189451813697815,
		-0.21485625207424164,
		0.8699299097061157
	],
	"16. left_wrist": [
		0.6354435086250305,
		0.3069005012512207,
		-0.35765695571899414,
		0.8506287932395935
	],
	"19. right_shoulder": [
		0.5620125532150269,
		0.40685755014419556,
		-0.0025168827269226313,
		0.9996153116226196
	],
	"20. right_elbow": [
		0.5505009889602661,
		0.48477524518966675,
		0.012891125865280628,
		0.9752488136291504
	],
	"21. right_wrist": [
		0.5514912009239197,
		0.5418810248374939,
		-0.04783426225185394,
		0.9607219099998474
	],
	"24. nose": [
		0.5830101370811462,
		0.3395610749721527,
		-0.1601392775774002,
		0.9998389482498169
	],
	"25. left_eye": [
		0.5895859599113464,
		0.32275885343551636,
		-0.15023332834243774,
		0.9996305108070374
	],
	"26. right_eye": [
		0.5769652724266052,
		0.3308504819869995,
		-0.1414458155632019,
		0.9995556473731995
	],
	"27. left_ear": [
		0.5962710976600647,
		0.3247613310813904,
		-0.08620635420084,
		0.9993332028388977
	],
	"28. right_ear": [
		0.5711936950683594,
		0.34048593044281006,
		-0.04463362321257591,
		0.9995729327201843
	],
	"time stamp": 23
}