{
	"1. left_hip": [
		0.6167155504226685,
		0.5926055312156677,
		-0.01482435129582882,
		0.999762773513794
	],
	"2. left_knee": [
		0.6241192817687988,
		0.7336946129798889,
		-0.035861171782016754,
		0.9856177568435669
	],
	"3. left_ankle": [
		0.6275156140327454,
		0.8364797234535217,
		0.1166481077671051,
		0.9796230792999268
	],
	"6. right_hip": [
		0.5752259492874146,
		0.5866265892982483,
		0.014767459593713284,
		0.9997073411941528
	],
	"7. right_knee": [
		0.5277905464172363,
		0.6584689021110535,
		-0.09484551101922989,
		0.994140625
	],
	"8. right_ankle": [
		0.5479987263679504,
		0.7185207605361938,
		0.12184306234121323,
		0.8925967812538147
	],
	"14. left_shoulder": [
		0.6217896938323975,
		0.37966296076774597,
		-0.0815698504447937,
		0.9996323585510254
	],
	"15. left_elbow": [
		0.6476650238037109,
		0.3147742450237274,
		-0.21953469514846802,
		0.8825659155845642
	],
	"16. left_wrist": [
		0.6217504143714905,
		0.26991984248161316,
		-0.33293578028678894,
		0.8642914295196533
	],
	"19. right_shoulder": [
		0.5602336525917053,
		0.4106532335281372,
		-0.025349026545882225,
		0.999625563621521
	],
	"20. right_elbow": [
		0.553463876247406,
		0.4896756410598755,
		-0.05014366656541824,
		0.966350257396698
	],
	"21. right_wrist": [
		0.5543416738510132,
		0.5449767112731934,
		-0.15324991941452026,
		0.9528782367706299
	],
	"24. nose": [
		0.5744032859802246,
		0.338800847530365,
		-0.1766330599784851,
		0.9998356699943542
	],
	"25. left_eye": [
		0.5815659761428833,
		0.3211512863636017,
		-0.16569530963897705,
		0.9996212124824524
	],
	"26. right_eye": [
		0.5687005519866943,
		0.3302445709705353,
		-0.1595235913991928,
		0.9995627403259277
	],
	"27. left_ear": [
		0.5960519313812256,
		0.32096895575523376,
		-0.09458130598068237,
		0.9993193745613098
	],
	"28. right_ear": [
		0.5709278583526611,
		0.34029313921928406,
		-0.06476396322250366,
		0.9995957016944885
	],
	"time stamp": 23
}