{
	"1. left_hip": [
		0.6202523708343506,
		0.5917227864265442,
		-0.024736516177654266,
		0.9997698068618774
	],
	"2. left_knee": [
		0.6269347667694092,
		0.7330660223960876,
		-0.03501058742403984,
		0.9849223494529724
	],
	"3. left_ankle": [
		0.6295322179794312,
		0.837743878364563,
		0.08867605030536652,
		0.9778321385383606
	],
	"6. right_hip": [
		0.5796028971672058,
		0.5866811275482178,
		0.024765050038695335,
		0.9997313022613525
	],
	"7. right_knee": [
		0.5330151319503784,
		0.6580108404159546,
		-0.15358088910579681,
		0.9942321181297302
	],
	"8. right_ankle": [
		0.5435200929641724,
		0.7793998122215271,
		-0.0537298321723938,
		0.9022197127342224
	],
	"14. left_shoulder": [
		0.619132399559021,
		0.3767721354961395,
		-0.07995089888572693,
		0.999640166759491
	],
	"15. left_elbow": [
		0.6462081074714661,
		0.29659393429756165,
		-0.21856637299060822,
		0.8941414952278137
	],
	"16. left_wrist": [
		0.6060121655464172,
		0.24280007183551788,
		-0.3274444341659546,
		0.877531111240387
	],
	"19. right_shoulder": [
		0.5592985153198242,
		0.4157140851020813,
		0.0064414627850055695,
		0.9996509552001953
	],
	"20. right_elbow": [
		0.5560387969017029,
		0.48941299319267273,
		0.0053228093311190605,
		0.9524771571159363
	],
	"21. right_wrist": [
		0.5571902990341187,
		0.5440954566001892,
		-0.08820706605911255,
		0.9428090453147888
	],
	"24. nose": [
		0.5681264400482178,
		0.33880358934402466,
		-0.16675934195518494,
		0.9998458623886108
	],
	"25. left_eye": [
		0.5756133794784546,
		0.32116809487342834,
		-0.15664321184158325,
		0.9996402263641357
	],
	"26. right_eye": [
		0.5622657537460327,
		0.3299258351325989,
		-0.14840559661388397,
		0.9995954632759094
	],
	"27. left_ear": [
		0.5894203186035156,
		0.32140642404556274,
		-0.08973173052072525,
		0.9993515014648438
	],
	"28. right_ear": [
		0.5643931031227112,
		0.3395549952983856,
		-0.05045115947723389,
		0.9996283650398254
	],
	"time stamp": 23
}