{
	"1. left_hip": [
		0.6245982646942139,
		0.5898225903511047,
		-0.035831280052661896,
		0.9997497200965881
	],
	"2. left_knee": [
		0.6276962757110596,
		0.7300868630409241,
		-0.05562496930360794,
		0.9848089814186096
	],
	"3. left_ankle": [
		0.6324976682662964,
		0.8370364904403687,
		0.04806841164827347,
		0.9763609170913696
	],
	"6. right_hip": [
		0.5852943062782288,
		0.5867273807525635,
		0.035864487290382385,
		0.9997458457946777
	],
	"7. right_knee": [
		0.5413551330566406,
		0.6622240543365479,
		-0.12843123078346252,
		0.9939540028572083
	],
	"8. right_ankle": [
		0.5402213335037231,
		0.800993025302887,
		-0.052577707916498184,
		0.910815954208374
	],
	"14. left_shoulder": [
		0.6180264949798584,
		0.3812682330608368,
		-0.10340508073568344,
		0.9996265172958374
	],
	"15. left_elbow": [
		0.6206579804420471,
		0.2917259931564331,
		-0.22177430987358093,
		0.904556930065155
	],
	"16. left_wrist": [
		0.5934819579124451,
		0.22127953171730042,
		-0.29868021607398987,
		0.8894444108009338
	],
	"19. right_shoulder": [
		0.5597051382064819,
		0.42157331109046936,
		0.013449961319565773,
		0.9996653199195862
	],
	"20. right_elbow": [
		0.5609526038169861,
		0.49590712785720825,
		0.023136373609304428,
		0.931231677532196
	],
	"21. right_wrist": [
		0.5613352656364441,
		0.5507264733314514,
		-0.06482397019863129,
		0.9308412075042725
	],
	"24. nose": [
		0.5617440938949585,
		0.3468630611896515,
		-0.1692538559436798,
		0.999848484992981
	],
	"25. left_eye": [
		0.5695831775665283,
		0.3281705677509308,
		-0.16194340586662292,
		0.9996384382247925
	],
	"26. right_eye": [
		0.5563000440597534,
		0.33598393201828003,
		-0.15226539969444275,
		0.9996145963668823
	],
	"27. left_ear": [
		0.5819733142852783,
		0.32686811685562134,
		-0.10182182490825653,
		0.9993600249290466
	],
	"28. right_ear": [
		0.5586977601051331,
		0.3432096540927887,
		-0.056418322026729584,
		0.9996469616889954
	],
	"time stamp": 23
}