{
	"1. left_hip": [
		0.6272768974304199,
		0.5907332301139832,
		-0.036530934274196625,
		0.9997382760047913
	],
	"2. left_knee": [
		0.627532422542572,
		0.7313585877418518,
		-0.04195685684680939,
		0.984186053276062
	],
	"3. left_ankle": [
		0.6340539455413818,
		0.8379843831062317,
		0.08025908470153809,
		0.9715952277183533
	],
	"6. right_hip": [
		0.5886039137840271,
		0.5939687490463257,
		0.03651170805096626,
		0.9997577667236328
	],
	"7. right_knee": [
		0.5548897981643677,
		0.7110693454742432,
		0.0008647491340525448,
		0.9925646185874939
	],
	"8. right_ankle": [
		0.533107340335846,
		0.831235408782959,
		0.05602128803730011,
		0.9175744652748108
	],
	"14. left_shoulder": [
		0.6088504195213318,
		0.3949604034423828,
		-0.1390552520751953,
		0.9995616674423218
	],
	"15. left_elbow": [
		0.5930145978927612,
		0.3100869059562683,
		-0.22830916941165924,
		0.9137573838233948
	],
	"16. left_wrist": [
		0.5758476853370667,
		0.22731032967567444,
		-0.2713575065135956,
		0.9000054001808167
	],
	"19. right_shoulder": [
		0.5592978000640869,
		0.4293503761291504,
		-0.0054883649572730064,
		0.9996381998062134
	],
	"20. right_elbow": [
		0.5667107701301575,
		0.49977701902389526,
		-0.009369743056595325,
		0.8872717618942261
	],
	"21. right_wrist": [
		0.5677205324172974,
		0.5533103942871094,
		-0.10859914124011993,
		0.8953106999397278
	],
	"24. nose": [
		0.553803563117981,
		0.36718642711639404,
		-0.17082245647907257,
		0.9998219013214111
	],
	"25. left_eye": [
		0.5618121027946472,
		0.3487679660320282,
		-0.17744112014770508,
		0.9995843768119812
	],
	"26. right_eye": [
		0.5492709875106812,
		0.35496336221694946,
		-0.15349335968494415,
		0.9995932579040527
	],
	"27. left_ear": [
		0.5739791393280029,
		0.34858569502830505,
		-0.13637268543243408,
		0.9993274807929993
	],
	"28. right_ear": [
		0.5519287586212158,
		0.357924222946167,
		-0.06009560823440552,
		0.9995981454849243
	],
	"time stamp": 23
}