{
	"1. left_hip": [
		0.6296655535697937,
		0.595802366733551,
		-0.040726132690906525,
		0.9997143745422363
	],
	"2. left_knee": [
		0.6277546286582947,
		0.7326874732971191,
		-0.01254995260387659,
		0.9830877780914307
	],
	"3. left_ankle": [
		0.6335424184799194,
		0.8409839868545532,
		0.12071958929300308,
		0.966618537902832
	],
	"6. right_hip": [
		0.5920982360839844,
		0.603958010673523,
		0.04071405529975891,
		0.9997691512107849
	],
	"7. right_knee": [
		0.5631365180015564,
		0.7248477339744568,
		0.0018820154946297407,
		0.9912769794464111
	],
	"8. right_ankle": [
		0.5275295972824097,
		0.8351719975471497,
		0.052761778235435486,
		0.9233757853507996
	],
	"14. left_shoulder": [
		0.6031059622764587,
		0.3994172513484955,
		-0.13390445709228516,
		0.9993746876716614
	],
	"15. left_elbow": [
		0.5828168988227844,
		0.3099231421947479,
		-0.22252245247364044,
		0.9219040870666504
	],
	"16. left_wrist": [
		0.5642009973526001,
		0.2340879589319229,
		-0.26578617095947266,
		0.9094867706298828
	],
	"19. right_shoulder": [
		0.5579546689987183,
		0.4395768940448761,
		-0.0003838207048829645,
		0.9996273517608643
	],
	"20. right_elbow": [
		0.5671086311340332,
		0.5101675391197205,
		0.009717718698084354,
		0.8673813939094543
	],
	"21. right_wrist": [
		0.5704845190048218,
		0.5656358003616333,
		-0.0768859013915062,
		0.881253182888031
	],
	"24. nose": [
		0.5471079349517822,
		0.3787027895450592,
		-0.17523901164531708,
		0.99977046251297
	],
	"25. left_eye": [
		0.5562537312507629,
		0.3597722351551056,
		-0.1752203404903412,
		0.999433696269989
	],
	"26. right_eye": [
		0.5430724620819092,
		0.36706700921058655,
		-0.15887770056724548,
		0.9995489120483398
	],
	"27. left_ear": [
		0.568734884262085,
		0.35997211933135986,
		-0.12779931724071503,
		0.9990580081939697
	],
	"28. right_ear": [
		0.5461097359657288,
		0.37112244963645935,
		-0.0674326941370964,
		0.9995056390762329
	],
	"time stamp": 23
}