{
	"1. left_hip": [
		0.6316782236099243,
		0.5984477996826172,
		-0.04846744239330292,
		0.9996989369392395
	],
	"2. left_knee": [
		0.6275350451469421,
		0.7338743209838867,
		-0.010835714638233185,
		0.9824662208557129
	],
	"3. left_ankle": [
		0.6338245868682861,
		0.8444646000862122,
		0.12398260086774826,
		0.9638622403144836
	],
	"6. right_hip": [
		0.5937559604644775,
		0.6075232028961182,
		0.04849354177713394,
		0.9997830986976624
	],
	"7. right_knee": [
		0.5675877332687378,
		0.7232521772384644,
		-0.028268637135624886,
		0.9905526041984558
	],
	"8. right_ankle": [
		0.5261802673339844,
		0.8351176977157593,
		-0.01883559115231037,
		0.9290820956230164
	],
	"14. left_shoulder": [
		0.5992462635040283,
		0.4030778110027313,
		-0.1479288935661316,
		0.9990578889846802
	],
	"15. left_elbow": [
		0.5744765400886536,
		0.30646732449531555,
		-0.24600739777088165,
		0.9289661645889282
	],
	"16. left_wrist": [
		0.5555969476699829,
		0.2401997298002243,
		-0.280317485332489,
		0.9168152213096619
	],
	"19. right_shoulder": [
		0.5562148690223694,
		0.44876983761787415,
		0.012473585084080696,
		0.9996239542961121
	],
	"20. right_elbow": [
		0.5633570551872253,
		0.5092692375183105,
		0.05335027351975441,
		0.8413946628570557
	],
	"21. right_wrist": [
		0.5726672410964966,
		0.5700687766075134,
		-0.01651390641927719,
		0.84611976146698
	],
	"24. nose": [
		0.5442295074462891,
		0.38485339283943176,
		-0.18660779297351837,
		0.9995983242988586
	],
	"25. left_eye": [
		0.5521999001502991,
		0.36653631925582886,
		-0.18528595566749573,
		0.9989360570907593
	],
	"26. right_eye": [
		0.5401467084884644,
		0.3739336133003235,
		-0.16737385094165802,
		0.9993786215782166
	],
	"27. left_ear": [
		0.5644434690475464,
		0.36701974272727966,
		-0.13554129004478455,
		0.9979887008666992
	],
	"28. right_ear": [
		0.5435177087783813,
		0.37863171100616455,
		-0.07115652412176132,
		0.9992304444313049
	],
	"time stamp": 23
}