{
	"1. left_hip": [
		0.6335103511810303,
		0.5993361473083496,
		-0.044621068984270096,
		0.9996784329414368
	],
	"2. left_knee": [
		0.6262667775154114,
		0.7343221306800842,
		-0.033245399594306946,
		0.9823848009109497
	],
	"3. left_ankle": [
		0.6339271068572998,
		0.8492616415023804,
		0.049582187086343765,
		0.9634126424789429
	],
	"6. right_hip": [
		0.5962874889373779,
		0.6084270477294922,
		0.04462899640202522,
		0.9997837543487549
	],
	"7. right_knee": [
		0.5713773369789124,
		0.7189578413963318,
		-0.02009539306163788,
		0.9893529415130615
	],
	"8. right_ankle": [
		0.526325523853302,
		0.8291776776313782,
		-0.0027774288319051266,
		0.9334321618080139
	],
	"14. left_shoulder": [
		0.5974884033203125,
		0.40529564023017883,
		-0.11187407374382019,
		0.9987986087799072
	],
	"15. left_elbow": [
		0.5734132528305054,
		0.3131716549396515,
		-0.2112935185432434,
		0.9351311922073364
	],
	"16. left_wrist": [
		0.5474101305007935,
		0.24789409339427948,
		-0.21887396275997162,
		0.9231586456298828
	],
	"19. right_shoulder": [
		0.5551184415817261,
		0.4560330808162689,
		0.04474296793341637,
		0.999600887298584
	],
	"20. right_elbow": [
		0.5610672831535339,
		0.5156985521316528,
		0.059798143804073334,
		0.820026695728302
	],
	"21. right_wrist": [
		0.5737990140914917,
		0.573414146900177,
		-0.017034118995070457,
		0.8142202496528625
	],
	"24. nose": [
		0.5449855327606201,
		0.38504719734191895,
		-0.14005087316036224,
		0.999543309211731
	],
	"25. left_eye": [
		0.5513854026794434,
		0.3672146797180176,
		-0.13047319650650024,
		0.9987418055534363
	],
	"26. right_eye": [
		0.5399662852287292,
		0.37501704692840576,
		-0.12084762752056122,
		0.9993369579315186
	],
	"27. left_ear": [
		0.562846302986145,
		0.3679753243923187,
		-0.07123906165361404,
		0.9975809454917908
	],
	"28. right_ear": [
		0.5413823127746582,
		0.38224950432777405,
		-0.028288094326853752,
		0.9991483092308044
	],
	"time stamp": 23
}