{
	"1. left_hip": [
		0.6339343786239624,
		0.599311888217926,
		-0.04659523814916611,
		0.9996967315673828
	],
	"2. left_knee": [
		0.6254468560218811,
		0.7342157363891602,
		-0.07987494766712189,
		0.9833899140357971
	],
	"3. left_ankle": [
		0.6337994933128357,
		0.8603897094726562,
		-0.01992209255695343,
		0.9649912714958191
	],
	"6. right_hip": [
		0.5969655513763428,
		0.6089429259300232,
		0.046643778681755066,
		0.9997977614402771
	],
	"7. right_knee": [
		0.569866418838501,
		0.716575562953949,
		-0.06860172003507614,
		0.9893844723701477
	],
	"8. right_ankle": [
		0.5261849761009216,
		0.8298019170761108,
		-0.11834380030632019,
		0.9382284879684448
	],
	"14. left_shoulder": [
		0.5953121185302734,
		0.4047462046146393,
		-0.07536212354898453,
		0.9988462328910828
	],
	"15. left_elbow": [
		0.5719258785247803,
		0.3168148994445801,
		-0.1868533194065094,
		0.9410622715950012
	],
	"16. left_wrist": [
		0.5429712533950806,
		0.25900548696517944,
		-0.22684702277183533,
		0.9292334914207458
	],
	"19. right_shoulder": [
		0.5540969371795654,
		0.4624594748020172,
		0.0646604523062706,
		0.9996240735054016
	],
	"20. right_elbow": [
		0.5611981153488159,
		0.5246248245239258,
		0.0704851895570755,
		0.8212481737136841
	],
	"21. right_wrist": [
		0.5723169445991516,
		0.5750376582145691,
		-0.0220365971326828,
		0.8063830733299255
	],
	"24. nose": [
		0.5452419519424438,
		0.38163211941719055,
		-0.12179506570100784,
		0.9995790123939514
	],
	"25. left_eye": [
		0.5501470565795898,
		0.36376431584358215,
		-0.10874997824430466,
		0.9988375902175903
	],
	"26. right_eye": [
		0.5396739840507507,
		0.37266531586647034,
		-0.10031113773584366,
		0.9993917942047119
	],
	"27. left_ear": [
		0.5610328912734985,
		0.36493033170700073,
		-0.04301315173506737,
		0.9977598190307617
	],
	"28. right_ear": [
		0.5406311750411987,
		0.3829742968082428,
		-0.0033728345297276974,
		0.9992159605026245
	],
	"time stamp": 23
}