{
	"1. left_hip": [
		0.6343797445297241,
		0.5984969735145569,
		-0.04925783723592758,
		0.999700129032135
	],
	"2. left_knee": [
		0.6246466636657715,
		0.7341720461845398,
		-0.06470814347267151,
		0.9831356406211853
	],
	"3. left_ankle": [
		0.6332471370697021,
		0.8580725789070129,
		0.02438380941748619,
		0.9648482799530029
	],
	"6. right_hip": [
		0.598063051700592,
		0.6089617609977722,
		0.04921061918139458,
		0.9997878670692444
	],
	"7. right_knee": [
		0.5657761096954346,
		0.7256482243537903,
		0.037781618535518646,
		0.9864927530288696
	],
	"8. right_ankle": [
		0.5257412195205688,
		0.8311617374420166,
		0.08585372567176819,
		0.9386904835700989
	],
	"14. left_shoulder": [
		0.5941919088363647,
		0.4043528735637665,
		-0.09132125973701477,
		0.9987583160400391
	],
	"15. left_elbow": [
		0.5733630061149597,
		0.3206636905670166,
		-0.2014932930469513,
		0.9462453722953796
	],
	"16. left_wrist": [
		0.5433334708213806,
		0.2639066278934479,
		-0.25559887290000916,
		0.9352449774742126
	],
	"19. right_shoulder": [
		0.5532550811767578,
		0.46161964535713196,
		0.047157905995845795,
		0.9995908737182617
	],
	"20. right_elbow": [
		0.5613958239555359,
		0.5251756310462952,
		0.07005815953016281,
		0.8180874586105347
	],
	"21. right_wrist": [
		0.5727322697639465,
		0.5808219909667969,
		-0.003192445496097207,
		0.8020327091217041
	],
	"24. nose": [
		0.5449264049530029,
		0.3792072832584381,
		-0.1415003091096878,
		0.9995748400688171
	],
	"25. left_eye": [
		0.5504260063171387,
		0.36174413561820984,
		-0.12953682243824005,
		0.9987974166870117
	],
	"26. right_eye": [
		0.540557861328125,
		0.37030863761901855,
		-0.1208597719669342,
		0.9993959665298462
	],
	"27. left_ear": [
		0.5615444779396057,
		0.36446312069892883,
		-0.06509486585855484,
		0.9976379871368408
	],
	"28. right_ear": [
		0.5415058135986328,
		0.3801077902317047,
		-0.02451326511800289,
		0.999187171459198
	],
	"time stamp": 23
}