{
	"1. left_hip": [
		0.6337883472442627,
		0.5975256562232971,
		-0.051075100898742676,
		0.9997100830078125
	],
	"2. left_knee": [
		0.6223675012588501,
		0.7317863702774048,
		-0.05070105567574501,
		0.9808351397514343
	],
	"3. left_ankle": [
		0.6328909993171692,
		0.8571314215660095,
		0.05096682161092758,
		0.961887001991272
	],
	"6. right_hip": [
		0.5975047945976257,
		0.6079615354537964,
		0.051044315099716187,
		0.9997779130935669
	],
	"7. right_knee": [
		0.5635183453559875,
		0.726639986038208,
		0.058953795582056046,
		0.9815372824668884
	],
	"8. right_ankle": [
		0.5242464542388916,
		0.8339729905128479,
		0.1317703127861023,
		0.9337368607521057
	],
	"14. left_shoulder": [
		0.5955934524536133,
		0.40390437841415405,
		-0.1315983533859253,
		0.9988029599189758
	],
	"15. left_elbow": [
		0.5797410607337952,
		0.32686111330986023,
		-0.29465511441230774,
		0.9511333107948303
	],
	"16. left_wrist": [
		0.5533217191696167,
		0.2632755935192108,
		-0.4342690110206604,
		0.9411270022392273
	],
	"19. right_shoulder": [
		0.5527148246765137,
		0.4553610384464264,
		0.03653452917933464,
		0.9995734691619873
	],
	"20. right_elbow": [
		0.560162365436554,
		0.5191267132759094,
		0.10922113060951233,
		0.8184454441070557
	],
	"21. right_wrist": [
		0.5714184045791626,
		0.5784221887588501,
		0.07900304347276688,
		0.8003631830215454
	],
	"24. nose": [
		0.5471180081367493,
		0.3772497773170471,
		-0.1556064486503601,
		0.9995828866958618
	],
	"25. left_eye": [
		0.5529080033302307,
		0.3597223460674286,
		-0.14382347464561462,
		0.9988356232643127
	],
	"26. right_eye": [
		0.5420641899108887,
		0.3681468963623047,
		-0.12925681471824646,
		0.9994010329246521
	],
	"27. left_ear": [
		0.5636144280433655,
		0.36200225353240967,
		-0.08811459690332413,
		0.9976831674575806
	],
	"28. right_ear": [
		0.5428525805473328,
		0.37669500708580017,
		-0.030994316563010216,
		0.9991711974143982
	],
	"time stamp": 23
}