{
	"1. left_hip": [
		0.6338046789169312,
		0.5966178774833679,
		-0.05195065215229988,
		0.9997190237045288
	],
	"2. left_knee": [
		0.6220499277114868,
		0.7317848205566406,
		-0.051990166306495667,
		0.9788021445274353
	],
	"3. left_ankle": [
		0.6326610445976257,
		0.8564983606338501,
		0.044902607798576355,
		0.9592776894569397
	],
	"6. right_hip": [
		0.5974782109260559,
		0.6073402166366577,
		0.051943857222795486,
		0.9997621178627014
	],
	"7. right_knee": [
		0.5629836320877075,
		0.7257397174835205,
		0.06472197920084,
		0.9760470986366272
	],
	"8. right_ankle": [
		0.5234459638595581,
		0.834309458732605,
		0.14459267258644104,
		0.927347719669342
	],
	"14. left_shoulder": [
		0.5966474413871765,
		0.4036465585231781,
		-0.15097969770431519,
		0.998860239982605
	],
	"15. left_elbow": [
		0.5821266174316406,
		0.32965388894081116,
		-0.3166353702545166,
		0.9555786848068237
	],
	"16. left_wrist": [
		0.5558105111122131,
		0.2638903856277466,
		-0.46415984630584717,
		0.9464601278305054
	],
	"19. right_shoulder": [
		0.55251544713974,
		0.45328661799430847,
		0.031120117753744125,
		0.9995487332344055
	],
	"20. right_elbow": [
		0.5595442652702332,
		0.5194258093833923,
		0.10162896662950516,
		0.8175644874572754
	],
	"21. right_wrist": [
		0.5723848342895508,
		0.5810796618461609,
		0.08009043335914612,
		0.79634690284729
	],
	"24. nose": [
		0.548262357711792,
		0.37629690766334534,
		-0.18367837369441986,
		0.9995863437652588
	],
	"25. left_eye": [
		0.5542874336242676,
		0.3583332598209381,
		-0.1730007529258728,
		0.9988682270050049
	],
	"26. right_eye": [
		0.5428251028060913,
		0.3663530945777893,
		-0.16156111657619476,
		0.999396800994873
	],
	"27. left_ear": [
		0.5647844076156616,
		0.3606918454170227,
		-0.11316066980361938,
		0.997737467288971
	],
	"28. right_ear": [
		0.5436777472496033,
		0.37481459975242615,
		-0.061393167823553085,
		0.9991508722305298
	],
	"time stamp": 23
}