{
	"1. left_hip": [
		0.6332663893699646,
		0.5965465307235718,
		-0.0497940331697464,
		0.9997247457504272
	],
	"2. left_knee": [
		0.6211891770362854,
		0.7353450059890747,
		-0.07015545666217804,
		0.9786854386329651
	],
	"3. left_ankle": [
		0.6325019598007202,
		0.8621569275856018,
		0.029048098251223564,
		0.9579764008522034
	],
	"6. right_hip": [
		0.5958179235458374,
		0.6007575392723083,
		0.04979512840509415,
		0.9997434616088867
	],
	"7. right_knee": [
		0.5616072416305542,
		0.7235420942306519,
		0.02894931100308895,
		0.9729436039924622
	],
	"8. right_ankle": [
		0.5229082703590393,
		0.8328124284744263,
		0.10246457904577255,
		0.92689448595047
	],
	"14. left_shoulder": [
		0.6050606369972229,
		0.3925416171550751,
		-0.12959320843219757,
		0.9988853335380554
	],
	"15. left_elbow": [
		0.6145354509353638,
		0.2993994653224945,
		-0.2648725211620331,
		0.9598777294158936
	],
	"16. left_wrist": [
		0.5774239301681519,
		0.248708114027977,
		-0.37931400537490845,
		0.9510778784751892
	],
	"19. right_shoulder": [
		0.5548221468925476,
		0.4374447166919708,
		0.02645900659263134,
		0.999456524848938
	],
	"20. right_elbow": [
		0.5612865090370178,
		0.5073322653770447,
		0.09873846173286438,
		0.816102147102356
	],
	"21. right_wrist": [
		0.5718799829483032,
		0.5734226703643799,
		0.06512455642223358,
		0.7912006378173828
	],
	"24. nose": [
		0.5609543919563293,
		0.3505503535270691,
		-0.1908879429101944,
		0.9994933009147644
	],
	"25. left_eye": [
		0.5680682063102722,
		0.3384649157524109,
		-0.17767058312892914,
		0.9985730051994324
	],
	"26. right_eye": [
		0.5567473769187927,
		0.34360161423683167,
		-0.17031770944595337,
		0.9992237091064453
	],
	"27. left_ear": [
		0.5786993503570557,
		0.3474898040294647,
		-0.10713331401348114,
		0.9973854422569275
	],
	"28. right_ear": [
		0.5553892850875854,
		0.3535394072532654,
		-0.07032494246959686,
		0.9988523721694946
	],
	"time stamp": 23
}