{
	"1. left_hip": [
		0.6328505277633667,
		0.5959881544113159,
		-0.04782554879784584,
		0.9997269511222839
	],
	"2. left_knee": [
		0.6205542087554932,
		0.7359279990196228,
		-0.06166049838066101,
		0.9779596328735352
	],
	"3. left_ankle": [
		0.6324092149734497,
		0.8607260584831238,
		0.04427139088511467,
		0.9550076723098755
	],
	"6. right_hip": [
		0.5949762463569641,
		0.5968374609947205,
		0.047820795327425,
		0.9997338652610779
	],
	"7. right_knee": [
		0.5607794523239136,
		0.7222256064414978,
		0.020157625898718834,
		0.9697376489639282
	],
	"8. right_ankle": [
		0.5220994353294373,
		0.8330660462379456,
		0.07683519273996353,
		0.9260857701301575
	],
	"14. left_shoulder": [
		0.6086662411689758,
		0.38823187351226807,
		-0.12916620075702667,
		0.9988971948623657
	],
	"15. left_elbow": [
		0.6195886135101318,
		0.29330146312713623,
		-0.24943940341472626,
		0.9637669920921326
	],
	"16. left_wrist": [
		0.5810718536376953,
		0.24313503503799438,
		-0.35243096947669983,
		0.9553213119506836
	],
	"19. right_shoulder": [
		0.5557056069374084,
		0.42935264110565186,
		0.024805322289466858,
		0.9994109272956848
	],
	"20. right_elbow": [
		0.5610172748565674,
		0.5042666792869568,
		0.08508142083883286,
		0.8178294897079468
	],
	"21. right_wrist": [
		0.5712804794311523,
		0.5698872208595276,
		0.037857621908187866,
		0.7926155924797058
	],
	"24. nose": [
		0.5638539791107178,
		0.3443426489830017,
		-0.18462209403514862,
		0.9993975162506104
	],
	"25. left_eye": [
		0.5713061690330505,
		0.33249154686927795,
		-0.17236988246440887,
		0.9982143640518188
	],
	"26. right_eye": [
		0.5601516366004944,
		0.33791419863700867,
		-0.16462856531143188,
		0.9990493655204773
	],
	"27. left_ear": [
		0.5818900465965271,
		0.34162986278533936,
		-0.1032930314540863,
		0.9968568086624146
	],
	"28. right_ear": [
		0.5583020448684692,
		0.348403662443161,
		-0.0664326623082161,
		0.9985275268554688
	],
	"time stamp": 23
}