{
	"1. left_hip": [
		0.6322467923164368,
		0.5926096439361572,
		-0.04781949147582054,
		0.9997358918190002
	],
	"2. left_knee": [
		0.6202160716056824,
		0.7348902225494385,
		-0.05695560202002525,
		0.9777154922485352
	],
	"3. left_ankle": [
		0.632315456867218,
		0.8607699275016785,
		0.05007784813642502,
		0.9548733830451965
	],
	"6. right_hip": [
		0.594390332698822,
		0.5913410782814026,
		0.047801509499549866,
		0.9997271299362183
	],
	"7. right_knee": [
		0.5602743625640869,
		0.720281720161438,
		0.013226410374045372,
		0.967688262462616
	],
	"8. right_ankle": [
		0.5222373008728027,
		0.8320232033729553,
		0.07538742572069168,
		0.9288171529769897
	],
	"14. left_shoulder": [
		0.6144723892211914,
		0.3802169859409332,
		-0.11818268150091171,
		0.9989314675331116
	],
	"15. left_elbow": [
		0.6356744766235352,
		0.29508641362190247,
		-0.24583745002746582,
		0.9672241806983948
	],
	"16. left_wrist": [
		0.5964937210083008,
		0.2433633655309677,
		-0.35670310258865356,
		0.9586822390556335
	],
	"19. right_shoulder": [
		0.5581779479980469,
		0.4156244993209839,
		0.029235437512397766,
		0.9993352890014648
	],
	"20. right_elbow": [
		0.5634917616844177,
		0.48989546298980713,
		0.11119858175516129,
		0.8007699847221375
	],
	"21. right_wrist": [
		0.570820152759552,
		0.5651803612709045,
		0.08338828384876251,
		0.774791419506073
	],
	"24. nose": [
		0.5687436461448669,
		0.33458998799324036,
		-0.18444815278053284,
		0.9993412494659424
	],
	"25. left_eye": [
		0.5764304399490356,
		0.3248739540576935,
		-0.1717783510684967,
		0.9980357885360718
	],
	"26. right_eye": [
		0.5659302473068237,
		0.3277283012866974,
		-0.16463232040405273,
		0.9989266991615295
	],
	"27. left_ear": [
		0.5879943370819092,
		0.332616925239563,
		-0.10308761149644852,
		0.9966676831245422
	],
	"28. right_ear": [
		0.5659416913986206,
		0.33767175674438477,
		-0.06527302414178848,
		0.9982585310935974
	],
	"time stamp": 23
}