{
	"1. left_hip": [
		0.6320095658302307,
		0.588685154914856,
		-0.04728414863348007,
		0.9997546076774597
	],
	"2. left_knee": [
		0.620178759098053,
		0.7269054651260376,
		-0.038773465901613235,
		0.9791417121887207
	],
	"3. left_ankle": [
		0.6321709752082825,
		0.8600354790687561,
		0.04945561662316322,
		0.9581547379493713
	],
	"6. right_hip": [
		0.5939136147499084,
		0.5835162401199341,
		0.047263260930776596,
		0.999748706817627
	],
	"7. right_knee": [
		0.5585770010948181,
		0.7017650008201599,
		-0.04392988979816437,
		0.969387948513031
	],
	"8. right_ankle": [
		0.5238409638404846,
		0.8318618535995483,
		-0.0188328567892313,
		0.9347476363182068
	],
	"14. left_shoulder": [
		0.6226803660392761,
		0.37368470430374146,
		-0.09464897215366364,
		0.9990305304527283
	],
	"15. left_elbow": [
		0.6670368313789368,
		0.3009173572063446,
		-0.2440672516822815,
		0.9704726934432983
	],
	"16. left_wrist": [
		0.631881833076477,
		0.2579430043697357,
		-0.3910093605518341,
		0.962513267993927
	],
	"19. right_shoulder": [
		0.5655888319015503,
		0.39906471967697144,
		0.03834983706474304,
		0.9993896484375
	],
	"20. right_elbow": [
		0.5649100542068481,
		0.479891836643219,
		0.1846606433391571,
		0.8094053864479065
	],
	"21. right_wrist": [
		0.5677838921546936,
		0.5541605949401855,
		0.24270327389240265,
		0.7877784371376038
	],
	"24. nose": [
		0.5820141434669495,
		0.32715296745300293,
		-0.18465308845043182,
		0.9994056224822998
	],
	"25. left_eye": [
		0.5899140238761902,
		0.31513532996177673,
		-0.170599564909935,
		0.9982282519340515
	],
	"26. right_eye": [
		0.5774889588356018,
		0.31894856691360474,
		-0.16443046927452087,
		0.999031662940979
	],
	"27. left_ear": [
		0.6002436280250549,
		0.3199002742767334,
		-0.09097690135240555,
		0.9969943165779114
	],
	"28. right_ear": [
		0.5762650370597839,
		0.325387179851532,
		-0.06422008574008942,
		0.9984301924705505
	],
	"time stamp": 23
}