{
	"1. left_hip": [
		0.6299545764923096,
		0.5882482528686523,
		-0.047129686921834946,
		0.9997579455375671
	],
	"2. left_knee": [
		0.6196586489677429,
		0.7243642210960388,
		-0.029719598591327667,
		0.9792965054512024
	],
	"3. left_ankle": [
		0.6317082643508911,
		0.8539631962776184,
		0.06116867810487747,
		0.9600211381912231
	],
	"6. right_hip": [
		0.5932763814926147,
		0.5826570987701416,
		0.047137368470430374,
		0.9997583627700806
	],
	"7. right_knee": [
		0.5493648052215576,
		0.6922511458396912,
		-0.055798523128032684,
		0.9704649448394775
	],
	"8. right_ankle": [
		0.5269434452056885,
		0.8315718173980713,
		-0.004260555375367403,
		0.9395678639411926
	],
	"14. left_shoulder": [
		0.6283882856369019,
		0.37290433049201965,
		-0.0872667208313942,
		0.9991124272346497
	],
	"15. left_elbow": [
		0.6841657161712646,
		0.3441527187824249,
		-0.21302810311317444,
		0.9733873605728149
	],
	"16. left_wrist": [
		0.6484236121177673,
		0.2905580997467041,
		-0.3823052942752838,
		0.965965986251831
	],
	"19. right_shoulder": [
		0.569362998008728,
		0.394195556640625,
		0.03469793498516083,
		0.9994254112243652
	],
	"20. right_elbow": [
		0.5657472014427185,
		0.4749819338321686,
		0.1348092406988144,
		0.8097311854362488
	],
	"21. right_wrist": [
		0.5660470128059387,
		0.5470694899559021,
		0.11485567688941956,
		0.7960634827613831
	],
	"24. nose": [
		0.5885742902755737,
		0.3238040804862976,
		-0.18596503138542175,
		0.9994597434997559
	],
	"25. left_eye": [
		0.5954910516738892,
		0.3111424446105957,
		-0.1728624403476715,
		0.9983869194984436
	],
	"26. right_eye": [
		0.5841880440711975,
		0.3122352361679077,
		-0.16652348637580872,
		0.9991143345832825
	],
	"27. left_ear": [
		0.6060031652450562,
		0.3163876235485077,
		-0.09287749975919724,
		0.9972678422927856
	],
	"28. right_ear": [
		0.5824729800224304,
		0.31987178325653076,
		-0.06547504663467407,
		0.998567521572113
	],
	"time stamp": 23
}