{
	"1. left_hip": [
		0.6284367442131042,
		0.5884373784065247,
		-0.04455779865384102,
		0.9997208714485168
	],
	"2. left_knee": [
		0.6191824674606323,
		0.7249360680580139,
		-0.0208134762942791,
		0.9782158732414246
	],
	"3. left_ankle": [
		0.6312345862388611,
		0.8395803570747375,
		0.08858665823936462,
		0.9594507813453674
	],
	"6. right_hip": [
		0.5911030769348145,
		0.5844640731811523,
		0.04462851211428642,
		0.9997599720954895
	],
	"7. right_knee": [
		0.5366625189781189,
		0.6752376556396484,
		-0.08000022917985916,
		0.9720675945281982
	],
	"8. right_ankle": [
		0.5457528829574585,
		0.8134377598762512,
		0.0040471418760716915,
		0.9429522156715393
	],
	"14. left_shoulder": [
		0.6352171301841736,
		0.3741168975830078,
		-0.07243475317955017,
		0.999180018901825
	],
	"15. left_elbow": [
		0.6767847537994385,
		0.42597079277038574,
		-0.19097496569156647,
		0.9758571982383728
	],
	"16. left_wrist": [
		0.6782147288322449,
		0.39552316069602966,
		-0.36417949199676514,
		0.9688201546669006
	],
	"19. right_shoulder": [
		0.5720100998878479,
		0.3934318423271179,
		0.034009817987680435,
		0.9994683861732483
	],
	"20. right_elbow": [
		0.56512051820755,
		0.47808676958084106,
		0.05887441709637642,
		0.8197824954986572
	],
	"21. right_wrist": [
		0.5622431635856628,
		0.5472497344017029,
		-0.03898685798048973,
		0.8110334277153015
	],
	"24. nose": [
		0.5969674587249756,
		0.3287927210330963,
		-0.16939204931259155,
		0.999504029750824
	],
	"25. left_eye": [
		0.6037778854370117,
		0.31523847579956055,
		-0.15930262207984924,
		0.9985119104385376
	],
	"26. right_eye": [
		0.5919075012207031,
		0.3161837160587311,
		-0.1527717113494873,
		0.9991708993911743
	],
	"27. left_ear": [
		0.6134020090103149,
		0.3196587562561035,
		-0.08636070787906647,
		0.9974822402000427
	],
	"28. right_ear": [
		0.5878112316131592,
		0.3225231468677521,
		-0.05697081983089447,
		0.9986736178398132
	],
	"time stamp": 23
}