{
	"1. left_hip": [
		0.6272774934768677,
		0.5891399383544922,
		-0.04454768821597099,
		0.9997079968452454
	],
	"2. left_knee": [
		0.6190346479415894,
		0.7254289984703064,
		-0.02630195952951908,
		0.9783792495727539
	],
	"3. left_ankle": [
		0.6304929256439209,
		0.8394257426261902,
		0.08129622787237167,
		0.9613792300224304
	],
	"6. right_hip": [
		0.5882848501205444,
		0.5855774283409119,
		0.0446101538836956,
		0.9997627139091492
	],
	"7. right_knee": [
		0.5344530940055847,
		0.6708803772926331,
		-0.08178377896547318,
		0.9735501408576965
	],
	"8. right_ankle": [
		0.547271192073822,
		0.8079844117164612,
		0.01998400129377842,
		0.9464619755744934
	],
	"14. left_shoulder": [
		0.6385170221328735,
		0.37580081820487976,
		-0.07751640677452087,
		0.9992541670799255
	],
	"15. left_elbow": [
		0.6847244501113892,
		0.44140756130218506,
		-0.19103170931339264,
		0.9781543016433716
	],
	"16. left_wrist": [
		0.6791102290153503,
		0.40875086188316345,
		-0.3662421405315399,
		0.9713569283485413
	],
	"19. right_shoulder": [
		0.5722184181213379,
		0.3957150876522064,
		0.020675377920269966,
		0.9995055794715881
	],
	"20. right_elbow": [
		0.5647517442703247,
		0.4803471863269806,
		0.050081539899110794,
		0.8291305899620056
	],
	"21. right_wrist": [
		0.560369074344635,
		0.5472905039787292,
		-0.04962318763136864,
		0.8236825466156006
	],
	"24. nose": [
		0.5982357263565063,
		0.33039239048957825,
		-0.18657232820987701,
		0.999540388584137
	],
	"25. left_eye": [
		0.6049643754959106,
		0.31653112173080444,
		-0.17582973837852478,
		0.9986125230789185
	],
	"26. right_eye": [
		0.5926150679588318,
		0.31814491748809814,
		-0.16982993483543396,
		0.9991995692253113
	],
	"27. left_ear": [
		0.6142241358757019,
		0.3217175602912903,
		-0.09695706516504288,
		0.9976632595062256
	],
	"28. right_ear": [
		0.5880873799324036,
		0.32451489567756653,
		-0.06838658452033997,
		0.9987432360649109
	],
	"time stamp": 23
}