{
	"1. left_hip": [
		0.6259208917617798,
		0.593048632144928,
		-0.03577776998281479,
		0.999690055847168
	],
	"2. left_knee": [
		0.6187692284584045,
		0.7292338013648987,
		-0.03491046279668808,
		0.9779842495918274
	],
	"3. left_ankle": [
		0.6294938325881958,
		0.8397547602653503,
		0.11777067184448242,
		0.9625604748725891
	],
	"6. right_hip": [
		0.5857940316200256,
		0.5865684151649475,
		0.035803910344839096,
		0.9997628927230835
	],
	"7. right_knee": [
		0.5306811332702637,
		0.6706728339195251,
		-0.10590311884880066,
		0.975536048412323
	],
	"8. right_ankle": [
		0.5530986785888672,
		0.7869457006454468,
		0.04930412396788597,
		0.9491704106330872
	],
	"14. left_shoulder": [
		0.6432889699935913,
		0.3854680061340332,
		-0.05982813611626625,
		0.9993236660957336
	],
	"15. left_elbow": [
		0.6756939888000488,
		0.4724937975406647,
		-0.16287586092948914,
		0.9798508286476135
	],
	"16. left_wrist": [
		0.6800534725189209,
		0.43495792150497437,
		-0.3608376383781433,
		0.9734126329421997
	],
	"19. right_shoulder": [
		0.5741407871246338,
		0.39702385663986206,
		0.014802261255681515,
		0.9995490312576294
	],
	"20. right_elbow": [
		0.5646198391914368,
		0.4816107153892517,
		0.03955771401524544,
		0.840540885925293
	],
	"21. right_wrist": [
		0.5596616864204407,
		0.547855794429779,
		-0.06112361326813698,
		0.8373250365257263
	],
	"24. nose": [
		0.6023474931716919,
		0.3322206437587738,
		-0.18498221039772034,
		0.9995825886726379
	],
	"25. left_eye": [
		0.6089308857917786,
		0.3182216286659241,
		-0.17378482222557068,
		0.9987373352050781
	],
	"26. right_eye": [
		0.5964900255203247,
		0.3205701410770416,
		-0.1676180064678192,
		0.9992618560791016
	],
	"27. left_ear": [
		0.6182323098182678,
		0.3232775032520294,
		-0.09399974346160889,
		0.9978719353675842
	],
	"28. right_ear": [
		0.5919644832611084,
		0.32708942890167236,
		-0.06750193983316422,
		0.9988549947738647
	],
	"time stamp": 23
}