{
	"1. left_hip": [
		0.624213695526123,
		0.5990925431251526,
		-0.027892639860510826,
		0.9996487498283386
	],
	"2. left_knee": [
		0.6187711358070374,
		0.7375367283821106,
		-0.030541351065039635,
		0.9739944338798523
	],
	"3. left_ankle": [
		0.6294242143630981,
		0.8402336239814758,
		0.11886875331401825,
		0.9610843062400818
	],
	"6. right_hip": [
		0.5842496752738953,
		0.5900166034698486,
		0.02797924168407917,
		0.9997156858444214
	],
	"7. right_knee": [
		0.5282440185546875,
		0.6715930700302124,
		-0.1291065514087677,
		0.9768525958061218
	],
	"8. right_ankle": [
		0.5872722864151001,
		0.7284156680107117,
		0.04933131858706474,
		0.9272695779800415
	],
	"14. left_shoulder": [
		0.6483886241912842,
		0.40572798252105713,
		-0.047066401690244675,
		0.999390721321106
	],
	"15. left_elbow": [
		0.668933629989624,
		0.5086456537246704,
		-0.12794595956802368,
		0.9816422462463379
	],
	"16. left_wrist": [
		0.6763518452644348,
		0.47147613763809204,
		-0.33001232147216797,
		0.9759109616279602
	],
	"19. right_shoulder": [
		0.5778279304504395,
		0.3996463716030121,
		0.01626960001885891,
		0.9995911717414856
	],
	"20. right_elbow": [
		0.5625972151756287,
		0.48194774985313416,
		0.051201075315475464,
		0.8550446629524231
	],
	"21. right_wrist": [
		0.5582776069641113,
		0.5482327342033386,
		-0.018643304705619812,
		0.851983904838562
	],
	"24. nose": [
		0.6068600416183472,
		0.33918648958206177,
		-0.18137861788272858,
		0.99962317943573
	],
	"25. left_eye": [
		0.6132432818412781,
		0.32413721084594727,
		-0.16869674623012543,
		0.9988612532615662
	],
	"26. right_eye": [
		0.6012274026870728,
		0.32681480050086975,
		-0.16507312655448914,
		0.9993285536766052
	],
	"27. left_ear": [
		0.6223530173301697,
		0.3280668258666992,
		-0.08371999859809875,
		0.9980810284614563
	],
	"28. right_ear": [
		0.5974383354187012,
		0.33159834146499634,
		-0.06723620742559433,
		0.9989653825759888
	],
	"time stamp": 23
}