{
	"1. left_hip": [
		0.6221785545349121,
		0.6069766879081726,
		-0.024454781785607338,
		0.9996691346168518
	],
	"2. left_knee": [
		0.6189463138580322,
		0.7416156530380249,
		-0.0232786163687706,
		0.9749575853347778
	],
	"3. left_ankle": [
		0.6291691064834595,
		0.8400515913963318,
		0.14311060309410095,
		0.9628138542175293
	],
	"6. right_hip": [
		0.5821555852890015,
		0.5941407680511475,
		0.024501554667949677,
		0.9997279644012451
	],
	"7. right_knee": [
		0.5257099270820618,
		0.6732069849967957,
		-0.1224038228392601,
		0.9788424372673035
	],
	"8. right_ankle": [
		0.5877968668937683,
		0.7010136246681213,
		0.09421408921480179,
		0.9134723544120789
	],
	"14. left_shoulder": [
		0.6496932506561279,
		0.4172442853450775,
		-0.05954429507255554,
		0.9994512796401978
	],
	"15. left_elbow": [
		0.6653459668159485,
		0.5155662298202515,
		-0.15106023848056793,
		0.983282744884491
	],
	"16. left_wrist": [
		0.6751360893249512,
		0.47777560353279114,
		-0.3533666729927063,
		0.9781786799430847
	],
	"19. right_shoulder": [
		0.5802032947540283,
		0.40135592222213745,
		0.008940260857343674,
		0.9996309280395508
	],
	"20. right_elbow": [
		0.5612097978591919,
		0.48253458738327026,
		0.06322401016950607,
		0.8686366081237793
	],
	"21. right_wrist": [
		0.5576561093330383,
		0.5483041405677795,
		0.01594122126698494,
		0.8657426834106445
	],
	"24. nose": [
		0.6065810322761536,
		0.34577664732933044,
		-0.18847979605197906,
		0.9996604919433594
	],
	"25. left_eye": [
		0.6135844588279724,
		0.33029940724372864,
		-0.17734847962856293,
		0.9989745020866394
	],
	"26. right_eye": [
		0.6010387539863586,
		0.3329770565032959,
		-0.17162856459617615,
		0.9993937015533447
	],
	"27. left_ear": [
		0.6227182745933533,
		0.33349981904029846,
		-0.09555214643478394,
		0.998271644115448
	],
	"28. right_ear": [
		0.5983601212501526,
		0.33738210797309875,
		-0.07151249051094055,
		0.9990678429603577
	],
	"time stamp": 23
}