{
	"1. left_hip": [
		0.622435986995697,
		0.6067034602165222,
		-0.020166845992207527,
		0.9996889233589172
	],
	"2. left_knee": [
		0.6191681623458862,
		0.7437449097633362,
		-0.019936857745051384,
		0.9749857187271118
	],
	"3. left_ankle": [
		0.6285086870193481,
		0.8407707810401917,
		0.15317369997501373,
		0.9631539583206177
	],
	"6. right_hip": [
		0.582649827003479,
		0.5955846309661865,
		0.02021493762731552,
		0.9997372031211853
	],
	"7. right_knee": [
		0.5255106091499329,
		0.6746379137039185,
		-0.12665610015392303,
		0.9803797006607056
	],
	"8. right_ankle": [
		0.5937842130661011,
		0.6951359510421753,
		0.08222351968288422,
		0.8918889164924622
	],
	"14. left_shoulder": [
		0.64814293384552,
		0.4163622558116913,
		-0.06583133339881897,
		0.9995056986808777
	],
	"15. left_elbow": [
		0.6664587259292603,
		0.5084508061408997,
		-0.16135218739509583,
		0.9847478866577148
	],
	"16. left_wrist": [
		0.6747573614120483,
		0.4605526328086853,
		-0.3686664402484894,
		0.980210542678833
	],
	"19. right_shoulder": [
		0.5792105197906494,
		0.40626877546310425,
		-0.013654695823788643,
		0.9996663331985474
	],
	"20. right_elbow": [
		0.5595179200172424,
		0.48929426074028015,
		0.048050396144390106,
		0.8808944821357727
	],
	"21. right_wrist": [
		0.5572324395179749,
		0.5489304661750793,
		-0.0008194189867936075,
		0.8779952526092529
	],
	"24. nose": [
		0.606299102306366,
		0.3497847020626068,
		-0.20723477005958557,
		0.9996940493583679
	],
	"25. left_eye": [
		0.6132973432540894,
		0.33564460277557373,
		-0.19601362943649292,
		0.9990763664245605
	],
	"26. right_eye": [
		0.6006541848182678,
		0.33815065026283264,
		-0.19123169779777527,
		0.9994524121284485
	],
	"27. left_ear": [
		0.6224817037582397,
		0.33882951736450195,
		-0.11334283649921417,
		0.9984428882598877
	],
	"28. right_ear": [
		0.5969899892807007,
		0.3428819477558136,
		-0.09311176836490631,
		0.9991601705551147
	],
	"time stamp": 23
}