{
	"1. left_hip": [
		0.6226391196250916,
		0.6061428785324097,
		-0.019591690972447395,
		0.9997068047523499
	],
	"2. left_knee": [
		0.6193712949752808,
		0.7427600622177124,
		-0.01371593028306961,
		0.9748626947402954
	],
	"3. left_ankle": [
		0.6277173161506653,
		0.8404556512832642,
		0.1602415144443512,
		0.9624495506286621
	],
	"6. right_hip": [
		0.5830166935920715,
		0.5957844257354736,
		0.01962861232459545,
		0.9997446537017822
	],
	"7. right_knee": [
		0.5256823897361755,
		0.675281822681427,
		-0.10445012152194977,
		0.981667160987854
	],
	"8. right_ankle": [
		0.5944411754608154,
		0.6920254230499268,
		0.10873168706893921,
		0.8664020299911499
	],
	"14. left_shoulder": [
		0.6473835706710815,
		0.4162693917751312,
		-0.0720992162823677,
		0.9995546340942383
	],
	"15. left_elbow": [
		0.6653103232383728,
		0.5092213749885559,
		-0.16940005123615265,
		0.9860403537750244
	],
	"16. left_wrist": [
		0.6740983128547668,
		0.4595453143119812,
		-0.3794461190700531,
		0.9820131659507751
	],
	"19. right_shoulder": [
		0.5793258547782898,
		0.40715548396110535,
		-0.020177673548460007,
		0.9996984601020813
	],
	"20. right_elbow": [
		0.5587612390518188,
		0.48981013894081116,
		0.04315822198987007,
		0.8919703364372253
	],
	"21. right_wrist": [
		0.5570520162582397,
		0.5495249629020691,
		-0.0036499383859336376,
		0.8889958262443542
	],
	"24. nose": [
		0.6056966185569763,
		0.3496943712234497,
		-0.21058233082294464,
		0.9997240900993347
	],
	"25. left_eye": [
		0.6123527884483337,
		0.33558768033981323,
		-0.200165793299675,
		0.999167799949646
	],
	"26. right_eye": [
		0.6004848480224609,
		0.33861222863197327,
		-0.19485999643802643,
		0.999504566192627
	],
	"27. left_ear": [
		0.6220961809158325,
		0.33957603573799133,
		-0.12103889137506485,
		0.998596727848053
	],
	"28. right_ear": [
		0.5974195599555969,
		0.3439839482307434,
		-0.09840904176235199,
		0.9992430806159973
	],
	"time stamp": 23
}