{
	"1. left_hip": [
		0.6212158799171448,
		0.6057952642440796,
		-0.02078521065413952,
		0.9997225999832153
	],
	"2. left_knee": [
		0.6191706657409668,
		0.7420228123664856,
		-0.013622916303575039,
		0.971786379814148
	],
	"3. left_ankle": [
		0.6275150775909424,
		0.8391401767730713,
		0.14772804081439972,
		0.9609765410423279
	],
	"6. right_hip": [
		0.5819855332374573,
		0.5949987769126892,
		0.02082761935889721,
		0.9997540712356567
	],
	"7. right_knee": [
		0.5210158824920654,
		0.6688895225524902,
		-0.10172834247350693,
		0.9824568629264832
	],
	"8. right_ankle": [
		0.5816725492477417,
		0.7160120010375977,
		0.10468072444200516,
		0.8576564788818359
	],
	"14. left_shoulder": [
		0.6467485427856445,
		0.4147559702396393,
		-0.06632915884256363,
		0.9995977878570557
	],
	"15. left_elbow": [
		0.6794537901878357,
		0.5019931197166443,
		-0.17450208961963654,
		0.9873326420783997
	],
	"16. left_wrist": [
		0.6685426831245422,
		0.39362308382987976,
		-0.3708232045173645,
		0.9835790991783142
	],
	"19. right_shoulder": [
		0.575993537902832,
		0.4085935056209564,
		-0.01451608631759882,
		0.9997263550758362
	],
	"20. right_elbow": [
		0.5533989667892456,
		0.4935300052165985,
		0.04648086428642273,
		0.9011098146438599
	],
	"21. right_wrist": [
		0.5554410815238953,
		0.5527356266975403,
		0.012127125635743141,
		0.8969812989234924
	],
	"24. nose": [
		0.6027194261550903,
		0.34827524423599243,
		-0.20325390994548798,
		0.9997508525848389
	],
	"25. left_eye": [
		0.6082290410995483,
		0.3336179852485657,
		-0.19256730377674103,
		0.9992492198944092
	],
	"26. right_eye": [
		0.596198320388794,
		0.3375517427921295,
		-0.18642264604568481,
		0.9995517730712891
	],
	"27. left_ear": [
		0.619590163230896,
		0.3370796740055084,
		-0.11383156478404999,
		0.9987337589263916
	],
	"28. right_ear": [
		0.5934375524520874,
		0.34301307797431946,
		-0.0883144810795784,
		0.9993182420730591
	],
	"time stamp": 23
}