{
	"1. left_hip": [
		0.6208521723747253,
		0.6053285598754883,
		-0.020553836598992348,
		0.9997357726097107
	],
	"2. left_knee": [
		0.6188706159591675,
		0.7415653467178345,
		-0.009598144330084324,
		0.9683921933174133
	],
	"3. left_ankle": [
		0.6274630427360535,
		0.8390095233917236,
		0.14579461514949799,
		0.9590526223182678
	],
	"6. right_hip": [
		0.5818410515785217,
		0.5947200655937195,
		0.020593147724866867,
		0.9997586011886597
	],
	"7. right_knee": [
		0.5195513367652893,
		0.6681298613548279,
		-0.09886724501848221,
		0.9829164743423462
	],
	"8. right_ankle": [
		0.5779704451560974,
		0.7183920741081238,
		0.11513049155473709,
		0.842100977897644
	],
	"14. left_shoulder": [
		0.6460334062576294,
		0.4139840304851532,
		-0.0644739419221878,
		0.9996365904808044
	],
	"15. left_elbow": [
		0.6810017228126526,
		0.4969348609447479,
		-0.1746472269296646,
		0.9884783029556274
	],
	"16. left_wrist": [
		0.6674520373344421,
		0.38188374042510986,
		-0.3677370250225067,
		0.9849368333816528
	],
	"19. right_shoulder": [
		0.5743556022644043,
		0.40926793217658997,
		-0.016691207885742188,
		0.9997513294219971
	],
	"20. right_elbow": [
		0.5524834990501404,
		0.4950729310512543,
		0.04417432099580765,
		0.9093832969665527
	],
	"21. right_wrist": [
		0.5550958514213562,
		0.5543060898780823,
		0.015318622812628746,
		0.9039118885993958
	],
	"24. nose": [
		0.6011375784873962,
		0.3464351296424866,
		-0.19961784780025482,
		0.9997749924659729
	],
	"25. left_eye": [
		0.6058769226074219,
		0.33180612325668335,
		-0.18882296979427338,
		0.9993228316307068
	],
	"26. right_eye": [
		0.5937368273735046,
		0.3362600803375244,
		-0.18241658806800842,
		0.9995946288108826
	],
	"27. left_ear": [
		0.6176515221595764,
		0.33532145619392395,
		-0.11042024940252304,
		0.9988576173782349
	],
	"28. right_ear": [
		0.5904494524002075,
		0.34210506081581116,
		-0.08568521589040756,
		0.9993859529495239
	],
	"time stamp": 23
}