{
	"1. left_hip": [
		0.6197012066841125,
		0.6016169786453247,
		-0.022211609408259392,
		0.9997557997703552
	],
	"2. left_knee": [
		0.618855893611908,
		0.7413442730903625,
		-0.012558823451399803,
		0.966640055179596
	],
	"3. left_ankle": [
		0.6274600625038147,
		0.838733434677124,
		0.15867559611797333,
		0.9580643773078918
	],
	"6. right_hip": [
		0.5804398059844971,
		0.5917438268661499,
		0.02225121669471264,
		0.9997729063034058
	],
	"7. right_knee": [
		0.5193455815315247,
		0.6656463146209717,
		-0.0967654436826706,
		0.9838486909866333
	],
	"8. right_ankle": [
		0.5686159729957581,
		0.7261950373649597,
		0.10942010581493378,
		0.842549741268158
	],
	"14. left_shoulder": [
		0.6360072493553162,
		0.40149033069610596,
		-0.06641148775815964,
		0.9996711611747742
	],
	"15. left_elbow": [
		0.6777097582817078,
		0.4184410572052002,
		-0.20795868337154388,
		0.9894976019859314
	],
	"16. left_wrist": [
		0.6611231565475464,
		0.3537731468677521,
		-0.39487534761428833,
		0.9860932230949402
	],
	"19. right_shoulder": [
		0.5713004469871521,
		0.40928712487220764,
		-0.0013585450360551476,
		0.9997718334197998
	],
	"20. right_elbow": [
		0.5519142150878906,
		0.4939245879650116,
		0.08269351720809937,
		0.9154285192489624
	],
	"21. right_wrist": [
		0.5549810528755188,
		0.5542958378791809,
		0.07953594624996185,
		0.9088322520256042
	],
	"24. nose": [
		0.5941326022148132,
		0.34449413418769836,
		-0.18419526517391205,
		0.9997955560684204
	],
	"25. left_eye": [
		0.5997101068496704,
		0.3299389183521271,
		-0.17270638048648834,
		0.9993866086006165
	],
	"26. right_eye": [
		0.586574375629425,
		0.3345206081867218,
		-0.16590692102909088,
		0.9996299743652344
	],
	"27. left_ear": [
		0.6098107695579529,
		0.33342283964157104,
		-0.09879645705223083,
		0.9989652037620544
	],
	"28. right_ear": [
		0.5829762816429138,
		0.3405987620353699,
		-0.06895796954631805,
		0.9994460940361023
	],
	"time stamp": 23
}