{
	"1. left_hip": [
		0.6178459525108337,
		0.592154860496521,
		-0.02507617324590683,
		0.99976646900177
	],
	"2. left_knee": [
		0.6190431714057922,
		0.7364383339881897,
		-0.04117746651172638,
		0.9672088027000427
	],
	"3. left_ankle": [
		0.6274685859680176,
		0.837811291217804,
		0.09895220398902893,
		0.9565555453300476
	],
	"6. right_hip": [
		0.578622043132782,
		0.5858967304229736,
		0.025001611560583115,
		0.9997888803482056
	],
	"7. right_knee": [
		0.5211879014968872,
		0.6633554697036743,
		-0.09658155590295792,
		0.9845961928367615
	],
	"8. right_ankle": [
		0.5408365726470947,
		0.7756603956222534,
		0.048464853316545486,
		0.8559921979904175
	],
	"14. left_shoulder": [
		0.6248709559440613,
		0.3842199146747589,
		-0.06678114831447601,
		0.9996613264083862
	],
	"15. left_elbow": [
		0.6627423167228699,
		0.32791173458099365,
		-0.2054910659790039,
		0.9903848767280579
	],
	"16. left_wrist": [
		0.6291026473045349,
		0.2643859386444092,
		-0.32298657298088074,
		0.9870041608810425
	],
	"19. right_shoulder": [
		0.5634032487869263,
		0.4093289375305176,
		0.01313746627420187,
		0.9997812509536743
	],
	"20. right_elbow": [
		0.5511792302131653,
		0.49375462532043457,
		-0.010379024781286716,
		0.9134843349456787
	],
	"21. right_wrist": [
		0.5541210770606995,
		0.5503584146499634,
		-0.1299729198217392,
		0.9113914370536804
	],
	"24. nose": [
		0.5769144892692566,
		0.3343854248523712,
		-0.15418697893619537,
		0.9998128414154053
	],
	"25. left_eye": [
		0.5846177339553833,
		0.3198789954185486,
		-0.14353342354297638,
		0.9994360208511353
	],
	"26. right_eye": [
		0.5714871883392334,
		0.3243798315525055,
		-0.1354009062051773,
		0.9996618032455444
	],
	"27. left_ear": [
		0.5945842862129211,
		0.3237811028957367,
		-0.0770462229847908,
		0.9990482926368713
	],
	"28. right_ear": [
		0.57106614112854,
		0.33146825432777405,
		-0.04003207013010979,
		0.9994984865188599
	],
	"time stamp": 23
}