{
	"1. left_hip": [
		0.6170326471328735,
		0.5858851075172424,
		-0.03265056386590004,
		0.9997759461402893
	],
	"2. left_knee": [
		0.6191554069519043,
		0.7287254333496094,
		-0.0494796447455883,
		0.9674160480499268
	],
	"3. left_ankle": [
		0.627651035785675,
		0.8380641341209412,
		0.08106679469347,
		0.9539239406585693
	],
	"6. right_hip": [
		0.5775695443153381,
		0.5824511647224426,
		0.032549645751714706,
		0.9998050928115845
	],
	"7. right_knee": [
		0.5224645137786865,
		0.6653497219085693,
		-0.09614118188619614,
		0.9847171902656555
	],
	"8. right_ankle": [
		0.5273211598396301,
		0.7986307144165039,
		0.023775095120072365,
		0.8681252002716064
	],
	"14. left_shoulder": [
		0.6149710416793823,
		0.37713754177093506,
		-0.07467751950025558,
		0.999630331993103
	],
	"15. left_elbow": [
		0.6407327055931091,
		0.295868456363678,
		-0.21709725260734558,
		0.9911342263221741
	],
	"16. left_wrist": [
		0.6127170324325562,
		0.23887191712856293,
		-0.3344712555408478,
		0.9876371026039124
	],
	"19. right_shoulder": [
		0.5555676221847534,
		0.4099676012992859,
		0.016345174983143806,
		0.9997940063476562
	],
	"20. right_elbow": [
		0.5476276278495789,
		0.4942941963672638,
		-0.013588488101959229,
		0.9148226976394653
	],
	"21. right_wrist": [
		0.5539695024490356,
		0.5500538945198059,
		-0.14299985766410828,
		0.9153730273246765
	],
	"24. nose": [
		0.5671379566192627,
		0.32927194237709045,
		-0.16083098948001862,
		0.999826192855835
	],
	"25. left_eye": [
		0.5758785009384155,
		0.3144412040710449,
		-0.14948542416095734,
		0.9994716644287109
	],
	"26. right_eye": [
		0.5621277093887329,
		0.31766924262046814,
		-0.14190572500228882,
		0.9996890425682068
	],
	"27. left_ear": [
		0.5861236453056335,
		0.32029303908348083,
		-0.0797002762556076,
		0.999103844165802
	],
	"28. right_ear": [
		0.5624290704727173,
		0.32600799202919006,
		-0.04459596797823906,
		0.9995445013046265
	],
	"time stamp": 23
}