{
	"1. left_hip": [
		0.6147763133049011,
		0.5778075456619263,
		-0.03576020896434784,
		0.9997812509536743
	],
	"2. left_knee": [
		0.6192046403884888,
		0.7189961671829224,
		-0.0214493740350008,
		0.9694496989250183
	],
	"3. left_ankle": [
		0.6289964318275452,
		0.8368291854858398,
		0.08433174341917038,
		0.9563471078872681
	],
	"6. right_hip": [
		0.5761996507644653,
		0.5796980857849121,
		0.035661011934280396,
		0.999814510345459
	],
	"7. right_knee": [
		0.5302847623825073,
		0.681530237197876,
		0.006904393434524536,
		0.9844327569007874
	],
	"8. right_ankle": [
		0.5090732574462891,
		0.8029915690422058,
		0.03115716017782688,
		0.8798617720603943
	],
	"14. left_shoulder": [
		0.5994064807891846,
		0.3753100633621216,
		-0.09552256017923355,
		0.9994794726371765
	],
	"15. left_elbow": [
		0.6016116142272949,
		0.27824917435646057,
		-0.20671585202217102,
		0.9912421107292175
	],
	"16. left_wrist": [
		0.5825950503349304,
		0.20245257019996643,
		-0.2756405770778656,
		0.9874134063720703
	],
	"19. right_shoulder": [
		0.5479656457901001,
		0.41043880581855774,
		0.01531363558024168,
		0.9997764825820923
	],
	"20. right_elbow": [
		0.5452259182929993,
		0.4942529499530792,
		-0.0353228785097599,
		0.9020892381668091
	],
	"21. right_wrist": [
		0.5513079762458801,
		0.5474215149879456,
		-0.17664150893688202,
		0.9078961610794067
	],
	"24. nose": [
		0.553640604019165,
		0.3295415937900543,
		-0.16852283477783203,
		0.9998241662979126
	],
	"25. left_eye": [
		0.5631060004234314,
		0.3146478533744812,
		-0.15735620260238647,
		0.9994763731956482
	],
	"26. right_eye": [
		0.5495349168777466,
		0.3177421987056732,
		-0.15046991407871246,
		0.999704122543335
	],
	"27. left_ear": [
		0.5736373066902161,
		0.32064345479011536,
		-0.08025958389043808,
		0.9991118907928467
	],
	"28. right_ear": [
		0.5503132939338684,
		0.32559823989868164,
		-0.05269112437963486,
		0.9995708465576172
	],
	"time stamp": 23
}