{
	"1. left_hip": [
		0.6143383383750916,
		0.5732397437095642,
		-0.036957383155822754,
		0.9997696876525879
	],
	"2. left_knee": [
		0.6196983456611633,
		0.7149413824081421,
		-0.020866472274065018,
		0.9712445735931396
	],
	"3. left_ankle": [
		0.6302922368049622,
		0.8366687297821045,
		0.07762908190488815,
		0.958057701587677
	],
	"6. right_hip": [
		0.5760517716407776,
		0.5782135128974915,
		0.0369272418320179,
		0.9998212456703186
	],
	"7. right_knee": [
		0.534253716468811,
		0.6844702959060669,
		-0.037861064076423645,
		0.9843344688415527
	],
	"8. right_ankle": [
		0.5054856538772583,
		0.8078707456588745,
		-0.02111916057765484,
		0.8903091549873352
	],
	"14. left_shoulder": [
		0.597451388835907,
		0.373369425535202,
		-0.06806790083646774,
		0.9989978671073914
	],
	"15. left_elbow": [
		0.5991203784942627,
		0.2715407609939575,
		-0.15912914276123047,
		0.991207480430603
	],
	"16. left_wrist": [
		0.5778131484985352,
		0.19282467663288116,
		-0.197706401348114,
		0.9868195652961731
	],
	"19. right_shoulder": [
		0.5455548167228699,
		0.4111517071723938,
		0.04510748013854027,
		0.9997321367263794
	],
	"20. right_elbow": [
		0.5446683764457703,
		0.49409836530685425,
		0.0010080862557515502,
		0.8923491835594177
	],
	"21. right_wrist": [
		0.5503178238868713,
		0.547193169593811,
		-0.12772829830646515,
		0.9002999663352966
	],
	"24. nose": [
		0.5529129505157471,
		0.32793185114860535,
		-0.1313920021057129,
		0.9998011589050293
	],
	"25. left_eye": [
		0.561037003993988,
		0.3132336437702179,
		-0.11772187054157257,
		0.9994120001792908
	],
	"26. right_eye": [
		0.5492223501205444,
		0.3159081041812897,
		-0.11113196611404419,
		0.9997009038925171
	],
	"27. left_ear": [
		0.572077214717865,
		0.3203081786632538,
		-0.04617207124829292,
		0.9989696145057678
	],
	"28. right_ear": [
		0.5487076640129089,
		0.32463616132736206,
		-0.016995541751384735,
		0.9995627403259277
	],
	"time stamp": 23
}