{
	"1. left_hip": [
		0.6144816875457764,
		0.5712739825248718,
		-0.04161386936903,
		0.9997662305831909
	],
	"2. left_knee": [
		0.6202012300491333,
		0.7141514420509338,
		-0.021450059488415718,
		0.9735231995582581
	],
	"3. left_ankle": [
		0.6331148743629456,
		0.8373559713363647,
		0.07401739060878754,
		0.9610421061515808
	],
	"6. right_hip": [
		0.5764678120613098,
		0.5793080925941467,
		0.041589993983507156,
		0.9998289346694946
	],
	"7. right_knee": [
		0.5393809080123901,
		0.6907840967178345,
		-0.03280460461974144,
		0.9844072461128235
	],
	"8. right_ankle": [
		0.5036522150039673,
		0.8103514909744263,
		-0.009620708413422108,
		0.8999157547950745
	],
	"14. left_shoulder": [
		0.5923317670822144,
		0.371372252702713,
		-0.05836738273501396,
		0.9988040924072266
	],
	"15. left_elbow": [
		0.5822245478630066,
		0.27367210388183594,
		-0.12808212637901306,
		0.9909372925758362
	],
	"16. left_wrist": [
		0.5669757127761841,
		0.19248700141906738,
		-0.14175716042518616,
		0.9857333302497864
	],
	"19. right_shoulder": [
		0.5414683222770691,
		0.4131982624530792,
		0.060935650020837784,
		0.9997042417526245
	],
	"20. right_elbow": [
		0.5425854325294495,
		0.49449703097343445,
		0.02697174809873104,
		0.8846077919006348
	],
	"21. right_wrist": [
		0.5491246581077576,
		0.5474337935447693,
		-0.08689101040363312,
		0.8922755122184753
	],
	"24. nose": [
		0.5465347170829773,
		0.3293185830116272,
		-0.11452902853488922,
		0.999776303768158
	],
	"25. left_eye": [
		0.5541437268257141,
		0.3145996928215027,
		-0.10095059126615524,
		0.9993209838867188
	],
	"26. right_eye": [
		0.5428005456924438,
		0.3173649311065674,
		-0.09404312074184418,
		0.9996891021728516
	],
	"27. left_ear": [
		0.564499020576477,
		0.32041633129119873,
		-0.033260732889175415,
		0.998752236366272
	],
	"28. right_ear": [
		0.5426981449127197,
		0.3256704807281494,
		-0.0016946959076449275,
		0.9995390772819519
	],
	"time stamp": 23
}