{
	"1. left_hip": [
		0.6088624596595764,
		0.5731707215309143,
		-0.05756301432847977,
		0.9997740387916565
	],
	"2. left_knee": [
		0.6200823187828064,
		0.7152135968208313,
		-0.02755015715956688,
		0.9756606221199036
	],
	"3. left_ankle": [
		0.6357947587966919,
		0.8374864459037781,
		0.08621607720851898,
		0.9637985825538635
	],
	"6. right_hip": [
		0.5731244683265686,
		0.5813692808151245,
		0.05747504159808159,
		0.9998335242271423
	],
	"7. right_knee": [
		0.540337860584259,
		0.702582061290741,
		0.02129947766661644,
		0.984354555606842
	],
	"8. right_ankle": [
		0.5064796805381775,
		0.820067822933197,
		0.05515512451529503,
		0.9086031317710876
	],
	"14. left_shoulder": [
		0.5789843797683716,
		0.37274661660194397,
		-0.09671570360660553,
		0.9987000823020935
	],
	"15. left_elbow": [
		0.563715398311615,
		0.2775920331478119,
		-0.21202503144741058,
		0.9913098812103271
	],
	"16. left_wrist": [
		0.5435730218887329,
		0.20267120003700256,
		-0.15081991255283356,
		0.9860538244247437
	],
	"19. right_shoulder": [
		0.5325263142585754,
		0.41848883032798767,
		0.0769055187702179,
		0.999539315700531
	],
	"20. right_elbow": [
		0.536190927028656,
		0.488566517829895,
		0.09583812952041626,
		0.8460943698883057
	],
	"21. right_wrist": [
		0.5438828468322754,
		0.550882875919342,
		0.0050997305661439896,
		0.8506284356117249
	],
	"24. nose": [
		0.5343541502952576,
		0.33615463972091675,
		-0.13382862508296967,
		0.9997011423110962
	],
	"25. left_eye": [
		0.5410634875297546,
		0.31872695684432983,
		-0.12174715846776962,
		0.9991052746772766
	],
	"26. right_eye": [
		0.5304170250892639,
		0.325812965631485,
		-0.1124216616153717,
		0.9995824098587036
	],
	"27. left_ear": [
		0.5516073107719421,
		0.3219012916088104,
		-0.05460287630558014,
		0.9983129501342773
	],
	"28. right_ear": [
		0.5310862064361572,
		0.33420196175575256,
		-0.01114528626203537,
		0.9992193579673767
	],
	"time stamp": 23
}