{
	"1. left_hip": [
		0.6043664813041687,
		0.5749518275260925,
		-0.05804100260138512,
		0.9997811317443848
	],
	"2. left_knee": [
		0.6188346147537231,
		0.7160254716873169,
		-0.05242004618048668,
		0.9773440957069397
	],
	"3. left_ankle": [
		0.6369414329528809,
		0.840731143951416,
		0.04486016184091568,
		0.9659169316291809
	],
	"6. right_hip": [
		0.5681516528129578,
		0.58585524559021,
		0.05797135457396507,
		0.9998371601104736
	],
	"7. right_knee": [
		0.5391477346420288,
		0.7088441848754883,
		0.020511792972683907,
		0.9833426475524902
	],
	"8. right_ankle": [
		0.5044432282447815,
		0.8242517113685608,
		0.06323889642953873,
		0.9156666398048401
	],
	"14. left_shoulder": [
		0.570852518081665,
		0.374308317899704,
		-0.08913996815681458,
		0.9985732436180115
	],
	"15. left_elbow": [
		0.5604224801063538,
		0.27723824977874756,
		-0.20589187741279602,
		0.9914699792861938
	],
	"16. left_wrist": [
		0.5370475649833679,
		0.21123388409614563,
		-0.23955968022346497,
		0.9855999946594238
	],
	"19. right_shoulder": [
		0.523235559463501,
		0.4231170117855072,
		0.07578285783529282,
		0.9995049834251404
	],
	"20. right_elbow": [
		0.5284587740898132,
		0.4948482811450958,
		0.07108552008867264,
		0.8306686282157898
	],
	"21. right_wrist": [
		0.5390958189964294,
		0.5616181492805481,
		-0.03634955734014511,
		0.8347064852714539
	],
	"24. nose": [
		0.5268280506134033,
		0.3367903232574463,
		-0.13660143315792084,
		0.9997038841247559
	],
	"25. left_eye": [
		0.532968282699585,
		0.3191249370574951,
		-0.12285546958446503,
		0.9991098046302795
	],
	"26. right_eye": [
		0.5221518874168396,
		0.3266988694667816,
		-0.11367528885602951,
		0.999596357345581
	],
	"27. left_ear": [
		0.5427855849266052,
		0.32293686270713806,
		-0.05061936005949974,
		0.9982858300209045
	],
	"28. right_ear": [
		0.5217727422714233,
		0.3357057571411133,
		-0.007569825276732445,
		0.9992374181747437
	],
	"time stamp": 23
}