{
	"1. left_hip": [
		0.5890494585037231,
		0.5727431774139404,
		-0.060978714376688004,
		0.9997908473014832
	],
	"2. left_knee": [
		0.6036641597747803,
		0.7131090760231018,
		-0.07171601057052612,
		0.9785884022712708
	],
	"3. left_ankle": [
		0.6354445815086365,
		0.8392281532287598,
		0.027805259451270103,
		0.967627227306366
	],
	"6. right_hip": [
		0.55198734998703,
		0.5847293138504028,
		0.06083916872739792,
		0.9998327493667603
	],
	"7. right_knee": [
		0.5272071957588196,
		0.7039825916290283,
		0.052944350987672806,
		0.9802007675170898
	],
	"8. right_ankle": [
		0.5024924874305725,
		0.820858359336853,
		0.12615343928337097,
		0.9211621880531311
	],
	"14. left_shoulder": [
		0.5599885582923889,
		0.36913177371025085,
		-0.10058432072401047,
		0.9985358715057373
	],
	"15. left_elbow": [
		0.5647458434104919,
		0.2778218388557434,
		-0.22322708368301392,
		0.9919362664222717
	],
	"16. left_wrist": [
		0.5283216834068298,
		0.22601905465126038,
		-0.2528739273548126,
		0.9851706624031067
	],
	"19. right_shoulder": [
		0.5115103721618652,
		0.4141097068786621,
		0.0711212232708931,
		0.99937504529953
	],
	"20. right_elbow": [
		0.5177454352378845,
		0.488797664642334,
		0.07028865814208984,
		0.7998468279838562
	],
	"21. right_wrist": [
		0.5277936458587646,
		0.5613157749176025,
		-0.03851054236292839,
		0.8082626461982727
	],
	"24. nose": [
		0.5128219127655029,
		0.33209189772605896,
		-0.1417609453201294,
		0.9996551871299744
	],
	"25. left_eye": [
		0.5205782651901245,
		0.3173731565475464,
		-0.12905605137348175,
		0.9989385008811951
	],
	"26. right_eye": [
		0.5113369226455688,
		0.3226422071456909,
		-0.11884024739265442,
		0.999512791633606
	],
	"27. left_ear": [
		0.5326576232910156,
		0.32152095437049866,
		-0.0553634949028492,
		0.997925341129303
	],
	"28. right_ear": [
		0.5141535997390747,
		0.33097395300865173,
		-0.011459125205874443,
		0.9988892078399658
	],
	"time stamp": 23
}