{
	"1. left_hip": [
		0.5867822766304016,
		0.5724138021469116,
		-0.06023113802075386,
		0.9997992515563965
	],
	"2. left_knee": [
		0.6021581888198853,
		0.7109442949295044,
		-0.05835307016968727,
		0.9802245497703552
	],
	"3. left_ankle": [
		0.6349416971206665,
		0.8381791114807129,
		0.05425310879945755,
		0.9696446657180786
	],
	"6. right_hip": [
		0.551006555557251,
		0.5828229784965515,
		0.06010351702570915,
		0.9998337030410767
	],
	"7. right_knee": [
		0.5230929255485535,
		0.70233154296875,
		0.03521694242954254,
		0.9796220064163208
	],
	"8. right_ankle": [
		0.5016030073165894,
		0.8202607035636902,
		0.101096011698246,
		0.9271101951599121
	],
	"14. left_shoulder": [
		0.560375452041626,
		0.36584270000457764,
		-0.10141774266958237,
		0.9985385537147522
	],
	"15. left_elbow": [
		0.5642617344856262,
		0.28147342801094055,
		-0.2431010901927948,
		0.9923860430717468
	],
	"16. left_wrist": [
		0.5296263694763184,
		0.2299090027809143,
		-0.3203936815261841,
		0.9855189919471741
	],
	"19. right_shoulder": [
		0.5110238194465637,
		0.41100937128067017,
		0.07400832325220108,
		0.9993164539337158
	],
	"20. right_elbow": [
		0.5147644877433777,
		0.480887234210968,
		0.06930918246507645,
		0.776179850101471
	],
	"21. right_wrist": [
		0.5234426856040955,
		0.5552005767822266,
		-0.044918421655893326,
		0.7918894290924072
	],
	"24. nose": [
		0.511710524559021,
		0.33153796195983887,
		-0.13362032175064087,
		0.9995948076248169
	],
	"25. left_eye": [
		0.5197156071662903,
		0.31743481755256653,
		-0.12353065609931946,
		0.9987504482269287
	],
	"26. right_eye": [
		0.5101961493492126,
		0.321499764919281,
		-0.11152347922325134,
		0.9994057416915894
	],
	"27. left_ear": [
		0.5322548747062683,
		0.32184386253356934,
		-0.059582240879535675,
		0.9976096153259277
	],
	"28. right_ear": [
		0.5135558247566223,
		0.3296830952167511,
		-0.0072524212300777435,
		0.9985663890838623
	],
	"time stamp": 23
}