{
	"1. left_hip": [
		0.5637661218643188,
		0.5734688639640808,
		-0.06412439793348312,
		0.9998042583465576
	],
	"2. left_knee": [
		0.5612866282463074,
		0.7076539993286133,
		-0.045724090188741684,
		0.981412410736084
	],
	"3. left_ankle": [
		0.5810245275497437,
		0.8257233500480652,
		0.07688970118761063,
		0.9716355204582214
	],
	"6. right_hip": [
		0.5301861763000488,
		0.5826544165611267,
		0.0640878826379776,
		0.9998291730880737
	],
	"7. right_knee": [
		0.5072880983352661,
		0.7009106278419495,
		0.02590843103826046,
		0.9787886738777161
	],
	"8. right_ankle": [
		0.49849551916122437,
		0.8191502690315247,
		0.12079724669456482,
		0.932508647441864
	],
	"14. left_shoulder": [
		0.5472771525382996,
		0.3672502338886261,
		-0.12384015321731567,
		0.9986332058906555
	],
	"15. left_elbow": [
		0.5754615664482117,
		0.315448135137558,
		-0.27376946806907654,
		0.9930347204208374
	],
	"16. left_wrist": [
		0.5404929518699646,
		0.2709161043167114,
		-0.37718576192855835,
		0.9859338402748108
	],
	"19. right_shoulder": [
		0.5001634359359741,
		0.4014393985271454,
		0.0574350580573082,
		0.9992623925209045
	],
	"20. right_elbow": [
		0.5028321146965027,
		0.47632962465286255,
		0.03579339385032654,
		0.7473101615905762
	],
	"21. right_wrist": [
		0.5054768919944763,
		0.5406650304794312,
		-0.11737898737192154,
		0.7738540768623352
	],
	"24. nose": [
		0.5006079077720642,
		0.32751402258872986,
		-0.17121076583862305,
		0.9995763897895813
	],
	"25. left_eye": [
		0.5070675611495972,
		0.3128821849822998,
		-0.16357430815696716,
		0.9987057447433472
	],
	"26. right_eye": [
		0.49954450130462646,
		0.3156369626522064,
		-0.1500357836484909,
		0.999341607093811
	],
	"27. left_ear": [
		0.5198466181755066,
		0.31618690490722656,
		-0.10294969379901886,
		0.9976032376289368
	],
	"28. right_ear": [
		0.5037574768066406,
		0.3235430419445038,
		-0.04251531511545181,
		0.9984242916107178
	],
	"time stamp": 23
}