{
	"1. left_hip": [
		0.5620279908180237,
		0.5780338644981384,
		-0.06747544556856155,
		0.9998132586479187
	],
	"2. left_knee": [
		0.5556778907775879,
		0.7091163992881775,
		-0.025783158838748932,
		0.9824451804161072
	],
	"3. left_ankle": [
		0.581064760684967,
		0.8198864459991455,
		0.12690050899982452,
		0.9732022285461426
	],
	"6. right_hip": [
		0.5288636684417725,
		0.5827610492706299,
		0.06744048744440079,
		0.9998329877853394
	],
	"7. right_knee": [
		0.5055311918258667,
		0.6998112797737122,
		0.03778680041432381,
		0.9785419702529907
	],
	"8. right_ankle": [
		0.4994053840637207,
		0.8230987787246704,
		0.1300363540649414,
		0.9378806948661804
	],
	"14. left_shoulder": [
		0.5477591753005981,
		0.3679450452327728,
		-0.13434942066669464,
		0.9987179636955261
	],
	"15. left_elbow": [
		0.5765215158462524,
		0.32838115096092224,
		-0.2921454906463623,
		0.993439793586731
	],
	"16. left_wrist": [
		0.5430350303649902,
		0.28738927841186523,
		-0.39850035309791565,
		0.9844536781311035
	],
	"19. right_shoulder": [
		0.5012564063072205,
		0.3974723517894745,
		0.05758947879076004,
		0.999228298664093
	],
	"20. right_elbow": [
		0.5011941194534302,
		0.47285640239715576,
		0.0757974237203598,
		0.7033639550209045
	],
	"21. right_wrist": [
		0.5037798285484314,
		0.5340384244918823,
		-0.03102254308760166,
		0.7358946204185486
	],
	"24. nose": [
		0.5009230971336365,
		0.3259526491165161,
		-0.16625648736953735,
		0.9995590448379517
	],
	"25. left_eye": [
		0.5077317357063293,
		0.31122562289237976,
		-0.16124624013900757,
		0.9986940622329712
	],
	"26. right_eye": [
		0.4997060000896454,
		0.3133361041545868,
		-0.1465955674648285,
		0.9992774128913879
	],
	"27. left_ear": [
		0.5211862325668335,
		0.31358394026756287,
		-0.11063548177480698,
		0.9976523518562317
	],
	"28. right_ear": [
		0.5038071274757385,
		0.31988999247550964,
		-0.042324554175138474,
		0.9983010292053223
	],
	"time stamp": 23
}