{
	"1. left_hip": [
		0.5557259321212769,
		0.5781751871109009,
		-0.06981357932090759,
		0.9998182654380798
	],
	"2. left_knee": [
		0.539890468120575,
		0.707295835018158,
		-0.0314599983394146,
		0.9821751117706299
	],
	"3. left_ankle": [
		0.5562475323677063,
		0.8217970132827759,
		0.06457733362913132,
		0.9741709232330322
	],
	"6. right_hip": [
		0.5235694646835327,
		0.5820783972740173,
		0.06986995041370392,
		0.9998285174369812
	],
	"7. right_knee": [
		0.4975839853286743,
		0.6916027665138245,
		0.0050344145856797695,
		0.9751914739608765
	],
	"8. right_ankle": [
		0.4964146018028259,
		0.823834240436554,
		0.07227315753698349,
		0.9410488605499268
	],
	"14. left_shoulder": [
		0.542991042137146,
		0.36652475595474243,
		-0.12724418938159943,
		0.9988318681716919
	],
	"15. left_elbow": [
		0.5788145065307617,
		0.3599790930747986,
		-0.297374427318573,
		0.9939974546432495
	],
	"16. left_wrist": [
		0.5493000745773315,
		0.3084472715854645,
		-0.4395137429237366,
		0.9852507710456848
	],
	"19. right_shoulder": [
		0.4974537491798401,
		0.3960142433643341,
		0.05833006277680397,
		0.9992241263389587
	],
	"20. right_elbow": [
		0.49732914566993713,
		0.4734407663345337,
		0.11062690615653992,
		0.6669681668281555
	],
	"21. right_wrist": [
		0.5007932186126709,
		0.5340248346328735,
		0.03208979219198227,
		0.7132692933082581
	],
	"24. nose": [
		0.49787312746047974,
		0.3246496915817261,
		-0.19051241874694824,
		0.9995702505111694
	],
	"25. left_eye": [
		0.5040499567985535,
		0.3092811703681946,
		-0.18258579075336456,
		0.9987489581108093
	],
	"26. right_eye": [
		0.4968269467353821,
		0.31160667538642883,
		-0.16877798736095428,
		0.9992619752883911
	],
	"27. left_ear": [
		0.5186957120895386,
		0.31226617097854614,
		-0.1160733550786972,
		0.9977672100067139
	],
	"28. right_ear": [
		0.5004429221153259,
		0.3182269334793091,
		-0.05248454958200455,
		0.99828040599823
	],
	"time stamp": 23
}