{
	"1. left_hip": [
		0.5414278507232666,
		0.5812878012657166,
		-0.06607586145401001,
		0.9998195171356201
	],
	"2. left_knee": [
		0.5183717012405396,
		0.7079592943191528,
		-0.05731474235653877,
		0.9804542660713196
	],
	"3. left_ankle": [
		0.5243912935256958,
		0.8237511515617371,
		0.02074771374464035,
		0.9744059443473816
	],
	"6. right_hip": [
		0.5079305768013,
		0.5824586749076843,
		0.06610668450593948,
		0.9998193979263306
	],
	"7. right_knee": [
		0.47944068908691406,
		0.6921266317367554,
		-0.033252324908971786,
		0.9713585376739502
	],
	"8. right_ankle": [
		0.494122713804245,
		0.8234612345695496,
		0.05460621044039726,
		0.9419925808906555
	],
	"14. left_shoulder": [
		0.536050021648407,
		0.37011951208114624,
		-0.11938034743070602,
		0.9989394545555115
	],
	"15. left_elbow": [
		0.5801922082901001,
		0.40668004751205444,
		-0.2763679325580597,
		0.994499683380127
	],
	"16. left_wrist": [
		0.5508798956871033,
		0.34799322485923767,
		-0.43268653750419617,
		0.9863651394844055
	],
	"19. right_shoulder": [
		0.488382488489151,
		0.396787166595459,
		0.05162118002772331,
		0.9992532134056091
	],
	"20. right_elbow": [
		0.4887180030345917,
		0.4736218750476837,
		0.11112667620182037,
		0.6502967476844788
	],
	"21. right_wrist": [
		0.4874977767467499,
		0.5358710885047913,
		0.04795970767736435,
		0.7149547338485718
	],
	"24. nose": [
		0.4919649064540863,
		0.3266700208187103,
		-0.18776960670948029,
		0.9995688796043396
	],
	"25. left_eye": [
		0.49946311116218567,
		0.31172096729278564,
		-0.18009035289287567,
		0.9987654685974121
	],
	"26. right_eye": [
		0.49080532789230347,
		0.3118913173675537,
		-0.16722039878368378,
		0.9991692304611206
	],
	"27. left_ear": [
		0.5125819444656372,
		0.3138691484928131,
		-0.11431271582841873,
		0.9978067874908447
	],
	"28. right_ear": [
		0.493988037109375,
		0.31946662068367004,
		-0.05529353767633438,
		0.9981563091278076
	],
	"time stamp": 23
}