{
	"1. left_hip": [
		0.5341712832450867,
		0.5825662016868591,
		-0.06471701711416245,
		0.9998272061347961
	],
	"2. left_knee": [
		0.5117002725601196,
		0.708600640296936,
		-0.08110062032938004,
		0.9810153245925903
	],
	"3. left_ankle": [
		0.5250464677810669,
		0.8247914910316467,
		-0.015957459807395935,
		0.976232647895813
	],
	"6. right_hip": [
		0.5012062788009644,
		0.5829603672027588,
		0.06478055566549301,
		0.9998153448104858
	],
	"7. right_knee": [
		0.4699346125125885,
		0.691587507724762,
		-0.044171348214149475,
		0.9707952737808228
	],
	"8. right_ankle": [
		0.48941561579704285,
		0.8222872614860535,
		0.04644954577088356,
		0.9452641010284424
	],
	"14. left_shoulder": [
		0.5337705016136169,
		0.37651562690734863,
		-0.11636687070131302,
		0.9990372061729431
	],
	"15. left_elbow": [
		0.5754875540733337,
		0.40792614221572876,
		-0.27561837434768677,
		0.9949033260345459
	],
	"16. left_wrist": [
		0.5524510145187378,
		0.35382187366485596,
		-0.44042888283729553,
		0.986918568611145
	],
	"19. right_shoulder": [
		0.4856436252593994,
		0.3977596163749695,
		0.04617166519165039,
		0.999257504940033
	],
	"20. right_elbow": [
		0.4862944781780243,
		0.4715975522994995,
		0.12284800410270691,
		0.6262434720993042
	],
	"21. right_wrist": [
		0.4850267171859741,
		0.5367203950881958,
		0.0824810266494751,
		0.704471230506897
	],
	"24. nose": [
		0.49041181802749634,
		0.32815608382225037,
		-0.19124771654605865,
		0.9995512366294861
	],
	"25. left_eye": [
		0.4982863664627075,
		0.31429022550582886,
		-0.18302470445632935,
		0.9987626671791077
	],
	"26. right_eye": [
		0.489013671875,
		0.31357401609420776,
		-0.17138423025608063,
		0.9990407824516296
	],
	"27. left_ear": [
		0.5114879608154297,
		0.3164020776748657,
		-0.1145816296339035,
		0.9978200197219849
	],
	"28. right_ear": [
		0.4916616976261139,
		0.3205197751522064,
		-0.060196541249752045,
		0.9980208873748779
	],
	"time stamp": 23
}