{
	"1. left_hip": [
		0.5243400931358337,
		0.5830721259117126,
		-0.06374449282884598,
		0.9998404383659363
	],
	"2. left_knee": [
		0.5131704807281494,
		0.7127332091331482,
		-0.0023324175272136927,
		0.98228919506073
	],
	"3. left_ankle": [
		0.5291994214057922,
		0.8242214918136597,
		0.13375405967235565,
		0.9781375527381897
	],
	"6. right_hip": [
		0.49051326513290405,
		0.5829512476921082,
		0.06379024684429169,
		0.9998314380645752
	],
	"7. right_knee": [
		0.45342716574668884,
		0.6895232796669006,
		-0.0553157664835453,
		0.9731828570365906
	],
	"8. right_ankle": [
		0.46875351667404175,
		0.8212189674377441,
		0.04480842500925064,
		0.9502117037773132
	],
	"14. left_shoulder": [
		0.5287980437278748,
		0.37630805373191833,
		-0.1286316215991974,
		0.9991254210472107
	],
	"15. left_elbow": [
		0.562364935874939,
		0.38209331035614014,
		-0.3123868405818939,
		0.9952550530433655
	],
	"16. left_wrist": [
		0.5453999638557434,
		0.327361136674881,
		-0.4830426871776581,
		0.9875723719596863
	],
	"19. right_shoulder": [
		0.47752395272254944,
		0.398459792137146,
		0.05238616466522217,
		0.9993008971214294
	],
	"20. right_elbow": [
		0.4737694263458252,
		0.47260868549346924,
		0.14257794618606567,
		0.6081883907318115
	],
	"21. right_wrist": [
		0.46528753638267517,
		0.5370830297470093,
		0.12896746397018433,
		0.6982353329658508
	],
	"24. nose": [
		0.48490384221076965,
		0.32749420404434204,
		-0.1793031543493271,
		0.9995781779289246
	],
	"25. left_eye": [
		0.49165061116218567,
		0.31350719928741455,
		-0.1819092333316803,
		0.998841404914856
	],
	"26. right_eye": [
		0.4821475148200989,
		0.31396570801734924,
		-0.16048330068588257,
		0.9990772604942322
	],
	"27. left_ear": [
		0.5051310658454895,
		0.3163852393627167,
		-0.1115696132183075,
		0.99796062707901
	],
	"28. right_ear": [
		0.483795702457428,
		0.32093843817710876,
		-0.05251508951187134,
		0.9981429576873779
	],
	"time stamp": 23
}