{
	"1. left_hip": [
		0.5221970677375793,
		0.58292555809021,
		-0.06312448531389236,
		0.9998536109924316
	],
	"2. left_knee": [
		0.511859655380249,
		0.7153505086898804,
		0.0030023478902876377,
		0.9836854934692383
	],
	"3. left_ankle": [
		0.5299329161643982,
		0.8240782022476196,
		0.17187435925006866,
		0.9799565076828003
	],
	"6. right_hip": [
		0.49031034111976624,
		0.5821489095687866,
		0.06318004429340363,
		0.9998473525047302
	],
	"7. right_knee": [
		0.45158812403678894,
		0.6853565573692322,
		-0.0959416925907135,
		0.9756000638008118
	],
	"8. right_ankle": [
		0.4695616364479065,
		0.8208925724029541,
		0.012386536225676537,
		0.9548455476760864
	],
	"14. left_shoulder": [
		0.5256035923957825,
		0.3762008547782898,
		-0.12671661376953125,
		0.9992079734802246
	],
	"15. left_elbow": [
		0.555818498134613,
		0.37505489587783813,
		-0.3106696307659149,
		0.9955511093139648
	],
	"16. left_wrist": [
		0.5431268811225891,
		0.32269287109375,
		-0.48400092124938965,
		0.9883741736412048
	],
	"19. right_shoulder": [
		0.47661805152893066,
		0.3990299701690674,
		0.05690298229455948,
		0.9993568062782288
	],
	"20. right_elbow": [
		0.4743943512439728,
		0.47217267751693726,
		0.1463383436203003,
		0.5961781144142151
	],
	"21. right_wrist": [
		0.46657073497772217,
		0.5332669019699097,
		0.12559062242507935,
		0.698573887348175
	],
	"24. nose": [
		0.48304063081741333,
		0.327675461769104,
		-0.1683700531721115,
		0.999611496925354
	],
	"25. left_eye": [
		0.49041125178337097,
		0.3136182427406311,
		-0.16914720833301544,
		0.9989348649978638
	],
	"26. right_eye": [
		0.4811789095401764,
		0.3143933415412903,
		-0.14907371997833252,
		0.9991382956504822
	],
	"27. left_ear": [
		0.5040529370307922,
		0.31642359495162964,
		-0.10821762681007385,
		0.9981236457824707
	],
	"28. right_ear": [
		0.4838028848171234,
		0.32125288248062134,
		-0.042847611010074615,
		0.9982954263687134
	],
	"time stamp": 23
}