{
	"1. left_hip": [
		0.5178183913230896,
		0.5817918181419373,
		-0.05586759001016617,
		0.9998654723167419
	],
	"2. left_knee": [
		0.510890007019043,
		0.7157737016677856,
		0.017695654183626175,
		0.9849797487258911
	],
	"3. left_ankle": [
		0.5312501192092896,
		0.8245646357536316,
		0.19188767671585083,
		0.9813708662986755
	],
	"6. right_hip": [
		0.4843612313270569,
		0.5806200504302979,
		0.05588540434837341,
		0.9998621344566345
	],
	"7. right_knee": [
		0.4452783465385437,
		0.6807559728622437,
		-0.1392761617898941,
		0.9778274893760681
	],
	"8. right_ankle": [
		0.4552352726459503,
		0.8205553889274597,
		-0.06268710643053055,
		0.9590835571289062
	],
	"14. left_shoulder": [
		0.523897111415863,
		0.3752349317073822,
		-0.08816178888082504,
		0.999273955821991
	],
	"15. left_elbow": [
		0.5567681789398193,
		0.3566164970397949,
		-0.2578527629375458,
		0.9958479404449463
	],
	"16. left_wrist": [
		0.5375285148620605,
		0.29323944449424744,
		-0.40571439266204834,
		0.9888811707496643
	],
	"19. right_shoulder": [
		0.4704640209674835,
		0.3994065523147583,
		0.06100078299641609,
		0.9994129538536072
	],
	"20. right_elbow": [
		0.46649274230003357,
		0.4758093059062958,
		0.07427516579627991,
		0.6071302890777588
	],
	"21. right_wrist": [
		0.45905545353889465,
		0.5335022211074829,
		-0.04186858981847763,
		0.7115951776504517
	],
	"24. nose": [
		0.480286568403244,
		0.32545503973960876,
		-0.1459532082080841,
		0.9996463656425476
	],
	"25. left_eye": [
		0.4878741204738617,
		0.311142235994339,
		-0.13800181448459625,
		0.999027669429779
	],
	"26. right_eye": [
		0.4779004156589508,
		0.31239211559295654,
		-0.12584887444972992,
		0.9992148876190186
	],
	"27. left_ear": [
		0.5011464953422546,
		0.31553107500076294,
		-0.07479534298181534,
		0.9982866644859314
	],
	"28. right_ear": [
		0.478861004114151,
		0.31989893317222595,
		-0.0225521307438612,
		0.9984554052352905
	],
	"time stamp": 23
}