{
	"1. left_hip": [
		0.507560133934021,
		0.5818367004394531,
		-0.054599761962890625,
		0.9998753666877747
	],
	"2. left_knee": [
		0.5057910680770874,
		0.7157556414604187,
		-0.0017471166793256998,
		0.9862337708473206
	],
	"3. left_ankle": [
		0.5293235778808594,
		0.8227906823158264,
		0.16957001388072968,
		0.9828073978424072
	],
	"6. right_hip": [
		0.47273489832878113,
		0.5800512433052063,
		0.054514385759830475,
		0.9998743534088135
	],
	"7. right_knee": [
		0.4287025034427643,
		0.6795034408569336,
		-0.06540539860725403,
		0.979604959487915
	],
	"8. right_ankle": [
		0.42036476731300354,
		0.8199712038040161,
		0.07084488123655319,
		0.9628463983535767
	],
	"14. left_shoulder": [
		0.5132877826690674,
		0.3750954866409302,
		-0.10960032045841217,
		0.9993038773536682
	],
	"15. left_elbow": [
		0.5382598042488098,
		0.30588871240615845,
		-0.27309346199035645,
		0.9961115121841431
	],
	"16. left_wrist": [
		0.5136163234710693,
		0.23599028587341309,
		-0.404940664768219,
		0.9892705678939819
	],
	"19. right_shoulder": [
		0.4573405981063843,
		0.39870965480804443,
		0.025131991133093834,
		0.9994503855705261
	],
	"20. right_elbow": [
		0.4504447281360626,
		0.4773866832256317,
		-0.033491119742393494,
		0.6182345747947693
	],
	"21. right_wrist": [
		0.4428478181362152,
		0.5295645594596863,
		-0.21551141142845154,
		0.7238821983337402
	],
	"24. nose": [
		0.4690476953983307,
		0.32341864705085754,
		-0.1799764782190323,
		0.999676525592804
	],
	"25. left_eye": [
		0.4772772192955017,
		0.30989110469818115,
		-0.16914314031600952,
		0.999106228351593
	],
	"26. right_eye": [
		0.4670458137989044,
		0.3099164366722107,
		-0.15963983535766602,
		0.9992846846580505
	],
	"27. left_ear": [
		0.48897451162338257,
		0.31558218598365784,
		-0.0959252268075943,
		0.9984258413314819
	],
	"28. right_ear": [
		0.4684338867664337,
		0.31706878542900085,
		-0.05398695543408394,
		0.9985973238945007
	],
	"time stamp": 23
}