{
	"1. left_hip": [
		0.5016615986824036,
		0.5812677145004272,
		-0.0509319081902504,
		0.9998815655708313
	],
	"2. left_knee": [
		0.5041057467460632,
		0.7157066464424133,
		-0.029430275782942772,
		0.9873102307319641
	],
	"3. left_ankle": [
		0.5271849036216736,
		0.8224232196807861,
		0.14032739400863647,
		0.9839381575584412
	],
	"6. right_hip": [
		0.46681779623031616,
		0.5790680646896362,
		0.050735995173454285,
		0.9998831748962402
	],
	"7. right_knee": [
		0.42144280672073364,
		0.6803746223449707,
		-0.017423545941710472,
		0.9807624220848083
	],
	"8. right_ankle": [
		0.4008847773075104,
		0.8196547627449036,
		0.09107416868209839,
		0.9660633206367493
	],
	"14. left_shoulder": [
		0.508468747138977,
		0.3747585415840149,
		-0.12113305926322937,
		0.9991757869720459
	],
	"15. left_elbow": [
		0.5242293477058411,
		0.28386208415031433,
		-0.2561766505241394,
		0.9961556792259216
	],
	"16. left_wrist": [
		0.5025575757026672,
		0.2107411026954651,
		-0.33506953716278076,
		0.9886947274208069
	],
	"19. right_shoulder": [
		0.45191681385040283,
		0.3987133502960205,
		0.006774145644158125,
		0.9994338154792786
	],
	"20. right_elbow": [
		0.4446743130683899,
		0.4797852039337158,
		-0.0649259090423584,
		0.6230018138885498
	],
	"21. right_wrist": [
		0.4374975860118866,
		0.5211948752403259,
		-0.25501736998558044,
		0.733802855014801
	],
	"24. nose": [
		0.46361157298088074,
		0.3232671618461609,
		-0.1899966299533844,
		0.9996808767318726
	],
	"25. left_eye": [
		0.47270306944847107,
		0.30975329875946045,
		-0.17924436926841736,
		0.9991123676300049
	],
	"26. right_eye": [
		0.46211573481559753,
		0.3096016049385071,
		-0.1698165088891983,
		0.9993230700492859
	],
	"27. left_ear": [
		0.48526859283447266,
		0.3160030245780945,
		-0.10911083966493607,
		0.9984542727470398
	],
	"28. right_ear": [
		0.4633397161960602,
		0.3174930214881897,
		-0.06638885289430618,
		0.9986749291419983
	],
	"time stamp": 23
}