{
	"1. left_hip": [
		0.4913051724433899,
		0.5894941687583923,
		-0.04300784319639206,
		0.9998883605003357
	],
	"2. left_knee": [
		0.5022435188293457,
		0.7220181822776794,
		0.0017745796358212829,
		0.9884244799613953
	],
	"3. left_ankle": [
		0.5280517935752869,
		0.8221659064292908,
		0.20891304314136505,
		0.9850967526435852
	],
	"6. right_hip": [
		0.4528643488883972,
		0.5890069603919983,
		0.04286201298236847,
		0.9998930096626282
	],
	"7. right_knee": [
		0.40531066060066223,
		0.7064135074615479,
		-0.012592271901667118,
		0.9825179576873779
	],
	"8. right_ankle": [
		0.37296733260154724,
		0.8271636366844177,
		0.10199212282896042,
		0.9692826867103577
	],
	"14. left_shoulder": [
		0.4939270615577698,
		0.3877207338809967,
		-0.09792902320623398,
		0.9991145133972168
	],
	"15. left_elbow": [
		0.4921642243862152,
		0.2913881242275238,
		-0.22631070017814636,
		0.9956947565078735
	],
	"16. left_wrist": [
		0.49209392070770264,
		0.206931471824646,
		-0.34117695689201355,
		0.9885890483856201
	],
	"19. right_shoulder": [
		0.4376450479030609,
		0.4053284227848053,
		0.022364232689142227,
		0.9994430541992188
	],
	"20. right_elbow": [
		0.42904114723205566,
		0.4842400848865509,
		-0.006078664679080248,
		0.6250636577606201
	],
	"21. right_wrist": [
		0.42182236909866333,
		0.5244585275650024,
		-0.16593103110790253,
		0.7345502972602844
	],
	"24. nose": [
		0.452359139919281,
		0.3281789720058441,
		-0.17294566333293915,
		0.9996897578239441
	],
	"25. left_eye": [
		0.46230384707450867,
		0.31602853536605835,
		-0.15891601145267487,
		0.9991376996040344
	],
	"26. right_eye": [
		0.45093098282814026,
		0.31564968824386597,
		-0.15244615077972412,
		0.9993614554405212
	],
	"27. left_ear": [
		0.47385868430137634,
		0.32498812675476074,
		-0.08197500556707382,
		0.9984802603721619
	],
	"28. right_ear": [
		0.45229628682136536,
		0.3227766752243042,
		-0.05237917602062225,
		0.9987545609474182
	],
	"time stamp": 23
}