{
	"1. left_hip": [
		0.49102428555488586,
		0.5915968418121338,
		-0.042341332882642746,
		0.9998799562454224
	],
	"2. left_knee": [
		0.5033795833587646,
		0.7239574790000916,
		0.004188241437077522,
		0.9893484711647034
	],
	"3. left_ankle": [
		0.5297703146934509,
		0.8224300146102905,
		0.18203693628311157,
		0.9858384132385254
	],
	"6. right_hip": [
		0.4535244107246399,
		0.5907451510429382,
		0.042268361896276474,
		0.9998927116394043
	],
	"7. right_knee": [
		0.4085107445716858,
		0.708064079284668,
		0.008397109806537628,
		0.984023928642273
	],
	"8. right_ankle": [
		0.3722638785839081,
		0.8257588148117065,
		0.09526409208774567,
		0.9720768332481384
	],
	"14. left_shoulder": [
		0.4917554557323456,
		0.3895368278026581,
		-0.09177464246749878,
		0.9987131953239441
	],
	"15. left_elbow": [
		0.4884174168109894,
		0.290849506855011,
		-0.2018183171749115,
		0.9951971173286438
	],
	"16. left_wrist": [
		0.4918707609176636,
		0.20935669541358948,
		-0.27532950043678284,
		0.9875420331954956
	],
	"19. right_shoulder": [
		0.4392305314540863,
		0.4058477282524109,
		0.050953757017850876,
		0.9992018342018127
	],
	"20. right_elbow": [
		0.4352741241455078,
		0.47673073410987854,
		0.08899880945682526,
		0.5934643149375916
	],
	"21. right_wrist": [
		0.4236949682235718,
		0.5248447060585022,
		0.03568632900714874,
		0.6889888048171997
	],
	"24. nose": [
		0.4503574073314667,
		0.3324834704399109,
		-0.1417296826839447,
		0.9993924498558044
	],
	"25. left_eye": [
		0.4590222239494324,
		0.32024437189102173,
		-0.13174423575401306,
		0.9984158873558044
	],
	"26. right_eye": [
		0.44846799969673157,
		0.32017049193382263,
		-0.12265728414058685,
		0.9989404082298279
	],
	"27. left_ear": [
		0.4717813730239868,
		0.3291090726852417,
		-0.06859198957681656,
		0.9971621632575989
	],
	"28. right_ear": [
		0.45009708404541016,
		0.3270536959171295,
		-0.027694957330822945,
		0.9978232383728027
	],
	"time stamp": 23
}