{
	"1. left_hip": [
		0.47114768624305725,
		0.5909605622291565,
		-0.042491890490055084,
		0.9998847842216492
	],
	"2. left_knee": [
		0.4915529191493988,
		0.720770001411438,
		-0.004212207160890102,
		0.9901633858680725
	],
	"3. left_ankle": [
		0.5278400182723999,
		0.8206601738929749,
		0.11655770242214203,
		0.9870400428771973
	],
	"6. right_hip": [
		0.4328709840774536,
		0.5908829569816589,
		0.04236723482608795,
		0.9998959302902222
	],
	"7. right_knee": [
		0.3947412669658661,
		0.7070208787918091,
		0.03181513771414757,
		0.9852004051208496
	],
	"8. right_ankle": [
		0.37497618794441223,
		0.8263140916824341,
		0.169672891497612,
		0.9745805859565735
	],
	"14. left_shoulder": [
		0.4715272784233093,
		0.3880230784416199,
		-0.10255514830350876,
		0.9988229274749756
	],
	"15. left_elbow": [
		0.4929454028606415,
		0.29947495460510254,
		-0.28787747025489807,
		0.995538055896759
	],
	"16. left_wrist": [
		0.4851403534412384,
		0.2234765589237213,
		-0.47335296869277954,
		0.9882732629776001
	],
	"19. right_shoulder": [
		0.4127163290977478,
		0.40499550104141235,
		0.04927845671772957,
		0.999250590801239
	],
	"20. right_elbow": [
		0.4033184051513672,
		0.46935200691223145,
		0.16857020556926727,
		0.6165010929107666
	],
	"21. right_wrist": [
		0.3963505029678345,
		0.5143243074417114,
		0.22572587430477142,
		0.7133692502975464
	],
	"24. nose": [
		0.431559294462204,
		0.328541100025177,
		-0.14530467987060547,
		0.9994257092475891
	],
	"25. left_eye": [
		0.44048553705215454,
		0.3190048933029175,
		-0.13455934822559357,
		0.9985207319259644
	],
	"26. right_eye": [
		0.4299653172492981,
		0.3180912435054779,
		-0.1256568431854248,
		0.9989911317825317
	],
	"27. left_ear": [
		0.4505896270275116,
		0.32853373885154724,
		-0.07395186275243759,
		0.9973219633102417
	],
	"28. right_ear": [
		0.43145501613616943,
		0.32631418108940125,
		-0.03302125632762909,
		0.9979742765426636
	],
	"time stamp": 23
}