{
	"1. left_hip": [
		0.46716487407684326,
		0.5906060338020325,
		-0.04456494748592377,
		0.9998876452445984
	],
	"2. left_knee": [
		0.48886534571647644,
		0.7202476263046265,
		-0.021275034174323082,
		0.9909138679504395
	],
	"3. left_ankle": [
		0.5266252160072327,
		0.8209980726242065,
		0.09880311787128448,
		0.9879642724990845
	],
	"6. right_hip": [
		0.4306877553462982,
		0.5912286639213562,
		0.04446455463767052,
		0.9998960494995117
	],
	"7. right_knee": [
		0.39483463764190674,
		0.707361102104187,
		0.029631925746798515,
		0.9861560463905334
	],
	"8. right_ankle": [
		0.3745312988758087,
		0.827160656452179,
		0.1551658809185028,
		0.9766709208488464
	],
	"14. left_shoulder": [
		0.47047361731529236,
		0.38775697350502014,
		-0.09786335378885269,
		0.9988555312156677
	],
	"15. left_elbow": [
		0.4913046360015869,
		0.30034351348876953,
		-0.27512845396995544,
		0.995603084564209
	],
	"16. left_wrist": [
		0.483977735042572,
		0.23235385119915009,
		-0.42569103837013245,
		0.9880164265632629
	],
	"19. right_shoulder": [
		0.41222670674324036,
		0.4050354063510895,
		0.047368790954351425,
		0.9992777109146118
	],
	"20. right_elbow": [
		0.4070024788379669,
		0.48411014676094055,
		0.025006497278809547,
		0.6337829828262329
	],
	"21. right_wrist": [
		0.3932555615901947,
		0.5136483311653137,
		-0.10295962542295456,
		0.7337340116500854
	],
	"24. nose": [
		0.4315076768398285,
		0.32721981406211853,
		-0.14621353149414062,
		0.9994564652442932
	],
	"25. left_eye": [
		0.44044142961502075,
		0.31876102089881897,
		-0.13470008969306946,
		0.9986055493354797
	],
	"26. right_eye": [
		0.42987626791000366,
		0.3172754943370819,
		-0.12525708973407745,
		0.9990479350090027
	],
	"27. left_ear": [
		0.45076823234558105,
		0.3279704749584198,
		-0.07003982365131378,
		0.9974762201309204
	],
	"28. right_ear": [
		0.42943689227104187,
		0.32600918412208557,
		-0.02658100612461567,
		0.9981052875518799
	],
	"time stamp": 23
}