{
	"1. left_hip": [
		0.460484117269516,
		0.5838140845298767,
		-0.04372686892747879,
		0.999891996383667
	],
	"2. left_knee": [
		0.4855503439903259,
		0.7108164429664612,
		-0.03863062709569931,
		0.9916253685951233
	],
	"3. left_ankle": [
		0.522445559501648,
		0.8150034546852112,
		0.06573189049959183,
		0.9889276027679443
	],
	"6. right_hip": [
		0.4224196672439575,
		0.586330235004425,
		0.04366607591509819,
		0.9998990297317505
	],
	"7. right_knee": [
		0.3901090621948242,
		0.706046998500824,
		0.021414970979094505,
		0.9872901439666748
	],
	"8. right_ankle": [
		0.3731633722782135,
		0.8283042907714844,
		0.13446594774723053,
		0.9787678718566895
	],
	"14. left_shoulder": [
		0.46264201402664185,
		0.3828156888484955,
		-0.08068414032459259,
		0.9989500641822815
	],
	"15. left_elbow": [
		0.49488160014152527,
		0.338570773601532,
		-0.2699708044528961,
		0.9957977533340454
	],
	"16. left_wrist": [
		0.4880822002887726,
		0.28316429257392883,
		-0.4564596712589264,
		0.9882424473762512
	],
	"19. right_shoulder": [
		0.40265679359436035,
		0.391693651676178,
		0.04666700214147568,
		0.9993327260017395
	],
	"20. right_elbow": [
		0.39193838834762573,
		0.45033586025238037,
		0.04689309373497963,
		0.6564732193946838
	],
	"21. right_wrist": [
		0.3867770731449127,
		0.4923416078090668,
		-0.010153605602681637,
		0.7523279786109924
	],
	"24. nose": [
		0.42591118812561035,
		0.32202383875846863,
		-0.13675202429294586,
		0.9995036125183105
	],
	"25. left_eye": [
		0.43492206931114197,
		0.3135431408882141,
		-0.12565462291240692,
		0.998729944229126
	],
	"26. right_eye": [
		0.42404669523239136,
		0.30939656496047974,
		-0.1175156980752945,
		0.9991282820701599
	],
	"27. left_ear": [
		0.44480669498443604,
		0.32190078496932983,
		-0.05968351662158966,
		0.9977076053619385
	],
	"28. right_ear": [
		0.42172083258628845,
		0.316129595041275,
		-0.0204977635294199,
		0.9982743263244629
	],
	"time stamp": 23
}