{
	"1. left_hip": [
		0.450588196516037,
		0.5731089115142822,
		-0.024283938109874725,
		0.9998697638511658
	],
	"2. left_knee": [
		0.4752615690231323,
		0.6959010362625122,
		0.010662595741450787,
		0.9916010499000549
	],
	"3. left_ankle": [
		0.5079877972602844,
		0.7886234521865845,
		0.22036150097846985,
		0.9885362386703491
	],
	"6. right_hip": [
		0.41247910261154175,
		0.5783431529998779,
		0.024291204288601875,
		0.9998993873596191
	],
	"7. right_knee": [
		0.3864859342575073,
		0.705717146396637,
		-0.0074501908384263515,
		0.9881716966629028
	],
	"8. right_ankle": [
		0.3722168505191803,
		0.8288230895996094,
		0.12290768325328827,
		0.9805960059165955
	],
	"14. left_shoulder": [
		0.45108938217163086,
		0.37479040026664734,
		-0.07084864377975464,
		0.9989657402038574
	],
	"15. left_elbow": [
		0.4858781397342682,
		0.3859242796897888,
		-0.14097648859024048,
		0.9927741289138794
	],
	"16. left_wrist": [
		0.49450331926345825,
		0.3831116855144501,
		-0.2918092608451843,
		0.9825001955032349
	],
	"19. right_shoulder": [
		0.386772483587265,
		0.37929606437683105,
		-0.00214008498005569,
		0.9993756413459778
	],
	"20. right_elbow": [
		0.37779316306114197,
		0.4512842297554016,
		0.034018076956272125,
		0.6870764493942261
	],
	"21. right_wrist": [
		0.3585588335990906,
		0.4628825783729553,
		-0.03542736917734146,
		0.775963544845581
	],
	"24. nose": [
		0.41743478178977966,
		0.3143860995769501,
		-0.1996486634016037,
		0.9995461106300354
	],
	"25. left_eye": [
		0.4270838499069214,
		0.304538756608963,
		-0.186275452375412,
		0.9988223910331726
	],
	"26. right_eye": [
		0.41633573174476624,
		0.29970934987068176,
		-0.18213242292404175,
		0.9991904497146606
	],
	"27. left_ear": [
		0.4366763234138489,
		0.3151921331882477,
		-0.10066740214824677,
		0.997838020324707
	],
	"28. right_ear": [
		0.4134780466556549,
		0.30470719933509827,
		-0.08153809607028961,
		0.9983888864517212
	],
	"time stamp": 23
}