{
	"1. left_hip": [
		0.44924649596214294,
		0.5696620345115662,
		-0.0001287541090277955,
		0.9998499155044556
	],
	"2. left_knee": [
		0.477267324924469,
		0.6891014575958252,
		0.003426800249144435,
		0.991529107093811
	],
	"3. left_ankle": [
		0.497303307056427,
		0.7770825624465942,
		0.2231149971485138,
		0.9818068742752075
	],
	"6. right_hip": [
		0.40923818945884705,
		0.5768871903419495,
		-1.3640332099384977e-06,
		0.9998944997787476
	],
	"7. right_knee": [
		0.3843371272087097,
		0.7058636546134949,
		-0.027143258601427078,
		0.9879878759384155
	],
	"8. right_ankle": [
		0.3709605038166046,
		0.828718900680542,
		0.11433569341897964,
		0.9804742932319641
	],
	"14. left_shoulder": [
		0.44832074642181396,
		0.37120866775512695,
		-0.01682141423225403,
		0.9990094900131226
	],
	"15. left_elbow": [
		0.474754273891449,
		0.406098335981369,
		0.16626949608325958,
		0.9881212711334229
	],
	"16. left_wrist": [
		0.496094286441803,
		0.43048518896102905,
		0.29522204399108887,
		0.9786307215690613
	],
	"19. right_shoulder": [
		0.38326171040534973,
		0.37888655066490173,
		-0.061098404228687286,
		0.9994170665740967
	],
	"20. right_elbow": [
		0.365593820810318,
		0.4580162465572357,
		-0.14709843695163727,
		0.7174736857414246
	],
	"21. right_wrist": [
		0.34696337580680847,
		0.42979562282562256,
		-0.3349217474460602,
		0.7979167103767395
	],
	"24. nose": [
		0.416093647480011,
		0.30987119674682617,
		-0.22145812213420868,
		0.9995901584625244
	],
	"25. left_eye": [
		0.4253374934196472,
		0.3006187081336975,
		-0.20544280111789703,
		0.9989340901374817
	],
	"26. right_eye": [
		0.41292062401771545,
		0.2957560122013092,
		-0.20752011239528656,
		0.9992697834968567
	],
	"27. left_ear": [
		0.4328051507472992,
		0.31178492307662964,
		-0.10541997104883194,
		0.9980465769767761
	],
	"28. right_ear": [
		0.4080352783203125,
		0.3007696866989136,
		-0.11551401019096375,
		0.9985458254814148
	],
	"time stamp": 23
}