{
	"1. left_hip": [
		0.442298024892807,
		0.5686959624290466,
		0.015199259854853153,
		0.9998627305030823
	],
	"2. left_knee": [
		0.4715104103088379,
		0.6664998531341553,
		0.08568426966667175,
		0.9918301701545715
	],
	"3. left_ankle": [
		0.466922789812088,
		0.6932055354118347,
		0.4266195297241211,
		0.9770854115486145
	],
	"6. right_hip": [
		0.4001021981239319,
		0.5763657689094543,
		-0.015318594872951508,
		0.9999048113822937
	],
	"7. right_knee": [
		0.379716157913208,
		0.7067336440086365,
		-0.03221495822072029,
		0.9890518188476562
	],
	"8. right_ankle": [
		0.36982232332229614,
		0.8284702897071838,
		0.0918617695569992,
		0.9822711944580078
	],
	"14. left_shoulder": [
		0.4468771517276764,
		0.37706053256988525,
		-0.05138271301984787,
		0.9991040229797363
	],
	"15. left_elbow": [
		0.4749051034450531,
		0.4613150656223297,
		0.03263869881629944,
		0.9886173009872437
	],
	"16. left_wrist": [
		0.4948238730430603,
		0.5349149703979492,
		0.041881855577230453,
		0.9795315265655518
	],
	"19. right_shoulder": [
		0.3756776750087738,
		0.3755478858947754,
		-0.12629525363445282,
		0.9994746446609497
	],
	"20. right_elbow": [
		0.33966735005378723,
		0.41984841227531433,
		-0.273936927318573,
		0.7456978559494019
	],
	"21. right_wrist": [
		0.3543446362018585,
		0.34058526158332825,
		-0.45192617177963257,
		0.8179982304573059
	],
	"24. nose": [
		0.41673752665519714,
		0.3113187551498413,
		-0.27945417165756226,
		0.9996309280395508
	],
	"25. left_eye": [
		0.42432811856269836,
		0.3021990954875946,
		-0.25962111353874207,
		0.9990397095680237
	],
	"26. right_eye": [
		0.4118856191635132,
		0.2963202893733978,
		-0.26356041431427,
		0.9993424415588379
	],
	"27. left_ear": [
		0.4300042390823364,
		0.3126349449157715,
		-0.1432129293680191,
		0.9982404708862305
	],
	"28. right_ear": [
		0.4030478000640869,
		0.3021126389503479,
		-0.16629396378993988,
		0.9986905455589294
	],
	"time stamp": 23
}