{
	"1. left_hip": [
		0.4424121379852295,
		0.5683630704879761,
		0.014577817171812057,
		0.9998742938041687
	],
	"2. left_knee": [
		0.4702387750148773,
		0.6660515666007996,
		0.11775310337543488,
		0.9922524094581604
	],
	"3. left_ankle": [
		0.4656409025192261,
		0.6933534145355225,
		0.45084112882614136,
		0.9762783050537109
	],
	"6. right_hip": [
		0.3995072543621063,
		0.5768811702728271,
		-0.014725029468536377,
		0.9999141097068787
	],
	"7. right_knee": [
		0.37897419929504395,
		0.7074864506721497,
		-0.037716325372457504,
		0.9900632500648499
	],
	"8. right_ankle": [
		0.3694997727870941,
		0.8282433152198792,
		0.07524894922971725,
		0.9839211106300354
	],
	"14. left_shoulder": [
		0.44691917300224304,
		0.38037237524986267,
		-0.055718787014484406,
		0.9991905689239502
	],
	"15. left_elbow": [
		0.4747677743434906,
		0.46501171588897705,
		0.022137979045510292,
		0.9893295168876648
	],
	"16. left_wrist": [
		0.49440881609916687,
		0.5366169214248657,
		0.019121166318655014,
		0.9808802604675293
	],
	"19. right_shoulder": [
		0.3748742640018463,
		0.3778163492679596,
		-0.12447581440210342,
		0.9995265007019043
	],
	"20. right_elbow": [
		0.33650270104408264,
		0.4168389141559601,
		-0.27142220735549927,
		0.7711067199707031
	],
	"21. right_wrist": [
		0.3532642722129822,
		0.33781468868255615,
		-0.439903199672699,
		0.8360771536827087
	],
	"24. nose": [
		0.4170438051223755,
		0.3104856610298157,
		-0.27588704228401184,
		0.9996677041053772
	],
	"25. left_eye": [
		0.42360302805900574,
		0.3021032512187958,
		-0.2546467185020447,
		0.9991351366043091
	],
	"26. right_eye": [
		0.41180241107940674,
		0.29595041275024414,
		-0.25891295075416565,
		0.9994080066680908
	],
	"27. left_ear": [
		0.42923226952552795,
		0.31256356835365295,
		-0.13876467943191528,
		0.9984152913093567
	],
	"28. right_ear": [
		0.4019774794578552,
		0.303093284368515,
		-0.16325445473194122,
		0.9988210797309875
	],
	"time stamp": 23
}