{
	"1. left_hip": [
		0.4409451186656952,
		0.5693241953849792,
		0.015925494953989983,
		0.9998844265937805
	],
	"2. left_knee": [
		0.47215792536735535,
		0.6715447902679443,
		0.08650872111320496,
		0.9924108386039734
	],
	"3. left_ankle": [
		0.46152085065841675,
		0.682705283164978,
		0.42948582768440247,
		0.9674673080444336
	],
	"6. right_hip": [
		0.39848771691322327,
		0.5780279040336609,
		-0.016027143225073814,
		0.9999224543571472
	],
	"7. right_knee": [
		0.37879833579063416,
		0.7072009444236755,
		-0.03205372393131256,
		0.9909085035324097
	],
	"8. right_ankle": [
		0.36857154965400696,
		0.8281099200248718,
		0.08090506494045258,
		0.9853200912475586
	],
	"14. left_shoulder": [
		0.44465166330337524,
		0.38443365693092346,
		-0.037076402455568314,
		0.9992660284042358
	],
	"15. left_elbow": [
		0.4672624468803406,
		0.4754033088684082,
		0.012106270529329777,
		0.988562285900116
	],
	"16. left_wrist": [
		0.48111915588378906,
		0.5577196478843689,
		-0.008880448527634144,
		0.9798574447631836
	],
	"19. right_shoulder": [
		0.37523165345191956,
		0.37973180413246155,
		-0.10133341699838638,
		0.9995728731155396
	],
	"20. right_elbow": [
		0.3349981904029846,
		0.39203885197639465,
		-0.25196248292922974,
		0.7939378619194031
	],
	"21. right_wrist": [
		0.36053410172462463,
		0.3258061707019806,
		-0.40389084815979004,
		0.8520869612693787
	],
	"24. nose": [
		0.4187203049659729,
		0.3112342953681946,
		-0.24245090782642365,
		0.9997004866600037
	],
	"25. left_eye": [
		0.42504575848579407,
		0.30237331986427307,
		-0.22201310098171234,
		0.9992199540138245
	],
	"26. right_eye": [
		0.4139942228794098,
		0.2974570691585541,
		-0.22542089223861694,
		0.9994664788246155
	],
	"27. left_ear": [
		0.42932018637657166,
		0.31302523612976074,
		-0.11509741842746735,
		0.9985713362693787
	],
	"28. right_ear": [
		0.4038276970386505,
		0.3043627142906189,
		-0.1319539099931717,
		0.9989376664161682
	],
	"time stamp": 23
}