{
	"1. left_hip": [
		0.43570566177368164,
		0.5654799938201904,
		0.010578187182545662,
		0.9998789429664612
	],
	"2. left_knee": [
		0.4700940251350403,
		0.6530430912971497,
		-0.11294465512037277,
		0.9927361607551575
	],
	"3. left_ankle": [
		0.4523051381111145,
		0.690216064453125,
		0.1904098242521286,
		0.9660627841949463
	],
	"6. right_hip": [
		0.39494845271110535,
		0.5732651352882385,
		-0.010645522736012936,
		0.999925971031189
	],
	"7. right_knee": [
		0.3798224627971649,
		0.7061610221862793,
		-0.04987004026770592,
		0.9915004968643188
	],
	"8. right_ankle": [
		0.36776334047317505,
		0.8281269669532776,
		0.08197209984064102,
		0.9866238236427307
	],
	"14. left_shoulder": [
		0.44249340891838074,
		0.38471314311027527,
		-0.03584844619035721,
		0.9988869428634644
	],
	"15. left_elbow": [
		0.4439660310745239,
		0.46634191274642944,
		-0.005708468146622181,
		0.9604014754295349
	],
	"16. left_wrist": [
		0.45398619771003723,
		0.5456259250640869,
		-0.02039395272731781,
		0.9287270903587341
	],
	"19. right_shoulder": [
		0.37955784797668457,
		0.3635561764240265,
		-0.08060780167579651,
		0.9995854496955872
	],
	"20. right_elbow": [
		0.3423135578632355,
		0.3629736602306366,
		-0.2199854999780655,
		0.8142486810684204
	],
	"21. right_wrist": [
		0.3664042055606842,
		0.329086571931839,
		-0.3531600534915924,
		0.8642356395721436
	],
	"24. nose": [
		0.4189392328262329,
		0.30848079919815063,
		-0.2231454849243164,
		0.9997164607048035
	],
	"25. left_eye": [
		0.4263744354248047,
		0.30090025067329407,
		-0.19944778084754944,
		0.9992491602897644
	],
	"26. right_eye": [
		0.4148727059364319,
		0.29542076587677,
		-0.20738931000232697,
		0.9994872808456421
	],
	"27. left_ear": [
		0.43129053711891174,
		0.31217464804649353,
		-0.09209704399108887,
		0.9986647963523865
	],
	"28. right_ear": [
		0.4068472981452942,
		0.3010939061641693,
		-0.12000388652086258,
		0.998977780342102
	],
	"time stamp": 23
}