{
	"1. left_hip": [
		0.4341519773006439,
		0.5618414282798767,
		0.003679890651255846,
		0.9998618364334106
	],
	"2. left_knee": [
		0.47036466002464294,
		0.649151086807251,
		-0.07596778124570847,
		0.9930467009544373
	],
	"3. left_ankle": [
		0.45521846413612366,
		0.699255108833313,
		0.21599312126636505,
		0.9672598838806152
	],
	"6. right_hip": [
		0.3937184810638428,
		0.5678136348724365,
		-0.0037805307656526566,
		0.9999289512634277
	],
	"7. right_knee": [
		0.3804805278778076,
		0.7004467844963074,
		-0.07423529028892517,
		0.9921868443489075
	],
	"8. right_ankle": [
		0.36668094992637634,
		0.8276799321174622,
		0.06750314682722092,
		0.9878208637237549
	],
	"14. left_shoulder": [
		0.44676026701927185,
		0.3874148428440094,
		-0.07444839179515839,
		0.9986550211906433
	],
	"15. left_elbow": [
		0.4357481598854065,
		0.4761680066585541,
		-0.1824127733707428,
		0.9591514468193054
	],
	"16. left_wrist": [
		0.4170657992362976,
		0.44191980361938477,
		-0.2826824188232422,
		0.931942880153656
	],
	"19. right_shoulder": [
		0.38410457968711853,
		0.3561808168888092,
		-0.06404779851436615,
		0.9996129274368286
	],
	"20. right_elbow": [
		0.34689202904701233,
		0.35301315784454346,
		-0.17275577783584595,
		0.8319409489631653
	],
	"21. right_wrist": [
		0.36811724305152893,
		0.3350069522857666,
		-0.3431878387928009,
		0.8735308647155762
	],
	"24. nose": [
		0.42184314131736755,
		0.30142590403556824,
		-0.21125100553035736,
		0.999739408493042
	],
	"25. left_eye": [
		0.4295359253883362,
		0.29494762420654297,
		-0.19342535734176636,
		0.9993111491203308
	],
	"26. right_eye": [
		0.41783663630485535,
		0.2906465232372284,
		-0.1950758397579193,
		0.9995260834693909
	],
	"27. left_ear": [
		0.43526214361190796,
		0.3073091506958008,
		-0.09463557600975037,
		0.998783528804779
	],
	"28. right_ear": [
		0.4111379384994507,
		0.2971860468387604,
		-0.1077490746974945,
		0.9990617036819458
	],
	"time stamp": 23
}