{
	"1. left_hip": [
		0.4305696189403534,
		0.5584079623222351,
		0.01833483763039112,
		0.9998051524162292
	],
	"2. left_knee": [
		0.471605509519577,
		0.6577031016349792,
		-0.03908294811844826,
		0.9932273030281067
	],
	"3. left_ankle": [
		0.46613696217536926,
		0.7130557298660278,
		0.22518083453178406,
		0.9683297276496887
	],
	"6. right_hip": [
		0.3913709819316864,
		0.5592057704925537,
		-0.01836928352713585,
		0.9999168515205383
	],
	"7. right_knee": [
		0.37564581632614136,
		0.6997227668762207,
		-0.0730089321732521,
		0.992712140083313
	],
	"8. right_ankle": [
		0.35934728384017944,
		0.82579505443573,
		0.06843096762895584,
		0.9887881875038147
	],
	"14. left_shoulder": [
		0.44973328709602356,
		0.3869810402393341,
		-0.034955404698848724,
		0.9975161552429199
	],
	"15. left_elbow": [
		0.4388919174671173,
		0.4643036425113678,
		-0.0350210964679718,
		0.9016610980033875
	],
	"16. left_wrist": [
		0.42548462748527527,
		0.5206896662712097,
		-0.1169782429933548,
		0.8701471090316772
	],
	"19. right_shoulder": [
		0.3875826597213745,
		0.352522075176239,
		-0.09224587678909302,
		0.9996113181114197
	],
	"20. right_elbow": [
		0.3499165177345276,
		0.3560434877872467,
		-0.21962836384773254,
		0.8481317162513733
	],
	"21. right_wrist": [
		0.3816766142845154,
		0.3563418984413147,
		-0.38132601976394653,
		0.8822990655899048
	],
	"24. nose": [
		0.43039214611053467,
		0.2988373339176178,
		-0.21836109459400177,
		0.9997345805168152
	],
	"25. left_eye": [
		0.43641865253448486,
		0.2919095456600189,
		-0.19860412180423737,
		0.9993029832839966
	],
	"26. right_eye": [
		0.4229283928871155,
		0.28704795241355896,
		-0.20556680858135223,
		0.9995266199111938
	],
	"27. left_ear": [
		0.4389117360115051,
		0.3033130466938019,
		-0.09222770482301712,
		0.9987596273422241
	],
	"28. right_ear": [
		0.4129434823989868,
		0.2938012480735779,
		-0.1248670220375061,
		0.999098002910614
	],
	"time stamp": 23
}