{
	"1. left_hip": [
		0.4301551580429077,
		0.5599324703216553,
		0.017057593911886215,
		0.9997721314430237
	],
	"2. left_knee": [
		0.472856342792511,
		0.661217987537384,
		-0.04192093759775162,
		0.9935100674629211
	],
	"3. left_ankle": [
		0.4685986638069153,
		0.7262444496154785,
		0.2266598641872406,
		0.9699621200561523
	],
	"6. right_hip": [
		0.3910606801509857,
		0.5605504512786865,
		-0.01710965856909752,
		0.9999139308929443
	],
	"7. right_knee": [
		0.3735015094280243,
		0.7000948190689087,
		-0.0862123966217041,
		0.9932452440261841
	],
	"8. right_ankle": [
		0.35869529843330383,
		0.8254808187484741,
		0.07369168102741241,
		0.989696741104126
	],
	"14. left_shoulder": [
		0.4512442350387573,
		0.38800060749053955,
		-0.042335253208875656,
		0.9969532489776611
	],
	"15. left_elbow": [
		0.436651349067688,
		0.4681952893733978,
		-0.05618162453174591,
		0.8601846694946289
	],
	"16. left_wrist": [
		0.41875097155570984,
		0.5298299789428711,
		-0.12917481362819672,
		0.8217235207557678
	],
	"19. right_shoulder": [
		0.3892696499824524,
		0.35254210233688354,
		-0.09092811495065689,
		0.9996297359466553
	],
	"20. right_elbow": [
		0.3500915765762329,
		0.355615496635437,
		-0.218299001455307,
		0.8627598285675049
	],
	"21. right_wrist": [
		0.384361207485199,
		0.3620174527168274,
		-0.37002187967300415,
		0.8897937536239624
	],
	"24. nose": [
		0.4336314797401428,
		0.29876190423965454,
		-0.21823237836360931,
		0.999744713306427
	],
	"25. left_eye": [
		0.43990257382392883,
		0.29150906205177307,
		-0.19892853498458862,
		0.9993284940719604
	],
	"26. right_eye": [
		0.4258197844028473,
		0.28583940863609314,
		-0.2048754245042801,
		0.9995444416999817
	],
	"27. left_ear": [
		0.44178056716918945,
		0.30262428522109985,
		-0.09338635206222534,
		0.9988108277320862
	],
	"28. right_ear": [
		0.414517343044281,
		0.29243916273117065,
		-0.12298575788736343,
		0.9991589784622192
	],
	"time stamp": 23
}