{
	"1. left_hip": [
		0.42924201488494873,
		0.5763658881187439,
		0.046043723821640015,
		0.9997687935829163
	],
	"2. left_knee": [
		0.46749091148376465,
		0.6795725226402283,
		-0.005016791634261608,
		0.9935401678085327
	],
	"3. left_ankle": [
		0.4805300831794739,
		0.8010426759719849,
		0.12066160887479782,
		0.9724346399307251
	],
	"6. right_hip": [
		0.3904555141925812,
		0.5678175091743469,
		-0.04600825533270836,
		0.9999054670333862
	],
	"7. right_knee": [
		0.3696815073490143,
		0.7116564512252808,
		-0.048135653138160706,
		0.9936936497688293
	],
	"8. right_ankle": [
		0.35100695490837097,
		0.8254700303077698,
		0.10298563539981842,
		0.9905538558959961
	],
	"14. left_shoulder": [
		0.45320579409599304,
		0.4014436602592468,
		0.0011356692994013429,
		0.9971474409103394
	],
	"15. left_elbow": [
		0.446303129196167,
		0.4581911265850067,
		0.1810731142759323,
		0.7954721450805664
	],
	"16. left_wrist": [
		0.43901053071022034,
		0.5003175735473633,
		0.2815130352973938,
		0.7623934745788574
	],
	"19. right_shoulder": [
		0.3970000445842743,
		0.3645125925540924,
		-0.17893080413341522,
		0.9996625185012817
	],
	"20. right_elbow": [
		0.3614359498023987,
		0.39967605471611023,
		-0.21470960974693298,
		0.8760587573051453
	],
	"21. right_wrist": [
		0.37843430042266846,
		0.47387054562568665,
		-0.28116270899772644,
		0.8973420858383179
	],
	"24. nose": [
		0.4501928985118866,
		0.3229365646839142,
		-0.24681247770786285,
		0.9997681975364685
	],
	"25. left_eye": [
		0.45290035009384155,
		0.31245875358581543,
		-0.22884628176689148,
		0.999390721321106
	],
	"26. right_eye": [
		0.44228559732437134,
		0.3097175359725952,
		-0.24647513031959534,
		0.9995884895324707
	],
	"27. left_ear": [
		0.45124855637550354,
		0.32055217027664185,
		-0.11607463657855988,
		0.998918890953064
	],
	"28. right_ear": [
		0.42868220806121826,
		0.3172008991241455,
		-0.19823399186134338,
		0.9992420077323914
	],
	"time stamp": 23
}