{
	"1. left_hip": [
		0.4284944236278534,
		0.5800246000289917,
		0.043368466198444366,
		0.9997241497039795
	],
	"2. left_knee": [
		0.4653981626033783,
		0.6847298741340637,
		-0.0164665374904871,
		0.9934639930725098
	],
	"3. left_ankle": [
		0.4845576286315918,
		0.8082894086837769,
		0.06929196417331696,
		0.9746822714805603
	],
	"6. right_hip": [
		0.3902929425239563,
		0.569789469242096,
		-0.04334650933742523,
		0.9998706579208374
	],
	"7. right_knee": [
		0.3694393038749695,
		0.7120294570922852,
		-0.02905198745429516,
		0.9940690398216248
	],
	"8. right_ankle": [
		0.351544588804245,
		0.8236574530601501,
		0.1198795959353447,
		0.9912417531013489
	],
	"14. left_shoulder": [
		0.45630741119384766,
		0.40841546654701233,
		0.0021246694959700108,
		0.9970996975898743
	],
	"15. left_elbow": [
		0.447608083486557,
		0.4650419056415558,
		0.03529634699225426,
		0.7318431735038757
	],
	"16. left_wrist": [
		0.4442840814590454,
		0.4877554178237915,
		0.020797088742256165,
		0.7100492715835571
	],
	"19. right_shoulder": [
		0.40150249004364014,
		0.37273189425468445,
		-0.14601698517799377,
		0.9996883273124695
	],
	"20. right_elbow": [
		0.36729153990745544,
		0.4117482602596283,
		-0.201851949095726,
		0.8875586986541748
	],
	"21. right_wrist": [
		0.3785170912742615,
		0.4830944836139679,
		-0.2938929796218872,
		0.9017223715782166
	],
	"24. nose": [
		0.45294198393821716,
		0.32763564586639404,
		-0.23507604002952576,
		0.9997818470001221
	],
	"25. left_eye": [
		0.4561430811882019,
		0.31722205877304077,
		-0.21785035729408264,
		0.9994232058525085
	],
	"26. right_eye": [
		0.44486328959465027,
		0.3142509162425995,
		-0.22763699293136597,
		0.9996180534362793
	],
	"27. left_ear": [
		0.45598867535591125,
		0.32544058561325073,
		-0.10450901836156845,
		0.9989307522773743
	],
	"28. right_ear": [
		0.4325025677680969,
		0.32249176502227783,
		-0.16700676083564758,
		0.999308705329895
	],
	"time stamp": 23
}