{
	"1. left_hip": [
		0.4285670220851898,
		0.5926740765571594,
		0.04797336831688881,
		0.9996887445449829
	],
	"2. left_knee": [
		0.4636954963207245,
		0.6961735486984253,
		0.02282886952161789,
		0.9932628870010376
	],
	"3. left_ankle": [
		0.4847825765609741,
		0.8226701617240906,
		0.10919839888811111,
		0.9768161773681641
	],
	"6. right_hip": [
		0.39170655608177185,
		0.5803004503250122,
		-0.04794495925307274,
		0.9998440146446228
	],
	"7. right_knee": [
		0.37026920914649963,
		0.7123728394508362,
		-0.05399147421121597,
		0.9945051670074463
	],
	"8. right_ankle": [
		0.3509470522403717,
		0.8227173089981079,
		0.057616233825683594,
		0.9919790029525757
	],
	"14. left_shoulder": [
		0.4617820084095001,
		0.42150887846946716,
		0.01325155794620514,
		0.9971276521682739
	],
	"15. left_elbow": [
		0.44789376854896545,
		0.4966110289096832,
		0.052653294056653976,
		0.6689517498016357
	],
	"16. left_wrist": [
		0.43875423073768616,
		0.5664917230606079,
		0.00025796538102440536,
		0.6486318111419678
	],
	"19. right_shoulder": [
		0.40856027603149414,
		0.3896420896053314,
		-0.13644953072071075,
		0.9997023940086365
	],
	"20. right_elbow": [
		0.37925049662590027,
		0.4435732960700989,
		-0.1899593025445938,
		0.8954610824584961
	],
	"21. right_wrist": [
		0.3784119784832001,
		0.5149884819984436,
		-0.2756367623806,
		0.8963448405265808
	],
	"24. nose": [
		0.45706892013549805,
		0.33670663833618164,
		-0.2051824927330017,
		0.9997825622558594
	],
	"25. left_eye": [
		0.4601479172706604,
		0.3263774812221527,
		-0.18707309663295746,
		0.9994428157806396
	],
	"26. right_eye": [
		0.4485975503921509,
		0.3239065706729889,
		-0.20223024487495422,
		0.9996253252029419
	],
	"27. left_ear": [
		0.4602874219417572,
		0.33542299270629883,
		-0.08310424536466599,
		0.9989246726036072
	],
	"28. right_ear": [
		0.43700820207595825,
		0.33281514048576355,
		-0.14892883598804474,
		0.9993511438369751
	],
	"time stamp": 23
}