{
	"1. left_hip": [
		0.4337969124317169,
		0.5992890000343323,
		0.05128227174282074,
		0.9997023940086365
	],
	"2. left_knee": [
		0.4681589901447296,
		0.7038974165916443,
		0.00861931499093771,
		0.9935635924339294
	],
	"3. left_ankle": [
		0.48872485756874084,
		0.8198999762535095,
		0.11565076559782028,
		0.9789354205131531
	],
	"6. right_hip": [
		0.39513835310935974,
		0.5883378982543945,
		-0.05127780884504318,
		0.9998450875282288
	],
	"7. right_knee": [
		0.37092557549476624,
		0.7135825157165527,
		-0.05406501889228821,
		0.9949953556060791
	],
	"8. right_ankle": [
		0.34995976090431213,
		0.8214677572250366,
		0.06871236860752106,
		0.9927344918251038
	],
	"14. left_shoulder": [
		0.47184452414512634,
		0.4294798672199249,
		0.016889311373233795,
		0.9973694086074829
	],
	"15. left_elbow": [
		0.4625653028488159,
		0.5140340328216553,
		0.08230702579021454,
		0.6365180015563965
	],
	"16. left_wrist": [
		0.4687586724758148,
		0.597208559513092,
		0.04734461382031441,
		0.6245522499084473
	],
	"19. right_shoulder": [
		0.42147883772850037,
		0.40104517340660095,
		-0.13881915807724,
		0.9997268319129944
	],
	"20. right_elbow": [
		0.3896009922027588,
		0.47416767477989197,
		-0.16479657590389252,
		0.9046704173088074
	],
	"21. right_wrist": [
		0.3728385269641876,
		0.5488425493240356,
		-0.21456892788410187,
		0.9000129103660583
	],
	"24. nose": [
		0.46882763504981995,
		0.33952656388282776,
		-0.20848441123962402,
		0.999803364276886
	],
	"25. left_eye": [
		0.4705348014831543,
		0.32874229550361633,
		-0.18923678994178772,
		0.999496579170227
	],
	"26. right_eye": [
		0.4593314826488495,
		0.32688719034194946,
		-0.20281289517879486,
		0.999661386013031
	],
	"27. left_ear": [
		0.46989670395851135,
		0.33745211362838745,
		-0.08378483355045319,
		0.9990261793136597
	],
	"28. right_ear": [
		0.4475169777870178,
		0.33592864871025085,
		-0.14558543264865875,
		0.9994144439697266
	],
	"time stamp": 23
}