{
	"1. left_hip": [
		0.4431717097759247,
		0.5955483913421631,
		0.04976579174399376,
		0.9997006058692932
	],
	"2. left_knee": [
		0.47686296701431274,
		0.7049577832221985,
		0.020316677168011665,
		0.9931902289390564
	],
	"3. left_ankle": [
		0.49225831031799316,
		0.8266119956970215,
		0.12766392529010773,
		0.9805250763893127
	],
	"6. right_hip": [
		0.4052485227584839,
		0.5862395167350769,
		-0.04971488565206528,
		0.9998392462730408
	],
	"7. right_knee": [
		0.37376439571380615,
		0.7130656838417053,
		-0.058094367384910583,
		0.9953938722610474
	],
	"8. right_ankle": [
		0.35005995631217957,
		0.8204348087310791,
		0.04779742658138275,
		0.9933648109436035
	],
	"14. left_shoulder": [
		0.4799641966819763,
		0.425780713558197,
		0.03515476733446121,
		0.997611939907074
	],
	"15. left_elbow": [
		0.479182630777359,
		0.5135262608528137,
		0.09425999969244003,
		0.6183851361274719
	],
	"16. left_wrist": [
		0.4964737296104431,
		0.5813366174697876,
		0.04179546236991882,
		0.6247369050979614
	],
	"19. right_shoulder": [
		0.43079209327697754,
		0.39674195647239685,
		-0.11275019496679306,
		0.9997504353523254
	],
	"20. right_elbow": [
		0.3973220884799957,
		0.47150421142578125,
		-0.10993198305368423,
		0.912937343120575
	],
	"21. right_wrist": [
		0.3732368052005768,
		0.5413057804107666,
		-0.15433432161808014,
		0.904929518699646
	],
	"24. nose": [
		0.47467041015625,
		0.33517247438430786,
		-0.16933345794677734,
		0.9998214244842529
	],
	"25. left_eye": [
		0.4771416485309601,
		0.32510337233543396,
		-0.15245959162712097,
		0.9995436072349548
	],
	"26. right_eye": [
		0.46599051356315613,
		0.3232538104057312,
		-0.16337420046329498,
		0.9996920228004456
	],
	"27. left_ear": [
		0.4776913523674011,
		0.3346115052700043,
		-0.05871308594942093,
		0.9991146326065063
	],
	"28. right_ear": [
		0.45637691020965576,
		0.3330957293510437,
		-0.1085936576128006,
		0.9994695782661438
	],
	"time stamp": 23
}