{
	"1. left_hip": [
		0.4584396779537201,
		0.5874141454696655,
		0.05034537985920906,
		0.9996873140335083
	],
	"2. left_knee": [
		0.47997865080833435,
		0.7032864689826965,
		0.011822400614619255,
		0.9920333027839661
	],
	"3. left_ankle": [
		0.49455881118774414,
		0.8289167881011963,
		0.11745661497116089,
		0.9816433191299438
	],
	"6. right_hip": [
		0.41936421394348145,
		0.5727102756500244,
		-0.050341516733169556,
		0.9998282194137573
	],
	"7. right_knee": [
		0.39160796999931335,
		0.7075372338294983,
		-0.05620319023728371,
		0.9956629872322083
	],
	"8. right_ankle": [
		0.3543955385684967,
		0.8170813918113708,
		0.057644933462142944,
		0.9938331842422485
	],
	"14. left_shoulder": [
		0.49409255385398865,
		0.41901418566703796,
		0.020177215337753296,
		0.9978367686271667
	],
	"15. left_elbow": [
		0.5023840069770813,
		0.49733713269233704,
		0.07639946788549423,
		0.632930338382721
	],
	"16. left_wrist": [
		0.5463849306106567,
		0.5680344104766846,
		0.0062245335429906845,
		0.6439776420593262
	],
	"19. right_shoulder": [
		0.4383689761161804,
		0.39200010895729065,
		-0.11955410242080688,
		0.9997743368148804
	],
	"20. right_elbow": [
		0.4056307375431061,
		0.4644903540611267,
		-0.12997546792030334,
		0.921010434627533
	],
	"21. right_wrist": [
		0.381564199924469,
		0.5344836115837097,
		-0.18770594894886017,
		0.912355899810791
	],
	"24. nose": [
		0.4816698729991913,
		0.32278725504875183,
		-0.18910986185073853,
		0.9998383522033691
	],
	"25. left_eye": [
		0.48394832015037537,
		0.31461286544799805,
		-0.1719180792570114,
		0.9995853304862976
	],
	"26. right_eye": [
		0.4731366038322449,
		0.3135559856891632,
		-0.18137097358703613,
		0.9997210502624512
	],
	"27. left_ear": [
		0.4846535921096802,
		0.3243628442287445,
		-0.07252021133899689,
		0.9991900324821472
	],
	"28. right_ear": [
		0.4620884358882904,
		0.3250616192817688,
		-0.1174532100558281,
		0.9995210766792297
	],
	"time stamp": 23
}