{
	"1. left_hip": [
		0.4672641456127167,
		0.5796118378639221,
		0.04453105852007866,
		0.999713122844696
	],
	"2. left_knee": [
		0.486341655254364,
		0.7011016011238098,
		-0.026024578139185905,
		0.9922023415565491
	],
	"3. left_ankle": [
		0.49608713388442993,
		0.8270735740661621,
		0.06180621683597565,
		0.9830646514892578
	],
	"6. right_hip": [
		0.4276905059814453,
		0.5654359459877014,
		-0.04452720284461975,
		0.9998388290405273
	],
	"7. right_knee": [
		0.4032284617424011,
		0.7019431591033936,
		-0.00606200098991394,
		0.9958460927009583
	],
	"8. right_ankle": [
		0.3673042058944702,
		0.7958371639251709,
		0.19364053010940552,
		0.9939892888069153
	],
	"14. left_shoulder": [
		0.501335084438324,
		0.406709760427475,
		-0.018841134384274483,
		0.9980500936508179
	],
	"15. left_elbow": [
		0.5153942108154297,
		0.4851345419883728,
		-0.032577354460954666,
		0.6663810014724731
	],
	"16. left_wrist": [
		0.5616666078567505,
		0.47815001010894775,
		-0.1687421202659607,
		0.6757438778877258
	],
	"19. right_shoulder": [
		0.43941497802734375,
		0.3905600607395172,
		-0.12449915707111359,
		0.9997958540916443
	],
	"20. right_elbow": [
		0.40904179215431213,
		0.46779805421829224,
		-0.12087981402873993,
		0.9283576607704163
	],
	"21. right_wrist": [
		0.3901852071285248,
		0.534616231918335,
		-0.15726402401924133,
		0.918103814125061
	],
	"24. nose": [
		0.48396748304367065,
		0.3199387788772583,
		-0.23782502114772797,
		0.999854326248169
	],
	"25. left_eye": [
		0.4867767095565796,
		0.3106772005558014,
		-0.22145354747772217,
		0.9996259212493896
	],
	"26. right_eye": [
		0.4750550389289856,
		0.3107846677303314,
		-0.2288501113653183,
		0.9997482895851135
	],
	"27. left_ear": [
		0.4880998134613037,
		0.3195303678512573,
		-0.1186600774526596,
		0.9992679953575134
	],
	"28. right_ear": [
		0.46305161714553833,
		0.32131749391555786,
		-0.15041221678256989,
		0.9995684623718262
	],
	"time stamp": 23
}