{
	"1. left_hip": [
		0.46926024556159973,
		0.5784521698951721,
		0.042606793344020844,
		0.9997286200523376
	],
	"2. left_knee": [
		0.4892599284648895,
		0.7043955326080322,
		-0.005921120755374432,
		0.9918302297592163
	],
	"3. left_ankle": [
		0.496275931596756,
		0.8305766582489014,
		0.07849621027708054,
		0.9840742945671082
	],
	"6. right_hip": [
		0.4310370981693268,
		0.5647598505020142,
		-0.04262576997280121,
		0.9998415112495422
	],
	"7. right_knee": [
		0.4048566520214081,
		0.6996946334838867,
		-0.007531239651143551,
		0.9957826137542725
	],
	"8. right_ankle": [
		0.37117400765419006,
		0.7880887985229492,
		0.1726856678724289,
		0.9938989281654358
	],
	"14. left_shoulder": [
		0.5009133219718933,
		0.4034138023853302,
		-0.007738057058304548,
		0.9982383847236633
	],
	"15. left_elbow": [
		0.515131413936615,
		0.48413243889808655,
		-0.01182472612708807,
		0.6952509880065918
	],
	"16. left_wrist": [
		0.5604516863822937,
		0.4725140333175659,
		-0.08622746914625168,
		0.7040672302246094
	],
	"19. right_shoulder": [
		0.4406273365020752,
		0.3903813660144806,
		-0.12212050706148148,
		0.9998137950897217
	],
	"20. right_elbow": [
		0.4123978912830353,
		0.46787452697753906,
		-0.12014264613389969,
		0.9343515634536743
	],
	"21. right_wrist": [
		0.39158886671066284,
		0.5313543677330017,
		-0.15602554380893707,
		0.9218760132789612
	],
	"24. nose": [
		0.4847352206707001,
		0.3175604045391083,
		-0.22815005481243134,
		0.9998682737350464
	],
	"25. left_eye": [
		0.4875960946083069,
		0.3082895576953888,
		-0.21110141277313232,
		0.999660313129425
	],
	"26. right_eye": [
		0.47562265396118164,
		0.3081682324409485,
		-0.21854129433631897,
		0.9997717142105103
	],
	"27. left_ear": [
		0.48903244733810425,
		0.3177819550037384,
		-0.10955875366926193,
		0.9993290901184082
	],
	"28. right_ear": [
		0.46395906805992126,
		0.3189922869205475,
		-0.1443200707435608,
		0.999610185623169
	],
	"time stamp": 23
}