{
	"1. left_hip": [
		0.4858491122722626,
		0.5785017013549805,
		0.037761054933071136,
		0.9997552633285522
	],
	"2. left_knee": [
		0.5018420815467834,
		0.708656370639801,
		0.0033727718982845545,
		0.9921712875366211
	],
	"3. left_ankle": [
		0.4975758194923401,
		0.8295096755027771,
		0.12414652854204178,
		0.9846190214157104
	],
	"6. right_hip": [
		0.44678449630737305,
		0.5650245547294617,
		-0.03777141869068146,
		0.9998546242713928
	],
	"7. right_knee": [
		0.42896756529808044,
		0.7002180814743042,
		-0.00015755734057165682,
		0.99574875831604
	],
	"8. right_ankle": [
		0.42227810621261597,
		0.7171549201011658,
		0.3458750247955322,
		0.9740311503410339
	],
	"14. left_shoulder": [
		0.5124872326850891,
		0.3980809152126312,
		-0.020029164850711823,
		0.9984129667282104
	],
	"15. left_elbow": [
		0.558434009552002,
		0.4250989556312561,
		-0.10751098394393921,
		0.725165069103241
	],
	"16. left_wrist": [
		0.56756591796875,
		0.3593309223651886,
		-0.2827933132648468,
		0.7327802181243896
	],
	"19. right_shoulder": [
		0.44813546538352966,
		0.38918548822402954,
		-0.10450167953968048,
		0.9998289346694946
	],
	"20. right_elbow": [
		0.42568522691726685,
		0.4729490876197815,
		-0.03954894468188286,
		0.9397405982017517
	],
	"21. right_wrist": [
		0.41705504059791565,
		0.5456812977790833,
		-0.01452285423874855,
		0.9238765239715576
	],
	"24. nose": [
		0.4904862344264984,
		0.31500470638275146,
		-0.2240321785211563,
		0.9998809099197388
	],
	"25. left_eye": [
		0.4932706952095032,
		0.3064116835594177,
		-0.20738156139850616,
		0.9996927380561829
	],
	"26. right_eye": [
		0.4821147322654724,
		0.30626922845840454,
		-0.2148745357990265,
		0.9997932314872742
	],
	"27. left_ear": [
		0.49478229880332947,
		0.3150918483734131,
		-0.10626009851694107,
		0.9993897676467896
	],
	"28. right_ear": [
		0.4711826741695404,
		0.31652578711509705,
		-0.14291082322597504,
		0.9996486306190491
	],
	"time stamp": 23
}