{
	"1. left_hip": [
		0.48610618710517883,
		0.5796709060668945,
		0.03395438939332962,
		0.9997792840003967
	],
	"2. left_knee": [
		0.5043978691101074,
		0.7130361795425415,
		0.011346413753926754,
		0.9923003911972046
	],
	"3. left_ankle": [
		0.4974312484264374,
		0.8302410840988159,
		0.13907653093338013,
		0.9852505326271057
	],
	"6. right_hip": [
		0.44785284996032715,
		0.5661241412162781,
		-0.0339382067322731,
		0.9998661279678345
	],
	"7. right_knee": [
		0.4328770041465759,
		0.7016817331314087,
		-0.002596684033051133,
		0.9958978891372681
	],
	"8. right_ankle": [
		0.42637553811073303,
		0.713436484336853,
		0.32181257009506226,
		0.9627549052238464
	],
	"14. left_shoulder": [
		0.5131763219833374,
		0.3950139880180359,
		-0.023221012204885483,
		0.9985710382461548
	],
	"15. left_elbow": [
		0.5593855977058411,
		0.41712722182273865,
		-0.12416739761829376,
		0.7522494792938232
	],
	"16. left_wrist": [
		0.5663301348686218,
		0.3530367910861969,
		-0.3119894862174988,
		0.7588420510292053
	],
	"19. right_shoulder": [
		0.447856605052948,
		0.38915762305259705,
		-0.07827991247177124,
		0.9998420476913452
	],
	"20. right_elbow": [
		0.42606455087661743,
		0.4755353629589081,
		0.0015731221064925194,
		0.9437362551689148
	],
	"21. right_wrist": [
		0.4166560173034668,
		0.5434616804122925,
		0.03861548751592636,
		0.9185991883277893
	],
	"24. nose": [
		0.49173814058303833,
		0.314391165971756,
		-0.21481867134571075,
		0.9998923540115356
	],
	"25. left_eye": [
		0.4948108494281769,
		0.3059765100479126,
		-0.1985536515712738,
		0.9997225999832153
	],
	"26. right_eye": [
		0.48315784335136414,
		0.30542224645614624,
		-0.20319630205631256,
		0.999812662601471
	],
	"27. left_ear": [
		0.49603554606437683,
		0.31478971242904663,
		-0.09936488419771194,
		0.9994480609893799
	],
	"28. right_ear": [
		0.4721111059188843,
		0.31582748889923096,
		-0.1213596984744072,
		0.9996833205223083
	],
	"time stamp": 23
}