{
	"1. left_hip": [
		0.4915952980518341,
		0.5692233443260193,
		0.03363508731126785,
		0.9997948408126831
	],
	"2. left_knee": [
		0.5047473907470703,
		0.7102457880973816,
		0.00927335862070322,
		0.9913979172706604
	],
	"3. left_ankle": [
		0.4976978302001953,
		0.8295043706893921,
		0.10683833062648773,
		0.9843628406524658
	],
	"6. right_hip": [
		0.4558855891227722,
		0.5611785650253296,
		-0.033637430518865585,
		0.9998542666435242
	],
	"7. right_knee": [
		0.4504687190055847,
		0.6918553113937378,
		-0.007336816750466824,
		0.994941234588623
	],
	"8. right_ankle": [
		0.4508686661720276,
		0.7090638279914856,
		0.2832649052143097,
		0.9381288886070251
	],
	"14. left_shoulder": [
		0.5147563815116882,
		0.38454246520996094,
		-0.0379786416888237,
		0.9986889362335205
	],
	"15. left_elbow": [
		0.530859112739563,
		0.43282920122146606,
		-0.06535615026950836,
		0.7442049980163574
	],
	"16. left_wrist": [
		0.5300893783569336,
		0.5209816098213196,
		-0.1793203055858612,
		0.7295277118682861
	],
	"19. right_shoulder": [
		0.453551709651947,
		0.3788660764694214,
		-0.1104063093662262,
		0.9998366236686707
	],
	"20. right_elbow": [
		0.444433331489563,
		0.46933478116989136,
		-0.06581010669469833,
		0.9400784373283386
	],
	"21. right_wrist": [
		0.44691115617752075,
		0.5500777363777161,
		-0.07495222985744476,
		0.8873761892318726
	],
	"24. nose": [
		0.4918478727340698,
		0.3056820333003998,
		-0.22748814523220062,
		0.9998854994773865
	],
	"25. left_eye": [
		0.49647146463394165,
		0.2964683473110199,
		-0.21347694098949432,
		0.9997011423110962
	],
	"26. right_eye": [
		0.48384714126586914,
		0.2957421541213989,
		-0.21923892199993134,
		0.999783456325531
	],
	"27. left_ear": [
		0.49940136075019836,
		0.30552443861961365,
		-0.11772783100605011,
		0.9992881417274475
	],
	"28. right_ear": [
		0.47434118390083313,
		0.30464595556259155,
		-0.14361034333705902,
		0.9996545314788818
	],
	"time stamp": 23
}