{
	"frame_width": 636,
	"frame_height": 360,
	"video_fps": 23,
	"total_frame": 730,
	"gt_bbox": [
		0.295820951461792,
		0.12618063390254974,
		0.6917455792427063,
		0.886273980140686
	]
}