{
    "1. left_hip": [
        0.5718240737915039,
        1.4870312213897705,
        0.1286786049604416,
        0.0010668127797544003
    ],
    "2. left_knee": [
        0.5807588696479797,
        2.022636890411377,
        0.17090710997581482,
        0.004887417424470186
    ],
    "3. left_ankle": [
        0.5955239534378052,
        2.5357718467712402,
        0.6774583458900452,
        0.0005737417377531528
    ],
    "6. right_hip": [
        0.33970996737480164,
        1.5115504264831543,
        -0.1254487931728363,
        0.0007043720106594265
    ],
    "7. right_knee": [
        0.3784876763820648,
        2.032407283782959,
        -0.2781010568141937,
        0.0035159795079380274
    ],
    "8. right_ankle": [
        0.393102765083313,
        2.538128137588501,
        0.11884595453739166,
        0.00027073477394878864
    ],
    "14. left_shoulder": [
        0.6421108841896057,
        0.8121572732925415,
        -0.2066398561000824,
        0.9877399802207947
    ],
    "15. left_elbow": [
        0.6889915466308594,
        1.1586583852767944,
        -0.04279138892889023,
        0.08056975901126862
    ],
    "16. left_wrist": [
        0.713189959526062,
        1.4532338380813599,
        -0.36370787024497986,
        0.029765702784061432
    ],
    "19. right_shoulder": [
        0.2797509729862213,
        0.8643138408660889,
        -0.8670266270637512,
        0.9938395023345947
    ],
    "20. right_elbow": [
        0.20863734185695648,
        1.2766962051391602,
        -0.8426322937011719,
        0.4906837046146393
    ],
    "21. right_wrist": [
        0.2767641842365265,
        1.5066816806793213,
        -1.0480107069015503,
        0.10082075744867325
    ],
    "24. nose": [
        0.6133298873901367,
        0.5842882394790649,
        -1.0415940284729004,
        0.992378294467926
    ],
    "25. left_eye": [
        0.5984123349189758,
        0.5283249020576477,
        -0.9775678515434265,
        0.9915037751197815
    ],
    "26. right_eye": [
        0.5594409108161926,
        0.5328043103218079,
        -1.0682307481765747,
        0.9944280385971069
    ],
    "27. left_ear": [
        0.5553066730499268,
        0.5429549813270569,
        -0.5822221636772156,
        0.9897764921188354
    ],
    "28. right_ear": [
        0.48073455691337585,
        0.5556354522705078,
        -0.9801305532455444,
        0.9972233772277832
    ]
}