{
	"1. left_hip": [
		0.5894667506217957,
		0.5963683128356934,
		-0.007048414554446936,
		0.998630166053772
	],
	"2. left_knee": [
		0.5669126510620117,
		0.6547049880027771,
		-0.14773261547088623,
		0.7441591024398804
	],
	"3. left_ankle": [
		0.5667853951454163,
		0.7331734299659729,
		-0.02827467955648899,
		0.6937207579612732
	],
	"6. right_hip": [
		0.56090247631073,
		0.595289945602417,
		0.007131547667086124,
		0.9980332255363464
	],
	"7. right_knee": [
		0.5473702549934387,
		0.6502190232276917,
		-0.11432939767837524,
		0.6413926482200623
	],
	"8. right_ankle": [
		0.5507403612136841,
		0.7365003228187561,
		-0.009855978190898895,
		0.6980008482933044
	],
	"14. left_shoulder": [
		0.6010361313819885,
		0.5109716653823853,
		-0.2259109914302826,
		0.9990556836128235
	],
	"15. left_elbow": [
		0.6052463054656982,
		0.6069023013114929,
		-0.22557444870471954,
		0.9073712229728699
	],
	"16. left_wrist": [
		0.5717529654502869,
		0.6123866438865662,
		-0.23507630825042725,
		0.7214354276657104
	],
	"19. right_shoulder": [
		0.5461625456809998,
		0.5142432451248169,
		-0.20762529969215393,
		0.999622106552124
	],
	"20. right_elbow": [
		0.5319615602493286,
		0.5864022970199585,
		-0.2312830686569214,
		0.9562269449234009
	],
	"21. right_wrist": [
		0.5529573559761047,
		0.5936537384986877,
		-0.2774020731449127,
		0.47556665539741516
	],
	"24. nose": [
		0.574549674987793,
		0.5023422837257385,
		-0.34170758724212646,
		0.9997909665107727
	],
	"25. left_eye": [
		0.5812419056892395,
		0.4864926338195801,
		-0.339849054813385,
		0.9993964433670044
	],
	"26. right_eye": [
		0.5689813494682312,
		0.4884735941886902,
		-0.3383961319923401,
		0.9996390342712402
	],
	"27. left_ear": [
		0.5856397747993469,
		0.4812449514865875,
		-0.28645962476730347,
		0.9992913007736206
	],
	"28. right_ear": [
		0.56122887134552,
		0.4836712181568146,
		-0.2812049388885498,
		0.999860405921936
	],
	"time stamp": 24
}